{
  "type": "FeatureCollection",
  "generator": "overpass-turbo",
  "copyright": "The data included in this document is from www.openstreetmap.org. The data is made available under ODbL.",
  "timestamp": "2026-06-25T22:48:20Z",
  "features": [
    {
      "type": "Feature",
      "properties": {
        "@id": "way/51518053",
        "alt_name": "Viaduto Lino Braile",
        "bridge": "yes",
        "highway": "motorway",
        "lanes": "3",
        "layer": "1",
        "maxspeed": "80",
        "name": "Rodovia Transbrasiliana",
        "nat_ref": "BR-153;BR-262",
        "oneway": "yes",
        "operator": "Triunfo Transbrasiliana",
        "operator:type": "private",
        "owner": "União Federal",
        "ownership": "national",
        "ref": "BR-153",
        "surface": "asphalt",
        "turn:lanes": "none|none|merge_to_left"
      },
      "geometry": {
        "type": "LineString",
        "coordinates": [
          [
            -49.3618199,
            -20.8308637
          ],
          [
            -49.3616342,
            -20.8306254
          ]
        ]
      },
      "id": "way/51518053"
    },
    {
      "type": "Feature",
      "properties": {
        "@id": "way/51518061",
        "bridge": "yes",
        "highway": "trunk",
        "layer": "1",
        "maxspeed": "80",
        "name": "Rodovia Transbrasiliana",
        "ref": "BR-153;BR-262",
        "surface": "asphalt"
      },
      "geometry": {
        "type": "LineString",
        "coordinates": [
          [
            -49.2072165,
            -20.3042841
          ],
          [
            -49.2076692,
            -20.3065197
          ]
        ]
      },
      "id": "way/51518061"
    },
    {
      "type": "Feature",
      "properties": {
        "@id": "way/51520008",
        "highway": "trunk",
        "lanes": "2",
        "maxspeed": "100",
        "maxspeed:hgv": "80",
        "name": "Rodovia Transbrasiliana",
        "nat_ref": "BR-153;BR-369",
        "oneway": "yes",
        "owner": "Patrimônio da União",
        "ref": "BR-153;BR-369",
        "source": "osm-gpx",
        "surface": "asphalt"
      },
      "geometry": {
        "type": "LineString",
        "coordinates": [
          [
            -49.9051912,
            -22.9965183
          ],
          [
            -49.905041,
            -22.9958768
          ],
          [
            -49.9049777,
            -22.9956019
          ],
          [
            -49.9048539,
            -22.9949641
          ],
          [
            -49.9047652,
            -22.9945312
          ],
          [
            -49.9046703,
            -22.9939944
          ],
          [
            -49.9046415,
            -22.9938088
          ],
          [
            -49.904505,
            -22.9932493
          ],
          [
            -49.9044488,
            -22.9928069
          ],
          [
            -49.9043088,
            -22.9920707
          ],
          [
            -49.9041358,
            -22.9911646
          ],
          [
            -49.9040517,
            -22.9907571
          ],
          [
            -49.9039252,
            -22.990076
          ],
          [
            -49.903852,
            -22.9896978
          ],
          [
            -49.9038068,
            -22.9894278
          ],
          [
            -49.9037697,
            -22.9891929
          ],
          [
            -49.9037389,
            -22.9889616
          ],
          [
            -49.9037147,
            -22.9886604
          ],
          [
            -49.903696,
            -22.988369
          ],
          [
            -49.9036832,
            -22.988083
          ],
          [
            -49.9036685,
            -22.9875398
          ],
          [
            -49.9036489,
            -22.9864677
          ],
          [
            -49.9036298,
            -22.9859502
          ],
          [
            -49.9036172,
            -22.9856763
          ],
          [
            -49.9036034,
            -22.9849269
          ],
          [
            -49.9035979,
            -22.9845149
          ]
        ]
      },
      "id": "way/51520008"
    },
    {
      "type": "Feature",
      "properties": {
        "@id": "way/51520010",
        "destination": "Lins;Tupã;Oriente",
        "highway": "motorway_link",
        "lanes": "1",
        "name": "Rodovia Comandante João Ribeiro de Barros",
        "oneway": "yes",
        "ref": "SP-294;BR-153",
        "source": "osm-gpx",
        "surface": "asphalt"
      },
      "geometry": {
        "type": "LineString",
        "coordinates": [
          [
            -49.9694575,
            -22.2329298
          ],
          [
            -49.9698618,
            -22.2332644
          ],
          [
            -49.9701184,
            -22.233521
          ],
          [
            -49.9701892,
            -22.2335794
          ],
          [
            -49.9702567,
            -22.2336142
          ],
          [
            -49.9703364,
            -22.2336376
          ],
          [
            -49.9704201,
            -22.2336469
          ],
          [
            -49.9704937,
            -22.2336434
          ],
          [
            -49.9705572,
            -22.2336244
          ],
          [
            -49.9706244,
            -22.233593
          ],
          [
            -49.9706865,
            -22.2335448
          ],
          [
            -49.9707342,
            -22.2334935
          ],
          [
            -49.9707656,
            -22.2334333
          ],
          [
            -49.9707833,
            -22.2333489
          ],
          [
            -49.9707802,
            -22.2332514
          ],
          [
            -49.9707159,
            -22.2329938
          ]
        ]
      },
      "id": "way/51520010"
    },
    {
      "type": "Feature",
      "properties": {
        "@id": "way/51520012",
        "bridge": "yes",
        "highway": "trunk",
        "lanes": "2",
        "layer": "1",
        "name": "Rodovia Transbrasiliana",
        "ref": "BR-153",
        "surface": "asphalt"
      },
      "geometry": {
        "type": "LineString",
        "coordinates": [
          [
            -49.79273,
            -21.292214
          ],
          [
            -49.7930403,
            -21.2954403
          ]
        ]
      },
      "id": "way/51520012"
    },
    {
      "type": "Feature",
      "properties": {
        "@id": "way/59492873",
        "highway": "trunk",
        "lanes": "2",
        "maxspeed": "80",
        "name": "Rodovia Transbrasiliana",
        "oneway": "yes",
        "ref": "SP-333",
        "surface": "asphalt"
      },
      "geometry": {
        "type": "LineString",
        "coordinates": [
          [
            -49.9715244,
            -22.1783169
          ],
          [
            -49.971412,
            -22.1781516
          ],
          [
            -49.9713305,
            -22.1780198
          ],
          [
            -49.9709118,
            -22.1773636
          ]
        ]
      },
      "id": "way/59492873"
    },
    {
      "type": "Feature",
      "properties": {
        "@id": "way/59492875",
        "bridge": "yes",
        "highway": "trunk",
        "lanes": "2",
        "layer": "1",
        "maxspeed": "80",
        "name": "Rodovia Rachid Rayes",
        "oneway": "yes",
        "ref": "SP-333",
        "surface": "asphalt"
      },
      "geometry": {
        "type": "LineString",
        "coordinates": [
          [
            -49.9717459,
            -22.1787341
          ],
          [
            -49.9715244,
            -22.1783169
          ]
        ]
      },
      "id": "way/59492875"
    },
    {
      "type": "Feature",
      "properties": {
        "@id": "way/59575123",
        "bridge": "yes",
        "highway": "trunk",
        "lanes": "2",
        "layer": "1",
        "maxspeed": "80",
        "name": "Rodovia Rachid Rayes",
        "oneway": "yes",
        "ref": "SP-333",
        "surface": "asphalt"
      },
      "geometry": {
        "type": "LineString",
        "coordinates": [
          [
            -49.9716472,
            -22.1782609
          ],
          [
            -49.9718793,
            -22.1786773
          ]
        ]
      },
      "id": "way/59575123"
    },
    {
      "type": "Feature",
      "properties": {
        "@id": "way/59575124",
        "highway": "trunk",
        "lanes": "2",
        "maxspeed": "80",
        "name": "Rodovia Rachid Rayes",
        "oneway": "yes",
        "ref": "SP-333;BR-153",
        "surface": "asphalt"
      },
      "geometry": {
        "type": "LineString",
        "coordinates": [
          [
            -49.967659,
            -22.1895269
          ],
          [
            -49.9672982,
            -22.1901245
          ],
          [
            -49.9669763,
            -22.1907193
          ],
          [
            -49.9667001,
            -22.1913737
          ],
          [
            -49.9665771,
            -22.1918319
          ],
          [
            -49.9664771,
            -22.1921964
          ],
          [
            -49.966414,
            -22.1924266
          ],
          [
            -49.9660937,
            -22.1937684
          ],
          [
            -49.9652832,
            -22.1978583
          ],
          [
            -49.9646091,
            -22.2010926
          ],
          [
            -49.9644128,
            -22.2019777
          ],
          [
            -49.9641446,
            -22.2032968
          ],
          [
            -49.9637136,
            -22.2053688
          ],
          [
            -49.9634009,
            -22.2069554
          ],
          [
            -49.9632671,
            -22.2076349
          ],
          [
            -49.9632279,
            -22.207924
          ],
          [
            -49.9632099,
            -22.2083451
          ],
          [
            -49.9631584,
            -22.2089097
          ],
          [
            -49.9631462,
            -22.2093567
          ],
          [
            -49.9631459,
            -22.2097501
          ],
          [
            -49.9631742,
            -22.2102043
          ],
          [
            -49.9632235,
            -22.2107382
          ],
          [
            -49.9633008,
            -22.2112526
          ],
          [
            -49.9633466,
            -22.2115131
          ],
          [
            -49.9634316,
            -22.2118537
          ],
          [
            -49.963538,
            -22.2122287
          ],
          [
            -49.9636572,
            -22.2126086
          ],
          [
            -49.9638819,
            -22.2133013
          ],
          [
            -49.9641478,
            -22.2141757
          ],
          [
            -49.9647099,
            -22.2158729
          ],
          [
            -49.964766,
            -22.2160324
          ],
          [
            -49.9655119,
            -22.2181536
          ],
          [
            -49.9662213,
            -22.2201586
          ]
        ]
      },
      "id": "way/59575124"
    },
    {
      "type": "Feature",
      "properties": {
        "@id": "way/66207067",
        "highway": "motorway",
        "lanes": "2",
        "maxspeed": "80",
        "name": "Rodovia Transbrasiliana",
        "nat_ref": "BR-153",
        "oneway": "yes",
        "operator": "Triunfo Transbrasiliana",
        "operator:type": "private",
        "owner": "União Federal",
        "ownership": "national",
        "ref": "BR-153",
        "source": "Bing",
        "surface": "asphalt"
      },
      "geometry": {
        "type": "LineString",
        "coordinates": [
          [
            -49.3549184,
            -20.7971273
          ],
          [
            -49.3548094,
            -20.7960778
          ],
          [
            -49.3546733,
            -20.7947185
          ]
        ]
      },
      "id": "way/66207067"
    },
    {
      "type": "Feature",
      "properties": {
        "@id": "way/120357342",
        "highway": "motorway",
        "lanes": "2",
        "maxspeed": "80",
        "name": "Rodovia Comandante João Ribeiro de Barros",
        "oneway": "yes",
        "ref": "SP-294;BR-153",
        "source": "osm-gpx",
        "surface": "asphalt"
      },
      "geometry": {
        "type": "LineString",
        "coordinates": [
          [
            -49.9726138,
            -22.2363367
          ],
          [
            -49.9687451,
            -22.2323596
          ],
          [
            -49.9674752,
            -22.2310762
          ],
          [
            -49.9668046,
            -22.2304081
          ],
          [
            -49.9666171,
            -22.2302292
          ],
          [
            -49.9664437,
            -22.2300852
          ],
          [
            -49.9662714,
            -22.2299456
          ],
          [
            -49.9660968,
            -22.2298234
          ],
          [
            -49.9659214,
            -22.2297101
          ],
          [
            -49.96576,
            -22.2296163
          ],
          [
            -49.9656774,
            -22.2295704
          ],
          [
            -49.9653617,
            -22.2294178
          ],
          [
            -49.9650838,
            -22.2293114
          ],
          [
            -49.9646574,
            -22.2291679
          ],
          [
            -49.9642268,
            -22.2290636
          ],
          [
            -49.9637818,
            -22.2290067
          ],
          [
            -49.962164,
            -22.2289317
          ],
          [
            -49.9615461,
            -22.228901
          ],
          [
            -49.9591677,
            -22.2287872
          ],
          [
            -49.9584313,
            -22.2287643
          ],
          [
            -49.9582399,
            -22.2287554
          ],
          [
            -49.9580215,
            -22.2287548
          ],
          [
            -49.9578578,
            -22.2287606
          ],
          [
            -49.9576776,
            -22.2287737
          ],
          [
            -49.9574959,
            -22.2287965
          ],
          [
            -49.9573186,
            -22.2288275
          ],
          [
            -49.9571317,
            -22.2288683
          ],
          [
            -49.9569377,
            -22.2289243
          ],
          [
            -49.9567419,
            -22.2289897
          ],
          [
            -49.9565568,
            -22.2290672
          ],
          [
            -49.9563116,
            -22.2291836
          ],
          [
            -49.9561434,
            -22.2292716
          ],
          [
            -49.9559323,
            -22.2294074
          ],
          [
            -49.9557042,
            -22.229563
          ],
          [
            -49.9545541,
            -22.2303587
          ],
          [
            -49.954298,
            -22.2305228
          ],
          [
            -49.9541253,
            -22.2306154
          ],
          [
            -49.95397,
            -22.2306842
          ],
          [
            -49.9537949,
            -22.2307505
          ],
          [
            -49.9536356,
            -22.2308025
          ],
          [
            -49.9534332,
            -22.2308481
          ],
          [
            -49.9532584,
            -22.2308732
          ],
          [
            -49.9530872,
            -22.2308887
          ],
          [
            -49.952908,
            -22.2308917
          ],
          [
            -49.9527341,
            -22.2308815
          ],
          [
            -49.9525711,
            -22.2308603
          ],
          [
            -49.9524156,
            -22.2308312
          ],
          [
            -49.9522334,
            -22.230788
          ],
          [
            -49.9520475,
            -22.2307289
          ],
          [
            -49.9516874,
            -22.2306079
          ],
          [
            -49.9499375,
            -22.2300033
          ],
          [
            -49.9490182,
            -22.2296565
          ],
          [
            -49.9486564,
            -22.2295332
          ],
          [
            -49.9471726,
            -22.2290501
          ],
          [
            -49.9465264,
            -22.2287952
          ],
          [
            -49.9461638,
            -22.2286758
          ],
          [
            -49.9458362,
            -22.2285715
          ],
          [
            -49.9449845,
            -22.2282802
          ],
          [
            -49.9447704,
            -22.2282101
          ],
          [
            -49.944618,
            -22.2281617
          ],
          [
            -49.9444065,
            -22.2281097
          ],
          [
            -49.9441945,
            -22.2280649
          ],
          [
            -49.9433997,
            -22.2278978
          ],
          [
            -49.9422399,
            -22.2276749
          ],
          [
            -49.9411235,
            -22.2274639
          ],
          [
            -49.9409092,
            -22.2274376
          ],
          [
            -49.9407047,
            -22.2274211
          ],
          [
            -49.9405358,
            -22.227417
          ],
          [
            -49.9403543,
            -22.2274254
          ],
          [
            -49.9401802,
            -22.2274369
          ],
          [
            -49.9399961,
            -22.2274625
          ],
          [
            -49.9398068,
            -22.2275014
          ],
          [
            -49.9395999,
            -22.2275508
          ],
          [
            -49.9388853,
            -22.2277722
          ],
          [
            -49.9381353,
            -22.2280545
          ],
          [
            -49.9375391,
            -22.2283062
          ],
          [
            -49.9371854,
            -22.2284686
          ],
          [
            -49.9366385,
            -22.2287351
          ],
          [
            -49.9359774,
            -22.2290855
          ],
          [
            -49.9350671,
            -22.2296303
          ],
          [
            -49.9326899,
            -22.2310624
          ],
          [
            -49.9323308,
            -22.2312826
          ],
          [
            -49.9317624,
            -22.2315832
          ],
          [
            -49.9314671,
            -22.2317288
          ],
          [
            -49.9312596,
            -22.2318249
          ],
          [
            -49.9310597,
            -22.2319102
          ],
          [
            -49.9308336,
            -22.2320017
          ],
          [
            -49.9306217,
            -22.2320804
          ],
          [
            -49.9304535,
            -22.232144
          ],
          [
            -49.9300819,
            -22.2322526
          ]
        ]
      },
      "id": "way/120357342"
    },
    {
      "type": "Feature",
      "properties": {
        "@id": "way/120357345",
        "highway": "motorway_link",
        "lanes": "2",
        "lanes:backward": "1",
        "lanes:forward": "1",
        "maxspeed": "30",
        "name": "Rodovia Rachid Rayes",
        "oneway": "no",
        "ref": "SP-333;BR-153",
        "surface": "asphalt"
      },
      "geometry": {
        "type": "LineString",
        "coordinates": [
          [
            -49.9723597,
            -22.2364552
          ],
          [
            -49.9722992,
            -22.2365272
          ],
          [
            -49.9722519,
            -22.2365958
          ],
          [
            -49.9722242,
            -22.236667
          ],
          [
            -49.9722075,
            -22.2367373
          ],
          [
            -49.9722036,
            -22.2368192
          ],
          [
            -49.9722197,
            -22.2368744
          ],
          [
            -49.9722494,
            -22.2369395
          ],
          [
            -49.9722957,
            -22.2370013
          ],
          [
            -49.9723298,
            -22.2370393
          ],
          [
            -49.9723873,
            -22.2370782
          ]
        ]
      },
      "id": "way/120357345"
    },
    {
      "type": "Feature",
      "properties": {
        "@id": "way/125674316",
        "bridge": "yes",
        "highway": "trunk",
        "lanes": "2",
        "layer": "1",
        "maxspeed": "80",
        "name": "Rodovia Rachid Rayes",
        "oneway": "yes",
        "ref": "SP-333",
        "surface": "asphalt"
      },
      "geometry": {
        "type": "LineString",
        "coordinates": [
          [
            -49.9708334,
            -22.1769288
          ],
          [
            -49.970979,
            -22.1771623
          ]
        ]
      },
      "id": "way/125674316"
    },
    {
      "type": "Feature",
      "properties": {
        "@id": "way/125674318",
        "bridge": "yes",
        "highway": "trunk",
        "lanes": "2",
        "layer": "1",
        "maxspeed": "80",
        "name": "Rodovia Rachid Rayes",
        "oneway": "yes",
        "ref": "SP-333",
        "surface": "asphalt"
      },
      "geometry": {
        "type": "LineString",
        "coordinates": [
          [
            -49.9708677,
            -22.1772658
          ],
          [
            -49.9707216,
            -22.1770127
          ]
        ]
      },
      "id": "way/125674318"
    },
    {
      "type": "Feature",
      "properties": {
        "@id": "way/125674320",
        "highway": "trunk",
        "lanes": "2",
        "maxspeed": "80",
        "name": "Rodovia Transbrasiliana",
        "oneway": "yes",
        "ref": "SP-333",
        "surface": "asphalt"
      },
      "geometry": {
        "type": "LineString",
        "coordinates": [
          [
            -49.9710462,
            -22.1773073
          ],
          [
            -49.9711103,
            -22.1774179
          ],
          [
            -49.9714479,
            -22.1779416
          ],
          [
            -49.9716472,
            -22.1782609
          ]
        ]
      },
      "id": "way/125674320"
    },
    {
      "type": "Feature",
      "properties": {
        "@id": "way/125995267",
        "highway": "trunk",
        "lanes": "2",
        "maxspeed": "110",
        "name": "Rodovia Transbrasiliana",
        "ref": "BR-153",
        "surface": "asphalt"
      },
      "geometry": {
        "type": "LineString",
        "coordinates": [
          [
            -49.7943444,
            -21.3191559
          ],
          [
            -49.7942324,
            -21.3196693
          ],
          [
            -49.7941388,
            -21.3201228
          ],
          [
            -49.7940677,
            -21.3204495
          ],
          [
            -49.793996,
            -21.3207219
          ],
          [
            -49.7937794,
            -21.321394
          ],
          [
            -49.7936574,
            -21.3217588
          ],
          [
            -49.7934565,
            -21.3222726
          ],
          [
            -49.7931627,
            -21.323015
          ],
          [
            -49.7929855,
            -21.3234628
          ],
          [
            -49.7922251,
            -21.3253043
          ],
          [
            -49.7918542,
            -21.3262469
          ],
          [
            -49.7916544,
            -21.3268028
          ],
          [
            -49.7915827,
            -21.3270477
          ],
          [
            -49.7915116,
            -21.3273181
          ],
          [
            -49.7914093,
            -21.3277369
          ],
          [
            -49.7912809,
            -21.3282975
          ],
          [
            -49.7911824,
            -21.3288066
          ],
          [
            -49.7911381,
            -21.3291289
          ],
          [
            -49.7910831,
            -21.3296242
          ],
          [
            -49.7910593,
            -21.329965
          ],
          [
            -49.7910382,
            -21.3303947
          ],
          [
            -49.7910362,
            -21.3307136
          ],
          [
            -49.7910593,
            -21.3313204
          ],
          [
            -49.7910684,
            -21.3315359
          ],
          [
            -49.7910798,
            -21.3317554
          ],
          [
            -49.7911039,
            -21.3319865
          ],
          [
            -49.7911307,
            -21.3322251
          ],
          [
            -49.7911616,
            -21.3324563
          ],
          [
            -49.7912052,
            -21.3326842
          ],
          [
            -49.7913312,
            -21.3332664
          ],
          [
            -49.791414,
            -21.3337044
          ],
          [
            -49.7915196,
            -21.3342676
          ],
          [
            -49.7918549,
            -21.3357698
          ],
          [
            -49.791934,
            -21.3360939
          ],
          [
            -49.7922465,
            -21.3375155
          ],
          [
            -49.7922937,
            -21.3377732
          ],
          [
            -49.7923961,
            -21.3383331
          ],
          [
            -49.7924507,
            -21.3386013
          ],
          [
            -49.7925483,
            -21.3389289
          ],
          [
            -49.7926395,
            -21.3393168
          ],
          [
            -49.7926965,
            -21.3395616
          ],
          [
            -49.7927722,
            -21.3399626
          ],
          [
            -49.7928219,
            -21.3402924
          ],
          [
            -49.7928514,
            -21.3405597
          ],
          [
            -49.792901,
            -21.3411131
          ],
          [
            -49.7929151,
            -21.3414653
          ],
          [
            -49.7929077,
            -21.3418332
          ],
          [
            -49.7929063,
            -21.3422979
          ],
          [
            -49.7928978,
            -21.3428906
          ],
          [
            -49.7928862,
            -21.3437013
          ],
          [
            -49.7928567,
            -21.3450547
          ],
          [
            -49.7928366,
            -21.3456056
          ],
          [
            -49.7928091,
            -21.346207
          ],
          [
            -49.792739,
            -21.3493997
          ],
          [
            -49.7926998,
            -21.3503227
          ],
          [
            -49.7926797,
            -21.3509773
          ],
          [
            -49.792681,
            -21.3517398
          ],
          [
            -49.7926918,
            -21.3520564
          ],
          [
            -49.7926817,
            -21.3524224
          ],
          [
            -49.7926475,
            -21.3529882
          ],
          [
            -49.7926623,
            -21.3538551
          ],
          [
            -49.7926341,
            -21.3543197
          ],
          [
            -49.7926059,
            -21.354853
          ],
          [
            -49.7925577,
            -21.3572686
          ],
          [
            -49.7924933,
            -21.3592221
          ],
          [
            -49.7924329,
            -21.3614115
          ],
          [
            -49.792437,
            -21.3623832
          ],
          [
            -49.7924142,
            -21.3633287
          ],
          [
            -49.7923303,
            -21.3651259
          ],
          [
            -49.7922559,
            -21.3668132
          ],
          [
            -49.7921989,
            -21.3676232
          ],
          [
            -49.7921245,
            -21.3683351
          ],
          [
            -49.7920045,
            -21.3695518
          ],
          [
            -49.7918221,
            -21.3714092
          ],
          [
            -49.791698,
            -21.3727511
          ],
          [
            -49.791574,
            -21.3738708
          ],
          [
            -49.7915398,
            -21.3743179
          ],
          [
            -49.7915076,
            -21.3746488
          ],
          [
            -49.7914928,
            -21.3747812
          ],
          [
            -49.7914526,
            -21.3750822
          ],
          [
            -49.7914284,
            -21.3752895
          ],
          [
            -49.7914056,
            -21.3755218
          ],
          [
            -49.7913976,
            -21.3756679
          ],
          [
            -49.7913949,
            -21.3758627
          ],
          [
            -49.7913869,
            -21.3760275
          ],
          [
            -49.7913681,
            -21.3762186
          ],
          [
            -49.7913292,
            -21.3764909
          ],
          [
            -49.7912487,
            -21.3771203
          ],
          [
            -49.7911187,
            -21.3784266
          ],
          [
            -49.7910865,
            -21.3788649
          ],
          [
            -49.7910717,
            -21.3790597
          ],
          [
            -49.7910583,
            -21.3791758
          ],
          [
            -49.7910033,
            -21.3796117
          ],
          [
            -49.7909899,
            -21.3797491
          ],
          [
            -49.7909296,
            -21.3804147
          ],
          [
            -49.7907431,
            -21.3823153
          ],
          [
            -49.7907378,
            -21.3824053
          ],
          [
            -49.7907123,
            -21.3828049
          ],
          [
            -49.7906949,
            -21.3829884
          ],
          [
            -49.7906627,
            -21.3832345
          ],
          [
            -49.7906546,
            -21.3832882
          ],
          [
            -49.7906077,
            -21.3835616
          ],
          [
            -49.790597,
            -21.3836378
          ],
          [
            -49.7905514,
            -21.3840587
          ],
          [
            -49.7904937,
            -21.3848654
          ],
          [
            -49.7904709,
            -21.3851139
          ],
          [
            -49.7904293,
            -21.3853873
          ],
          [
            -49.7903998,
            -21.3855659
          ],
          [
            -49.7903824,
            -21.3856833
          ],
          [
            -49.7903663,
            -21.3858107
          ],
          [
            -49.7903167,
            -21.3864313
          ],
          [
            -49.7902992,
            -21.3867735
          ],
          [
            -49.7902845,
            -21.3870157
          ],
          [
            -49.7902523,
            -21.3873179
          ],
          [
            -49.7902013,
            -21.387765
          ],
          [
            -49.7901276,
            -21.3883781
          ],
          [
            -49.7901101,
            -21.3885305
          ],
          [
            -49.7900833,
            -21.3888826
          ],
          [
            -49.7900672,
            -21.3892085
          ],
          [
            -49.7900377,
            -21.3895494
          ],
          [
            -49.7899868,
            -21.3898878
          ],
          [
            -49.7899506,
            -21.3901501
          ],
          [
            -49.7899412,
            -21.3902237
          ],
          [
            -49.7899157,
            -21.3905509
          ],
          [
            -49.7898942,
            -21.3909742
          ],
          [
            -49.7898902,
            -21.3910404
          ],
          [
            -49.7898352,
            -21.3915062
          ],
          [
            -49.7897856,
            -21.391887
          ],
          [
            -49.7897293,
            -21.3924689
          ],
          [
            -49.7896341,
            -21.3934704
          ],
          [
            -49.7895885,
            -21.3939487
          ],
          [
            -49.7895402,
            -21.3943894
          ],
          [
            -49.7894906,
            -21.3949326
          ],
          [
            -49.7894155,
            -21.3956693
          ],
          [
            -49.7893189,
            -21.3968331
          ],
          [
            -49.7891445,
            -21.3983964
          ],
          [
            -49.7890936,
            -21.3987473
          ],
          [
            -49.7890587,
            -21.3991032
          ],
          [
            -49.7889997,
            -21.3999061
          ],
          [
            -49.788942,
            -21.4004942
          ],
          [
            -49.7889058,
            -21.4007576
          ],
          [
            -49.788871,
            -21.4009799
          ],
          [
            -49.7888616,
            -21.4010748
          ],
          [
            -49.7888361,
            -21.4012783
          ],
          [
            -49.7888173,
            -21.401513
          ],
          [
            -49.7887489,
            -21.4022597
          ],
          [
            -49.7887011,
            -21.4027734
          ],
          [
            -49.7885558,
            -21.4043149
          ],
          [
            -49.788537,
            -21.4046333
          ],
          [
            -49.7885115,
            -21.4049293
          ],
          [
            -49.7884713,
            -21.4052139
          ],
          [
            -49.7884311,
            -21.4055261
          ],
          [
            -49.7883855,
            -21.4059531
          ],
          [
            -49.7883546,
            -21.4064063
          ],
          [
            -49.7883305,
            -21.4068284
          ],
          [
            -49.7883104,
            -21.4070456
          ],
          [
            -49.7882648,
            -21.4074514
          ],
          [
            -49.7881991,
            -21.4081818
          ],
          [
            -49.7881749,
            -21.4083941
          ],
          [
            -49.788132,
            -21.4086788
          ],
          [
            -49.7880797,
            -21.4089922
          ],
          [
            -49.7880636,
            -21.4091407
          ],
          [
            -49.7880274,
            -21.4095328
          ],
          [
            -49.7879872,
            -21.4100097
          ],
          [
            -49.7879483,
            -21.410438
          ],
          [
            -49.7879201,
            -21.4106365
          ],
          [
            -49.7879013,
            -21.4107489
          ],
          [
            -49.7878785,
            -21.4109536
          ],
          [
            -49.7878625,
            -21.4112158
          ],
          [
            -49.7878423,
            -21.411483
          ],
          [
            -49.7878155,
            -21.4117652
          ],
          [
            -49.7877055,
            -21.4126741
          ],
          [
            -49.7875513,
            -21.4143946
          ],
          [
            -49.7874883,
            -21.414919
          ],
          [
            -49.7874521,
            -21.4154808
          ],
          [
            -49.7873917,
            -21.4160564
          ],
          [
            -49.7873206,
            -21.4166244
          ],
          [
            -49.7872764,
            -21.4173286
          ],
          [
            -49.7872388,
            -21.4177443
          ],
          [
            -49.7871825,
            -21.4181763
          ],
          [
            -49.7871034,
            -21.4189079
          ],
          [
            -49.7870484,
            -21.4193574
          ],
          [
            -49.7869854,
            -21.4199467
          ],
          [
            -49.7869269,
            -21.4206019
          ],
          [
            -49.7868043,
            -21.4218293
          ],
          [
            -49.7867689,
            -21.4222618
          ],
          [
            -49.7866018,
            -21.423903
          ],
          [
            -49.7865388,
            -21.4244074
          ],
          [
            -49.7865079,
            -21.4246583
          ],
          [
            -49.7864932,
            -21.4248681
          ],
          [
            -49.7864664,
            -21.4253162
          ],
          [
            -49.7864462,
            -21.4256371
          ],
          [
            -49.7864074,
            -21.4259842
          ],
          [
            -49.7863711,
            -21.4262513
          ],
          [
            -49.7863363,
            -21.4265672
          ],
          [
            -49.7862639,
            -21.4271814
          ],
          [
            -49.7862531,
            -21.4272825
          ],
          [
            -49.7862209,
            -21.4277557
          ],
          [
            -49.7861928,
            -21.4280915
          ],
          [
            -49.7861297,
            -21.4285496
          ],
          [
            -49.7861016,
            -21.4287531
          ],
          [
            -49.7860879,
            -21.4289205
          ],
          [
            -49.7860775,
            -21.4290672
          ],
          [
            -49.7860593,
            -21.4293127
          ],
          [
            -49.7860359,
            -21.4296357
          ],
          [
            -49.7859876,
            -21.4300103
          ],
          [
            -49.785891,
            -21.4308823
          ],
          [
            -49.785773,
            -21.4319902
          ],
          [
            -49.7856778,
            -21.4329177
          ],
          [
            -49.7854465,
            -21.4352297
          ],
          [
            -49.7853928,
            -21.4356285
          ],
          [
            -49.7853727,
            -21.4358607
          ],
          [
            -49.7853626,
            -21.4360504
          ],
          [
            -49.7853539,
            -21.4362864
          ],
          [
            -49.7853405,
            -21.4364399
          ],
          [
            -49.7852869,
            -21.4369037
          ],
          [
            -49.7852198,
            -21.4377544
          ],
          [
            -49.7851266,
            -21.4385315
          ],
          [
            -49.7850656,
            -21.439067
          ],
          [
            -49.7850532,
            -21.4391929
          ],
          [
            -49.7849768,
            -21.4399702
          ],
          [
            -49.7849563,
            -21.4401793
          ],
          [
            -49.7848979,
            -21.440755
          ],
          [
            -49.7848544,
            -21.4411985
          ],
          [
            -49.7847994,
            -21.4417715
          ],
          [
            -49.7847497,
            -21.4422851
          ],
          [
            -49.7846767,
            -21.4430166
          ],
          [
            -49.7845767,
            -21.4438729
          ],
          [
            -49.7845458,
            -21.4442285
          ],
          [
            -49.7845418,
            -21.4442749
          ],
          [
            -49.7844721,
            -21.445075
          ],
          [
            -49.7843011,
            -21.4467402
          ],
          [
            -49.7841074,
            -21.4485713
          ],
          [
            -49.7840477,
            -21.4491449
          ],
          [
            -49.7840014,
            -21.4498227
          ],
          [
            -49.78398,
            -21.4501909
          ],
          [
            -49.7839518,
            -21.450498
          ],
          [
            -49.78388,
            -21.4511514
          ],
          [
            -49.7838629,
            -21.4513185
          ],
          [
            -49.7837721,
            -21.4522043
          ],
          [
            -49.7836769,
            -21.4529663
          ],
          [
            -49.7836018,
            -21.453679
          ],
          [
            -49.7835669,
            -21.4540946
          ],
          [
            -49.783465,
            -21.4551706
          ],
          [
            -49.7833946,
            -21.4559371
          ],
          [
            -49.7833456,
            -21.4564699
          ],
          [
            -49.7833067,
            -21.4568491
          ],
          [
            -49.7832249,
            -21.4576457
          ],
          [
            -49.7831927,
            -21.4580216
          ],
          [
            -49.7831847,
            -21.4581153
          ],
          [
            -49.7831558,
            -21.4584123
          ],
          [
            -49.7831227,
            -21.4586829
          ],
          [
            -49.7830926,
            -21.4589288
          ],
          [
            -49.7830821,
            -21.4590149
          ],
          [
            -49.7830575,
            -21.4592722
          ],
          [
            -49.7829956,
            -21.4599217
          ],
          [
            -49.7829486,
            -21.460376
          ],
          [
            -49.782895,
            -21.4608184
          ],
          [
            -49.7828064,
            -21.4616694
          ],
          [
            -49.7827046,
            -21.4626482
          ],
          [
            -49.7826496,
            -21.4633097
          ],
          [
            -49.7826348,
            -21.4635555
          ],
          [
            -49.7826161,
            -21.4637715
          ],
          [
            -49.7825584,
            -21.4641733
          ],
          [
            -49.7825061,
            -21.4645453
          ],
          [
            -49.7824806,
            -21.4647937
          ],
          [
            -49.7824565,
            -21.4651774
          ],
          [
            -49.7824075,
            -21.4657191
          ],
          [
            -49.7823076,
            -21.4666689
          ],
          [
            -49.7822519,
            -21.4671868
          ],
          [
            -49.7821413,
            -21.4681747
          ],
          [
            -49.7821091,
            -21.4686689
          ],
          [
            -49.7820684,
            -21.4690669
          ],
          [
            -49.7820588,
            -21.46916
          ],
          [
            -49.7820286,
            -21.4695057
          ],
          [
            -49.7819777,
            -21.4700081
          ],
          [
            -49.7819073,
            -21.4706502
          ],
          [
            -49.7818154,
            -21.4714558
          ],
          [
            -49.7817528,
            -21.4721644
          ],
          [
            -49.7817235,
            -21.4724948
          ],
          [
            -49.781684,
            -21.4728592
          ],
          [
            -49.7816073,
            -21.4736508
          ],
          [
            -49.7816016,
            -21.47371
          ],
          [
            -49.7815552,
            -21.474189
          ],
          [
            -49.7815257,
            -21.4746576
          ],
          [
            -49.7814976,
            -21.4749303
          ],
          [
            -49.7814718,
            -21.4751194
          ],
          [
            -49.7814479,
            -21.4752835
          ],
          [
            -49.7814091,
            -21.4756666
          ],
          [
            -49.7813715,
            -21.4760865
          ],
          [
            -49.7813587,
            -21.4761905
          ],
          [
            -49.7813279,
            -21.4764391
          ],
          [
            -49.7812703,
            -21.4769083
          ],
          [
            -49.7812059,
            -21.4775373
          ],
          [
            -49.781165,
            -21.4780028
          ],
          [
            -49.7811073,
            -21.4784496
          ],
          [
            -49.7810664,
            -21.4788084
          ],
          [
            -49.7809531,
            -21.4800507
          ],
          [
            -49.7809249,
            -21.4806572
          ],
          [
            -49.7808833,
            -21.4811127
          ],
          [
            -49.780823,
            -21.4816693
          ],
          [
            -49.7807553,
            -21.4824044
          ],
          [
            -49.7807056,
            -21.4829478
          ],
          [
            -49.7805152,
            -21.4847137
          ],
          [
            -49.7803871,
            -21.4859784
          ],
          [
            -49.780308,
            -21.4866648
          ],
          [
            -49.7802403,
            -21.4873761
          ],
          [
            -49.7801773,
            -21.4879214
          ],
          [
            -49.7801263,
            -21.4884206
          ],
          [
            -49.7800921,
            -21.488944
          ],
          [
            -49.780025,
            -21.4895773
          ],
          [
            -49.7799794,
            -21.4901096
          ],
          [
            -49.7799439,
            -21.4904259
          ],
          [
            -49.7799131,
            -21.490731
          ],
          [
            -49.7798728,
            -21.4910742
          ],
          [
            -49.7798098,
            -21.4918428
          ],
          [
            -49.779795,
            -21.4921086
          ],
          [
            -49.7797789,
            -21.4932666
          ],
          [
            -49.7798306,
            -21.4943392
          ],
          [
            -49.7798762,
            -21.495436
          ],
          [
            -49.7800854,
            -21.4993532
          ],
          [
            -49.7801947,
            -21.5015811
          ],
          [
            -49.7802949,
            -21.5037276
          ],
          [
            -49.7803952,
            -21.5053016
          ],
          [
            -49.7804515,
            -21.5067059
          ],
          [
            -49.780506,
            -21.5076957
          ],
          [
            -49.7805923,
            -21.5092638
          ],
          [
            -49.7806942,
            -21.5117336
          ],
          [
            -49.7808123,
            -21.5135945
          ],
          [
            -49.7808927,
            -21.5152975
          ],
          [
            -49.7809678,
            -21.5173006
          ],
          [
            -49.7809806,
            -21.5176194
          ],
          [
            -49.7810141,
            -21.5180998
          ]
        ]
      },
      "id": "way/125995267"
    },
    {
      "type": "Feature",
      "properties": {
        "@id": "way/125995275",
        "highway": "trunk",
        "lanes": "2",
        "maxspeed": "80",
        "name": "Rodovia Rachid Rayes",
        "oneway": "yes",
        "ref": "SP-333",
        "surface": "asphalt"
      },
      "geometry": {
        "type": "LineString",
        "coordinates": [
          [
            -49.943039,
            -22.1317058
          ],
          [
            -49.9438822,
            -22.132587
          ],
          [
            -49.9440236,
            -22.1327424
          ],
          [
            -49.944118,
            -22.1328462
          ],
          [
            -49.9443166,
            -22.1331118
          ],
          [
            -49.9446851,
            -22.1336148
          ],
          [
            -49.9449533,
            -22.1340074
          ],
          [
            -49.9453449,
            -22.1346663
          ],
          [
            -49.9459331,
            -22.1356374
          ],
          [
            -49.9464602,
            -22.1365044
          ],
          [
            -49.946494,
            -22.13656
          ],
          [
            -49.9465464,
            -22.1366501
          ],
          [
            -49.9465725,
            -22.136695
          ],
          [
            -49.9469542,
            -22.1373515
          ],
          [
            -49.9470921,
            -22.1375694
          ],
          [
            -49.9471505,
            -22.1376616
          ],
          [
            -49.9475867,
            -22.1383503
          ]
        ]
      },
      "id": "way/125995275"
    },
    {
      "type": "Feature",
      "properties": {
        "@id": "way/126154135",
        "highway": "trunk",
        "lanes": "2",
        "maxspeed": "80",
        "name": "Rodovia Rachid Rayes",
        "oneway": "yes",
        "ref": "SP-333",
        "surface": "asphalt"
      },
      "geometry": {
        "type": "LineString",
        "coordinates": [
          [
            -49.9707216,
            -22.1770127
          ],
          [
            -49.9698314,
            -22.1755497
          ],
          [
            -49.9695205,
            -22.1750468
          ],
          [
            -49.9691959,
            -22.1745555
          ],
          [
            -49.9687095,
            -22.1737691
          ],
          [
            -49.9685444,
            -22.1735022
          ],
          [
            -49.9677649,
            -22.1722418
          ],
          [
            -49.9652436,
            -22.1680539
          ],
          [
            -49.9639978,
            -22.1660047
          ],
          [
            -49.9637161,
            -22.1655277
          ]
        ]
      },
      "id": "way/126154135"
    },
    {
      "type": "Feature",
      "properties": {
        "@id": "way/126154136",
        "highway": "trunk",
        "lanes": "2",
        "maxspeed": "80",
        "name": "Rodovia Rachid Rayes",
        "oneway": "yes",
        "ref": "SP-333",
        "surface": "asphalt"
      },
      "geometry": {
        "type": "LineString",
        "coordinates": [
          [
            -49.9638113,
            -22.1655054
          ],
          [
            -49.9676404,
            -22.1717887
          ],
          [
            -49.9677099,
            -22.1719027
          ],
          [
            -49.9688038,
            -22.1737252
          ],
          [
            -49.9690347,
            -22.1741098
          ],
          [
            -49.9692676,
            -22.1745189
          ],
          [
            -49.9695967,
            -22.1749703
          ],
          [
            -49.9708334,
            -22.1769288
          ]
        ]
      },
      "id": "way/126154136"
    },
    {
      "type": "Feature",
      "properties": {
        "@id": "way/126821730",
        "highway": "trunk",
        "lanes": "2",
        "maxspeed": "80",
        "name": "Rodovia Comandante João Ribeiro de Barros",
        "oneway": "yes",
        "ref": "SP-294;BR-153",
        "surface": "asphalt"
      },
      "geometry": {
        "type": "LineString",
        "coordinates": [
          [
            -49.9662817,
            -22.2203275
          ],
          [
            -49.9664218,
            -22.2207632
          ],
          [
            -49.9673572,
            -22.2232003
          ],
          [
            -49.9677904,
            -22.2244964
          ],
          [
            -49.9683409,
            -22.2260277
          ]
        ]
      },
      "id": "way/126821730"
    },
    {
      "type": "Feature",
      "properties": {
        "@id": "way/126821737",
        "bridge": "viaduct",
        "highway": "trunk",
        "lanes": "2",
        "layer": "1",
        "maxspeed": "80",
        "name": "Rodovia Transbrasiliana",
        "oneway": "yes",
        "ref": "BR-153",
        "source": "osm-gpx",
        "surface": "asphalt"
      },
      "geometry": {
        "type": "LineString",
        "coordinates": [
          [
            -49.9661408,
            -22.2203759
          ],
          [
            -49.9660692,
            -22.2202004
          ]
        ]
      },
      "id": "way/126821737"
    },
    {
      "type": "Feature",
      "properties": {
        "@id": "way/126821778",
        "bridge": "viaduct",
        "highway": "trunk",
        "lanes": "2",
        "layer": "1",
        "maxspeed": "80",
        "name": "Rodovia Transbrasiliana",
        "oneway": "yes",
        "ref": "BR-153",
        "surface": "asphalt"
      },
      "geometry": {
        "type": "LineString",
        "coordinates": [
          [
            -49.9662213,
            -22.2201586
          ],
          [
            -49.9662817,
            -22.2203275
          ]
        ]
      },
      "id": "way/126821778"
    },
    {
      "type": "Feature",
      "properties": {
        "@id": "way/126821784",
        "highway": "trunk",
        "lanes": "2",
        "maxspeed": "80",
        "name": "Rodovia Rachid Rayes",
        "oneway": "yes",
        "ref": "SP-333;BR-153",
        "source": "osm-gpx",
        "surface": "asphalt"
      },
      "geometry": {
        "type": "LineString",
        "coordinates": [
          [
            -49.9660692,
            -22.2202004
          ],
          [
            -49.9657935,
            -22.2194237
          ],
          [
            -49.9655731,
            -22.2187249
          ],
          [
            -49.965371,
            -22.218171
          ],
          [
            -49.9642511,
            -22.2149895
          ],
          [
            -49.9635022,
            -22.2126495
          ],
          [
            -49.9631552,
            -22.2112572
          ],
          [
            -49.9630723,
            -22.2105625
          ],
          [
            -49.9630411,
            -22.209988
          ],
          [
            -49.9630378,
            -22.2096064
          ],
          [
            -49.9630565,
            -22.2088179
          ],
          [
            -49.9630945,
            -22.2080261
          ],
          [
            -49.9631279,
            -22.207736
          ],
          [
            -49.9631967,
            -22.2074262
          ],
          [
            -49.9632747,
            -22.2070097
          ],
          [
            -49.9633312,
            -22.2067605
          ],
          [
            -49.9634172,
            -22.2063427
          ],
          [
            -49.9635181,
            -22.2058443
          ],
          [
            -49.9641604,
            -22.202755
          ],
          [
            -49.9643159,
            -22.2020283
          ],
          [
            -49.9649869,
            -22.1987262
          ],
          [
            -49.9656245,
            -22.1955274
          ],
          [
            -49.9659424,
            -22.1939231
          ],
          [
            -49.96611,
            -22.1931445
          ],
          [
            -49.9662937,
            -22.1923262
          ],
          [
            -49.966456,
            -22.1917711
          ],
          [
            -49.9666355,
            -22.1912566
          ],
          [
            -49.9667712,
            -22.1909466
          ],
          [
            -49.9668865,
            -22.1906597
          ],
          [
            -49.9671809,
            -22.1901073
          ],
          [
            -49.967553,
            -22.1894701
          ]
        ]
      },
      "id": "way/126821784"
    },
    {
      "type": "Feature",
      "properties": {
        "@id": "way/128274161",
        "bridge": "viaduct",
        "highway": "motorway_link",
        "lanes": "2",
        "lanes:backward": "1",
        "lanes:forward": "1",
        "layer": "1",
        "maxspeed": "40",
        "name": "Rodovia Rachid Rayes",
        "oneway": "no",
        "ref": "SP-333;BR-153",
        "surface": "concrete"
      },
      "geometry": {
        "type": "LineString",
        "coordinates": [
          [
            -49.9726198,
            -22.2358185
          ],
          [
            -49.9726273,
            -22.2359003
          ],
          [
            -49.9726281,
            -22.2359687
          ],
          [
            -49.972616,
            -22.2360418
          ],
          [
            -49.9726022,
            -22.2360997
          ],
          [
            -49.9725697,
            -22.2361776
          ],
          [
            -49.9725292,
            -22.236247
          ],
          [
            -49.9724782,
            -22.2363123
          ],
          [
            -49.972433,
            -22.2363657
          ],
          [
            -49.9723597,
            -22.2364552
          ]
        ]
      },
      "id": "way/128274161"
    },
    {
      "type": "Feature",
      "properties": {
        "@id": "way/129171337",
        "highway": "trunk",
        "lanes": "2",
        "maxspeed": "40",
        "name": "Rodovia Transbrasiliana",
        "oneway": "yes",
        "ref": "BR-153",
        "surface": "asphalt"
      },
      "geometry": {
        "type": "LineString",
        "coordinates": [
          [
            -49.919414,
            -22.2380185
          ],
          [
            -49.9194537,
            -22.2382329
          ],
          [
            -49.919465,
            -22.2383209
          ],
          [
            -49.9195092,
            -22.2386655
          ],
          [
            -49.9196259,
            -22.2394218
          ],
          [
            -49.9196506,
            -22.2395915
          ],
          [
            -49.91971,
            -22.2401107
          ],
          [
            -49.9198162,
            -22.2409722
          ],
          [
            -49.9198793,
            -22.2414777
          ],
          [
            -49.9199994,
            -22.2423589
          ],
          [
            -49.9200187,
            -22.2425062
          ],
          [
            -49.9201375,
            -22.243423
          ],
          [
            -49.920167,
            -22.2435351
          ],
          [
            -49.92021,
            -22.2436329
          ],
          [
            -49.9202253,
            -22.2436847
          ],
          [
            -49.9202881,
            -22.2438037
          ],
          [
            -49.9203598,
            -22.2440619
          ],
          [
            -49.920381,
            -22.2442853
          ],
          [
            -49.9203783,
            -22.2444094
          ],
          [
            -49.9203624,
            -22.2445587
          ],
          [
            -49.9203431,
            -22.2446678
          ],
          [
            -49.9203385,
            -22.244855
          ],
          [
            -49.9203488,
            -22.2450425
          ],
          [
            -49.9204025,
            -22.2455216
          ],
          [
            -49.9204839,
            -22.2460582
          ],
          [
            -49.9205166,
            -22.2462664
          ],
          [
            -49.9205223,
            -22.2463146
          ],
          [
            -49.9206323,
            -22.2470306
          ],
          [
            -49.9206734,
            -22.2472148
          ],
          [
            -49.9207812,
            -22.2474501
          ],
          [
            -49.9208085,
            -22.2475032
          ],
          [
            -49.9208829,
            -22.2476481
          ],
          [
            -49.9209356,
            -22.2477537
          ],
          [
            -49.9209719,
            -22.2478684
          ],
          [
            -49.9210007,
            -22.2480073
          ],
          [
            -49.9210172,
            -22.2481715
          ],
          [
            -49.9209911,
            -22.2483664
          ],
          [
            -49.9209482,
            -22.248609
          ],
          [
            -49.9209369,
            -22.2488939
          ],
          [
            -49.9209614,
            -22.2490684
          ],
          [
            -49.9212608,
            -22.250946
          ]
        ]
      },
      "id": "way/129171337"
    },
    {
      "type": "Feature",
      "properties": {
        "@id": "way/129171384",
        "highway": "motorway_link",
        "lanes": "1",
        "name": "Rodovia Comandante João Ribeiro de Barros",
        "oneway": "yes",
        "ref": "SP-294",
        "surface": "asphalt"
      },
      "geometry": {
        "type": "LineString",
        "coordinates": [
          [
            -49.9193858,
            -22.2308168
          ],
          [
            -49.9195912,
            -22.2309735
          ],
          [
            -49.9196834,
            -22.2310267
          ],
          [
            -49.9197678,
            -22.2310605
          ],
          [
            -49.9220879,
            -22.2316567
          ],
          [
            -49.9230675,
            -22.2319132
          ],
          [
            -49.9239391,
            -22.2321532
          ]
        ]
      },
      "id": "way/129171384"
    },
    {
      "type": "Feature",
      "properties": {
        "@id": "way/129171397",
        "destination": "Ourinhos;Curitiba",
        "destination:ref": "BR-153",
        "highway": "motorway_link",
        "lanes": "1",
        "name": "Rodovia Comandante João Ribeiro de Barros",
        "oneway": "yes",
        "ref": "SP-294",
        "surface": "asphalt"
      },
      "geometry": {
        "type": "LineString",
        "coordinates": [
          [
            -49.923684,
            -22.2322011
          ],
          [
            -49.9221136,
            -22.2319514
          ],
          [
            -49.9203563,
            -22.2316422
          ],
          [
            -49.9195996,
            -22.231519
          ],
          [
            -49.9195091,
            -22.2315121
          ],
          [
            -49.9194238,
            -22.2315119
          ],
          [
            -49.9193316,
            -22.2315247
          ],
          [
            -49.9192796,
            -22.2315328
          ],
          [
            -49.9191733,
            -22.2315595
          ]
        ]
      },
      "id": "way/129171397"
    },
    {
      "type": "Feature",
      "properties": {
        "@id": "way/129335907",
        "bridge": "viaduct",
        "highway": "motorway",
        "lanes": "2",
        "layer": "1",
        "maxspeed": "80",
        "name": "Rodovia Comandante João Ribeiro de Barros",
        "oneway": "yes",
        "ref": "SP-294;BR-153",
        "source": "osm-gpx",
        "surface": "asphalt"
      },
      "geometry": {
        "type": "LineString",
        "coordinates": [
          [
            -49.9296168,
            -22.2322845
          ],
          [
            -49.9300614,
            -22.232163
          ]
        ]
      },
      "id": "way/129335907"
    },
    {
      "type": "Feature",
      "properties": {
        "@id": "way/129335909",
        "bridge": "viaduct",
        "highway": "motorway",
        "lanes": "2",
        "layer": "1",
        "maxspeed": "80",
        "name": "Rodovia Comandante João Ribeiro de Barros",
        "oneway": "yes",
        "ref": "SP-294;BR-153",
        "surface": "asphalt"
      },
      "geometry": {
        "type": "LineString",
        "coordinates": [
          [
            -49.9300819,
            -22.2322526
          ],
          [
            -49.929602,
            -22.2323802
          ]
        ]
      },
      "id": "way/129335909"
    },
    {
      "type": "Feature",
      "properties": {
        "@id": "way/129335927",
        "highway": "motorway",
        "lanes": "2",
        "maxspeed": "80",
        "name": "Rodovia Comandante João Ribeiro de Barros",
        "oneway": "yes",
        "ref": "SP-294;BR-153",
        "surface": "asphalt"
      },
      "geometry": {
        "type": "LineString",
        "coordinates": [
          [
            -49.929602,
            -22.2323802
          ],
          [
            -49.9291204,
            -22.2324964
          ],
          [
            -49.9283792,
            -22.2326073
          ],
          [
            -49.9280946,
            -22.2326413
          ],
          [
            -49.9278362,
            -22.2326663
          ],
          [
            -49.9275972,
            -22.2326785
          ],
          [
            -49.927372,
            -22.2326891
          ],
          [
            -49.926928,
            -22.2327025
          ],
          [
            -49.9268696,
            -22.2327006
          ],
          [
            -49.9262183,
            -22.2326513
          ],
          [
            -49.925941,
            -22.232623
          ],
          [
            -49.9256718,
            -22.2325923
          ],
          [
            -49.9253978,
            -22.2325513
          ],
          [
            -49.9251438,
            -22.2325078
          ],
          [
            -49.9247826,
            -22.232438
          ],
          [
            -49.923684,
            -22.2322011
          ]
        ]
      },
      "id": "way/129335927"
    },
    {
      "type": "Feature",
      "properties": {
        "@id": "way/129335939",
        "highway": "motorway",
        "lanes": "2",
        "maxspeed": "80",
        "name": "Rodovia Comandante João Ribeiro de Barros",
        "oneway": "yes",
        "ref": "SP-294;BR-153",
        "source": "osm-gpx",
        "surface": "asphalt"
      },
      "geometry": {
        "type": "LineString",
        "coordinates": [
          [
            -49.9300614,
            -22.232163
          ],
          [
            -49.9303026,
            -22.2320969
          ],
          [
            -49.9304785,
            -22.2320385
          ],
          [
            -49.9307972,
            -22.2319176
          ],
          [
            -49.9311906,
            -22.2317614
          ],
          [
            -49.9314303,
            -22.2316494
          ],
          [
            -49.9316964,
            -22.2315197
          ],
          [
            -49.9319717,
            -22.2313775
          ],
          [
            -49.9323693,
            -22.2311534
          ],
          [
            -49.9327852,
            -22.2309054
          ],
          [
            -49.9350532,
            -22.2295381
          ],
          [
            -49.9359308,
            -22.2290231
          ],
          [
            -49.9365864,
            -22.2286684
          ],
          [
            -49.937094,
            -22.2284058
          ],
          [
            -49.9372057,
            -22.2283523
          ],
          [
            -49.938159,
            -22.2279485
          ],
          [
            -49.9388024,
            -22.2277059
          ],
          [
            -49.939407,
            -22.2275125
          ],
          [
            -49.9396922,
            -22.2274335
          ],
          [
            -49.9399003,
            -22.2273862
          ],
          [
            -49.9401493,
            -22.227347
          ],
          [
            -49.9403524,
            -22.227328
          ],
          [
            -49.9405337,
            -22.2273202
          ],
          [
            -49.9407362,
            -22.2273244
          ],
          [
            -49.94092,
            -22.2273414
          ],
          [
            -49.9411449,
            -22.2273731
          ],
          [
            -49.9434434,
            -22.227821
          ],
          [
            -49.9444134,
            -22.2280258
          ],
          [
            -49.9446048,
            -22.2280701
          ],
          [
            -49.9447444,
            -22.2281111
          ],
          [
            -49.9456337,
            -22.2284273
          ],
          [
            -49.9461818,
            -22.2285864
          ],
          [
            -49.9472039,
            -22.2289548
          ],
          [
            -49.9490478,
            -22.2295794
          ],
          [
            -49.9499881,
            -22.2299294
          ],
          [
            -49.9510222,
            -22.2302863
          ],
          [
            -49.9517385,
            -22.2305213
          ],
          [
            -49.9523108,
            -22.2307169
          ],
          [
            -49.9524938,
            -22.2307624
          ],
          [
            -49.9526638,
            -22.2307933
          ],
          [
            -49.9528299,
            -22.2308069
          ],
          [
            -49.9529766,
            -22.2308073
          ],
          [
            -49.9531318,
            -22.2308002
          ],
          [
            -49.9532899,
            -22.2307847
          ],
          [
            -49.9534294,
            -22.230764
          ],
          [
            -49.9535549,
            -22.2307347
          ],
          [
            -49.9536963,
            -22.2306987
          ],
          [
            -49.9538341,
            -22.2306512
          ],
          [
            -49.9539726,
            -22.2305938
          ],
          [
            -49.9540963,
            -22.2305334
          ],
          [
            -49.9542182,
            -22.2304652
          ],
          [
            -49.9543309,
            -22.2303956
          ],
          [
            -49.954522,
            -22.2302686
          ],
          [
            -49.9556841,
            -22.2294692
          ],
          [
            -49.9558942,
            -22.2293267
          ],
          [
            -49.9561171,
            -22.2291902
          ],
          [
            -49.9562937,
            -22.229098
          ],
          [
            -49.9564802,
            -22.2290064
          ],
          [
            -49.9566663,
            -22.2289299
          ],
          [
            -49.9568457,
            -22.2288609
          ],
          [
            -49.9570442,
            -22.2287979
          ],
          [
            -49.9572602,
            -22.2287493
          ],
          [
            -49.9574551,
            -22.2287166
          ],
          [
            -49.9577043,
            -22.2286872
          ],
          [
            -49.9578943,
            -22.2286737
          ],
          [
            -49.9581285,
            -22.2286706
          ],
          [
            -49.9591717,
            -22.228705
          ],
          [
            -49.9617875,
            -22.2288304
          ],
          [
            -49.9623872,
            -22.2288571
          ],
          [
            -49.9637465,
            -22.2289155
          ],
          [
            -49.9640447,
            -22.2289566
          ],
          [
            -49.9643985,
            -22.2290185
          ],
          [
            -49.9645442,
            -22.2290533
          ],
          [
            -49.9647382,
            -22.2291025
          ],
          [
            -49.9649148,
            -22.229158
          ],
          [
            -49.9650977,
            -22.229221
          ],
          [
            -49.9653623,
            -22.2293242
          ],
          [
            -49.9655248,
            -22.2293917
          ],
          [
            -49.9658468,
            -22.2295641
          ],
          [
            -49.966058,
            -22.229691
          ],
          [
            -49.9662289,
            -22.2298044
          ],
          [
            -49.9663863,
            -22.2299197
          ],
          [
            -49.9665466,
            -22.2300488
          ],
          [
            -49.9666842,
            -22.2301696
          ],
          [
            -49.9670677,
            -22.2305261
          ],
          [
            -49.9672863,
            -22.2307486
          ],
          [
            -49.9687645,
            -22.2322426
          ],
          [
            -49.9694575,
            -22.2329298
          ]
        ]
      },
      "id": "way/129335939"
    },
    {
      "type": "Feature",
      "properties": {
        "@id": "way/129810763",
        "bridge": "yes",
        "highway": "trunk",
        "lanes": "2",
        "layer": "1",
        "maxspeed": "80",
        "name": "Rodovia Rachid Rayes",
        "oneway": "yes",
        "ref": "SP-333",
        "surface": "asphalt"
      },
      "geometry": {
        "type": "LineString",
        "coordinates": [
          [
            -49.9637161,
            -22.1655277
          ],
          [
            -49.9635699,
            -22.1652719
          ]
        ]
      },
      "id": "way/129810763"
    },
    {
      "type": "Feature",
      "properties": {
        "@id": "way/129810765",
        "bridge": "yes",
        "highway": "trunk",
        "lanes": "2",
        "layer": "1",
        "maxspeed": "80",
        "name": "Rodovia Rachid Rayes",
        "oneway": "yes",
        "ref": "SP-333",
        "surface": "asphalt"
      },
      "geometry": {
        "type": "LineString",
        "coordinates": [
          [
            -49.963637,
            -22.165216
          ],
          [
            -49.9638113,
            -22.1655054
          ]
        ]
      },
      "id": "way/129810765"
    },
    {
      "type": "Feature",
      "properties": {
        "@id": "way/142773935",
        "highway": "motorway",
        "lanes": "3",
        "maxspeed": "60",
        "name": "Rodovia Transbrasiliana",
        "nat_ref": "BR-153",
        "oneway": "yes",
        "operator": "Triunfo Transbrasiliana",
        "operator:type": "private",
        "owner": "União Federal",
        "ownership": "national",
        "ref": "BR-153",
        "surface": "asphalt",
        "turn:lanes": "through|through;merge_to_right|slight_right"
      },
      "geometry": {
        "type": "LineString",
        "coordinates": [
          [
            -49.355739,
            -20.8028826
          ],
          [
            -49.3557728,
            -20.8032064
          ]
        ]
      },
      "id": "way/142773935"
    },
    {
      "type": "Feature",
      "properties": {
        "@id": "way/142773936",
        "bridge": "viaduct",
        "highway": "motorway",
        "lanes": "2",
        "layer": "1",
        "maxspeed": "80",
        "name": "Rodovia Transbrasiliana",
        "nat_ref": "BR-153",
        "oneway": "yes",
        "operator": "Triunfo Transbrasiliana",
        "operator:type": "private",
        "owner": "União Federal",
        "ownership": "national",
        "ref": "BR-153",
        "source": "Bing",
        "surface": "asphalt"
      },
      "geometry": {
        "type": "LineString",
        "coordinates": [
          [
            -49.3547976,
            -20.7942989
          ],
          [
            -49.3548396,
            -20.7947301
          ]
        ]
      },
      "id": "way/142773936"
    },
    {
      "type": "Feature",
      "properties": {
        "@id": "way/142773937",
        "bridge": "viaduct",
        "highway": "motorway",
        "lanes": "3",
        "layer": "1",
        "maxspeed": "80",
        "name": "Rodovia Transbrasiliana",
        "nat_ref": "BR-153",
        "oneway": "yes",
        "operator": "Triunfo Transbrasiliana",
        "operator:type": "private",
        "owner": "União Federal",
        "ownership": "national",
        "ref": "BR-153",
        "surface": "asphalt",
        "turn:lanes": "through|through;merge_to_right|slight_right"
      },
      "geometry": {
        "type": "LineString",
        "coordinates": [
          [
            -49.3556698,
            -20.8023295
          ],
          [
            -49.355739,
            -20.8028826
          ]
        ]
      },
      "id": "way/142773937"
    },
    {
      "type": "Feature",
      "properties": {
        "@id": "way/142773939",
        "highway": "motorway",
        "lanes": "2",
        "maxspeed": "80",
        "name": "Rodovia Transbrasiliana",
        "nat_ref": "BR-153",
        "oneway": "yes",
        "operator": "Triunfo Transbrasiliana",
        "operator:type": "private",
        "owner": "União Federal",
        "ownership": "national",
        "ref": "BR-153",
        "source": "Bing",
        "surface": "asphalt"
      },
      "geometry": {
        "type": "LineString",
        "coordinates": [
          [
            -49.3548396,
            -20.7947301
          ],
          [
            -49.3550091,
            -20.7962045
          ],
          [
            -49.3552032,
            -20.7982034
          ]
        ]
      },
      "id": "way/142773939"
    },
    {
      "type": "Feature",
      "properties": {
        "@id": "way/142773940",
        "highway": "motorway",
        "lanes": "2",
        "maxspeed": "80",
        "name": "Rodovia Transbrasiliana",
        "nat_ref": "BR-153",
        "oneway": "yes",
        "operator": "Triunfo Transbrasiliana",
        "operator:type": "private",
        "owner": "União Federal",
        "ownership": "national",
        "ref": "BR-153",
        "surface": "asphalt"
      },
      "geometry": {
        "type": "LineString",
        "coordinates": [
          [
            -49.3588477,
            -20.8266916
          ],
          [
            -49.3587302,
            -20.8264013
          ],
          [
            -49.3584756,
            -20.8257535
          ],
          [
            -49.3582543,
            -20.8250962
          ],
          [
            -49.3580188,
            -20.8241669
          ],
          [
            -49.3579347,
            -20.8237412
          ],
          [
            -49.3578386,
            -20.8229783
          ],
          [
            -49.3577796,
            -20.8223615
          ],
          [
            -49.3577411,
            -20.8220347
          ],
          [
            -49.3573453,
            -20.8185397
          ],
          [
            -49.3566065,
            -20.81169
          ]
        ]
      },
      "id": "way/142773940"
    },
    {
      "type": "Feature",
      "properties": {
        "@id": "way/142773941",
        "bridge": "viaduct",
        "highway": "motorway",
        "lanes": "3",
        "layer": "1",
        "maxspeed": "80",
        "name": "Rodovia Transbrasiliana",
        "nat_ref": "BR-153",
        "oneway": "yes",
        "operator": "Triunfo Transbrasiliana",
        "operator:type": "private",
        "owner": "União Federal",
        "ownership": "national",
        "ref": "BR-153",
        "source": "osm-gpx",
        "surface": "asphalt",
        "turn:lanes": "through|through;merge_to_right|slight_right"
      },
      "geometry": {
        "type": "LineString",
        "coordinates": [
          [
            -49.3555277,
            -20.8028475
          ],
          [
            -49.3554612,
            -20.8022897
          ]
        ]
      },
      "id": "way/142773941"
    },
    {
      "type": "Feature",
      "properties": {
        "@id": "way/142773942",
        "bridge": "viaduct",
        "highway": "motorway",
        "lanes": "2",
        "layer": "1",
        "maxspeed": "80",
        "name": "Rodovia Transbrasiliana",
        "nat_ref": "BR-153",
        "oneway": "yes",
        "operator": "Triunfo Transbrasiliana",
        "operator:type": "private",
        "owner": "União Federal",
        "ownership": "national",
        "ref": "BR-153",
        "source": "Bing",
        "surface": "asphalt"
      },
      "geometry": {
        "type": "LineString",
        "coordinates": [
          [
            -49.3546733,
            -20.7947185
          ],
          [
            -49.354617,
            -20.7942036
          ]
        ]
      },
      "id": "way/142773942"
    },
    {
      "type": "Feature",
      "properties": {
        "@id": "way/142773943",
        "highway": "motorway",
        "lanes": "3",
        "maxheight": "5.5",
        "maxspeed": "80",
        "name": "Rodovia Transbrasiliana",
        "oneway": "yes",
        "operator": "Triunfo Transbrasiliana",
        "operator:type": "private",
        "owner": "União Federal",
        "ownership": "national",
        "ref": "BR-153",
        "surface": "asphalt",
        "turn:lanes": "none|none|merge_to_left"
      },
      "geometry": {
        "type": "LineString",
        "coordinates": [
          [
            -49.3644401,
            -20.8342318
          ],
          [
            -49.3643801,
            -20.8341545
          ]
        ]
      },
      "id": "way/142773943"
    },
    {
      "type": "Feature",
      "properties": {
        "@id": "way/142773945",
        "highway": "trunk",
        "maxspeed": "80",
        "name": "Rodovia Transbrasiliana",
        "oneway": "no",
        "ref": "BR-153;BR-262",
        "source": "osm-gpx",
        "surface": "asphalt"
      },
      "geometry": {
        "type": "LineString",
        "coordinates": [
          [
            -49.2076692,
            -20.3065197
          ],
          [
            -49.2078796,
            -20.3074886
          ],
          [
            -49.2078987,
            -20.3075766
          ],
          [
            -49.2079713,
            -20.3078987
          ],
          [
            -49.2084909,
            -20.3096335
          ],
          [
            -49.208863,
            -20.311145
          ],
          [
            -49.2097105,
            -20.3152873
          ],
          [
            -49.2105209,
            -20.319248
          ],
          [
            -49.2112518,
            -20.3228199
          ]
        ]
      },
      "id": "way/142773945"
    },
    {
      "type": "Feature",
      "properties": {
        "@id": "way/142773993",
        "alt_name": "Viaduto Lino Braile",
        "bridge": "yes",
        "highway": "motorway",
        "lanes": "3",
        "layer": "1",
        "maxspeed": "80",
        "name": "Rodovia Transbrasiliana",
        "oneway": "yes",
        "operator": "Triunfo Transbrasiliana",
        "operator:type": "private",
        "owner": "União Federal",
        "ownership": "national",
        "ref": "BR-153",
        "surface": "asphalt",
        "turn:lanes": "none|none|merge_to_left"
      },
      "geometry": {
        "type": "LineString",
        "coordinates": [
          [
            -49.3615531,
            -20.8302492
          ],
          [
            -49.3617332,
            -20.8304753
          ]
        ]
      },
      "id": "way/142773993"
    },
    {
      "type": "Feature",
      "properties": {
        "@id": "way/142774052",
        "highway": "motorway",
        "lanes": "2",
        "maxspeed": "80",
        "name": "Rodovia Transbrasiliana",
        "oneway": "yes",
        "operator": "Triunfo Transbrasiliana",
        "operator:type": "private",
        "owner": "União Federal",
        "ownership": "national",
        "ref": "BR-153",
        "surface": "asphalt"
      },
      "geometry": {
        "type": "LineString",
        "coordinates": [
          [
            -49.3620237,
            -20.8308382
          ],
          [
            -49.3629576,
            -20.8320358
          ],
          [
            -49.3633923,
            -20.8325753
          ]
        ]
      },
      "id": "way/142774052"
    },
    {
      "type": "Feature",
      "properties": {
        "@id": "way/150325397",
        "highway": "trunk",
        "lanes": "2",
        "maxspeed": "60",
        "name": "Rodovia Rachid Rayes",
        "oneway": "yes",
        "ref": "SP-333;BR-153",
        "source": "osm-gpx",
        "surface": "asphalt"
      },
      "geometry": {
        "type": "LineString",
        "coordinates": [
          [
            -49.9707159,
            -22.2329938
          ],
          [
            -49.9703501,
            -22.2319869
          ],
          [
            -49.9693463,
            -22.2292241
          ]
        ]
      },
      "id": "way/150325397"
    },
    {
      "type": "Feature",
      "properties": {
        "@id": "way/150325470",
        "highway": "motorway",
        "lanes": "2",
        "maxspeed": "80",
        "name": "Rodovia Comandante João Ribeiro de Barros",
        "oneway": "yes",
        "ref": "SP-294;BR-153",
        "source": "osm-gpx",
        "surface": "asphalt"
      },
      "geometry": {
        "type": "LineString",
        "coordinates": [
          [
            -49.9239391,
            -22.2321532
          ],
          [
            -49.9244756,
            -22.2322755
          ],
          [
            -49.925123,
            -22.2324154
          ],
          [
            -49.9257239,
            -22.2325149
          ],
          [
            -49.92592,
            -22.2325379
          ],
          [
            -49.9261122,
            -22.232558
          ],
          [
            -49.9262819,
            -22.2325732
          ],
          [
            -49.9266405,
            -22.2325949
          ],
          [
            -49.9268309,
            -22.2326016
          ],
          [
            -49.9270108,
            -22.2326048
          ],
          [
            -49.9273383,
            -22.2326045
          ],
          [
            -49.9277504,
            -22.2325889
          ],
          [
            -49.9279509,
            -22.2325738
          ],
          [
            -49.9281688,
            -22.2325533
          ],
          [
            -49.9289316,
            -22.2324418
          ],
          [
            -49.9292705,
            -22.2323726
          ],
          [
            -49.9294825,
            -22.2323225
          ],
          [
            -49.9296168,
            -22.2322845
          ]
        ]
      },
      "id": "way/150325470"
    },
    {
      "type": "Feature",
      "properties": {
        "@id": "way/150325503",
        "highway": "trunk",
        "junction": "roundabout",
        "name": "Rodovia Transbrasiliana",
        "surface": "asphalt"
      },
      "geometry": {
        "type": "LineString",
        "coordinates": [
          [
            -49.9183002,
            -22.2314069
          ],
          [
            -49.9182409,
            -22.2313569
          ],
          [
            -49.9181824,
            -22.2312666
          ],
          [
            -49.9181465,
            -22.2312108
          ],
          [
            -49.918125,
            -22.2311547
          ],
          [
            -49.9181154,
            -22.2310942
          ],
          [
            -49.9181192,
            -22.2310328
          ],
          [
            -49.9181533,
            -22.2309063
          ],
          [
            -49.9181917,
            -22.2308061
          ],
          [
            -49.9182259,
            -22.2307528
          ],
          [
            -49.918274,
            -22.2306955
          ],
          [
            -49.9183166,
            -22.2306636
          ],
          [
            -49.9184007,
            -22.2306171
          ],
          [
            -49.9184885,
            -22.2305866
          ],
          [
            -49.9186755,
            -22.2305568
          ],
          [
            -49.9187661,
            -22.2305531
          ],
          [
            -49.9188332,
            -22.2305558
          ],
          [
            -49.9189143,
            -22.2305634
          ],
          [
            -49.919054,
            -22.2305992
          ],
          [
            -49.9191423,
            -22.2306439
          ],
          [
            -49.9192393,
            -22.2306999
          ],
          [
            -49.9193288,
            -22.2307649
          ],
          [
            -49.9193858,
            -22.2308168
          ]
        ]
      },
      "id": "way/150325503"
    },
    {
      "type": "Feature",
      "properties": {
        "@id": "way/150325518",
        "highway": "trunk",
        "junction": "roundabout",
        "surface": "asphalt"
      },
      "geometry": {
        "type": "LineString",
        "coordinates": [
          [
            -49.9191733,
            -22.2315595
          ],
          [
            -49.9190868,
            -22.2315888
          ]
        ]
      },
      "id": "way/150325518"
    },
    {
      "type": "Feature",
      "properties": {
        "@id": "way/152068422",
        "highway": "trunk",
        "maxspeed": "100",
        "maxspeed:hgv": "80",
        "name": "Rodovia Transbrasiliana",
        "nat_ref": "BR-153;BR-369",
        "oneway": "yes",
        "owner": "Patrimônio da União",
        "ref": "BR-153;BR-369",
        "source": "osm-gpx",
        "surface": "asphalt"
      },
      "geometry": {
        "type": "LineString",
        "coordinates": [
          [
            -49.9117618,
            -22.9423928
          ],
          [
            -49.9115974,
            -22.9443765
          ],
          [
            -49.9114565,
            -22.9460326
          ],
          [
            -49.9113211,
            -22.9471465
          ],
          [
            -49.9110386,
            -22.9483771
          ],
          [
            -49.9109343,
            -22.9487498
          ],
          [
            -49.910666,
            -22.9495353
          ],
          [
            -49.9104139,
            -22.9502244
          ],
          [
            -49.9099982,
            -22.9511827
          ],
          [
            -49.9090688,
            -22.9532994
          ],
          [
            -49.9088891,
            -22.9536834
          ],
          [
            -49.908594,
            -22.9542663
          ],
          [
            -49.908354,
            -22.9546775
          ],
          [
            -49.9080589,
            -22.955127
          ],
          [
            -49.9076378,
            -22.9557037
          ],
          [
            -49.9074541,
            -22.9559421
          ],
          [
            -49.9071497,
            -22.9562854
          ],
          [
            -49.906294,
            -22.9571436
          ],
          [
            -49.9054666,
            -22.9579364
          ],
          [
            -49.9035059,
            -22.9598245
          ],
          [
            -49.9021031,
            -22.961189
          ],
          [
            -49.901619,
            -22.9616768
          ],
          [
            -49.9011791,
            -22.9621707
          ],
          [
            -49.9007875,
            -22.9627054
          ],
          [
            -49.900479,
            -22.9632204
          ],
          [
            -49.9001907,
            -22.9637933
          ],
          [
            -49.8999935,
            -22.9643008
          ],
          [
            -49.8999211,
            -22.9645268
          ],
          [
            -49.8998044,
            -22.9649577
          ],
          [
            -49.899673,
            -22.9657048
          ],
          [
            -49.8996449,
            -22.9660221
          ],
          [
            -49.8996341,
            -22.9662987
          ],
          [
            -49.8997048,
            -22.9669833
          ],
          [
            -49.8997853,
            -22.9676598
          ],
          [
            -49.899839,
            -22.9679638
          ],
          [
            -49.8999926,
            -22.9686634
          ],
          [
            -49.9001341,
            -22.9692687
          ],
          [
            -49.9002097,
            -22.9695563
          ]
        ]
      },
      "id": "way/152068422"
    },
    {
      "type": "Feature",
      "properties": {
        "@id": "way/152068423",
        "bridge": "yes",
        "highway": "trunk",
        "layer": "1",
        "maxspeed": "100",
        "maxspeed:hgv": "80",
        "name": "Rodovia Transbrasiliana",
        "nat_ref": "BR-153;BR-369",
        "oneway": "yes",
        "owner": "Patrimônio da União",
        "ref": "BR-153;BR-369",
        "source": "osm-gpx",
        "surface": "asphalt"
      },
      "geometry": {
        "type": "LineString",
        "coordinates": [
          [
            -49.9002097,
            -22.9695563
          ],
          [
            -49.9003354,
            -22.9699612
          ],
          [
            -49.9004557,
            -22.9703043
          ]
        ]
      },
      "id": "way/152068423"
    },
    {
      "type": "Feature",
      "properties": {
        "@id": "way/152068424",
        "bridge": "yes",
        "highway": "trunk",
        "layer": "1",
        "maxspeed": "100",
        "maxspeed:hgv": "80",
        "name": "Rodovia Transbrasiliana",
        "nat_ref": "BR-153;BR-369",
        "oneway": "yes",
        "owner": "Patrimônio da União",
        "ref": "BR-153;BR-369",
        "source": "osm-gpx",
        "surface": "asphalt"
      },
      "geometry": {
        "type": "LineString",
        "coordinates": [
          [
            -49.9020865,
            -22.9740738
          ],
          [
            -49.9022915,
            -22.9745568
          ]
        ]
      },
      "id": "way/152068424"
    },
    {
      "type": "Feature",
      "properties": {
        "@id": "way/152068425",
        "bridge": "yes",
        "description": "Ponte sobre o Rio Pardo",
        "highway": "trunk",
        "layer": "1",
        "name": "Rodovia Transbrasiliana",
        "nat_ref": "BR-153;BR-369",
        "oneway": "yes",
        "owner": "Patrimônio da União",
        "ref": "BR-153;BR-369",
        "source": "osm-gpx",
        "surface": "asphalt"
      },
      "geometry": {
        "type": "LineString",
        "coordinates": [
          [
            -49.9118349,
            -22.941296
          ],
          [
            -49.9117618,
            -22.9423928
          ]
        ]
      },
      "id": "way/152068425"
    },
    {
      "type": "Feature",
      "properties": {
        "@id": "way/152068436",
        "highway": "trunk",
        "maxspeed": "100",
        "maxspeed:hgv": "80",
        "name": "Rodovia Transbrasiliana",
        "nat_ref": "BR-153;BR-369",
        "oneway": "yes",
        "owner": "Patrimônio da União",
        "ref": "BR-153;BR-369",
        "source": "osm-gpx",
        "surface": "asphalt"
      },
      "geometry": {
        "type": "LineString",
        "coordinates": [
          [
            -49.9004557,
            -22.9703043
          ],
          [
            -49.9006304,
            -22.9707684
          ],
          [
            -49.9009623,
            -22.9715169
          ],
          [
            -49.9015317,
            -22.9728545
          ],
          [
            -49.9019935,
            -22.9738683
          ],
          [
            -49.9020865,
            -22.9740738
          ]
        ]
      },
      "id": "way/152068436"
    },
    {
      "type": "Feature",
      "properties": {
        "@id": "way/152068438",
        "highway": "trunk",
        "maxspeed": "100",
        "maxspeed:hgv": "80",
        "name": "Rodovia Transbrasiliana",
        "nat_ref": "BR-153;BR-369",
        "oneway": "yes",
        "owner": "Patrimônio da União",
        "ref": "BR-153;BR-369",
        "source": "osm-gpx",
        "surface": "asphalt"
      },
      "geometry": {
        "type": "LineString",
        "coordinates": [
          [
            -49.9029597,
            -22.9761381
          ],
          [
            -49.9031027,
            -22.9764973
          ],
          [
            -49.9033935,
            -22.977376
          ],
          [
            -49.9034665,
            -22.9776848
          ],
          [
            -49.9034996,
            -22.9778701
          ],
          [
            -49.9035314,
            -22.9780874
          ],
          [
            -49.9035719,
            -22.9783956
          ]
        ]
      },
      "id": "way/152068438"
    },
    {
      "type": "Feature",
      "properties": {
        "@id": "way/152068472",
        "highway": "trunk",
        "lanes": "1",
        "maxspeed": "100",
        "maxspeed:hgv": "80",
        "name": "Rodovia Transbrasiliana",
        "nat_ref": "BR-153;BR-369",
        "oneway": "yes",
        "owner": "Patrimônio da União",
        "ref": "BR-153;BR-369",
        "surface": "asphalt"
      },
      "geometry": {
        "type": "LineString",
        "coordinates": [
          [
            -49.9035719,
            -22.9783956
          ],
          [
            -49.9036143,
            -22.9786484
          ],
          [
            -49.9036524,
            -22.9791715
          ]
        ]
      },
      "id": "way/152068472"
    },
    {
      "type": "Feature",
      "properties": {
        "@id": "way/152068483",
        "bridge": "yes",
        "description": "Ponte sobre o Rio Paranapanema",
        "highway": "trunk",
        "lanes": "2",
        "layer": "1",
        "maxspeed": "100",
        "maxspeed:hgv": "80",
        "nat_ref": "BR-153;BR-369",
        "oneway": "yes",
        "owner": "Patrimônio da União",
        "ref": "BR-153;BR-369",
        "surface": "asphalt"
      },
      "geometry": {
        "type": "LineString",
        "coordinates": [
          [
            -49.9053913,
            -22.9964758
          ],
          [
            -49.9055942,
            -22.9974312
          ]
        ]
      },
      "id": "way/152068483"
    },
    {
      "type": "Feature",
      "properties": {
        "@id": "way/156814487",
        "highway": "trunk",
        "lanes": "2",
        "maxspeed": "80",
        "name": "Rodovia Transbrasiliana",
        "oneway": "no",
        "ref": "BR-153",
        "source": "osm-gpx",
        "surface": "asphalt"
      },
      "geometry": {
        "type": "LineString",
        "coordinates": [
          [
            -49.3389505,
            -20.7131912
          ],
          [
            -49.3389411,
            -20.7135312
          ],
          [
            -49.3389184,
            -20.7139439
          ]
        ]
      },
      "id": "way/156814487"
    },
    {
      "type": "Feature",
      "properties": {
        "@id": "way/156814488",
        "bridge": "yes",
        "highway": "trunk",
        "layer": "1",
        "maxspeed": "80",
        "name": "Rodovia Transbrasiliana",
        "oneway": "no",
        "ref": "BR-153",
        "source": "osm-gpx",
        "surface": "paved"
      },
      "geometry": {
        "type": "LineString",
        "coordinates": [
          [
            -49.3371946,
            -20.6320555
          ],
          [
            -49.3372813,
            -20.6323792
          ]
        ]
      },
      "id": "way/156814488"
    },
    {
      "type": "Feature",
      "properties": {
        "@id": "way/156814489",
        "bridge": "yes",
        "highway": "trunk",
        "layer": "1",
        "maxspeed": "80",
        "name": "Rodovia Transbrasiliana",
        "oneway": "no",
        "ref": "BR-153;BR-262",
        "source": "osm-gpx",
        "surface": "asphalt"
      },
      "geometry": {
        "type": "LineString",
        "coordinates": [
          [
            -49.2660545,
            -20.4181277
          ],
          [
            -49.2673718,
            -20.4189385
          ]
        ]
      },
      "id": "way/156814489"
    },
    {
      "type": "Feature",
      "properties": {
        "@id": "way/156814490",
        "bridge": "yes",
        "highway": "trunk",
        "lanes": "2",
        "layer": "1",
        "maxspeed": "80",
        "name": "Rodovia Transbrasiliana",
        "oneway": "no",
        "ref": "BR-153",
        "source": "osm-gpx",
        "surface": "asphalt"
      },
      "geometry": {
        "type": "LineString",
        "coordinates": [
          [
            -49.3398427,
            -20.6908959
          ],
          [
            -49.3398305,
            -20.6912274
          ]
        ]
      },
      "id": "way/156814490"
    },
    {
      "type": "Feature",
      "properties": {
        "@id": "way/156814491",
        "highway": "trunk",
        "maxspeed": "80",
        "name": "Rodovia Transbrasiliana",
        "oneway": "no",
        "ref": "BR-153",
        "source": "osm-gpx",
        "surface": "asphalt"
      },
      "geometry": {
        "type": "LineString",
        "coordinates": [
          [
            -49.2673718,
            -20.4189385
          ],
          [
            -49.2682709,
            -20.4194746
          ],
          [
            -49.2686151,
            -20.4196966
          ],
          [
            -49.2688302,
            -20.4198428
          ],
          [
            -49.2690361,
            -20.4200099
          ],
          [
            -49.2694961,
            -20.4204171
          ],
          [
            -49.2700848,
            -20.4210682
          ],
          [
            -49.2704467,
            -20.4215227
          ],
          [
            -49.2708315,
            -20.4221322
          ],
          [
            -49.2712088,
            -20.4228751
          ],
          [
            -49.2720657,
            -20.4247507
          ],
          [
            -49.2727241,
            -20.4261768
          ],
          [
            -49.2727926,
            -20.4263252
          ],
          [
            -49.2740377,
            -20.4289671
          ],
          [
            -49.2774725,
            -20.4363774
          ],
          [
            -49.2784955,
            -20.4385822
          ],
          [
            -49.2799994,
            -20.4417575
          ],
          [
            -49.2803489,
            -20.4424881
          ],
          [
            -49.2821585,
            -20.4464421
          ],
          [
            -49.2832246,
            -20.4487143
          ],
          [
            -49.283322,
            -20.448922
          ],
          [
            -49.2835255,
            -20.449372
          ],
          [
            -49.2838214,
            -20.4500479
          ],
          [
            -49.2857514,
            -20.454154
          ],
          [
            -49.2872703,
            -20.4574536
          ],
          [
            -49.287816,
            -20.4585728
          ],
          [
            -49.2918919,
            -20.4674081
          ],
          [
            -49.2924611,
            -20.4686415
          ],
          [
            -49.2927562,
            -20.4692446
          ],
          [
            -49.2930633,
            -20.4698452
          ],
          [
            -49.294053,
            -20.4719836
          ],
          [
            -49.2946163,
            -20.4732362
          ],
          [
            -49.2950736,
            -20.4742929
          ],
          [
            -49.2953405,
            -20.4748658
          ],
          [
            -49.2955175,
            -20.4752075
          ],
          [
            -49.2957643,
            -20.4756309
          ],
          [
            -49.2960097,
            -20.4760367
          ],
          [
            -49.2962497,
            -20.4763973
          ],
          [
            -49.2965072,
            -20.4767516
          ],
          [
            -49.2968975,
            -20.4771938
          ],
          [
            -49.2971081,
            -20.4774225
          ],
          [
            -49.2977397,
            -20.4780595
          ],
          [
            -49.2988193,
            -20.4791826
          ],
          [
            -49.2998788,
            -20.4802631
          ],
          [
            -49.3015015,
            -20.4819416
          ],
          [
            -49.3031403,
            -20.48363
          ],
          [
            -49.304055,
            -20.4845572
          ],
          [
            -49.3054524,
            -20.4860044
          ],
          [
            -49.3066433,
            -20.4872256
          ],
          [
            -49.30792,
            -20.4885271
          ],
          [
            -49.3082873,
            -20.4888964
          ],
          [
            -49.308376,
            -20.4889856
          ],
          [
            -49.3093671,
            -20.490022
          ],
          [
            -49.3112125,
            -20.4919127
          ],
          [
            -49.312292,
            -20.4930081
          ],
          [
            -49.3127856,
            -20.4935194
          ],
          [
            -49.3132737,
            -20.4940608
          ],
          [
            -49.3141535,
            -20.4949967
          ],
          [
            -49.3152784,
            -20.4961341
          ],
          [
            -49.3159425,
            -20.4968056
          ],
          [
            -49.3184249,
            -20.4993306
          ],
          [
            -49.3187535,
            -20.4996736
          ],
          [
            -49.319692,
            -20.5006605
          ]
        ]
      },
      "id": "way/156814491"
    },
    {
      "type": "Feature",
      "properties": {
        "@id": "way/156814492",
        "highway": "trunk",
        "maxspeed": "80",
        "name": "Rodovia Transbrasiliana",
        "ref": "BR-153",
        "source": "osm-gpx",
        "surface": "asphalt"
      },
      "geometry": {
        "type": "LineString",
        "coordinates": [
          [
            -49.3385261,
            -20.6374146
          ],
          [
            -49.3388727,
            -20.6388173
          ],
          [
            -49.3392394,
            -20.6402787
          ],
          [
            -49.3394268,
            -20.6409838
          ],
          [
            -49.339672,
            -20.6420314
          ],
          [
            -49.3399428,
            -20.6431466
          ],
          [
            -49.3402675,
            -20.644323
          ],
          [
            -49.3403775,
            -20.6447673
          ],
          [
            -49.3409246,
            -20.6470614
          ],
          [
            -49.3411982,
            -20.6483866
          ],
          [
            -49.3412893,
            -20.6489837
          ],
          [
            -49.3413456,
            -20.6493952
          ],
          [
            -49.3414113,
            -20.6500676
          ],
          [
            -49.3414222,
            -20.6502553
          ],
          [
            -49.3414316,
            -20.6507058
          ],
          [
            -49.3414249,
            -20.6511337
          ],
          [
            -49.3414088,
            -20.651647
          ],
          [
            -49.3413551,
            -20.6527559
          ],
          [
            -49.3413162,
            -20.6535456
          ],
          [
            -49.3412463,
            -20.6552947
          ],
          [
            -49.3412129,
            -20.6569487
          ],
          [
            -49.3410087,
            -20.6616812
          ],
          [
            -49.3410039,
            -20.6617668
          ],
          [
            -49.3409179,
            -20.6639027
          ]
        ]
      },
      "id": "way/156814492"
    },
    {
      "type": "Feature",
      "properties": {
        "@id": "way/165222014",
        "highway": "trunk",
        "lanes": "4",
        "maxspeed": "110",
        "name": "Rodovia Transbrasiliana",
        "ref": "BR-153;BR-267",
        "source": "osm-gpx",
        "surface": "asphalt"
      },
      "geometry": {
        "type": "LineString",
        "coordinates": [
          [
            -49.7896723,
            -21.6652352
          ],
          [
            -49.7896736,
            -21.6652482
          ]
        ]
      },
      "id": "way/165222014"
    },
    {
      "type": "Feature",
      "properties": {
        "@id": "way/165222015",
        "highway": "trunk",
        "lanes": "2",
        "maxspeed": "110",
        "name": "Rodovia Transbrasiliana",
        "ref": "BR-153;BR-267",
        "source": "osm-gpx",
        "surface": "asphalt"
      },
      "geometry": {
        "type": "LineString",
        "coordinates": [
          [
            -49.7897159,
            -21.6659623
          ],
          [
            -49.7897471,
            -21.666476
          ]
        ]
      },
      "id": "way/165222015"
    },
    {
      "type": "Feature",
      "properties": {
        "@id": "way/171252464",
        "highway": "trunk",
        "lanes": "2",
        "maxspeed": "60",
        "name": "Rodovia Rachid Rayes",
        "oneway": "yes",
        "ref": "SP-333;BR-153",
        "surface": "asphalt"
      },
      "geometry": {
        "type": "LineString",
        "coordinates": [
          [
            -49.9694723,
            -22.2291758
          ],
          [
            -49.9706777,
            -22.2326247
          ],
          [
            -49.9707147,
            -22.2327305
          ],
          [
            -49.9709268,
            -22.2332701
          ],
          [
            -49.9710756,
            -22.2336206
          ]
        ]
      },
      "id": "way/171252464"
    },
    {
      "type": "Feature",
      "properties": {
        "@id": "way/171252465",
        "bridge": "viaduct",
        "highway": "trunk",
        "lanes": "2",
        "layer": "1",
        "maxspeed": "60",
        "name": "Rodovia Comandante João Ribeiro de Barros",
        "oneway": "yes",
        "ref": "SP-294;BR-153",
        "source": "osm-gpx",
        "surface": "asphalt"
      },
      "geometry": {
        "type": "LineString",
        "coordinates": [
          [
            -49.9693463,
            -22.2292241
          ],
          [
            -49.9692521,
            -22.2289627
          ]
        ]
      },
      "id": "way/171252465"
    },
    {
      "type": "Feature",
      "properties": {
        "@id": "way/171252466",
        "bridge": "viaduct",
        "highway": "trunk",
        "lanes": "2",
        "layer": "1",
        "maxspeed": "60",
        "name": "Rodovia Comandante João Ribeiro de Barros",
        "oneway": "yes",
        "ref": "SP-294;BR-153",
        "surface": "asphalt"
      },
      "geometry": {
        "type": "LineString",
        "coordinates": [
          [
            -49.9693819,
            -22.2289233
          ],
          [
            -49.9694723,
            -22.2291758
          ]
        ]
      },
      "id": "way/171252466"
    },
    {
      "type": "Feature",
      "properties": {
        "@id": "way/171252467",
        "highway": "trunk",
        "lanes": "2",
        "maxspeed": "80",
        "name": "Rodovia Comandante João Ribeiro de Barros",
        "oneway": "yes",
        "ref": "SP-294;BR-153",
        "source": "osm-gpx",
        "surface": "asphalt"
      },
      "geometry": {
        "type": "LineString",
        "coordinates": [
          [
            -49.9682251,
            -22.2260539
          ],
          [
            -49.9672352,
            -22.22325
          ],
          [
            -49.9665319,
            -22.2214029
          ],
          [
            -49.9661408,
            -22.2203759
          ]
        ]
      },
      "id": "way/171252467"
    },
    {
      "type": "Feature",
      "properties": {
        "@id": "way/174019068",
        "bridge": "yes",
        "highway": "trunk",
        "lanes": "2",
        "layer": "1",
        "maxspeed": "110",
        "name": "Rodovia Transbrasiliana",
        "ref": "BR-153",
        "surface": "asphalt"
      },
      "geometry": {
        "type": "LineString",
        "coordinates": [
          [
            -49.9019922,
            -22.0619856
          ],
          [
            -49.9019496,
            -22.0626024
          ]
        ]
      },
      "id": "way/174019068"
    },
    {
      "type": "Feature",
      "properties": {
        "@id": "way/174019069",
        "highway": "trunk",
        "lanes": "2",
        "maxspeed": "80",
        "name": "Rodovia Transbrasiliana",
        "ref": "BR-153",
        "surface": "asphalt"
      },
      "geometry": {
        "type": "LineString",
        "coordinates": [
          [
            -49.9019496,
            -22.0626024
          ],
          [
            -49.9018376,
            -22.0639606
          ],
          [
            -49.9017406,
            -22.0654876
          ],
          [
            -49.9016753,
            -22.0670603
          ],
          [
            -49.9016297,
            -22.0679179
          ],
          [
            -49.9016055,
            -22.0689445
          ],
          [
            -49.9015747,
            -22.0695945
          ],
          [
            -49.9015412,
            -22.0701389
          ],
          [
            -49.901517,
            -22.0709939
          ],
          [
            -49.9014768,
            -22.0718291
          ],
          [
            -49.901458,
            -22.0725711
          ],
          [
            -49.9014379,
            -22.0732236
          ],
          [
            -49.9013831,
            -22.0749585
          ],
          [
            -49.9013827,
            -22.0750826
          ],
          [
            -49.9013532,
            -22.0755874
          ],
          [
            -49.9013154,
            -22.0762346
          ],
          [
            -49.9012689,
            -22.0774423
          ],
          [
            -49.9012679,
            -22.0781557
          ],
          [
            -49.9012376,
            -22.078798
          ],
          [
            -49.9011918,
            -22.0794393
          ],
          [
            -49.9010849,
            -22.0828644
          ],
          [
            -49.9009871,
            -22.084109
          ]
        ]
      },
      "id": "way/174019069"
    },
    {
      "type": "Feature",
      "properties": {
        "@id": "way/189870587",
        "bridge": "viaduct",
        "highway": "trunk",
        "lanes": "2",
        "layer": "1",
        "name": "Rodovia Transbrasiliana",
        "operator": "Triunfo Transbrasiliana",
        "operator:type": "private",
        "owner": "União Federal",
        "ownership": "national",
        "ref": "BR-153",
        "source": "osm-gpx",
        "surface": "asphalt"
      },
      "geometry": {
        "type": "LineString",
        "coordinates": [
          [
            -49.6334423,
            -21.0047322
          ],
          [
            -49.6336672,
            -21.0051752
          ]
        ]
      },
      "id": "way/189870587"
    },
    {
      "type": "Feature",
      "properties": {
        "@id": "way/189870588",
        "highway": "trunk",
        "lanes": "2",
        "name": "Rodovia Transbrasiliana",
        "operator": "Triunfo Transbrasiliana",
        "operator:type": "private",
        "owner": "União Federal",
        "ownership": "national",
        "ref": "BR-153",
        "source": "osm-gpx",
        "surface": "asphalt"
      },
      "geometry": {
        "type": "LineString",
        "coordinates": [
          [
            -49.6336672,
            -21.0051752
          ],
          [
            -49.6349081,
            -21.0077519
          ],
          [
            -49.6354037,
            -21.0087251
          ]
        ]
      },
      "id": "way/189870588"
    },
    {
      "type": "Feature",
      "properties": {
        "@id": "way/195202248",
        "highway": "trunk",
        "lanes": "2",
        "maxspeed": "110",
        "name": "Rodovia Transbrasiliana",
        "ref": "BR-153;BR-267",
        "surface": "asphalt"
      },
      "geometry": {
        "type": "LineString",
        "coordinates": [
          [
            -49.7898582,
            -21.6682659
          ],
          [
            -49.7898873,
            -21.6688134
          ],
          [
            -49.7899896,
            -21.6707364
          ],
          [
            -49.7901559,
            -21.6736422
          ],
          [
            -49.7906211,
            -21.6819771
          ],
          [
            -49.790789,
            -21.684039
          ],
          [
            -49.7908212,
            -21.6850368
          ],
          [
            -49.7909647,
            -21.6861037
          ],
          [
            -49.7910826,
            -21.6866188
          ],
          [
            -49.7911279,
            -21.6868288
          ],
          [
            -49.7911845,
            -21.6870915
          ],
          [
            -49.7914307,
            -21.6880501
          ],
          [
            -49.791649,
            -21.688759
          ],
          [
            -49.791806,
            -21.6891955
          ],
          [
            -49.7959629,
            -21.6992393
          ],
          [
            -49.796263,
            -21.699918
          ],
          [
            -49.796603,
            -21.7006292
          ],
          [
            -49.7969926,
            -21.7013405
          ],
          [
            -49.7974533,
            -21.7020658
          ],
          [
            -49.7978175,
            -21.7025893
          ],
          [
            -49.7984237,
            -21.7034067
          ],
          [
            -49.7989612,
            -21.7040469
          ],
          [
            -49.7993892,
            -21.7045181
          ]
        ]
      },
      "id": "way/195202248"
    },
    {
      "type": "Feature",
      "properties": {
        "@id": "way/195202249",
        "highway": "trunk",
        "lanes": "2",
        "maxspeed": "110",
        "name": "Rodovia Transbrasiliana",
        "ref": "BR-153",
        "source": "osm-gpx",
        "surface": "asphalt"
      },
      "geometry": {
        "type": "LineString",
        "coordinates": [
          [
            -49.7895321,
            -21.6633947
          ],
          [
            -49.7895918,
            -21.6640129
          ]
        ]
      },
      "id": "way/195202249"
    },
    {
      "type": "Feature",
      "properties": {
        "@id": "way/195202250",
        "highway": "trunk",
        "lanes": "2",
        "maxspeed": "110",
        "name": "Rodovia Transbrasiliana",
        "ref": "BR-153;BR-267",
        "surface": "asphalt"
      },
      "geometry": {
        "type": "LineString",
        "coordinates": [
          [
            -49.799984,
            -21.7051256
          ],
          [
            -49.8005969,
            -21.7056776
          ]
        ]
      },
      "id": "way/195202250"
    },
    {
      "type": "Feature",
      "properties": {
        "@id": "way/195202251",
        "highway": "trunk",
        "lanes": "2",
        "maxspeed": "110",
        "name": "Rodovia Transbrasiliana",
        "ref": "BR-153;BR-267",
        "source": "osm-gpx",
        "surface": "asphalt"
      },
      "geometry": {
        "type": "LineString",
        "coordinates": [
          [
            -49.7896612,
            -21.6649927
          ],
          [
            -49.7896723,
            -21.6652352
          ]
        ]
      },
      "id": "way/195202251"
    },
    {
      "type": "Feature",
      "properties": {
        "@id": "way/195202252",
        "highway": "trunk",
        "lanes": "2",
        "maxspeed": "110",
        "name": "Rodovia Transbrasiliana",
        "ref": "BR-153;BR-267",
        "surface": "asphalt"
      },
      "geometry": {
        "type": "LineString",
        "coordinates": [
          [
            -49.7995665,
            -21.7046979
          ],
          [
            -49.799984,
            -21.7051256
          ]
        ]
      },
      "id": "way/195202252"
    },
    {
      "type": "Feature",
      "properties": {
        "@id": "way/195202253",
        "highway": "trunk",
        "lanes": "2",
        "maxspeed": "110",
        "name": "Rodovia Transbrasiliana",
        "ref": "BR-153;BR-267",
        "source": "osm-gpx",
        "surface": "asphalt"
      },
      "geometry": {
        "type": "LineString",
        "coordinates": [
          [
            -49.7898063,
            -21.6674493
          ],
          [
            -49.7898582,
            -21.6682659
          ]
        ]
      },
      "id": "way/195202253"
    },
    {
      "type": "Feature",
      "properties": {
        "@id": "way/195202254",
        "highway": "trunk",
        "lanes": "2",
        "maxspeed": "110",
        "name": "Rodovia Transbrasiliana",
        "ref": "BR-153",
        "source": "osm-gpx",
        "surface": "asphalt"
      },
      "geometry": {
        "type": "LineString",
        "coordinates": [
          [
            -49.7895918,
            -21.6640129
          ],
          [
            -49.7896612,
            -21.6649927
          ]
        ]
      },
      "id": "way/195202254"
    },
    {
      "type": "Feature",
      "properties": {
        "@id": "way/195202255",
        "highway": "trunk",
        "lanes": "2",
        "maxspeed": "110",
        "name": "Rodovia Transbrasiliana",
        "ref": "BR-153;BR-267",
        "surface": "asphalt"
      },
      "geometry": {
        "type": "LineString",
        "coordinates": [
          [
            -49.7993892,
            -21.7045181
          ],
          [
            -49.7995665,
            -21.7046979
          ]
        ]
      },
      "id": "way/195202255"
    },
    {
      "type": "Feature",
      "properties": {
        "@id": "way/195202256",
        "highway": "trunk",
        "lanes": "2",
        "maxspeed": "110",
        "name": "Rodovia Transbrasiliana",
        "ref": "BR-153;BR-267",
        "source": "osm-gpx",
        "surface": "asphalt"
      },
      "geometry": {
        "type": "LineString",
        "coordinates": [
          [
            -49.7897471,
            -21.666476
          ],
          [
            -49.7898063,
            -21.6674493
          ]
        ]
      },
      "id": "way/195202256"
    },
    {
      "type": "Feature",
      "properties": {
        "@id": "way/195202257",
        "highway": "trunk",
        "lanes": "2",
        "maxspeed": "110",
        "name": "Rodovia Transbrasiliana",
        "ref": "BR-153;BR-267",
        "surface": "asphalt"
      },
      "geometry": {
        "type": "LineString",
        "coordinates": [
          [
            -49.8005969,
            -21.7056776
          ],
          [
            -49.8009999,
            -21.7060333
          ],
          [
            -49.8016195,
            -21.7065517
          ]
        ]
      },
      "id": "way/195202257"
    },
    {
      "type": "Feature",
      "properties": {
        "@id": "way/195202258",
        "highway": "trunk",
        "lanes": "2",
        "maxspeed": "80",
        "name": "Rodovia Transbrasiliana",
        "ref": "BR-153",
        "surface": "asphalt"
      },
      "geometry": {
        "type": "LineString",
        "coordinates": [
          [
            -49.9121198,
            -21.8999841
          ],
          [
            -49.9123814,
            -21.9011724
          ],
          [
            -49.9127944,
            -21.9030357
          ],
          [
            -49.9131773,
            -21.9047946
          ],
          [
            -49.9132946,
            -21.9053613
          ],
          [
            -49.9135481,
            -21.9065204
          ],
          [
            -49.9136889,
            -21.9071679
          ],
          [
            -49.9138002,
            -21.907629
          ],
          [
            -49.9142507,
            -21.9097364
          ],
          [
            -49.9142857,
            -21.9099004
          ],
          [
            -49.9144709,
            -21.9106873
          ],
          [
            -49.9145331,
            -21.9109518
          ],
          [
            -49.9150287,
            -21.9132598
          ],
          [
            -49.9155016,
            -21.9154365
          ],
          [
            -49.915722,
            -21.9164511
          ],
          [
            -49.9161228,
            -21.918206
          ],
          [
            -49.9161619,
            -21.9184381
          ],
          [
            -49.9161834,
            -21.9185414
          ],
          [
            -49.9162257,
            -21.9187158
          ],
          [
            -49.9162933,
            -21.9189942
          ],
          [
            -49.9163524,
            -21.9192684
          ],
          [
            -49.9163617,
            -21.9193115
          ],
          [
            -49.9164677,
            -21.9198714
          ],
          [
            -49.9164792,
            -21.9199345
          ],
          [
            -49.9165133,
            -21.9201202
          ],
          [
            -49.9165467,
            -21.9203099
          ],
          [
            -49.9166066,
            -21.9206495
          ],
          [
            -49.9171905,
            -21.9238252
          ],
          [
            -49.9175553,
            -21.9257349
          ],
          [
            -49.9177055,
            -21.9266157
          ],
          [
            -49.9183103,
            -21.9297919
          ],
          [
            -49.9183841,
            -21.9302248
          ],
          [
            -49.9186054,
            -21.9313519
          ],
          [
            -49.9189165,
            -21.9329866
          ],
          [
            -49.9193323,
            -21.9352283
          ],
          [
            -49.91987,
            -21.937961
          ],
          [
            -49.9205751,
            -21.9418611
          ],
          [
            -49.9206066,
            -21.9420354
          ],
          [
            -49.9210569,
            -21.9445258
          ],
          [
            -49.921537,
            -21.9470174
          ],
          [
            -49.9217691,
            -21.948316
          ],
          [
            -49.9218799,
            -21.9488567
          ],
          [
            -49.921985,
            -21.9493696
          ],
          [
            -49.9220493,
            -21.9497316
          ],
          [
            -49.9222317,
            -21.950728
          ],
          [
            -49.9224021,
            -21.9516733
          ],
          [
            -49.9224624,
            -21.9520129
          ],
          [
            -49.9225093,
            -21.9523437
          ],
          [
            -49.9225415,
            -21.9525403
          ],
          [
            -49.922559,
            -21.952697
          ],
          [
            -49.9226005,
            -21.9530627
          ],
          [
            -49.9226354,
            -21.9535578
          ],
          [
            -49.9226609,
            -21.9541685
          ],
          [
            -49.9226622,
            -21.9544421
          ],
          [
            -49.9226274,
            -21.9557444
          ],
          [
            -49.922626,
            -21.9558912
          ]
        ]
      },
      "id": "way/195202258"
    },
    {
      "type": "Feature",
      "properties": {
        "@id": "way/200282342",
        "bridge": "yes",
        "highway": "trunk",
        "layer": "1",
        "name": "Ponte sobre o Rio do Peixe",
        "ref": "BR-153",
        "source": "osm-gpx"
      },
      "geometry": {
        "type": "LineString",
        "coordinates": [
          [
            -49.8982318,
            -22.3189566
          ],
          [
            -49.898245,
            -22.3193911
          ]
        ]
      },
      "id": "way/200282342"
    },
    {
      "type": "Feature",
      "properties": {
        "@id": "way/200282348",
        "highway": "trunk",
        "name": "Rodovia Transbrasiliana",
        "oneway": "no",
        "ref": "BR-153",
        "source": "osm-gpx",
        "surface": "asphalt"
      },
      "geometry": {
        "type": "LineString",
        "coordinates": [
          [
            -49.8940426,
            -22.3500326
          ],
          [
            -49.8936846,
            -22.3505378
          ],
          [
            -49.8931287,
            -22.3513194
          ],
          [
            -49.8924203,
            -22.3523211
          ],
          [
            -49.8918821,
            -22.3530772
          ],
          [
            -49.89122,
            -22.3540134
          ],
          [
            -49.8905688,
            -22.3549552
          ],
          [
            -49.8902423,
            -22.3554204
          ],
          [
            -49.8900799,
            -22.3556579
          ],
          [
            -49.8899043,
            -22.3558855
          ],
          [
            -49.8894962,
            -22.3564586
          ],
          [
            -49.8891617,
            -22.3569465
          ],
          [
            -49.8888184,
            -22.3575265
          ],
          [
            -49.8883942,
            -22.3582917
          ],
          [
            -49.8881821,
            -22.3586826
          ],
          [
            -49.8879602,
            -22.3590627
          ],
          [
            -49.8873691,
            -22.3601062
          ],
          [
            -49.8870691,
            -22.3606239
          ],
          [
            -49.8869235,
            -22.3608835
          ],
          [
            -49.8867992,
            -22.3610859
          ],
          [
            -49.8858445,
            -22.3627866
          ],
          [
            -49.8856105,
            -22.3631746
          ],
          [
            -49.8854788,
            -22.3633938
          ],
          [
            -49.884833,
            -22.364243
          ],
          [
            -49.884292,
            -22.364855
          ],
          [
            -49.882886,
            -22.366184
          ],
          [
            -49.881921,
            -22.36683
          ],
          [
            -49.8747427,
            -22.3701263
          ],
          [
            -49.8705617,
            -22.3721106
          ],
          [
            -49.8697463,
            -22.372439
          ],
          [
            -49.8691172,
            -22.372545
          ],
          [
            -49.8687149,
            -22.3725325
          ],
          [
            -49.8683439,
            -22.3724469
          ],
          [
            -49.8678421,
            -22.3722087
          ],
          [
            -49.8674762,
            -22.3718548
          ],
          [
            -49.867239,
            -22.3715051
          ],
          [
            -49.8659172,
            -22.3691038
          ],
          [
            -49.8656952,
            -22.3687798
          ],
          [
            -49.8655087,
            -22.3686312
          ],
          [
            -49.8652766,
            -22.3685347
          ],
          [
            -49.8650792,
            -22.3684965
          ],
          [
            -49.8648549,
            -22.3685154
          ],
          [
            -49.8646329,
            -22.3685585
          ],
          [
            -49.8644135,
            -22.3686463
          ],
          [
            -49.8642697,
            -22.3687679
          ],
          [
            -49.8641474,
            -22.3688945
          ],
          [
            -49.8640223,
            -22.3691854
          ],
          [
            -49.8640071,
            -22.3693904
          ],
          [
            -49.864253,
            -22.370489
          ],
          [
            -49.8643509,
            -22.3710318
          ],
          [
            -49.8643884,
            -22.3712583
          ],
          [
            -49.8643964,
            -22.3715022
          ],
          [
            -49.8643007,
            -22.3728373
          ],
          [
            -49.8642989,
            -22.3734025
          ],
          [
            -49.8644079,
            -22.3739817
          ],
          [
            -49.8645869,
            -22.374358
          ],
          [
            -49.8647472,
            -22.3746808
          ],
          [
            -49.8654088,
            -22.3754649
          ],
          [
            -49.8662261,
            -22.3763864
          ],
          [
            -49.8664336,
            -22.3767092
          ],
          [
            -49.8665615,
            -22.377044
          ],
          [
            -49.8666223,
            -22.3773762
          ],
          [
            -49.8666099,
            -22.3778935
          ],
          [
            -49.8665573,
            -22.3784084
          ],
          [
            -49.866039,
            -22.382871
          ],
          [
            -49.865719,
            -22.384872
          ],
          [
            -49.8628396,
            -22.3985226
          ],
          [
            -49.862334,
            -22.4009137
          ],
          [
            -49.8621536,
            -22.4017866
          ],
          [
            -49.8621113,
            -22.4020165
          ],
          [
            -49.8620678,
            -22.4022528
          ],
          [
            -49.8619987,
            -22.4027593
          ],
          [
            -49.8619571,
            -22.4031177
          ],
          [
            -49.8618955,
            -22.4037446
          ],
          [
            -49.8618029,
            -22.4046855
          ],
          [
            -49.8616762,
            -22.4059408
          ],
          [
            -49.861589,
            -22.4067476
          ],
          [
            -49.8615689,
            -22.4069569
          ],
          [
            -49.8614207,
            -22.4083555
          ],
          [
            -49.8613161,
            -22.4094701
          ],
          [
            -49.8611981,
            -22.4105623
          ],
          [
            -49.8609929,
            -22.4125473
          ],
          [
            -49.8608735,
            -22.4137809
          ],
          [
            -49.8607484,
            -22.4149312
          ],
          [
            -49.8607166,
            -22.4152227
          ]
        ]
      },
      "id": "way/200282348"
    },
    {
      "type": "Feature",
      "properties": {
        "@id": "way/208475433",
        "highway": "trunk",
        "lanes": "2",
        "maxspeed": "110",
        "name": "Rodovia Transbrasiliana",
        "ref": "BR-153",
        "surface": "asphalt"
      },
      "geometry": {
        "type": "LineString",
        "coordinates": [
          [
            -49.784765,
            -21.5936692
          ],
          [
            -49.785159,
            -21.6012379
          ],
          [
            -49.7853249,
            -21.604423
          ],
          [
            -49.7853482,
            -21.6048712
          ],
          [
            -49.785382,
            -21.60552
          ],
          [
            -49.7854006,
            -21.6058766
          ],
          [
            -49.7855179,
            -21.6083742
          ],
          [
            -49.7855593,
            -21.6089253
          ],
          [
            -49.785637,
            -21.611379
          ],
          [
            -49.7857713,
            -21.6131202
          ],
          [
            -49.785822,
            -21.613778
          ],
          [
            -49.7861015,
            -21.6159132
          ],
          [
            -49.7864339,
            -21.6180888
          ],
          [
            -49.786467,
            -21.6183307
          ],
          [
            -49.7872134,
            -21.6239402
          ],
          [
            -49.7872268,
            -21.6240785
          ],
          [
            -49.7872388,
            -21.6242344
          ],
          [
            -49.7872764,
            -21.6249849
          ],
          [
            -49.7872978,
            -21.6252392
          ],
          [
            -49.7873193,
            -21.6254562
          ],
          [
            -49.7873569,
            -21.6257392
          ],
          [
            -49.7873716,
            -21.6259062
          ],
          [
            -49.7874051,
            -21.6263413
          ],
          [
            -49.7874652,
            -21.6276511
          ],
          [
            -49.7874718,
            -21.6277663
          ],
          [
            -49.7874934,
            -21.6280711
          ],
          [
            -49.7876824,
            -21.6314948
          ]
        ]
      },
      "id": "way/208475433"
    },
    {
      "type": "Feature",
      "properties": {
        "@id": "way/208475435",
        "highway": "trunk",
        "lanes": "2",
        "maxspeed": "110",
        "name": "Rodovia Transbrasiliana",
        "ref": "BR-153",
        "surface": "asphalt"
      },
      "geometry": {
        "type": "LineString",
        "coordinates": [
          [
            -49.7846852,
            -21.5919879
          ],
          [
            -49.7847223,
            -21.5927761
          ]
        ]
      },
      "id": "way/208475435"
    },
    {
      "type": "Feature",
      "properties": {
        "@id": "way/208475438",
        "highway": "trunk",
        "lanes": "2",
        "maxspeed": "110",
        "name": "Rodovia Transbrasiliana",
        "ref": "BR-153",
        "surface": "asphalt"
      },
      "geometry": {
        "type": "LineString",
        "coordinates": [
          [
            -49.7845902,
            -21.5901152
          ],
          [
            -49.784614,
            -21.5910719
          ]
        ]
      },
      "id": "way/208475438"
    },
    {
      "type": "Feature",
      "properties": {
        "@id": "way/208475440",
        "highway": "trunk",
        "lanes": "2",
        "maxspeed": "110",
        "name": "Rodovia Transbrasiliana",
        "ref": "BR-153",
        "surface": "asphalt"
      },
      "geometry": {
        "type": "LineString",
        "coordinates": [
          [
            -49.7847502,
            -21.5933552
          ],
          [
            -49.784765,
            -21.5936692
          ]
        ]
      },
      "id": "way/208475440"
    },
    {
      "type": "Feature",
      "properties": {
        "@id": "way/208475443",
        "highway": "trunk",
        "lanes": "2",
        "maxspeed": "110",
        "name": "Rodovia Transbrasiliana",
        "ref": "BR-153",
        "surface": "asphalt"
      },
      "geometry": {
        "type": "LineString",
        "coordinates": [
          [
            -49.7846363,
            -21.5913703
          ],
          [
            -49.7846545,
            -21.5916602
          ],
          [
            -49.7846852,
            -21.5919879
          ]
        ]
      },
      "id": "way/208475443"
    },
    {
      "type": "Feature",
      "properties": {
        "@id": "way/208475444",
        "highway": "trunk",
        "lanes": "2",
        "maxspeed": "110",
        "name": "Rodovia Transbrasiliana",
        "ref": "BR-153",
        "surface": "asphalt"
      },
      "geometry": {
        "type": "LineString",
        "coordinates": [
          [
            -49.7847223,
            -21.5927761
          ],
          [
            -49.7847502,
            -21.5933552
          ]
        ]
      },
      "id": "way/208475444"
    },
    {
      "type": "Feature",
      "properties": {
        "@id": "way/208475449",
        "highway": "trunk",
        "lanes": "2",
        "maxspeed": "110",
        "name": "Rodovia Transbrasiliana",
        "ref": "BR-153",
        "surface": "asphalt"
      },
      "geometry": {
        "type": "LineString",
        "coordinates": [
          [
            -49.784614,
            -21.5910719
          ],
          [
            -49.7846363,
            -21.5913703
          ]
        ]
      },
      "id": "way/208475449"
    },
    {
      "type": "Feature",
      "properties": {
        "@id": "way/249054898",
        "highway": "motorway",
        "lanes": "3",
        "maxspeed": "80",
        "name": "Rodovia Transbrasiliana",
        "nat_ref": "BR-153;BR-262",
        "oneway": "yes",
        "operator": "Triunfo Transbrasiliana",
        "operator:type": "private",
        "owner": "União Federal",
        "ownership": "national",
        "ref": "BR-153",
        "source": "Bing",
        "surface": "asphalt",
        "turn:lanes": "||merge_to_left"
      },
      "geometry": {
        "type": "LineString",
        "coordinates": [
          [
            -49.3522744,
            -20.77539
          ],
          [
            -49.3523442,
            -20.7755552
          ],
          [
            -49.3524326,
            -20.7758288
          ]
        ]
      },
      "id": "way/249054898"
    },
    {
      "type": "Feature",
      "properties": {
        "@id": "way/254753184",
        "highway": "motorway",
        "lanes": "3",
        "maxspeed": "80",
        "name": "Rodovia Transbrasiliana",
        "oneway": "yes",
        "operator": "Triunfo Transbrasiliana",
        "operator:type": "private",
        "owner": "União Federal",
        "ownership": "national",
        "ref": "BR-153",
        "surface": "asphalt",
        "turn:lanes": "none|none|merge_to_left"
      },
      "geometry": {
        "type": "LineString",
        "coordinates": [
          [
            -49.3619922,
            -20.8310907
          ],
          [
            -49.3618199,
            -20.8308637
          ]
        ]
      },
      "id": "way/254753184"
    },
    {
      "type": "Feature",
      "properties": {
        "@id": "way/260513525",
        "highway": "trunk",
        "lanes": "2",
        "maxspeed": "80",
        "name": "Rodovia Rachid Rayes",
        "oneway": "yes",
        "ref": "SP-333",
        "surface": "asphalt"
      },
      "geometry": {
        "type": "LineString",
        "coordinates": [
          [
            -49.916724,
            -22.0975243
          ],
          [
            -49.9167456,
            -22.0975576
          ],
          [
            -49.9184787,
            -22.1002371
          ],
          [
            -49.9203821,
            -22.1031555
          ],
          [
            -49.9207821,
            -22.1037872
          ],
          [
            -49.9221415,
            -22.1058953
          ],
          [
            -49.9221851,
            -22.1059597
          ],
          [
            -49.9223856,
            -22.1062446
          ],
          [
            -49.9229968,
            -22.1071885
          ],
          [
            -49.9233689,
            -22.1077716
          ],
          [
            -49.9234535,
            -22.1079042
          ],
          [
            -49.9241106,
            -22.1089212
          ],
          [
            -49.9245431,
            -22.1095903
          ],
          [
            -49.9253002,
            -22.110652
          ],
          [
            -49.9259995,
            -22.1117159
          ],
          [
            -49.9273137,
            -22.1137632
          ]
        ]
      },
      "id": "way/260513525"
    },
    {
      "type": "Feature",
      "properties": {
        "@id": "way/260513528",
        "highway": "trunk",
        "lanes": "2",
        "maxspeed": "80",
        "name": "Rodovia Rachid Rayes",
        "oneway": "yes",
        "ref": "SP-333",
        "surface": "asphalt"
      },
      "geometry": {
        "type": "LineString",
        "coordinates": [
          [
            -49.9482579,
            -22.1395118
          ],
          [
            -49.9492569,
            -22.1411737
          ],
          [
            -49.9499725,
            -22.1423831
          ],
          [
            -49.9513713,
            -22.1447924
          ],
          [
            -49.9518214,
            -22.145536
          ]
        ]
      },
      "id": "way/260513528"
    },
    {
      "type": "Feature",
      "properties": {
        "@id": "way/260513530",
        "highway": "trunk",
        "lanes": "2",
        "maxspeed": "80",
        "name": "Rodovia Rachid Rayes",
        "oneway": "yes",
        "ref": "SP-333",
        "surface": "asphalt"
      },
      "geometry": {
        "type": "LineString",
        "coordinates": [
          [
            -49.9475867,
            -22.1383503
          ],
          [
            -49.9482579,
            -22.1395118
          ]
        ]
      },
      "id": "way/260513530"
    },
    {
      "type": "Feature",
      "properties": {
        "@id": "way/260513534",
        "highway": "trunk",
        "lanes": "2",
        "maxspeed": "80",
        "name": "Rodovia Rachid Rayes",
        "oneway": "yes",
        "ref": "SP-333",
        "surface": "asphalt"
      },
      "geometry": {
        "type": "LineString",
        "coordinates": [
          [
            -49.9153723,
            -22.0954646
          ],
          [
            -49.916724,
            -22.0975243
          ]
        ]
      },
      "id": "way/260513534"
    },
    {
      "type": "Feature",
      "properties": {
        "@id": "way/260513538",
        "highway": "trunk",
        "lanes": "2",
        "maxspeed": "80",
        "name": "Rodovia Rachid Rayes",
        "oneway": "yes",
        "ref": "SP-333",
        "surface": "asphalt"
      },
      "geometry": {
        "type": "LineString",
        "coordinates": [
          [
            -49.9148872,
            -22.0947113
          ],
          [
            -49.9153723,
            -22.0954646
          ]
        ]
      },
      "id": "way/260513538"
    },
    {
      "type": "Feature",
      "properties": {
        "@id": "way/260513539",
        "highway": "trunk",
        "lanes": "2",
        "maxspeed": "80",
        "name": "Rodovia Rachid Rayes",
        "oneway": "yes",
        "ref": "SP-333",
        "surface": "asphalt"
      },
      "geometry": {
        "type": "LineString",
        "coordinates": [
          [
            -49.9134029,
            -22.0931254
          ],
          [
            -49.913698,
            -22.0933662
          ],
          [
            -49.9139852,
            -22.0936213
          ],
          [
            -49.9142922,
            -22.0939519
          ],
          [
            -49.9144749,
            -22.0941668
          ],
          [
            -49.9146843,
            -22.0944349
          ],
          [
            -49.9148872,
            -22.0947113
          ]
        ]
      },
      "id": "way/260513539"
    },
    {
      "type": "Feature",
      "properties": {
        "@id": "way/260513540",
        "highway": "trunk",
        "lanes": "2",
        "maxspeed": "80",
        "name": "Rodovia Rachid Rayes",
        "oneway": "yes",
        "ref": "SP-333",
        "surface": "asphalt"
      },
      "geometry": {
        "type": "LineString",
        "coordinates": [
          [
            -49.9532815,
            -22.1479382
          ],
          [
            -49.9538255,
            -22.14892
          ],
          [
            -49.9574384,
            -22.1549642
          ],
          [
            -49.9588087,
            -22.1571361
          ],
          [
            -49.9599,
            -22.1589787
          ],
          [
            -49.960476,
            -22.1599511
          ],
          [
            -49.9613558,
            -22.1614291
          ],
          [
            -49.963637,
            -22.165216
          ]
        ]
      },
      "id": "way/260513540"
    },
    {
      "type": "Feature",
      "properties": {
        "@id": "way/260513786",
        "highway": "motorway_link",
        "lanes": "1",
        "maxspeed": "40",
        "name": "Rodovia Rachid Rayes",
        "oneway": "yes",
        "ref": "SP-333;BR-153",
        "surface": "asphalt"
      },
      "geometry": {
        "type": "LineString",
        "coordinates": [
          [
            -49.9723873,
            -22.2370782
          ],
          [
            -49.972498,
            -22.2371026
          ],
          [
            -49.9725897,
            -22.2371131
          ],
          [
            -49.9726717,
            -22.2371037
          ],
          [
            -49.9727387,
            -22.2370839
          ],
          [
            -49.9727916,
            -22.2370493
          ],
          [
            -49.972841,
            -22.2370052
          ],
          [
            -49.9728741,
            -22.2369578
          ],
          [
            -49.9728997,
            -22.2368997
          ],
          [
            -49.972915,
            -22.2368321
          ],
          [
            -49.9729092,
            -22.2367605
          ],
          [
            -49.9728777,
            -22.2366864
          ],
          [
            -49.9728259,
            -22.2366102
          ],
          [
            -49.9726452,
            -22.2364282
          ],
          [
            -49.9726138,
            -22.2363367
          ]
        ]
      },
      "id": "way/260513786"
    },
    {
      "type": "Feature",
      "properties": {
        "@id": "way/263292145",
        "highway": "trunk",
        "lanes": "4",
        "loc_ref": "BR-153;SP-425",
        "maxspeed:backward": "60",
        "maxspeed:forward": "80",
        "name": "Rodovia Transbrasiliana",
        "operator": "Triunfo Transbrasiliana",
        "operator:type": "private",
        "owner": "União Federal",
        "ownership": "national",
        "ref": "BR-153",
        "source": "osm-gpx",
        "surface": "asphalt"
      },
      "geometry": {
        "type": "LineString",
        "coordinates": [
          [
            -49.6299916,
            -20.9998793
          ],
          [
            -49.6301112,
            -20.999997
          ],
          [
            -49.6302231,
            -21.0001267
          ],
          [
            -49.6304589,
            -21.0004267
          ]
        ]
      },
      "id": "way/263292145"
    },
    {
      "type": "Feature",
      "properties": {
        "@id": "way/263292146",
        "highway": "trunk",
        "lanes": "2",
        "name": "Rodovia Transbrasiliana",
        "operator": "Triunfo Transbrasiliana",
        "operator:type": "private",
        "owner": "União Federal",
        "ownership": "national",
        "ref": "BR-153",
        "source": "osm-gpx",
        "surface": "asphalt"
      },
      "geometry": {
        "type": "LineString",
        "coordinates": [
          [
            -49.6823844,
            -21.1039935
          ],
          [
            -49.6827216,
            -21.1046677
          ],
          [
            -49.685382,
            -21.1100523
          ],
          [
            -49.6860874,
            -21.1115174
          ],
          [
            -49.6909213,
            -21.1212912
          ],
          [
            -49.6955287,
            -21.1306703
          ],
          [
            -49.6959813,
            -21.1316111
          ],
          [
            -49.701523,
            -21.1427389
          ],
          [
            -49.7028913,
            -21.1454864
          ],
          [
            -49.705691,
            -21.151108
          ],
          [
            -49.707995,
            -21.15591
          ],
          [
            -49.7098061,
            -21.1593476
          ],
          [
            -49.7106336,
            -21.1609722
          ],
          [
            -49.7109099,
            -21.1615513
          ],
          [
            -49.7109783,
            -21.1616927
          ],
          [
            -49.711164,
            -21.162076
          ],
          [
            -49.7113382,
            -21.1624359
          ],
          [
            -49.7115535,
            -21.1628807
          ],
          [
            -49.711791,
            -21.163371
          ],
          [
            -49.7121638,
            -21.1641139
          ],
          [
            -49.7125487,
            -21.1648543
          ],
          [
            -49.7132803,
            -21.166422
          ]
        ]
      },
      "id": "way/263292146"
    },
    {
      "type": "Feature",
      "properties": {
        "@id": "way/263292147",
        "highway": "trunk",
        "lanes": "2",
        "name": "Rodovia Transbrasiliana",
        "operator": "Triunfo Transbrasiliana",
        "operator:type": "private",
        "owner": "União Federal",
        "ownership": "national",
        "ref": "BR-153",
        "source": "osm-gpx",
        "surface": "asphalt"
      },
      "geometry": {
        "type": "LineString",
        "coordinates": [
          [
            -49.6320462,
            -21.0023584
          ],
          [
            -49.6323493,
            -21.0028028
          ],
          [
            -49.6326122,
            -21.0031797
          ],
          [
            -49.6328589,
            -21.0036004
          ]
        ]
      },
      "id": "way/263292147"
    },
    {
      "type": "Feature",
      "properties": {
        "@id": "way/272928923",
        "highway": "trunk",
        "maxspeed": "80",
        "name": "Rodovia Transbrasiliana",
        "oneway": "no",
        "ref": "BR-153",
        "source": "osm-gpx",
        "surface": "asphalt"
      },
      "geometry": {
        "type": "LineString",
        "coordinates": [
          [
            -49.3305016,
            -20.5412376
          ],
          [
            -49.3304968,
            -20.541524
          ]
        ]
      },
      "id": "way/272928923"
    },
    {
      "type": "Feature",
      "properties": {
        "@id": "way/273175195",
        "highway": "motorway",
        "lanes": "2",
        "maxspeed": "80",
        "name": "Rodovia Transbrasiliana",
        "nat_ref": "BR-153",
        "oneway": "yes",
        "operator": "Triunfo Transbrasiliana",
        "operator:type": "private",
        "owner": "União Federal",
        "ownership": "national",
        "ref": "BR-153",
        "surface": "asphalt"
      },
      "geometry": {
        "type": "LineString",
        "coordinates": [
          [
            -49.3491486,
            -20.768177
          ],
          [
            -49.3494868,
            -20.7689529
          ],
          [
            -49.3500312,
            -20.770219
          ],
          [
            -49.3510384,
            -20.7725607
          ],
          [
            -49.351424,
            -20.773412
          ],
          [
            -49.3520827,
            -20.7749138
          ],
          [
            -49.3521673,
            -20.7751366
          ]
        ]
      },
      "id": "way/273175195"
    },
    {
      "type": "Feature",
      "properties": {
        "@id": "way/285326489",
        "highway": "trunk",
        "maxspeed": "80",
        "name": "Rodovia Transbrasiliana",
        "oneway": "no",
        "ref": "BR-153",
        "source": "osm-gpx",
        "surface": "asphalt"
      },
      "geometry": {
        "type": "LineString",
        "coordinates": [
          [
            -49.3262457,
            -20.5206596
          ],
          [
            -49.3265696,
            -20.5211125
          ],
          [
            -49.3266673,
            -20.5212544
          ],
          [
            -49.3272311,
            -20.5220875
          ],
          [
            -49.3276607,
            -20.5227523
          ],
          [
            -49.3278582,
            -20.5230907
          ],
          [
            -49.3280366,
            -20.5234335
          ],
          [
            -49.3281198,
            -20.5236069
          ],
          [
            -49.3281978,
            -20.5237845
          ],
          [
            -49.3283379,
            -20.5241278
          ],
          [
            -49.3285167,
            -20.524623
          ],
          [
            -49.3286012,
            -20.5249169
          ],
          [
            -49.3293804,
            -20.5281221
          ],
          [
            -49.3296772,
            -20.5293792
          ],
          [
            -49.3299101,
            -20.5303413
          ],
          [
            -49.3306102,
            -20.5331608
          ],
          [
            -49.3307,
            -20.5335816
          ],
          [
            -49.3307322,
            -20.5338717
          ],
          [
            -49.3307845,
            -20.53458
          ],
          [
            -49.3306115,
            -20.539081
          ],
          [
            -49.3305505,
            -20.5404502
          ]
        ]
      },
      "id": "way/285326489"
    },
    {
      "type": "Feature",
      "properties": {
        "@id": "way/285326490",
        "bridge": "yes",
        "highway": "trunk",
        "layer": "1",
        "name": "Rodovia Transbrasiliana",
        "ref": "BR-153",
        "surface": "asphalt"
      },
      "geometry": {
        "type": "LineString",
        "coordinates": [
          [
            -49.3239004,
            -20.5170867
          ],
          [
            -49.3240016,
            -20.5173207
          ]
        ]
      },
      "id": "way/285326490"
    },
    {
      "type": "Feature",
      "properties": {
        "@id": "way/286514316",
        "highway": "motorway",
        "lanes": "3",
        "maxspeed": "80",
        "name": "Rodovia Transbrasiliana",
        "oneway": "yes",
        "operator": "Triunfo Transbrasiliana",
        "operator:type": "private",
        "owner": "União Federal",
        "ownership": "national",
        "ref": "BR-153",
        "surface": "asphalt"
      },
      "geometry": {
        "type": "LineString",
        "coordinates": [
          [
            -49.416449,
            -20.8712606
          ],
          [
            -49.4172488,
            -20.8724016
          ]
        ]
      },
      "id": "way/286514316"
    },
    {
      "type": "Feature",
      "properties": {
        "@id": "way/291002264",
        "highway": "trunk",
        "maxspeed": "80",
        "name": "Rodovia Transbrasiliana",
        "oneway": "no",
        "ref": "BR-153;BR-262",
        "source": "osm-gpx",
        "surface": "asphalt"
      },
      "geometry": {
        "type": "LineString",
        "coordinates": [
          [
            -49.2146869,
            -20.3497525
          ],
          [
            -49.2145534,
            -20.3507276
          ],
          [
            -49.2145372,
            -20.3512155
          ],
          [
            -49.2145534,
            -20.3517034
          ],
          [
            -49.2147079,
            -20.3525953
          ],
          [
            -49.2149844,
            -20.3535177
          ],
          [
            -49.2151958,
            -20.353937
          ],
          [
            -49.215521,
            -20.3545011
          ],
          [
            -49.215856,
            -20.355029
          ],
          [
            -49.2190079,
            -20.3602588
          ],
          [
            -49.2228042,
            -20.3665577
          ],
          [
            -49.2231783,
            -20.3671713
          ],
          [
            -49.2256781,
            -20.371285
          ],
          [
            -49.2299844,
            -20.3784221
          ],
          [
            -49.2302203,
            -20.3788022
          ],
          [
            -49.2344785,
            -20.3858606
          ],
          [
            -49.236514,
            -20.3891192
          ],
          [
            -49.2374557,
            -20.3906727
          ],
          [
            -49.243201,
            -20.4001759
          ],
          [
            -49.2451179,
            -20.4033296
          ],
          [
            -49.245607,
            -20.4041856
          ],
          [
            -49.2461219,
            -20.4050227
          ],
          [
            -49.2468891,
            -20.4061113
          ],
          [
            -49.2472882,
            -20.4065717
          ],
          [
            -49.2477554,
            -20.407064
          ],
          [
            -49.2487425,
            -20.4078986
          ],
          [
            -49.2497644,
            -20.4086025
          ]
        ]
      },
      "id": "way/291002264"
    },
    {
      "type": "Feature",
      "properties": {
        "@id": "way/297477191",
        "highway": "trunk",
        "maxspeed": "80",
        "name": "Rodovia Transbrasiliana",
        "oneway": "no",
        "ref": "BR-153;BR-262",
        "source": "osm-gpx",
        "surface": "asphalt"
      },
      "geometry": {
        "type": "LineString",
        "coordinates": [
          [
            -49.2122024,
            -20.3272159
          ],
          [
            -49.2127056,
            -20.3295125
          ],
          [
            -49.2136052,
            -20.3340046
          ],
          [
            -49.2138997,
            -20.3352666
          ],
          [
            -49.21544,
            -20.342781
          ],
          [
            -49.215528,
            -20.343884
          ],
          [
            -49.215485,
            -20.344789
          ],
          [
            -49.2149031,
            -20.3485472
          ]
        ]
      },
      "id": "way/297477191"
    },
    {
      "type": "Feature",
      "properties": {
        "@id": "way/323466852",
        "highway": "trunk",
        "name": "Rodovia Transbrasiliana",
        "oneway": "no",
        "ref": "BR-153",
        "source": "osm-gpx",
        "surface": "asphalt"
      },
      "geometry": {
        "type": "LineString",
        "coordinates": [
          [
            -49.8895258,
            -22.6062189
          ],
          [
            -49.8895181,
            -22.607346
          ],
          [
            -49.889515,
            -22.6079026
          ],
          [
            -49.8895085,
            -22.6087305
          ],
          [
            -49.8895179,
            -22.6107917
          ]
        ]
      },
      "id": "way/323466852"
    },
    {
      "type": "Feature",
      "properties": {
        "@id": "way/326471977",
        "highway": "trunk",
        "maxspeed": "80",
        "name": "Rodovia Transbrasiliana",
        "oneway": "no",
        "ref": "BR-153",
        "source": "osm-gpx",
        "surface": "asphalt"
      },
      "geometry": {
        "type": "LineString",
        "coordinates": [
          [
            -49.3330205,
            -20.6166085
          ],
          [
            -49.3331414,
            -20.6168329
          ],
          [
            -49.3332973,
            -20.6171773
          ]
        ]
      },
      "id": "way/326471977"
    },
    {
      "type": "Feature",
      "properties": {
        "@id": "way/326471984",
        "highway": "trunk",
        "maxspeed": "80",
        "name": "Rodovia Transbrasiliana",
        "oneway": "no",
        "ref": "BR-153",
        "source": "osm-gpx",
        "surface": "asphalt"
      },
      "geometry": {
        "type": "LineString",
        "coordinates": [
          [
            -49.3332973,
            -20.6171773
          ],
          [
            -49.3333667,
            -20.617335
          ],
          [
            -49.3337778,
            -20.6184923
          ]
        ]
      },
      "id": "way/326471984"
    },
    {
      "type": "Feature",
      "properties": {
        "@id": "way/326471987",
        "highway": "trunk",
        "maxspeed": "80",
        "name": "Rodovia Transbrasiliana",
        "oneway": "no",
        "ref": "BR-153",
        "source": "osm-gpx",
        "surface": "asphalt"
      },
      "geometry": {
        "type": "LineString",
        "coordinates": [
          [
            -49.3337778,
            -20.6184923
          ],
          [
            -49.3340801,
            -20.6192388
          ],
          [
            -49.334645,
            -20.6215424
          ],
          [
            -49.335522,
            -20.6250705
          ],
          [
            -49.3364292,
            -20.628837
          ],
          [
            -49.3371946,
            -20.6320555
          ]
        ]
      },
      "id": "way/326471987"
    },
    {
      "type": "Feature",
      "properties": {
        "@id": "way/326471988",
        "highway": "trunk",
        "maxspeed": "80",
        "name": "Rodovia Transbrasiliana",
        "oneway": "no",
        "ref": "BR-153",
        "source": "osm-gpx",
        "surface": "asphalt"
      },
      "geometry": {
        "type": "LineString",
        "coordinates": [
          [
            -49.3326349,
            -20.6158963
          ],
          [
            -49.3330205,
            -20.6166085
          ]
        ]
      },
      "id": "way/326471988"
    },
    {
      "type": "Feature",
      "properties": {
        "@id": "way/342588407",
        "bridge": "yes",
        "highway": "trunk",
        "lanes": "2",
        "layer": "1",
        "name": "Rodovia Transbrasiliana",
        "ref": "BR-153",
        "surface": "asphalt"
      },
      "geometry": {
        "type": "LineString",
        "coordinates": [
          [
            -49.7930704,
            -21.2957532
          ],
          [
            -49.7931756,
            -21.2968465
          ]
        ]
      },
      "id": "way/342588407"
    },
    {
      "type": "Feature",
      "properties": {
        "@id": "way/342588408",
        "highway": "trunk",
        "lanes": "2",
        "name": "Rodovia Transbrasiliana",
        "ref": "BR-153",
        "surface": "asphalt"
      },
      "geometry": {
        "type": "LineString",
        "coordinates": [
          [
            -49.7930403,
            -21.2954403
          ],
          [
            -49.7930704,
            -21.2957532
          ]
        ]
      },
      "id": "way/342588408"
    },
    {
      "type": "Feature",
      "properties": {
        "@id": "way/352371822",
        "alt_name": "Viaduto Professor Geraldo Maurício Lima",
        "bridge": "viaduct",
        "highway": "motorway",
        "lanes": "2",
        "layer": "1",
        "maxspeed": "80",
        "name": "Rodovia Transbrasiliana",
        "oneway": "yes",
        "operator": "Triunfo Transbrasiliana",
        "operator:type": "private",
        "owner": "União Federal",
        "ownership": "national",
        "ref": "BR-153",
        "source": "osm-gpx",
        "surface": "asphalt"
      },
      "geometry": {
        "type": "LineString",
        "coordinates": [
          [
            -49.4399974,
            -20.8980973
          ],
          [
            -49.4402837,
            -20.8982291
          ]
        ]
      },
      "id": "way/352371822"
    },
    {
      "type": "Feature",
      "properties": {
        "@id": "way/352371823",
        "alt_name": "Viaduto Professor Geraldo Maurício Lima",
        "bridge": "viaduct",
        "highway": "motorway",
        "lanes": "2",
        "layer": "1",
        "maxspeed": "80",
        "name": "Rodovia Transbrasiliana",
        "oneway": "yes",
        "operator": "Triunfo Transbrasiliana",
        "operator:type": "private",
        "owner": "União Federal",
        "ownership": "national",
        "ref": "BR-153",
        "surface": "asphalt"
      },
      "geometry": {
        "type": "LineString",
        "coordinates": [
          [
            -49.4402562,
            -20.8983128
          ],
          [
            -49.4399402,
            -20.8981673
          ]
        ]
      },
      "id": "way/352371823"
    },
    {
      "type": "Feature",
      "properties": {
        "@id": "way/352371825",
        "highway": "motorway",
        "lanes": "2",
        "loc_ref": "BR-153;SP-425",
        "maxspeed": "80",
        "name": "Rodovia Transbrasiliana",
        "oneway": "yes",
        "operator": "Triunfo Transbrasiliana",
        "operator:type": "private",
        "owner": "União Federal",
        "ownership": "national",
        "ref": "BR-153",
        "source": "osm-gpx",
        "surface": "asphalt"
      },
      "geometry": {
        "type": "LineString",
        "coordinates": [
          [
            -49.4447455,
            -20.8997843
          ],
          [
            -49.4461973,
            -20.9001507
          ],
          [
            -49.4501338,
            -20.9011869
          ],
          [
            -49.452188,
            -20.9017281
          ],
          [
            -49.4538318,
            -20.9021405
          ],
          [
            -49.4564432,
            -20.9028242
          ],
          [
            -49.4609535,
            -20.9040333
          ],
          [
            -49.4637833,
            -20.904775
          ],
          [
            -49.4673744,
            -20.9057276
          ],
          [
            -49.4688433,
            -20.9061057
          ],
          [
            -49.4722214,
            -20.9070025
          ],
          [
            -49.4740561,
            -20.9074735
          ],
          [
            -49.4756997,
            -20.9079058
          ],
          [
            -49.477331,
            -20.9083179
          ]
        ]
      },
      "id": "way/352371825"
    },
    {
      "type": "Feature",
      "properties": {
        "@id": "way/352371826",
        "highway": "motorway",
        "lanes": "2",
        "maxspeed": "80",
        "name": "Rodovia Transbrasiliana",
        "oneway": "yes",
        "operator": "Triunfo Transbrasiliana",
        "operator:type": "private",
        "owner": "União Federal",
        "ownership": "national",
        "ref": "BR-153",
        "surface": "asphalt"
      },
      "geometry": {
        "type": "LineString",
        "coordinates": [
          [
            -49.4371435,
            -20.8963044
          ],
          [
            -49.4374761,
            -20.8965111
          ],
          [
            -49.4377725,
            -20.8966978
          ],
          [
            -49.4388829,
            -20.8974615
          ],
          [
            -49.439237,
            -20.8976926
          ],
          [
            -49.4396379,
            -20.8979206
          ],
          [
            -49.4399974,
            -20.8980973
          ]
        ]
      },
      "id": "way/352371826"
    },
    {
      "type": "Feature",
      "properties": {
        "@id": "way/352371827",
        "highway": "motorway",
        "lanes": "2",
        "maxspeed": "80",
        "name": "Rodovia Transbrasiliana",
        "oneway": "yes",
        "operator": "Triunfo Transbrasiliana",
        "operator:type": "private",
        "owner": "União Federal",
        "ownership": "national",
        "ref": "BR-153",
        "surface": "asphalt"
      },
      "geometry": {
        "type": "LineString",
        "coordinates": [
          [
            -49.4399402,
            -20.8981673
          ],
          [
            -49.4395078,
            -20.8979482
          ],
          [
            -49.43919,
            -20.8977703
          ],
          [
            -49.4387877,
            -20.8975209
          ],
          [
            -49.4381922,
            -20.8970975
          ],
          [
            -49.4376303,
            -20.8967316
          ],
          [
            -49.4371743,
            -20.8964359
          ],
          [
            -49.4367908,
            -20.8961979
          ],
          [
            -49.4362678,
            -20.8958684
          ]
        ]
      },
      "id": "way/352371827"
    },
    {
      "type": "Feature",
      "properties": {
        "@id": "way/352371828",
        "highway": "motorway",
        "lanes": "2",
        "maxspeed": "80",
        "name": "Rodovia Transbrasiliana",
        "oneway": "yes",
        "operator": "Triunfo Transbrasiliana",
        "operator:type": "private",
        "owner": "União Federal",
        "ownership": "national",
        "ref": "BR-153",
        "surface": "asphalt"
      },
      "geometry": {
        "type": "LineString",
        "coordinates": [
          [
            -49.4660041,
            -20.9054941
          ],
          [
            -49.4632119,
            -20.9047575
          ],
          [
            -49.460932,
            -20.9041711
          ],
          [
            -49.4586253,
            -20.9035572
          ],
          [
            -49.4561174,
            -20.9028857
          ],
          [
            -49.4532019,
            -20.9021165
          ],
          [
            -49.450069,
            -20.9013122
          ],
          [
            -49.4484517,
            -20.9008761
          ],
          [
            -49.4468209,
            -20.9004577
          ],
          [
            -49.4457507,
            -20.9001682
          ],
          [
            -49.444942,
            -20.8999478
          ],
          [
            -49.4441434,
            -20.8997091
          ]
        ]
      },
      "id": "way/352371828"
    },
    {
      "type": "Feature",
      "properties": {
        "@id": "way/352371829",
        "highway": "motorway",
        "lanes": "2",
        "maxspeed": "80",
        "name": "Rodovia Transbrasiliana",
        "oneway": "yes",
        "operator": "Triunfo Transbrasiliana",
        "operator:type": "private",
        "owner": "União Federal",
        "ownership": "national",
        "ref": "BR-153",
        "surface": "asphalt"
      },
      "geometry": {
        "type": "LineString",
        "coordinates": [
          [
            -49.4402837,
            -20.8982291
          ],
          [
            -49.4405606,
            -20.8983654
          ],
          [
            -49.4408852,
            -20.8985032
          ],
          [
            -49.4413425,
            -20.8986936
          ]
        ]
      },
      "id": "way/352371829"
    },
    {
      "type": "Feature",
      "properties": {
        "@id": "way/354925276",
        "highway": "trunk",
        "name": "Rodovia Transbrasiliana",
        "oneway": "no",
        "ref": "BR-153",
        "source": "osm-gpx",
        "surface": "paved"
      },
      "geometry": {
        "type": "LineString",
        "coordinates": [
          [
            -49.8896621,
            -22.7740939
          ],
          [
            -49.889662,
            -22.7748798
          ]
        ]
      },
      "id": "way/354925276"
    },
    {
      "type": "Feature",
      "properties": {
        "@id": "way/354925277",
        "highway": "trunk",
        "name": "Rodovia Transbrasiliana",
        "oneway": "no",
        "ref": "BR-153",
        "source": "osm-gpx",
        "surface": "paved"
      },
      "geometry": {
        "type": "LineString",
        "coordinates": [
          [
            -49.8896678,
            -22.7722874
          ],
          [
            -49.8896722,
            -22.7723801
          ],
          [
            -49.8896621,
            -22.7740939
          ]
        ]
      },
      "id": "way/354925277"
    },
    {
      "type": "Feature",
      "properties": {
        "@id": "way/354925278",
        "highway": "trunk",
        "name": "Rodovia Transbrasiliana",
        "oneway": "no",
        "ref": "BR-153",
        "source": "osm-gpx",
        "surface": "paved"
      },
      "geometry": {
        "type": "LineString",
        "coordinates": [
          [
            -49.889662,
            -22.7748798
          ],
          [
            -49.8896619,
            -22.7762372
          ],
          [
            -49.8896634,
            -22.7769061
          ],
          [
            -49.8896638,
            -22.7770514
          ]
        ]
      },
      "id": "way/354925278"
    },
    {
      "type": "Feature",
      "properties": {
        "@id": "way/354925279",
        "highway": "trunk",
        "name": "Rodovia Transbrasiliana",
        "oneway": "no",
        "ref": "BR-153",
        "source": "osm-gpx",
        "surface": "asphalt"
      },
      "geometry": {
        "type": "LineString",
        "coordinates": [
          [
            -49.8895974,
            -22.828367
          ],
          [
            -49.8896362,
            -22.8305101
          ],
          [
            -49.8896515,
            -22.8311391
          ],
          [
            -49.8896362,
            -22.8327089
          ],
          [
            -49.8896308,
            -22.8331564
          ],
          [
            -49.8896295,
            -22.8333813
          ],
          [
            -49.8896325,
            -22.8358821
          ],
          [
            -49.8896276,
            -22.8368886
          ],
          [
            -49.8896201,
            -22.8378383
          ],
          [
            -49.8896,
            -22.8386973
          ],
          [
            -49.8896,
            -22.8389847
          ],
          [
            -49.8896,
            -22.839209
          ],
          [
            -49.8895986,
            -22.8394216
          ],
          [
            -49.8895866,
            -22.845312
          ],
          [
            -49.8895852,
            -22.8455765
          ],
          [
            -49.8895852,
            -22.8458484
          ],
          [
            -49.8895825,
            -22.8461141
          ],
          [
            -49.8895624,
            -22.8615965
          ],
          [
            -49.8895638,
            -22.864718
          ],
          [
            -49.8895624,
            -22.8648169
          ],
          [
            -49.8895624,
            -22.864875
          ],
          [
            -49.8895597,
            -22.8659253
          ],
          [
            -49.8895597,
            -22.871565
          ],
          [
            -49.8895544,
            -22.876688
          ],
          [
            -49.8895571,
            -22.8787996
          ],
          [
            -49.8895571,
            -22.8848292
          ],
          [
            -49.8895592,
            -22.8918716
          ],
          [
            -49.8895624,
            -22.9027681
          ],
          [
            -49.889574,
            -22.9047913
          ],
          [
            -49.8895575,
            -22.9066409
          ]
        ]
      },
      "id": "way/354925279"
    },
    {
      "type": "Feature",
      "properties": {
        "@id": "way/360814555",
        "highway": "motorway",
        "lanes": "1",
        "maxspeed": "80",
        "name": "Rodovia Transbrasiliana",
        "oneway": "yes",
        "operator": "Triunfo Transbrasiliana",
        "operator:type": "private",
        "owner": "União Federal",
        "ownership": "national",
        "ref": "BR-153",
        "surface": "asphalt"
      },
      "geometry": {
        "type": "LineString",
        "coordinates": [
          [
            -49.4425748,
            -20.8992396
          ],
          [
            -49.4422304,
            -20.8991209
          ],
          [
            -49.4419058,
            -20.8989969
          ]
        ]
      },
      "id": "way/360814555"
    },
    {
      "type": "Feature",
      "properties": {
        "@id": "way/360814556",
        "highway": "motorway",
        "lanes": "2",
        "maxspeed": "80",
        "name": "Rodovia Transbrasiliana",
        "oneway": "yes",
        "operator": "Triunfo Transbrasiliana",
        "operator:type": "private",
        "owner": "União Federal",
        "ownership": "national",
        "ref": "BR-153",
        "source": "osm-gpx",
        "surface": "asphalt",
        "turn:lanes": "through|through"
      },
      "geometry": {
        "type": "LineString",
        "coordinates": [
          [
            -49.4420306,
            -20.8989442
          ],
          [
            -49.4428844,
            -20.8992332
          ],
          [
            -49.4432864,
            -20.8993579
          ]
        ]
      },
      "id": "way/360814556"
    },
    {
      "type": "Feature",
      "properties": {
        "@id": "way/360814557",
        "highway": "motorway",
        "lanes": "2",
        "maxspeed": "80",
        "name": "Rodovia Transbrasiliana",
        "oneway": "yes",
        "operator": "Triunfo Transbrasiliana",
        "operator:type": "private",
        "owner": "União Federal",
        "ownership": "national",
        "ref": "BR-153",
        "surface": "asphalt"
      },
      "geometry": {
        "type": "LineString",
        "coordinates": [
          [
            -49.4419058,
            -20.8989969
          ],
          [
            -49.4414471,
            -20.8988265
          ],
          [
            -49.4407739,
            -20.8985596
          ],
          [
            -49.4402562,
            -20.8983128
          ]
        ]
      },
      "id": "way/360814557"
    },
    {
      "type": "Feature",
      "properties": {
        "@id": "way/360814558",
        "highway": "motorway",
        "lanes": "2",
        "maxspeed": "80",
        "name": "Rodovia Transbrasiliana",
        "oneway": "yes",
        "operator": "Triunfo Transbrasiliana",
        "operator:type": "private",
        "owner": "União Federal",
        "ownership": "national",
        "ref": "BR-153",
        "surface": "asphalt"
      },
      "geometry": {
        "type": "LineString",
        "coordinates": [
          [
            -49.4348855,
            -20.8949791
          ],
          [
            -49.4344036,
            -20.8946518
          ],
          [
            -49.4339486,
            -20.8943227
          ],
          [
            -49.43355,
            -20.893975
          ],
          [
            -49.432755,
            -20.893236
          ],
          [
            -49.4324925,
            -20.8929704
          ],
          [
            -49.4321092,
            -20.892558
          ],
          [
            -49.4320391,
            -20.8924824
          ]
        ]
      },
      "id": "way/360814558"
    },
    {
      "type": "Feature",
      "properties": {
        "@id": "way/360814559",
        "highway": "motorway",
        "lanes": "3",
        "loc_ref": "BR-153;SP-425",
        "maxspeed": "40",
        "name": "Rodovia Transbrasiliana",
        "oneway": "yes",
        "operator": "Triunfo Transbrasiliana",
        "operator:type": "private",
        "owner": "União Federal",
        "ownership": "national",
        "ref": "BR-153",
        "surface": "asphalt",
        "toll": "yes"
      },
      "geometry": {
        "type": "LineString",
        "coordinates": [
          [
            -49.626442,
            -20.9955842
          ],
          [
            -49.6266375,
            -20.9958152
          ],
          [
            -49.6268361,
            -20.9960644
          ],
          [
            -49.627005,
            -20.9962748
          ],
          [
            -49.6272706,
            -20.9965852
          ]
        ]
      },
      "id": "way/360814559"
    },
    {
      "type": "Feature",
      "properties": {
        "@id": "way/364449952",
        "highway": "motorway",
        "lanes": "3",
        "loc_ref": "BR-153;SP-425",
        "maxspeed": "80",
        "name": "Rodovia Transbrasiliana",
        "oneway": "yes",
        "operator": "Triunfo Transbrasiliana",
        "operator:type": "private",
        "owner": "União Federal",
        "ownership": "national",
        "ref": "BR-153",
        "source": "osm-gpx",
        "surface": "asphalt"
      },
      "geometry": {
        "type": "LineString",
        "coordinates": [
          [
            -49.5272283,
            -20.9409347
          ],
          [
            -49.5273972,
            -20.9410448
          ],
          [
            -49.5277646,
            -20.9412504
          ],
          [
            -49.5289461,
            -20.9419029
          ],
          [
            -49.5299479,
            -20.9424315
          ],
          [
            -49.5308921,
            -20.9429387
          ],
          [
            -49.5314097,
            -20.943203
          ],
          [
            -49.5319026,
            -20.9434836
          ],
          [
            -49.5321303,
            -20.9436058
          ],
          [
            -49.5327971,
            -20.9439602
          ],
          [
            -49.533805,
            -20.9444968
          ],
          [
            -49.5348262,
            -20.9450285
          ],
          [
            -49.5366441,
            -20.9460255
          ],
          [
            -49.5388455,
            -20.9472084
          ],
          [
            -49.5405159,
            -20.9480789
          ],
          [
            -49.5422096,
            -20.948993
          ]
        ]
      },
      "id": "way/364449952"
    },
    {
      "type": "Feature",
      "properties": {
        "@id": "way/364449953",
        "highway": "motorway",
        "lanes": "2",
        "loc_ref": "BR-153;SP-425",
        "maxspeed": "80",
        "name": "Rodovia Transbrasiliana",
        "oneway": "yes",
        "operator": "Triunfo Transbrasiliana",
        "operator:type": "private",
        "owner": "União Federal",
        "ownership": "national",
        "ref": "BR-153",
        "source": "osm-gpx",
        "surface": "asphalt"
      },
      "geometry": {
        "type": "LineString",
        "coordinates": [
          [
            -49.5201744,
            -20.9352991
          ],
          [
            -49.5212505,
            -20.9361446
          ]
        ]
      },
      "id": "way/364449953"
    },
    {
      "type": "Feature",
      "properties": {
        "@id": "way/364449954",
        "highway": "motorway",
        "lanes": "2",
        "loc_ref": "BR-153;SP-425",
        "maxspeed": "80",
        "name": "Rodovia Transbrasiliana",
        "oneway": "yes",
        "operator": "Triunfo Transbrasiliana",
        "operator:type": "private",
        "owner": "União Federal",
        "ownership": "national",
        "ref": "BR-153",
        "source": "osm-gpx",
        "surface": "asphalt"
      },
      "geometry": {
        "type": "LineString",
        "coordinates": [
          [
            -49.5175266,
            -20.9331438
          ],
          [
            -49.519152,
            -20.934449
          ]
        ]
      },
      "id": "way/364449954"
    },
    {
      "type": "Feature",
      "properties": {
        "@id": "way/366608394",
        "highway": "trunk",
        "lanes": "2",
        "maxspeed": "100",
        "maxspeed:hgv": "80",
        "name": "Rodovia Transbrasiliana",
        "nat_ref": "BR-153;BR-369",
        "oneway": "yes",
        "owner": "Patrimônio da União",
        "ref": "BR-153;BR-369",
        "surface": "asphalt"
      },
      "geometry": {
        "type": "LineString",
        "coordinates": [
          [
            -49.9036524,
            -22.9791715
          ],
          [
            -49.903677,
            -22.9795433
          ],
          [
            -49.9037009,
            -22.9803472
          ],
          [
            -49.9037188,
            -22.9811583
          ],
          [
            -49.9037748,
            -22.9835003
          ],
          [
            -49.9038138,
            -22.9851259
          ],
          [
            -49.9038161,
            -22.9855306
          ],
          [
            -49.9038328,
            -22.9859277
          ],
          [
            -49.9038619,
            -22.9868106
          ],
          [
            -49.9038712,
            -22.9875293
          ],
          [
            -49.9038831,
            -22.9880736
          ],
          [
            -49.9039004,
            -22.9884421
          ],
          [
            -49.9039147,
            -22.9887218
          ],
          [
            -49.9039496,
            -22.9890079
          ],
          [
            -49.9039831,
            -22.9892785
          ],
          [
            -49.9040453,
            -22.9896252
          ],
          [
            -49.9040994,
            -22.9899166
          ],
          [
            -49.9042637,
            -22.9907413
          ],
          [
            -49.9044241,
            -22.9916073
          ],
          [
            -49.9045506,
            -22.9922748
          ],
          [
            -49.9048115,
            -22.9936339
          ],
          [
            -49.9048582,
            -22.9939142
          ],
          [
            -49.9049802,
            -22.9945849
          ],
          [
            -49.9051496,
            -22.995389
          ],
          [
            -49.9052383,
            -22.9958326
          ],
          [
            -49.9053913,
            -22.9964758
          ]
        ]
      },
      "id": "way/366608394"
    },
    {
      "type": "Feature",
      "properties": {
        "@id": "way/366608395",
        "highway": "trunk",
        "lanes": "1",
        "maxspeed": "100",
        "maxspeed:hgv": "80",
        "name": "Rodovia Transbrasiliana",
        "nat_ref": "BR-153;BR-369",
        "oneway": "yes",
        "owner": "Patrimônio da União",
        "ref": "BR-153;BR-369",
        "source": "osm-gpx",
        "surface": "asphalt"
      },
      "geometry": {
        "type": "LineString",
        "coordinates": [
          [
            -49.9034501,
            -22.9785225
          ],
          [
            -49.9034064,
            -22.9780996
          ],
          [
            -49.9033459,
            -22.9777128
          ],
          [
            -49.9032875,
            -22.9774457
          ],
          [
            -49.9032241,
            -22.9772069
          ],
          [
            -49.9031638,
            -22.9770224
          ],
          [
            -49.9030084,
            -22.9765917
          ],
          [
            -49.9028284,
            -22.9761152
          ],
          [
            -49.9026563,
            -22.975688
          ],
          [
            -49.9023176,
            -22.9749146
          ],
          [
            -49.9021738,
            -22.9745733
          ]
        ]
      },
      "id": "way/366608395"
    },
    {
      "type": "Feature",
      "properties": {
        "@id": "way/374894915",
        "highway": "trunk",
        "lanes": "1",
        "maxspeed": "100",
        "maxspeed:hgv": "80",
        "name": "Rodovia Transbrasiliana",
        "nat_ref": "BR-153;BR-369",
        "oneway": "yes",
        "owner": "Patrimônio da União",
        "ref": "BR-153;BR-369",
        "source": "osm-gpx",
        "surface": "asphalt"
      },
      "geometry": {
        "type": "LineString",
        "coordinates": [
          [
            -49.9019609,
            -22.9740741
          ],
          [
            -49.9018887,
            -22.9739132
          ],
          [
            -49.9013821,
            -22.9727939
          ],
          [
            -49.9008839,
            -22.9716294
          ],
          [
            -49.9005101,
            -22.9708079
          ],
          [
            -49.9003228,
            -22.9702932
          ]
        ]
      },
      "id": "way/374894915"
    },
    {
      "type": "Feature",
      "properties": {
        "@id": "way/374894916",
        "bridge": "yes",
        "highway": "trunk",
        "lanes": "1",
        "layer": "1",
        "maxspeed": "100",
        "maxspeed:hgv": "80",
        "name": "Rodovia Transbrasiliana",
        "nat_ref": "BR-153;BR-369",
        "oneway": "yes",
        "owner": "Patrimônio da União",
        "ref": "BR-153;BR-369",
        "source": "osm-gpx",
        "surface": "asphalt"
      },
      "geometry": {
        "type": "LineString",
        "coordinates": [
          [
            -49.9021738,
            -22.9745733
          ],
          [
            -49.9019609,
            -22.9740741
          ]
        ]
      },
      "id": "way/374894916"
    },
    {
      "type": "Feature",
      "properties": {
        "@id": "way/374894917",
        "bridge": "yes",
        "highway": "trunk",
        "lanes": "1",
        "layer": "1",
        "maxspeed": "100",
        "maxspeed:hgv": "80",
        "name": "Rodovia Transbrasiliana",
        "nat_ref": "BR-153;BR-369",
        "oneway": "yes",
        "owner": "Patrimônio da União",
        "ref": "BR-153;BR-369",
        "source": "osm-gpx",
        "surface": "asphalt"
      },
      "geometry": {
        "type": "LineString",
        "coordinates": [
          [
            -49.9003228,
            -22.9702932
          ],
          [
            -49.9002152,
            -22.9699734
          ],
          [
            -49.9000883,
            -22.9695694
          ]
        ]
      },
      "id": "way/374894917"
    },
    {
      "type": "Feature",
      "properties": {
        "@id": "way/374894918",
        "highway": "trunk",
        "maxspeed": "100",
        "maxspeed:hgv": "80",
        "name": "Rodovia Transbrasiliana",
        "nat_ref": "BR-153;BR-369",
        "oneway": "yes",
        "owner": "Patrimônio da União",
        "ref": "BR-153;BR-369",
        "source": "osm-gpx",
        "surface": "asphalt"
      },
      "geometry": {
        "type": "LineString",
        "coordinates": [
          [
            -49.899657,
            -22.9650652
          ],
          [
            -49.8997521,
            -22.9646416
          ],
          [
            -49.8998339,
            -22.9643712
          ],
          [
            -49.8998849,
            -22.9642243
          ],
          [
            -49.9001362,
            -22.963607
          ],
          [
            -49.9003832,
            -22.9631256
          ],
          [
            -49.9007392,
            -22.9625511
          ],
          [
            -49.9010847,
            -22.9620881
          ],
          [
            -49.901513,
            -22.9616212
          ],
          [
            -49.9020132,
            -22.9611125
          ],
          [
            -49.9033999,
            -22.9597714
          ],
          [
            -49.9045452,
            -22.9586687
          ],
          [
            -49.9063168,
            -22.9569695
          ],
          [
            -49.9069807,
            -22.9563002
          ],
          [
            -49.9073347,
            -22.9558902
          ],
          [
            -49.9076177,
            -22.9555407
          ],
          [
            -49.9080013,
            -22.9550122
          ],
          [
            -49.9082011,
            -22.9546948
          ],
          [
            -49.9084237,
            -22.9543132
          ],
          [
            -49.9086879,
            -22.9538193
          ],
          [
            -49.9088703,
            -22.9534266
          ],
          [
            -49.9095033,
            -22.9519941
          ],
          [
            -49.9099191,
            -22.9510469
          ],
          [
            -49.9104179,
            -22.9498774
          ],
          [
            -49.9105559,
            -22.9494791
          ],
          [
            -49.9107975,
            -22.9487573
          ],
          [
            -49.9109165,
            -22.9482602
          ],
          [
            -49.911187,
            -22.9470943
          ],
          [
            -49.9113291,
            -22.9458762
          ],
          [
            -49.9114423,
            -22.94439
          ],
          [
            -49.9116075,
            -22.9423898
          ]
        ]
      },
      "id": "way/374894918"
    },
    {
      "type": "Feature",
      "properties": {
        "@id": "way/374895120",
        "bridge": "yes",
        "description": "Ponte sobre o Rio Pardo",
        "highway": "trunk",
        "layer": "1",
        "name": "Rodovia Transbrasiliana",
        "nat_ref": "BR-153;BR-369",
        "oneway": "yes",
        "owner": "Patrimônio da União",
        "ref": "BR-153;BR-369",
        "source": "osm-gpx",
        "surface": "asphalt"
      },
      "geometry": {
        "type": "LineString",
        "coordinates": [
          [
            -49.9116075,
            -22.9423898
          ],
          [
            -49.9116938,
            -22.9412946
          ]
        ]
      },
      "id": "way/374895120"
    },
    {
      "type": "Feature",
      "properties": {
        "@id": "way/374895121",
        "highway": "trunk",
        "lanes": "2",
        "maxspeed": "100",
        "name": "Rodovia Transbrasiliana",
        "nat_ref": "BR-153;BR-369",
        "oneway": "yes",
        "owner": "Patrimônio da União",
        "ref": "BR-153;BR-369",
        "source": "osm-gpx",
        "surface": "asphalt"
      },
      "geometry": {
        "type": "LineString",
        "coordinates": [
          [
            -49.9116938,
            -22.9412946
          ],
          [
            -49.9120984,
            -22.936265
          ],
          [
            -49.9122003,
            -22.9348867
          ],
          [
            -49.9122056,
            -22.934405
          ],
          [
            -49.9121654,
            -22.9338492
          ],
          [
            -49.9121037,
            -22.9333799
          ],
          [
            -49.9119723,
            -22.9327747
          ],
          [
            -49.9118248,
            -22.9322905
          ],
          [
            -49.9116451,
            -22.9318039
          ],
          [
            -49.9113339,
            -22.9311023
          ],
          [
            -49.9110818,
            -22.9306651
          ],
          [
            -49.9107731,
            -22.930192
          ],
          [
            -49.9103532,
            -22.9296039
          ],
          [
            -49.9100272,
            -22.9292187
          ],
          [
            -49.9094814,
            -22.9286468
          ],
          [
            -49.9092302,
            -22.9284179
          ],
          [
            -49.9088875,
            -22.928127
          ],
          [
            -49.9085591,
            -22.927854
          ],
          [
            -49.9081107,
            -22.927534
          ],
          [
            -49.9076379,
            -22.9272215
          ],
          [
            -49.9065705,
            -22.9265288
          ],
          [
            -49.9052541,
            -22.9257112
          ],
          [
            -49.9041579,
            -22.9250283
          ],
          [
            -49.9035327,
            -22.9246401
          ]
        ]
      },
      "id": "way/374895121"
    },
    {
      "type": "Feature",
      "properties": {
        "@id": "way/375405740",
        "highway": "motorway",
        "lanes": "2",
        "maxspeed": "80",
        "name": "Rodovia Transbrasiliana",
        "oneway": "yes",
        "operator": "Triunfo Transbrasiliana",
        "operator:type": "private",
        "owner": "União Federal",
        "ownership": "national",
        "ref": "BR-153",
        "surface": "asphalt"
      },
      "geometry": {
        "type": "LineString",
        "coordinates": [
          [
            -49.3752313,
            -20.8477029
          ],
          [
            -49.3753366,
            -20.8478282
          ],
          [
            -49.3756458,
            -20.8482118
          ],
          [
            -49.3759059,
            -20.8485188
          ],
          [
            -49.3761568,
            -20.8487645
          ],
          [
            -49.3763834,
            -20.8489688
          ],
          [
            -49.3766382,
            -20.8491756
          ],
          [
            -49.3768567,
            -20.8493335
          ],
          [
            -49.3770847,
            -20.8494858
          ],
          [
            -49.3774549,
            -20.8496995
          ],
          [
            -49.3777256,
            -20.8498304
          ]
        ]
      },
      "id": "way/375405740"
    },
    {
      "type": "Feature",
      "properties": {
        "@id": "way/386830417",
        "highway": "motorway",
        "lanes": "3",
        "loc_ref": "BR-153;SP-425",
        "maxspeed": "80",
        "name": "Rodovia Transbrasiliana",
        "oneway": "yes",
        "operator": "Triunfo Transbrasiliana",
        "operator:type": "private",
        "owner": "União Federal",
        "ownership": "national",
        "ref": "BR-153",
        "source": "osm-gpx",
        "surface": "asphalt"
      },
      "geometry": {
        "type": "LineString",
        "coordinates": [
          [
            -49.5948198,
            -20.9675084
          ],
          [
            -49.5961945,
            -20.9677125
          ],
          [
            -49.597718,
            -20.967973
          ],
          [
            -49.5999455,
            -20.9683612
          ],
          [
            -49.6008267,
            -20.9685052
          ],
          [
            -49.6011137,
            -20.9685466
          ],
          [
            -49.601508,
            -20.968633
          ],
          [
            -49.6018741,
            -20.9687344
          ],
          [
            -49.6022831,
            -20.9688584
          ],
          [
            -49.6026908,
            -20.9689974
          ],
          [
            -49.603136,
            -20.9691852
          ],
          [
            -49.6034753,
            -20.9693468
          ]
        ]
      },
      "id": "way/386830417"
    },
    {
      "type": "Feature",
      "properties": {
        "@id": "way/386830418",
        "highway": "motorway",
        "lanes": "3",
        "loc_ref": "BR-153;SP-425",
        "maxspeed": "80",
        "name": "Rodovia Transbrasiliana",
        "oneway": "yes",
        "operator": "Triunfo Transbrasiliana",
        "operator:type": "private",
        "owner": "União Federal",
        "ownership": "national",
        "ref": "BR-153",
        "source": "osm-gpx",
        "surface": "asphalt"
      },
      "geometry": {
        "type": "LineString",
        "coordinates": [
          [
            -49.5861808,
            -20.9660438
          ],
          [
            -49.587249,
            -20.9662243
          ],
          [
            -49.5909132,
            -20.9668434
          ]
        ]
      },
      "id": "way/386830418"
    },
    {
      "type": "Feature",
      "properties": {
        "@id": "way/386830419",
        "highway": "motorway",
        "lanes": "2",
        "loc_ref": "BR-153;SP-425",
        "maxspeed": "80",
        "name": "Rodovia Transbrasiliana",
        "oneway": "yes",
        "operator": "Triunfo Transbrasiliana",
        "operator:type": "private",
        "owner": "União Federal",
        "ownership": "national",
        "ref": "BR-153",
        "source": "osm-gpx",
        "surface": "asphalt"
      },
      "geometry": {
        "type": "LineString",
        "coordinates": [
          [
            -49.6089149,
            -20.974749
          ],
          [
            -49.6081853,
            -20.9738624
          ],
          [
            -49.6076194,
            -20.9732012
          ],
          [
            -49.6071379,
            -20.972629
          ],
          [
            -49.6066806,
            -20.9720792
          ],
          [
            -49.6062823,
            -20.9716084
          ],
          [
            -49.6059859,
            -20.9713103
          ],
          [
            -49.6056855,
            -20.9710148
          ],
          [
            -49.6054226,
            -20.9707919
          ],
          [
            -49.6046984,
            -20.9702409
          ],
          [
            -49.6040735,
            -20.9698377
          ],
          [
            -49.6036685,
            -20.9696022
          ],
          [
            -49.6032581,
            -20.9694094
          ],
          [
            -49.6027941,
            -20.9692065
          ],
          [
            -49.6023314,
            -20.9690387
          ],
          [
            -49.6017735,
            -20.9688672
          ],
          [
            -49.6011726,
            -20.9687169
          ],
          [
            -49.5989209,
            -20.9683198
          ],
          [
            -49.5959668,
            -20.9678259
          ],
          [
            -49.5933446,
            -20.9673982
          ],
          [
            -49.5909024,
            -20.9669774
          ],
          [
            -49.5894394,
            -20.9667307
          ],
          [
            -49.5876986,
            -20.9664514
          ],
          [
            -49.5872361,
            -20.9663626
          ],
          [
            -49.5854777,
            -20.9660582
          ],
          [
            -49.5827392,
            -20.9655874
          ],
          [
            -49.580301,
            -20.9651916
          ],
          [
            -49.5777274,
            -20.9647483
          ],
          [
            -49.5772594,
            -20.9646556
          ],
          [
            -49.574537,
            -20.9642048
          ],
          [
            -49.5738557,
            -20.9640745
          ]
        ]
      },
      "id": "way/386830419"
    },
    {
      "type": "Feature",
      "properties": {
        "@id": "way/386830420",
        "bridge": "yes",
        "highway": "motorway",
        "lanes": "2",
        "layer": "1",
        "loc_ref": "BR-153;SP-425",
        "maxspeed": "80",
        "name": "Rodovia Transbrasiliana",
        "oneway": "yes",
        "operator": "Triunfo Transbrasiliana",
        "operator:type": "private",
        "owner": "União Federal",
        "ownership": "national",
        "ref": "BR-153",
        "source": "osm-gpx",
        "surface": "asphalt"
      },
      "geometry": {
        "type": "LineString",
        "coordinates": [
          [
            -49.5051579,
            -20.9231484
          ],
          [
            -49.5053277,
            -20.923288
          ]
        ]
      },
      "id": "way/386830420"
    },
    {
      "type": "Feature",
      "properties": {
        "@id": "way/386830421",
        "highway": "motorway",
        "lanes": "3",
        "loc_ref": "BR-153;SP-425",
        "maxspeed": "80",
        "name": "Rodovia Transbrasiliana",
        "oneway": "yes",
        "operator": "Triunfo Transbrasiliana",
        "operator:type": "private",
        "owner": "União Federal",
        "ownership": "national",
        "ref": "BR-153",
        "source": "osm-gpx",
        "surface": "asphalt"
      },
      "geometry": {
        "type": "LineString",
        "coordinates": [
          [
            -49.5071948,
            -20.9247788
          ],
          [
            -49.5082918,
            -20.9256707
          ],
          [
            -49.5107232,
            -20.9276098
          ],
          [
            -49.5116365,
            -20.9283566
          ],
          [
            -49.5124948,
            -20.9290478
          ],
          [
            -49.5138225,
            -20.9301025
          ],
          [
            -49.5150742,
            -20.9311402
          ],
          [
            -49.5156757,
            -20.9316263
          ]
        ]
      },
      "id": "way/386830421"
    },
    {
      "type": "Feature",
      "properties": {
        "@id": "way/386830423",
        "highway": "motorway",
        "lanes": "2",
        "loc_ref": "BR-153;SP-425",
        "maxspeed": "80",
        "name": "Rodovia Transbrasiliana",
        "oneway": "yes",
        "operator": "Triunfo Transbrasiliana",
        "operator:type": "private",
        "owner": "União Federal",
        "ownership": "national",
        "ref": "BR-153",
        "source": "osm-gpx",
        "surface": "asphalt"
      },
      "geometry": {
        "type": "LineString",
        "coordinates": [
          [
            -49.5422096,
            -20.948993
          ],
          [
            -49.5458663,
            -20.9509807
          ]
        ]
      },
      "id": "way/386830423"
    },
    {
      "type": "Feature",
      "properties": {
        "@id": "way/386830424",
        "highway": "motorway",
        "lanes": "2",
        "loc_ref": "BR-153;SP-425",
        "maxspeed": "80",
        "name": "Rodovia Transbrasiliana",
        "oneway": "yes",
        "operator": "Triunfo Transbrasiliana",
        "operator:type": "private",
        "owner": "União Federal",
        "ownership": "national",
        "ref": "BR-153",
        "source": "osm-gpx",
        "surface": "asphalt"
      },
      "geometry": {
        "type": "LineString",
        "coordinates": [
          [
            -49.5733333,
            -20.9638517
          ],
          [
            -49.573873,
            -20.9639432
          ]
        ]
      },
      "id": "way/386830424"
    },
    {
      "type": "Feature",
      "properties": {
        "@id": "way/386830425",
        "highway": "motorway",
        "lanes": "2",
        "loc_ref": "BR-153;SP-425",
        "maxspeed": "80",
        "name": "Rodovia Transbrasiliana",
        "oneway": "yes",
        "operator": "Triunfo Transbrasiliana",
        "operator:type": "private",
        "owner": "União Federal",
        "ownership": "national",
        "ref": "BR-153",
        "source": "osm-gpx",
        "surface": "asphalt"
      },
      "geometry": {
        "type": "LineString",
        "coordinates": [
          [
            -49.5909132,
            -20.9668434
          ],
          [
            -49.5923281,
            -20.9670976
          ],
          [
            -49.5948198,
            -20.9675084
          ]
        ]
      },
      "id": "way/386830425"
    },
    {
      "type": "Feature",
      "properties": {
        "@id": "way/386830427",
        "highway": "motorway",
        "lanes": "2",
        "loc_ref": "BR-153;SP-425",
        "maxspeed": "80",
        "name": "Rodovia Transbrasiliana",
        "oneway": "yes",
        "operator": "Triunfo Transbrasiliana",
        "operator:type": "private",
        "owner": "União Federal",
        "ownership": "national",
        "ref": "BR-153",
        "source": "osm-gpx",
        "surface": "asphalt"
      },
      "geometry": {
        "type": "LineString",
        "coordinates": [
          [
            -49.574402,
            -20.9640474
          ],
          [
            -49.577654,
            -20.9645888
          ],
          [
            -49.5808777,
            -20.965144
          ],
          [
            -49.5839415,
            -20.9656611
          ],
          [
            -49.5861808,
            -20.9660438
          ]
        ]
      },
      "id": "way/386830427"
    },
    {
      "type": "Feature",
      "properties": {
        "@id": "way/386830428",
        "highway": "motorway",
        "lanes": "3",
        "loc_ref": "BR-153;SP-425",
        "maxspeed": "80",
        "name": "Rodovia Transbrasiliana",
        "oneway": "yes",
        "operator": "Triunfo Transbrasiliana",
        "operator:type": "private",
        "owner": "União Federal",
        "ownership": "national",
        "ref": "BR-153",
        "source": "osm-gpx",
        "surface": "asphalt",
        "turn:lanes": "||slight_right"
      },
      "geometry": {
        "type": "LineString",
        "coordinates": [
          [
            -49.5662758,
            -20.9619155
          ],
          [
            -49.5665626,
            -20.9620733
          ],
          [
            -49.5669181,
            -20.9622529
          ]
        ]
      },
      "id": "way/386830428"
    },
    {
      "type": "Feature",
      "properties": {
        "@id": "way/386830429",
        "highway": "motorway",
        "lanes": "2",
        "loc_ref": "BR-153;SP-425",
        "maxspeed": "80",
        "name": "Rodovia Transbrasiliana",
        "oneway": "yes",
        "operator": "Triunfo Transbrasiliana",
        "operator:type": "private",
        "owner": "União Federal",
        "ownership": "national",
        "ref": "BR-153",
        "surface": "asphalt"
      },
      "geometry": {
        "type": "LineString",
        "coordinates": [
          [
            -49.6291306,
            -20.998849
          ],
          [
            -49.6293117,
            -20.9990831
          ],
          [
            -49.6295182,
            -20.9993423
          ],
          [
            -49.629702,
            -20.9995363
          ],
          [
            -49.6298924,
            -20.9997141
          ],
          [
            -49.6299916,
            -20.9998793
          ]
        ]
      },
      "id": "way/386830429"
    },
    {
      "type": "Feature",
      "properties": {
        "@id": "way/386830430",
        "highway": "motorway",
        "lanes": "3",
        "loc_ref": "BR-153;SP-425",
        "maxspeed": "80",
        "name": "Rodovia Transbrasiliana",
        "oneway": "yes",
        "operator": "Triunfo Transbrasiliana",
        "operator:type": "private",
        "owner": "União Federal",
        "ownership": "national",
        "ref": "BR-153",
        "surface": "asphalt",
        "turn:lanes": "||merge_to_left"
      },
      "geometry": {
        "type": "LineString",
        "coordinates": [
          [
            -49.6153619,
            -20.9822712
          ],
          [
            -49.6159878,
            -20.9830111
          ],
          [
            -49.6165551,
            -20.9837035
          ],
          [
            -49.6171104,
            -20.9843697
          ]
        ]
      },
      "id": "way/386830430"
    },
    {
      "type": "Feature",
      "properties": {
        "@id": "way/386830432",
        "highway": "motorway",
        "lanes": "3",
        "loc_ref": "BR-153;SP-425",
        "maxspeed": "80",
        "name": "Rodovia Transbrasiliana",
        "oneway": "yes",
        "operator": "Triunfo Transbrasiliana",
        "operator:type": "private",
        "owner": "União Federal",
        "ownership": "national",
        "ref": "BR-153",
        "source": "osm-gpx",
        "surface": "asphalt"
      },
      "geometry": {
        "type": "LineString",
        "coordinates": [
          [
            -49.5458663,
            -20.9509807
          ],
          [
            -49.5466581,
            -20.9513854
          ],
          [
            -49.5474693,
            -20.9518143
          ],
          [
            -49.5493832,
            -20.9528307
          ],
          [
            -49.55136,
            -20.9539103
          ],
          [
            -49.5552332,
            -20.9559867
          ],
          [
            -49.5571911,
            -20.9570463
          ],
          [
            -49.5591298,
            -20.9580968
          ],
          [
            -49.559866,
            -20.958485
          ],
          [
            -49.5611139,
            -20.9591468
          ],
          [
            -49.5633023,
            -20.9603171
          ],
          [
            -49.5652267,
            -20.9613484
          ]
        ]
      },
      "id": "way/386830432"
    },
    {
      "type": "Feature",
      "properties": {
        "@id": "way/386830434",
        "highway": "motorway",
        "lanes": "2",
        "loc_ref": "BR-153;SP-425",
        "maxspeed": "80",
        "name": "Rodovia Transbrasiliana",
        "oneway": "yes",
        "operator": "Triunfo Transbrasiliana",
        "operator:type": "private",
        "owner": "União Federal",
        "ownership": "national",
        "ref": "BR-153",
        "source": "osm-gpx",
        "surface": "asphalt"
      },
      "geometry": {
        "type": "LineString",
        "coordinates": [
          [
            -49.5669181,
            -20.9622529
          ],
          [
            -49.5674358,
            -20.9625029
          ],
          [
            -49.5680517,
            -20.9627314
          ],
          [
            -49.5687008,
            -20.9629381
          ],
          [
            -49.5692453,
            -20.963081
          ],
          [
            -49.5697504,
            -20.9631892
          ],
          [
            -49.5715249,
            -20.963516
          ],
          [
            -49.5724556,
            -20.9636988
          ],
          [
            -49.5733333,
            -20.9638517
          ]
        ]
      },
      "id": "way/386830434"
    },
    {
      "type": "Feature",
      "properties": {
        "@id": "way/386830435",
        "highway": "motorway",
        "lanes": "2",
        "loc_ref": "BR-153;SP-425",
        "maxspeed": "80",
        "name": "Rodovia Transbrasiliana",
        "oneway": "yes",
        "operator": "Triunfo Transbrasiliana",
        "operator:type": "private",
        "owner": "União Federal",
        "ownership": "national",
        "ref": "BR-153",
        "source": "osm-gpx",
        "surface": "asphalt"
      },
      "geometry": {
        "type": "LineString",
        "coordinates": [
          [
            -49.6046434,
            -20.9700117
          ],
          [
            -49.6050511,
            -20.970316
          ],
          [
            -49.6053556,
            -20.9705452
          ],
          [
            -49.6055487,
            -20.9707155
          ],
          [
            -49.6059228,
            -20.9710298
          ],
          [
            -49.6063091,
            -20.9714205
          ],
          [
            -49.6065048,
            -20.9716434
          ],
          [
            -49.606741,
            -20.9719265
          ],
          [
            -49.6075456,
            -20.9729045
          ],
          [
            -49.6090825,
            -20.9747177
          ],
          [
            -49.6093405,
            -20.9750205
          ],
          [
            -49.6095442,
            -20.9752775
          ]
        ]
      },
      "id": "way/386830435"
    },
    {
      "type": "Feature",
      "properties": {
        "@id": "way/395912035",
        "highway": "trunk",
        "lanes": "4",
        "maxspeed": "40",
        "name": "Rodovia Transbrasiliana",
        "oneway": "yes",
        "operator": "Triunfo Transbrasiliana",
        "ref": "BR-153",
        "source": "osm-gpx",
        "surface": "paved",
        "toll": "yes"
      },
      "geometry": {
        "type": "LineString",
        "coordinates": [
          [
            -49.8987746,
            -22.3344415
          ],
          [
            -49.898931,
            -22.3357243
          ],
          [
            -49.8989585,
            -22.336224
          ]
        ]
      },
      "id": "way/395912035"
    },
    {
      "type": "Feature",
      "properties": {
        "@id": "way/395912036",
        "highway": "trunk",
        "lanes": "4",
        "maxspeed": "40",
        "name": "Rodovia Transbrasiliana",
        "oneway": "yes",
        "operator": "Triunfo Transbrasiliana",
        "ref": "BR-153",
        "source": "osm-gpx",
        "surface": "paved",
        "toll": "yes"
      },
      "geometry": {
        "type": "LineString",
        "coordinates": [
          [
            -49.898887,
            -22.3378253
          ],
          [
            -49.8987973,
            -22.3375141
          ],
          [
            -49.8987088,
            -22.3370702
          ],
          [
            -49.8986833,
            -22.3368306
          ],
          [
            -49.8986586,
            -22.336355
          ]
        ]
      },
      "id": "way/395912036"
    },
    {
      "type": "Feature",
      "properties": {
        "@id": "way/395912037",
        "highway": "trunk",
        "lanes": "2",
        "maxspeed": "110",
        "name": "Rodovia Transbrasiliana",
        "ref": "BR-153;BR-267",
        "surface": "asphalt"
      },
      "geometry": {
        "type": "LineString",
        "coordinates": [
          [
            -49.8016195,
            -21.7065517
          ],
          [
            -49.8019958,
            -21.7068079
          ],
          [
            -49.8033683,
            -21.7077566
          ],
          [
            -49.8038021,
            -21.7080465
          ],
          [
            -49.803856,
            -21.7080825
          ],
          [
            -49.8057597,
            -21.7093547
          ],
          [
            -49.8069383,
            -21.7101775
          ]
        ]
      },
      "id": "way/395912037"
    },
    {
      "type": "Feature",
      "properties": {
        "@id": "way/395912038",
        "highway": "trunk",
        "lanes": "4",
        "maxspeed": "40",
        "name": "Rodovia Transbrasiliana",
        "oneway": "yes",
        "operator": "Triunfo Transbrasiliana",
        "ref": "BR-153;BR-267",
        "surface": "asphalt",
        "toll": "yes"
      },
      "geometry": {
        "type": "LineString",
        "coordinates": [
          [
            -49.8069383,
            -21.7101775
          ],
          [
            -49.8077324,
            -21.7105874
          ],
          [
            -49.8083848,
            -21.7109929
          ]
        ]
      },
      "id": "way/395912038"
    },
    {
      "type": "Feature",
      "properties": {
        "@id": "way/395912039",
        "highway": "trunk",
        "lanes": "4",
        "maxspeed": "40",
        "name": "Rodovia Transbrasiliana",
        "oneway": "yes",
        "operator": "Triunfo Transbrasiliana",
        "ref": "BR-153;BR-267",
        "surface": "asphalt",
        "toll": "yes"
      },
      "geometry": {
        "type": "LineString",
        "coordinates": [
          [
            -49.8097114,
            -21.7120634
          ],
          [
            -49.8090358,
            -21.7116727
          ],
          [
            -49.8083929,
            -21.7112385
          ]
        ]
      },
      "id": "way/395912039"
    },
    {
      "type": "Feature",
      "properties": {
        "@id": "way/395912040",
        "highway": "trunk",
        "name": "Rodovia Transbrasiliana",
        "oneway": "no",
        "ref": "BR-153",
        "source": "osm-gpx",
        "surface": "paved"
      },
      "geometry": {
        "type": "LineString",
        "coordinates": [
          [
            -49.898245,
            -22.3193911
          ],
          [
            -49.8983225,
            -22.3214553
          ],
          [
            -49.898375,
            -22.3226052
          ],
          [
            -49.8983957,
            -22.3233086
          ],
          [
            -49.8984087,
            -22.3236644
          ],
          [
            -49.8984208,
            -22.3240145
          ],
          [
            -49.8984398,
            -22.3244956
          ],
          [
            -49.8984482,
            -22.3249833
          ],
          [
            -49.8984664,
            -22.3254693
          ],
          [
            -49.898479,
            -22.3257103
          ],
          [
            -49.898489,
            -22.3259562
          ],
          [
            -49.8985286,
            -22.3271756
          ],
          [
            -49.8985736,
            -22.3283926
          ],
          [
            -49.8985939,
            -22.3288067
          ],
          [
            -49.8986366,
            -22.3298284
          ],
          [
            -49.8986607,
            -22.330851
          ],
          [
            -49.8986899,
            -22.332092
          ],
          [
            -49.8987197,
            -22.3328121
          ],
          [
            -49.8987291,
            -22.3332893
          ],
          [
            -49.8987479,
            -22.3338961
          ],
          [
            -49.8987746,
            -22.3344415
          ]
        ]
      },
      "id": "way/395912040"
    },
    {
      "type": "Feature",
      "properties": {
        "@id": "way/405949202",
        "highway": "trunk",
        "maxspeed": "80",
        "name": "Rodovia Transbrasiliana",
        "oneway": "no",
        "ref": "BR-153",
        "source": "osm-gpx",
        "surface": "asphalt"
      },
      "geometry": {
        "type": "LineString",
        "coordinates": [
          [
            -49.3197489,
            -20.6014008
          ],
          [
            -49.3203842,
            -20.6020891
          ]
        ]
      },
      "id": "way/405949202"
    },
    {
      "type": "Feature",
      "properties": {
        "@id": "way/405949203",
        "highway": "trunk",
        "maxspeed": "80",
        "name": "Rodovia Transbrasiliana",
        "oneway": "no",
        "ref": "BR-153",
        "source": "osm-gpx",
        "surface": "asphalt"
      },
      "geometry": {
        "type": "LineString",
        "coordinates": [
          [
            -49.3216382,
            -20.6034476
          ],
          [
            -49.3239489,
            -20.6059193
          ],
          [
            -49.3243057,
            -20.6063173
          ],
          [
            -49.3249514,
            -20.6070095
          ],
          [
            -49.3257675,
            -20.6079165
          ],
          [
            -49.3263468,
            -20.6085328
          ],
          [
            -49.326831,
            -20.6090437
          ],
          [
            -49.3269637,
            -20.6091793
          ],
          [
            -49.3277362,
            -20.6099902
          ],
          [
            -49.3291551,
            -20.6115091
          ],
          [
            -49.3295977,
            -20.6120162
          ],
          [
            -49.3312253,
            -20.6138608
          ],
          [
            -49.3314355,
            -20.6140965
          ],
          [
            -49.3324333,
            -20.6155175
          ],
          [
            -49.3326349,
            -20.6158963
          ]
        ]
      },
      "id": "way/405949203"
    },
    {
      "type": "Feature",
      "properties": {
        "@id": "way/405950355",
        "highway": "motorway",
        "lanes": "2",
        "maxspeed": "80",
        "name": "Rodovia Transbrasiliana",
        "oneway": "yes",
        "ref": "BR-153",
        "source": "Bing/Esri/GPS",
        "surface": "asphalt"
      },
      "geometry": {
        "type": "LineString",
        "coordinates": [
          [
            -49.3397287,
            -20.7467187
          ],
          [
            -49.339485,
            -20.7461859
          ],
          [
            -49.3389102,
            -20.7448432
          ],
          [
            -49.338716,
            -20.7444025
          ],
          [
            -49.338518,
            -20.7439131
          ],
          [
            -49.3383481,
            -20.7434787
          ],
          [
            -49.338207,
            -20.7430417
          ],
          [
            -49.338094,
            -20.7426066
          ]
        ]
      },
      "id": "way/405950355"
    },
    {
      "type": "Feature",
      "properties": {
        "@id": "way/405950356",
        "highway": "motorway",
        "lanes": "2",
        "maxspeed": "60",
        "name": "Rodovia Transbrasiliana",
        "oneway": "yes",
        "ref": "BR-153;BR-262",
        "source": "Bing/Esri/GPS",
        "surface": "asphalt"
      },
      "geometry": {
        "type": "LineString",
        "coordinates": [
          [
            -49.3382423,
            -20.7291649
          ],
          [
            -49.338316,
            -20.7271854
          ]
        ]
      },
      "id": "way/405950356"
    },
    {
      "type": "Feature",
      "properties": {
        "@id": "way/405950375",
        "highway": "trunk",
        "lanes": "3",
        "lanes:backward": "1",
        "lanes:forward": "2",
        "maxspeed": "80",
        "name": "Rodovia Transbrasiliana",
        "oneway": "no",
        "ref": "BR-153",
        "source": "osm-gpx",
        "surface": "asphalt"
      },
      "geometry": {
        "type": "LineString",
        "coordinates": [
          [
            -49.3397704,
            -20.6929599
          ],
          [
            -49.3397602,
            -20.6932523
          ],
          [
            -49.3397321,
            -20.6936635
          ],
          [
            -49.3397278,
            -20.6937626
          ],
          [
            -49.3396989,
            -20.694429
          ],
          [
            -49.3396747,
            -20.6951805
          ],
          [
            -49.3396358,
            -20.6960373
          ],
          [
            -49.3396157,
            -20.6964375
          ],
          [
            -49.3395996,
            -20.6969456
          ],
          [
            -49.3395688,
            -20.697879
          ],
          [
            -49.339558,
            -20.6983896
          ],
          [
            -49.3395433,
            -20.6987848
          ],
          [
            -49.3395252,
            -20.6991765
          ]
        ]
      },
      "id": "way/405950375"
    },
    {
      "type": "Feature",
      "properties": {
        "@id": "way/405950376",
        "highway": "trunk",
        "lanes": "2",
        "maxspeed": "80",
        "name": "Rodovia Transbrasiliana",
        "oneway": "no",
        "ref": "BR-153",
        "source": "osm-gpx",
        "surface": "asphalt"
      },
      "geometry": {
        "type": "LineString",
        "coordinates": [
          [
            -49.3394359,
            -20.7014478
          ],
          [
            -49.3394113,
            -20.7018449
          ]
        ]
      },
      "id": "way/405950376"
    },
    {
      "type": "Feature",
      "properties": {
        "@id": "way/425637866",
        "highway": "trunk",
        "maxspeed": "80",
        "name": "Rodovia Transbrasiliana",
        "oneway": "no",
        "ref": "BR-153;BR-262",
        "source": "osm-gpx",
        "surface": "asphalt"
      },
      "geometry": {
        "type": "LineString",
        "coordinates": [
          [
            -49.2118121,
            -20.3252753
          ],
          [
            -49.2118507,
            -20.3255289
          ]
        ]
      },
      "id": "way/425637866"
    },
    {
      "type": "Feature",
      "properties": {
        "@id": "way/425637867",
        "highway": "trunk",
        "maxspeed": "80",
        "name": "Rodovia Transbrasiliana",
        "oneway": "no",
        "ref": "BR-153;BR-262",
        "source": "osm-gpx",
        "surface": "asphalt"
      },
      "geometry": {
        "type": "LineString",
        "coordinates": [
          [
            -49.2112518,
            -20.3228199
          ],
          [
            -49.2116203,
            -20.3242885
          ]
        ]
      },
      "id": "way/425637867"
    },
    {
      "type": "Feature",
      "properties": {
        "@id": "way/425788662",
        "highway": "trunk",
        "maxspeed": "80",
        "name": "Rodovia Transbrasiliana",
        "oneway": "no",
        "ref": "BR-153;BR-262",
        "source": "osm-gpx",
        "surface": "asphalt"
      },
      "geometry": {
        "type": "LineString",
        "coordinates": [
          [
            -49.2149031,
            -20.3485472
          ],
          [
            -49.2148424,
            -20.3488375
          ]
        ]
      },
      "id": "way/425788662"
    },
    {
      "type": "Feature",
      "properties": {
        "@id": "way/426235370",
        "highway": "trunk",
        "maxspeed": "80",
        "name": "Rodovia Transbrasiliana",
        "oneway": "no",
        "ref": "BR-153",
        "source": "osm-gpx",
        "surface": "asphalt"
      },
      "geometry": {
        "type": "LineString",
        "coordinates": [
          [
            -49.3305155,
            -20.5410206
          ],
          [
            -49.3305016,
            -20.5412376
          ]
        ]
      },
      "id": "way/426235370"
    },
    {
      "type": "Feature",
      "properties": {
        "@id": "way/426235371",
        "highway": "trunk",
        "maxspeed": "80",
        "name": "Rodovia Transbrasiliana",
        "oneway": "no",
        "ref": "BR-153",
        "source": "osm-gpx",
        "surface": "asphalt"
      },
      "geometry": {
        "type": "LineString",
        "coordinates": [
          [
            -49.3304968,
            -20.541524
          ],
          [
            -49.3304888,
            -20.5420229
          ]
        ]
      },
      "id": "way/426235371"
    },
    {
      "type": "Feature",
      "properties": {
        "@id": "way/426235372",
        "highway": "trunk",
        "maxspeed": "80",
        "name": "Rodovia Transbrasiliana",
        "oneway": "no",
        "ref": "BR-153",
        "source": "osm-gpx",
        "surface": "asphalt"
      },
      "geometry": {
        "type": "LineString",
        "coordinates": [
          [
            -49.3305378,
            -20.5406042
          ],
          [
            -49.3305155,
            -20.5410206
          ]
        ]
      },
      "id": "way/426235372"
    },
    {
      "type": "Feature",
      "properties": {
        "@id": "way/426235373",
        "highway": "trunk",
        "maxspeed": "80",
        "name": "Rodovia Transbrasiliana",
        "oneway": "no",
        "ref": "BR-153",
        "source": "osm-gpx",
        "surface": "asphalt"
      },
      "geometry": {
        "type": "LineString",
        "coordinates": [
          [
            -49.3304888,
            -20.5420229
          ],
          [
            -49.3304721,
            -20.5422156
          ],
          [
            -49.3304613,
            -20.5426037
          ],
          [
            -49.3304318,
            -20.543057
          ],
          [
            -49.3303151,
            -20.5445175
          ],
          [
            -49.3301542,
            -20.5455573
          ],
          [
            -49.3300322,
            -20.5461765
          ],
          [
            -49.3299276,
            -20.5465733
          ],
          [
            -49.3298703,
            -20.5467657
          ],
          [
            -49.3297425,
            -20.5471949
          ],
          [
            -49.3294233,
            -20.5481041
          ],
          [
            -49.3290612,
            -20.5489643
          ],
          [
            -49.3285207,
            -20.5500355
          ],
          [
            -49.3283746,
            -20.5502866
          ],
          [
            -49.3278971,
            -20.5510589
          ]
        ]
      },
      "id": "way/426235373"
    },
    {
      "type": "Feature",
      "properties": {
        "@id": "way/426235374",
        "highway": "trunk",
        "maxspeed": "80",
        "name": "Rodovia Transbrasiliana",
        "oneway": "no",
        "ref": "BR-153",
        "source": "osm-gpx",
        "surface": "asphalt"
      },
      "geometry": {
        "type": "LineString",
        "coordinates": [
          [
            -49.3277488,
            -20.551271
          ],
          [
            -49.3276152,
            -20.5514894
          ],
          [
            -49.3275425,
            -20.5516155
          ]
        ]
      },
      "id": "way/426235374"
    },
    {
      "type": "Feature",
      "properties": {
        "@id": "way/426235376",
        "highway": "trunk",
        "maxspeed": "80",
        "name": "Rodovia Transbrasiliana",
        "oneway": "no",
        "ref": "BR-153",
        "source": "osm-gpx",
        "surface": "asphalt"
      },
      "geometry": {
        "type": "LineString",
        "coordinates": [
          [
            -49.3275425,
            -20.5516155
          ],
          [
            -49.3272382,
            -20.5521257
          ]
        ]
      },
      "id": "way/426235376"
    },
    {
      "type": "Feature",
      "properties": {
        "@id": "way/426235377",
        "highway": "trunk",
        "maxspeed": "80",
        "name": "Rodovia Transbrasiliana",
        "oneway": "no",
        "ref": "BR-153",
        "source": "osm-gpx",
        "surface": "asphalt"
      },
      "geometry": {
        "type": "LineString",
        "coordinates": [
          [
            -49.3272382,
            -20.5521257
          ],
          [
            -49.3269449,
            -20.5526068
          ],
          [
            -49.3268126,
            -20.552831
          ]
        ]
      },
      "id": "way/426235377"
    },
    {
      "type": "Feature",
      "properties": {
        "@id": "way/426235378",
        "highway": "trunk",
        "maxspeed": "80",
        "name": "Rodovia Transbrasiliana",
        "oneway": "no",
        "ref": "BR-153",
        "source": "osm-gpx",
        "surface": "asphalt"
      },
      "geometry": {
        "type": "LineString",
        "coordinates": [
          [
            -49.3268126,
            -20.552831
          ],
          [
            -49.326685,
            -20.5530699
          ],
          [
            -49.32663,
            -20.5531536
          ],
          [
            -49.3251431,
            -20.5556013
          ],
          [
            -49.3232037,
            -20.5588477
          ],
          [
            -49.3220585,
            -20.5607647
          ],
          [
            -49.3203634,
            -20.5635724
          ],
          [
            -49.3196499,
            -20.5647678
          ],
          [
            -49.3189525,
            -20.5659431
          ],
          [
            -49.3185448,
            -20.5667215
          ],
          [
            -49.318223,
            -20.5675553
          ],
          [
            -49.3181936,
            -20.5676641
          ],
          [
            -49.3181103,
            -20.5679721
          ],
          [
            -49.3179708,
            -20.5684744
          ],
          [
            -49.3178528,
            -20.5689917
          ],
          [
            -49.3177831,
            -20.569514
          ],
          [
            -49.3177294,
            -20.5700313
          ],
          [
            -49.3177026,
            -20.5708048
          ],
          [
            -49.317755,
            -20.571618
          ],
          [
            -49.3178667,
            -20.5725602
          ],
          [
            -49.318003,
            -20.5732205
          ],
          [
            -49.3184005,
            -20.575319
          ],
          [
            -49.3187522,
            -20.5770656
          ],
          [
            -49.3188205,
            -20.5774125
          ],
          [
            -49.3188725,
            -20.5776675
          ],
          [
            -49.3194227,
            -20.5805262
          ],
          [
            -49.3196037,
            -20.5814722
          ],
          [
            -49.3196653,
            -20.5819003
          ],
          [
            -49.319713,
            -20.5822318
          ],
          [
            -49.3197678,
            -20.5831551
          ],
          [
            -49.3197218,
            -20.5839549
          ],
          [
            -49.319652,
            -20.5846341
          ],
          [
            -49.3195233,
            -20.5853636
          ],
          [
            -49.3194069,
            -20.5858573
          ],
          [
            -49.3193315,
            -20.5860974
          ],
          [
            -49.3191732,
            -20.5865387
          ],
          [
            -49.3191042,
            -20.5867401
          ],
          [
            -49.3190439,
            -20.5868962
          ],
          [
            -49.3190138,
            -20.5869868
          ],
          [
            -49.318594,
            -20.5881954
          ]
        ]
      },
      "id": "way/426235378"
    },
    {
      "type": "Feature",
      "properties": {
        "@id": "way/453085977",
        "highway": "trunk",
        "maxspeed": "80",
        "name": "Rodovia Transbrasiliana",
        "oneway": "no",
        "ref": "BR-153",
        "source": "osm-gpx",
        "surface": "asphalt"
      },
      "geometry": {
        "type": "LineString",
        "coordinates": [
          [
            -49.3255613,
            -20.519697
          ],
          [
            -49.3258956,
            -20.5201564
          ]
        ]
      },
      "id": "way/453085977"
    },
    {
      "type": "Feature",
      "properties": {
        "@id": "way/453085978",
        "highway": "trunk",
        "maxspeed": "80",
        "name": "Rodovia Transbrasiliana",
        "oneway": "no",
        "ref": "BR-153",
        "source": "osm-gpx",
        "surface": "asphalt"
      },
      "geometry": {
        "type": "LineString",
        "coordinates": [
          [
            -49.3305505,
            -20.5404502
          ],
          [
            -49.3305378,
            -20.5406042
          ]
        ]
      },
      "id": "way/453085978"
    },
    {
      "type": "Feature",
      "properties": {
        "@id": "way/453085979",
        "highway": "trunk",
        "maxspeed": "80",
        "name": "Rodovia Transbrasiliana",
        "oneway": "no",
        "ref": "BR-153",
        "source": "osm-gpx",
        "surface": "asphalt"
      },
      "geometry": {
        "type": "LineString",
        "coordinates": [
          [
            -49.3278971,
            -20.5510589
          ],
          [
            -49.3277488,
            -20.551271
          ]
        ]
      },
      "id": "way/453085979"
    },
    {
      "type": "Feature",
      "properties": {
        "@id": "way/453085980",
        "highway": "trunk",
        "maxspeed": "80",
        "name": "Rodovia Transbrasiliana",
        "oneway": "no",
        "ref": "BR-153",
        "source": "osm-gpx",
        "surface": "asphalt"
      },
      "geometry": {
        "type": "LineString",
        "coordinates": [
          [
            -49.325142,
            -20.5190916
          ],
          [
            -49.3255613,
            -20.519697
          ]
        ]
      },
      "id": "way/453085980"
    },
    {
      "type": "Feature",
      "properties": {
        "@id": "way/453085981",
        "highway": "trunk",
        "maxspeed": "80",
        "name": "Rodovia Transbrasiliana",
        "oneway": "no",
        "ref": "BR-153",
        "source": "osm-gpx",
        "surface": "asphalt"
      },
      "geometry": {
        "type": "LineString",
        "coordinates": [
          [
            -49.3212003,
            -20.5029892
          ],
          [
            -49.3213378,
            -20.503329
          ],
          [
            -49.3214008,
            -20.5035149
          ],
          [
            -49.3214625,
            -20.5036832
          ],
          [
            -49.3216047,
            -20.5041593
          ],
          [
            -49.3217455,
            -20.5046768
          ],
          [
            -49.3218997,
            -20.5052534
          ],
          [
            -49.3220432,
            -20.5058073
          ],
          [
            -49.3222752,
            -20.5066992
          ],
          [
            -49.3223798,
            -20.5071049
          ],
          [
            -49.3225046,
            -20.5076827
          ],
          [
            -49.3226199,
            -20.5082291
          ],
          [
            -49.3226521,
            -20.5083761
          ],
          [
            -49.3226762,
            -20.5085381
          ],
          [
            -49.3227299,
            -20.5089577
          ],
          [
            -49.3227942,
            -20.5094852
          ],
          [
            -49.3228318,
            -20.509906
          ],
          [
            -49.3228747,
            -20.5104851
          ],
          [
            -49.3229511,
            -20.5112865
          ],
          [
            -49.3230611,
            -20.5123001
          ],
          [
            -49.3231402,
            -20.5131027
          ],
          [
            -49.3232261,
            -20.5139644
          ],
          [
            -49.3232891,
            -20.5145347
          ],
          [
            -49.3233293,
            -20.5148939
          ],
          [
            -49.3233642,
            -20.5152041
          ],
          [
            -49.3234299,
            -20.5155696
          ],
          [
            -49.3235163,
            -20.5159642
          ],
          [
            -49.3235346,
            -20.5160545
          ],
          [
            -49.3236813,
            -20.5165581
          ],
          [
            -49.3239004,
            -20.5170867
          ]
        ]
      },
      "id": "way/453085981"
    },
    {
      "type": "Feature",
      "properties": {
        "@id": "way/453085985",
        "highway": "trunk",
        "maxspeed": "80",
        "name": "Rodovia Transbrasiliana",
        "oneway": "no",
        "ref": "BR-153",
        "source": "osm-gpx",
        "surface": "asphalt"
      },
      "geometry": {
        "type": "LineString",
        "coordinates": [
          [
            -49.3258956,
            -20.5201564
          ],
          [
            -49.3260423,
            -20.5203724
          ],
          [
            -49.3262457,
            -20.5206596
          ]
        ]
      },
      "id": "way/453085985"
    },
    {
      "type": "Feature",
      "properties": {
        "@id": "way/453085989",
        "highway": "trunk",
        "maxspeed": "80",
        "name": "Rodovia Transbrasiliana",
        "oneway": "no",
        "ref": "BR-153",
        "source": "osm-gpx",
        "surface": "asphalt"
      },
      "geometry": {
        "type": "LineString",
        "coordinates": [
          [
            -49.3208994,
            -20.5023899
          ],
          [
            -49.3209891,
            -20.5025582
          ],
          [
            -49.3211607,
            -20.5029106
          ]
        ]
      },
      "id": "way/453085989"
    },
    {
      "type": "Feature",
      "properties": {
        "@id": "way/453085991",
        "highway": "trunk",
        "maxspeed": "80",
        "name": "Rodovia Transbrasiliana",
        "oneway": "no",
        "ref": "BR-153",
        "source": "osm-gpx",
        "surface": "asphalt"
      },
      "geometry": {
        "type": "LineString",
        "coordinates": [
          [
            -49.319692,
            -20.5006605
          ],
          [
            -49.3199291,
            -20.5009333
          ],
          [
            -49.3200268,
            -20.5010421
          ]
        ]
      },
      "id": "way/453085991"
    },
    {
      "type": "Feature",
      "properties": {
        "@id": "way/453085994",
        "highway": "trunk",
        "maxspeed": "80",
        "name": "Rodovia Transbrasiliana",
        "oneway": "no",
        "ref": "BR-153",
        "source": "osm-gpx",
        "surface": "asphalt"
      },
      "geometry": {
        "type": "LineString",
        "coordinates": [
          [
            -49.3200268,
            -20.5010421
          ],
          [
            -49.3203488,
            -20.5014579
          ],
          [
            -49.3204774,
            -20.5016717
          ]
        ]
      },
      "id": "way/453085994"
    },
    {
      "type": "Feature",
      "properties": {
        "@id": "way/453085996",
        "highway": "trunk",
        "maxspeed": "80",
        "name": "Rodovia Transbrasiliana",
        "oneway": "no",
        "ref": "BR-153",
        "source": "osm-gpx",
        "surface": "asphalt"
      },
      "geometry": {
        "type": "LineString",
        "coordinates": [
          [
            -49.3204774,
            -20.5016717
          ],
          [
            -49.3207313,
            -20.502106
          ],
          [
            -49.320798,
            -20.5022257
          ],
          [
            -49.3208994,
            -20.5023899
          ]
        ]
      },
      "id": "way/453085996"
    },
    {
      "type": "Feature",
      "properties": {
        "@id": "way/453085999",
        "highway": "trunk",
        "maxspeed": "80",
        "name": "Rodovia Transbrasiliana",
        "oneway": "no",
        "ref": "BR-153",
        "source": "osm-gpx",
        "surface": "asphalt"
      },
      "geometry": {
        "type": "LineString",
        "coordinates": [
          [
            -49.3240016,
            -20.5173207
          ],
          [
            -49.3240777,
            -20.5174801
          ],
          [
            -49.3241917,
            -20.5176898
          ],
          [
            -49.3243687,
            -20.5179888
          ],
          [
            -49.3250099,
            -20.5189037
          ],
          [
            -49.325142,
            -20.5190916
          ]
        ]
      },
      "id": "way/453085999"
    },
    {
      "type": "Feature",
      "properties": {
        "@id": "way/453100378",
        "highway": "trunk",
        "maxspeed": "80",
        "name": "Rodovia Transbrasiliana",
        "oneway": "no",
        "ref": "BR-153;BR-262",
        "source": "osm-gpx",
        "surface": "asphalt"
      },
      "geometry": {
        "type": "LineString",
        "coordinates": [
          [
            -49.3211607,
            -20.5029106
          ],
          [
            -49.3212003,
            -20.5029892
          ]
        ]
      },
      "id": "way/453100378"
    },
    {
      "type": "Feature",
      "properties": {
        "@id": "way/453411481",
        "highway": "trunk",
        "lanes": "2",
        "maxspeed": "80",
        "name": "Rodovia Transbrasiliana",
        "oneway": "no",
        "ref": "BR-153",
        "source": "osm-gpx",
        "surface": "asphalt"
      },
      "geometry": {
        "type": "LineString",
        "coordinates": [
          [
            -49.3393779,
            -20.7027185
          ],
          [
            -49.3393569,
            -20.7032667
          ]
        ]
      },
      "id": "way/453411481"
    },
    {
      "type": "Feature",
      "properties": {
        "@id": "way/453411482",
        "highway": "trunk",
        "lanes": "2",
        "maxspeed": "80",
        "name": "Rodovia Transbrasiliana",
        "oneway": "no",
        "ref": "BR-153",
        "source": "osm-gpx",
        "surface": "asphalt"
      },
      "geometry": {
        "type": "LineString",
        "coordinates": [
          [
            -49.3394113,
            -20.7018449
          ],
          [
            -49.3393779,
            -20.7027185
          ]
        ]
      },
      "id": "way/453411482"
    },
    {
      "type": "Feature",
      "properties": {
        "@id": "way/453411490",
        "highway": "trunk",
        "lanes": "3",
        "lanes:backward": "2",
        "lanes:forward": "1",
        "maxspeed": "80",
        "name": "Rodovia Transbrasiliana",
        "ref": "BR-153",
        "source": "osm-gpx",
        "surface": "asphalt",
        "turn:lanes:backward": "|slight_right"
      },
      "geometry": {
        "type": "LineString",
        "coordinates": [
          [
            -49.339959,
            -20.6879693
          ],
          [
            -49.3399509,
            -20.6881563
          ],
          [
            -49.3399447,
            -20.6882981
          ],
          [
            -49.339904,
            -20.6890141
          ]
        ]
      },
      "id": "way/453411490"
    },
    {
      "type": "Feature",
      "properties": {
        "@id": "way/453411491",
        "highway": "trunk",
        "maxspeed": "80",
        "name": "Rodovia Transbrasiliana",
        "ref": "BR-153",
        "source": "osm-gpx",
        "surface": "asphalt"
      },
      "geometry": {
        "type": "LineString",
        "coordinates": [
          [
            -49.3408455,
            -20.6656601
          ],
          [
            -49.3408026,
            -20.6662857
          ]
        ]
      },
      "id": "way/453411491"
    },
    {
      "type": "Feature",
      "properties": {
        "@id": "way/453411492",
        "highway": "trunk",
        "maxspeed": "80",
        "name": "Rodovia Transbrasiliana",
        "ref": "BR-153",
        "source": "osm-gpx",
        "surface": "asphalt"
      },
      "geometry": {
        "type": "LineString",
        "coordinates": [
          [
            -49.340907,
            -20.6643815
          ],
          [
            -49.3408455,
            -20.6656601
          ]
        ]
      },
      "id": "way/453411492"
    },
    {
      "type": "Feature",
      "properties": {
        "@id": "way/453411493",
        "highway": "trunk",
        "maxspeed": "80",
        "name": "Rodovia Transbrasiliana",
        "ref": "BR-153",
        "source": "osm-gpx",
        "surface": "asphalt"
      },
      "geometry": {
        "type": "LineString",
        "coordinates": [
          [
            -49.3409179,
            -20.6639027
          ],
          [
            -49.340907,
            -20.6643815
          ]
        ]
      },
      "id": "way/453411493"
    },
    {
      "type": "Feature",
      "properties": {
        "@id": "way/453411494",
        "highway": "trunk",
        "maxspeed": "80",
        "name": "Rodovia Transbrasiliana",
        "ref": "BR-153",
        "source": "osm-gpx",
        "surface": "asphalt"
      },
      "geometry": {
        "type": "LineString",
        "coordinates": [
          [
            -49.3382803,
            -20.6364594
          ],
          [
            -49.3385261,
            -20.6374146
          ]
        ]
      },
      "id": "way/453411494"
    },
    {
      "type": "Feature",
      "properties": {
        "@id": "way/453411495",
        "highway": "trunk",
        "maxspeed": "80",
        "name": "Rodovia Transbrasiliana",
        "ref": "BR-153",
        "source": "osm-gpx",
        "surface": "asphalt"
      },
      "geometry": {
        "type": "LineString",
        "coordinates": [
          [
            -49.3381447,
            -20.6359329
          ],
          [
            -49.3382803,
            -20.6364594
          ]
        ]
      },
      "id": "way/453411495"
    },
    {
      "type": "Feature",
      "properties": {
        "@id": "way/453411496",
        "highway": "trunk",
        "maxspeed": "80",
        "name": "Rodovia Transbrasiliana",
        "ref": "BR-153",
        "source": "osm-gpx",
        "surface": "asphalt"
      },
      "geometry": {
        "type": "LineString",
        "coordinates": [
          [
            -49.3380191,
            -20.6352555
          ],
          [
            -49.3381447,
            -20.6359329
          ]
        ]
      },
      "id": "way/453411496"
    },
    {
      "type": "Feature",
      "properties": {
        "@id": "way/453411497",
        "highway": "trunk",
        "maxspeed": "80",
        "name": "Rodovia Transbrasiliana",
        "ref": "BR-153",
        "source": "osm-gpx",
        "surface": "asphalt"
      },
      "geometry": {
        "type": "LineString",
        "coordinates": [
          [
            -49.3372813,
            -20.6323792
          ],
          [
            -49.3379313,
            -20.6349568
          ],
          [
            -49.3380191,
            -20.6352555
          ]
        ]
      },
      "id": "way/453411497"
    },
    {
      "type": "Feature",
      "properties": {
        "@id": "way/453411506",
        "highway": "trunk",
        "maxspeed": "80",
        "name": "Rodovia Transbrasiliana",
        "oneway": "no",
        "ref": "BR-153",
        "source": "osm-gpx",
        "surface": "asphalt"
      },
      "geometry": {
        "type": "LineString",
        "coordinates": [
          [
            -49.3208798,
            -20.6026248
          ],
          [
            -49.3216382,
            -20.6034476
          ]
        ]
      },
      "id": "way/453411506"
    },
    {
      "type": "Feature",
      "properties": {
        "@id": "way/453411507",
        "highway": "trunk",
        "maxspeed": "80",
        "name": "Rodovia Transbrasiliana",
        "oneway": "no",
        "ref": "BR-153",
        "source": "osm-gpx",
        "surface": "asphalt"
      },
      "geometry": {
        "type": "LineString",
        "coordinates": [
          [
            -49.3203842,
            -20.6020891
          ],
          [
            -49.3208798,
            -20.6026248
          ]
        ]
      },
      "id": "way/453411507"
    },
    {
      "type": "Feature",
      "properties": {
        "@id": "way/453411512",
        "highway": "trunk",
        "maxspeed": "80",
        "name": "Rodovia Transbrasiliana",
        "oneway": "no",
        "ref": "BR-153;BR-262",
        "source": "osm-gpx",
        "surface": "asphalt"
      },
      "geometry": {
        "type": "LineString",
        "coordinates": [
          [
            -49.2116775,
            -20.324676
          ],
          [
            -49.2118121,
            -20.3252753
          ]
        ]
      },
      "id": "way/453411512"
    },
    {
      "type": "Feature",
      "properties": {
        "@id": "way/453411513",
        "highway": "trunk",
        "maxspeed": "80",
        "name": "Rodovia Transbrasiliana",
        "oneway": "no",
        "ref": "BR-153;BR-262",
        "source": "osm-gpx",
        "surface": "asphalt"
      },
      "geometry": {
        "type": "LineString",
        "coordinates": [
          [
            -49.2116203,
            -20.3242885
          ],
          [
            -49.2116775,
            -20.324676
          ]
        ]
      },
      "id": "way/453411513"
    },
    {
      "type": "Feature",
      "properties": {
        "@id": "way/453411514",
        "highway": "trunk",
        "maxspeed": "80",
        "name": "Rodovia Transbrasiliana",
        "oneway": "no",
        "ref": "BR-153;BR-262",
        "source": "osm-gpx",
        "surface": "asphalt"
      },
      "geometry": {
        "type": "LineString",
        "coordinates": [
          [
            -49.2118507,
            -20.3255289
          ],
          [
            -49.2122024,
            -20.3272159
          ]
        ]
      },
      "id": "way/453411514"
    },
    {
      "type": "Feature",
      "properties": {
        "@id": "way/453411516",
        "highway": "trunk",
        "maxspeed": "80",
        "name": "Rodovia Transbrasiliana",
        "oneway": "no",
        "ref": "BR-153;BR-262",
        "source": "osm-gpx",
        "surface": "asphalt"
      },
      "geometry": {
        "type": "LineString",
        "coordinates": [
          [
            -49.2147443,
            -20.3494277
          ],
          [
            -49.2146869,
            -20.3497525
          ]
        ]
      },
      "id": "way/453411516"
    },
    {
      "type": "Feature",
      "properties": {
        "@id": "way/453411517",
        "highway": "trunk",
        "maxspeed": "80",
        "name": "Rodovia Transbrasiliana",
        "oneway": "no",
        "ref": "BR-153;BR-262",
        "source": "osm-gpx",
        "surface": "asphalt"
      },
      "geometry": {
        "type": "LineString",
        "coordinates": [
          [
            -49.2148424,
            -20.3488375
          ],
          [
            -49.2147443,
            -20.3494277
          ]
        ]
      },
      "id": "way/453411517"
    },
    {
      "type": "Feature",
      "properties": {
        "@id": "way/453548779",
        "bridge": "viaduct",
        "highway": "motorway",
        "lanes": "2",
        "layer": "1",
        "maxspeed": "80",
        "name": "Rodovia Transbrasiliana",
        "oneway": "yes",
        "ref": "BR-153",
        "surface": "asphalt"
      },
      "geometry": {
        "type": "LineString",
        "coordinates": [
          [
            -49.3460418,
            -20.7609404
          ],
          [
            -49.3462505,
            -20.7614402
          ]
        ]
      },
      "id": "way/453548779"
    },
    {
      "type": "Feature",
      "properties": {
        "@id": "way/458730379",
        "highway": "motorway",
        "lanes": "2",
        "maxspeed": "80",
        "name": "Rodovia Transbrasiliana",
        "oneway": "yes",
        "operator": "Triunfo Transbrasiliana",
        "operator:type": "private",
        "owner": "União Federal",
        "ownership": "national",
        "ref": "BR-153",
        "surface": "asphalt"
      },
      "geometry": {
        "type": "LineString",
        "coordinates": [
          [
            -49.4332489,
            -20.893548
          ],
          [
            -49.433666,
            -20.8939265
          ],
          [
            -49.4340504,
            -20.8942379
          ],
          [
            -49.4343567,
            -20.8944764
          ],
          [
            -49.4347239,
            -20.8947368
          ],
          [
            -49.4353491,
            -20.8951567
          ],
          [
            -49.4359381,
            -20.8955389
          ],
          [
            -49.4362517,
            -20.895738
          ]
        ]
      },
      "id": "way/458730379"
    },
    {
      "type": "Feature",
      "properties": {
        "@id": "way/478126623",
        "highway": "trunk",
        "lanes": "2",
        "name": "Rodovia Transbrasiliana",
        "oneway": "yes",
        "operator": "Triunfo Transbrasiliana",
        "operator:type": "private",
        "owner": "União Federal",
        "ownership": "national",
        "ref": "BR-153",
        "source": "osm-gpx",
        "surface": "asphalt"
      },
      "geometry": {
        "type": "LineString",
        "coordinates": [
          [
            -49.6658033,
            -21.0701056
          ],
          [
            -49.6664858,
            -21.0714458
          ],
          [
            -49.6666279,
            -21.0717336
          ],
          [
            -49.6666977,
            -21.0718913
          ],
          [
            -49.6667781,
            -21.0721966
          ],
          [
            -49.6668586,
            -21.0724569
          ],
          [
            -49.6668657,
            -21.072597
          ]
        ]
      },
      "id": "way/478126623"
    },
    {
      "type": "Feature",
      "properties": {
        "@id": "way/478126624",
        "highway": "trunk",
        "lanes": "2",
        "name": "Rodovia Transbrasiliana",
        "oneway": "yes",
        "operator": "Triunfo Transbrasiliana",
        "operator:type": "private",
        "owner": "União Federal",
        "ownership": "national",
        "ref": "BR-153",
        "source": "osm-gpx",
        "surface": "asphalt"
      },
      "geometry": {
        "type": "LineString",
        "coordinates": [
          [
            -49.6637184,
            -21.0662255
          ],
          [
            -49.6638197,
            -21.0662998
          ],
          [
            -49.6639833,
            -21.0665576
          ],
          [
            -49.6641254,
            -21.0667253
          ],
          [
            -49.6642301,
            -21.066878
          ],
          [
            -49.6644902,
            -21.0674491
          ],
          [
            -49.6651608,
            -21.0688002
          ],
          [
            -49.6658033,
            -21.0701056
          ]
        ]
      },
      "id": "way/478126624"
    },
    {
      "type": "Feature",
      "properties": {
        "@id": "way/478126625",
        "highway": "trunk",
        "lanes": "2",
        "name": "Rodovia Transbrasiliana",
        "oneway": "yes",
        "operator": "Triunfo Transbrasiliana",
        "operator:type": "private",
        "owner": "União Federal",
        "ownership": "national",
        "ref": "BR-153",
        "source": "osm-gpx",
        "surface": "asphalt"
      },
      "geometry": {
        "type": "LineString",
        "coordinates": [
          [
            -49.6668657,
            -21.072597
          ],
          [
            -49.6667594,
            -21.072527
          ],
          [
            -49.6666306,
            -21.0723493
          ],
          [
            -49.666467,
            -21.072139
          ],
          [
            -49.6664,
            -21.0720339
          ],
          [
            -49.666168,
            -21.0715383
          ],
          [
            -49.6655282,
            -21.0702056
          ],
          [
            -49.6648711,
            -21.0689028
          ],
          [
            -49.6648144,
            -21.0687979
          ],
          [
            -49.6641549,
            -21.0675488
          ],
          [
            -49.6638814,
            -21.0669606
          ],
          [
            -49.6638358,
            -21.0667854
          ],
          [
            -49.6638036,
            -21.0665976
          ],
          [
            -49.6637151,
            -21.0663453
          ],
          [
            -49.6637184,
            -21.0662255
          ]
        ]
      },
      "id": "way/478126625"
    },
    {
      "type": "Feature",
      "properties": {
        "@id": "way/478126626",
        "highway": "trunk",
        "lanes": "2",
        "name": "Rodovia Transbrasiliana",
        "operator": "Triunfo Transbrasiliana",
        "operator:type": "private",
        "owner": "União Federal",
        "ownership": "national",
        "ref": "BR-153",
        "source": "osm-gpx",
        "surface": "asphalt"
      },
      "geometry": {
        "type": "LineString",
        "coordinates": [
          [
            -49.6354037,
            -21.0087251
          ],
          [
            -49.63576,
            -21.0094605
          ],
          [
            -49.6361035,
            -21.0101695
          ],
          [
            -49.6362948,
            -21.0105588
          ],
          [
            -49.6370995,
            -21.0121963
          ],
          [
            -49.6372524,
            -21.0125288
          ],
          [
            -49.6373972,
            -21.0128436
          ],
          [
            -49.637741,
            -21.013508
          ],
          [
            -49.6404886,
            -21.0190801
          ],
          [
            -49.642708,
            -21.0235809
          ],
          [
            -49.6435931,
            -21.0254511
          ],
          [
            -49.6467184,
            -21.031701
          ],
          [
            -49.6474258,
            -21.0331401
          ],
          [
            -49.6477008,
            -21.033695
          ],
          [
            -49.6477537,
            -21.0338031
          ],
          [
            -49.6502598,
            -21.0389213
          ],
          [
            -49.6505642,
            -21.0395416
          ],
          [
            -49.6507477,
            -21.0399156
          ],
          [
            -49.6539111,
            -21.0463625
          ],
          [
            -49.6560929,
            -21.050698
          ],
          [
            -49.656985,
            -21.0524708
          ],
          [
            -49.6586537,
            -21.0558484
          ],
          [
            -49.6587939,
            -21.0561081
          ],
          [
            -49.6588853,
            -21.0563078
          ],
          [
            -49.660251,
            -21.0591355
          ],
          [
            -49.6606432,
            -21.0599155
          ],
          [
            -49.6627823,
            -21.0643188
          ],
          [
            -49.6637184,
            -21.0662255
          ]
        ]
      },
      "id": "way/478126626"
    },
    {
      "type": "Feature",
      "properties": {
        "@id": "way/479756324",
        "highway": "trunk",
        "junction": "roundabout",
        "oneway": "yes",
        "surface": "asphalt"
      },
      "geometry": {
        "type": "LineString",
        "coordinates": [
          [
            -49.9191203,
            -22.2382121
          ],
          [
            -49.9190554,
            -22.2381816
          ],
          [
            -49.9190044,
            -22.2381334
          ],
          [
            -49.9189726,
            -22.2380727
          ],
          [
            -49.9189634,
            -22.2380058
          ],
          [
            -49.9189778,
            -22.2379397
          ],
          [
            -49.9190142,
            -22.2378813
          ],
          [
            -49.9190688,
            -22.2378367
          ]
        ]
      },
      "id": "way/479756324"
    },
    {
      "type": "Feature",
      "properties": {
        "@id": "way/479756325",
        "highway": "trunk",
        "lanes": "2",
        "name": "Rodovia Transbrasiliana",
        "oneway": "yes",
        "ref": "BR-153",
        "surface": "asphalt"
      },
      "geometry": {
        "type": "LineString",
        "coordinates": [
          [
            -49.9190688,
            -22.2378367
          ],
          [
            -49.9191594,
            -22.237678
          ],
          [
            -49.9192264,
            -22.2374746
          ],
          [
            -49.91923,
            -22.2373306
          ],
          [
            -49.9191842,
            -22.236971
          ],
          [
            -49.9190869,
            -22.2361214
          ],
          [
            -49.9190654,
            -22.2359405
          ],
          [
            -49.9189284,
            -22.2349178
          ],
          [
            -49.9188049,
            -22.2339738
          ],
          [
            -49.918795,
            -22.2339002
          ],
          [
            -49.9187005,
            -22.2328646
          ],
          [
            -49.9186253,
            -22.2322713
          ]
        ]
      },
      "id": "way/479756325"
    },
    {
      "type": "Feature",
      "properties": {
        "@id": "way/479756344",
        "highway": "trunk",
        "lanes": "2",
        "maxspeed": "40",
        "name": "Rodovia Transbrasiliana",
        "oneway": "yes",
        "ref": "BR-153",
        "surface": "asphalt"
      },
      "geometry": {
        "type": "LineString",
        "coordinates": [
          [
            -49.921183,
            -22.2510564
          ],
          [
            -49.9209885,
            -22.2497581
          ],
          [
            -49.9208732,
            -22.2491846
          ],
          [
            -49.9208554,
            -22.2490977
          ],
          [
            -49.9207941,
            -22.2488718
          ],
          [
            -49.9206784,
            -22.2485847
          ],
          [
            -49.9206505,
            -22.2485385
          ],
          [
            -49.9205937,
            -22.2484044
          ],
          [
            -49.9205204,
            -22.2482664
          ],
          [
            -49.9204793,
            -22.2480554
          ],
          [
            -49.9204652,
            -22.2478376
          ],
          [
            -49.9204925,
            -22.2476807
          ],
          [
            -49.9205197,
            -22.2475524
          ],
          [
            -49.9205433,
            -22.2473339
          ],
          [
            -49.9205426,
            -22.2471155
          ],
          [
            -49.9204534,
            -22.2464426
          ],
          [
            -49.9204359,
            -22.2463331
          ],
          [
            -49.9204299,
            -22.2462977
          ],
          [
            -49.9203746,
            -22.2459544
          ],
          [
            -49.9203708,
            -22.2459096
          ],
          [
            -49.9202873,
            -22.2452528
          ],
          [
            -49.9202551,
            -22.2450736
          ],
          [
            -49.9202007,
            -22.2449298
          ],
          [
            -49.9201375,
            -22.2448105
          ],
          [
            -49.9200866,
            -22.2447254
          ],
          [
            -49.9200298,
            -22.2445909
          ],
          [
            -49.9199867,
            -22.2444641
          ],
          [
            -49.9199696,
            -22.2443953
          ],
          [
            -49.9199468,
            -22.2442961
          ],
          [
            -49.9199257,
            -22.2441506
          ],
          [
            -49.9199194,
            -22.2438816
          ],
          [
            -49.9199519,
            -22.2437664
          ],
          [
            -49.9199794,
            -22.2436366
          ],
          [
            -49.9200067,
            -22.2434744
          ],
          [
            -49.9200203,
            -22.2433446
          ],
          [
            -49.9200135,
            -22.2431383
          ],
          [
            -49.9199258,
            -22.2425189
          ],
          [
            -49.9198949,
            -22.2422945
          ],
          [
            -49.9198312,
            -22.2418039
          ],
          [
            -49.919787,
            -22.2414884
          ],
          [
            -49.9197587,
            -22.2412367
          ],
          [
            -49.9197145,
            -22.2409065
          ],
          [
            -49.9196109,
            -22.240119
          ],
          [
            -49.9195154,
            -22.2394295
          ],
          [
            -49.9194422,
            -22.2388012
          ],
          [
            -49.9194063,
            -22.2386419
          ],
          [
            -49.9193551,
            -22.2385194
          ],
          [
            -49.91928,
            -22.2384176
          ],
          [
            -49.9191203,
            -22.2382121
          ]
        ]
      },
      "id": "way/479756344"
    },
    {
      "type": "Feature",
      "properties": {
        "@id": "way/479758967",
        "highway": "trunk",
        "lanes": "2",
        "name": "Rodovia Transbrasiliana",
        "oneway": "no",
        "ref": "BR-153",
        "surface": "asphalt"
      },
      "geometry": {
        "type": "LineString",
        "coordinates": [
          [
            -49.9214759,
            -22.2527448
          ],
          [
            -49.9218504,
            -22.2550986
          ],
          [
            -49.9220614,
            -22.2564091
          ],
          [
            -49.9222842,
            -22.2577063
          ],
          [
            -49.9226616,
            -22.2602654
          ],
          [
            -49.9228754,
            -22.2615772
          ],
          [
            -49.9230013,
            -22.2623917
          ],
          [
            -49.9230991,
            -22.2630679
          ],
          [
            -49.9233028,
            -22.2643584
          ],
          [
            -49.9235171,
            -22.2656411
          ],
          [
            -49.9236484,
            -22.2665079
          ],
          [
            -49.9236895,
            -22.2667537
          ],
          [
            -49.9237038,
            -22.2669232
          ],
          [
            -49.9237234,
            -22.2672052
          ],
          [
            -49.9237347,
            -22.2675022
          ],
          [
            -49.9237245,
            -22.2676099
          ],
          [
            -49.9237115,
            -22.267746
          ],
          [
            -49.9237063,
            -22.2679232
          ],
          [
            -49.9236715,
            -22.2682408
          ],
          [
            -49.9236658,
            -22.2682664
          ],
          [
            -49.923573,
            -22.2686807
          ],
          [
            -49.9235632,
            -22.2687342
          ],
          [
            -49.9235167,
            -22.2689881
          ],
          [
            -49.9234463,
            -22.2692134
          ],
          [
            -49.9233765,
            -22.2693936
          ],
          [
            -49.9232684,
            -22.2698037
          ],
          [
            -49.9225937,
            -22.2714284
          ],
          [
            -49.9222481,
            -22.2722592
          ],
          [
            -49.921924,
            -22.2731056
          ],
          [
            -49.9204982,
            -22.2765987
          ],
          [
            -49.9202631,
            -22.2771583
          ],
          [
            -49.9193128,
            -22.2795536
          ],
          [
            -49.9188863,
            -22.2805684
          ],
          [
            -49.9184901,
            -22.2815466
          ],
          [
            -49.9171919,
            -22.2847979
          ],
          [
            -49.916524,
            -22.2864607
          ],
          [
            -49.9157569,
            -22.2882985
          ],
          [
            -49.9153036,
            -22.2894364
          ],
          [
            -49.9147169,
            -22.2908715
          ],
          [
            -49.9141623,
            -22.2922284
          ],
          [
            -49.9139424,
            -22.29269
          ],
          [
            -49.9136674,
            -22.2931529
          ],
          [
            -49.9133188,
            -22.2936926
          ],
          [
            -49.9128829,
            -22.2941828
          ],
          [
            -49.9121332,
            -22.2949881
          ],
          [
            -49.911519,
            -22.2956408
          ],
          [
            -49.9111931,
            -22.2960329
          ],
          [
            -49.910764,
            -22.2965292
          ],
          [
            -49.9101484,
            -22.2972464
          ],
          [
            -49.9097139,
            -22.2976981
          ],
          [
            -49.9092619,
            -22.2980778
          ],
          [
            -49.90848,
            -22.2986336
          ],
          [
            -49.9077666,
            -22.2991002
          ],
          [
            -49.9069726,
            -22.2995767
          ],
          [
            -49.9062069,
            -22.3000482
          ],
          [
            -49.9058703,
            -22.3002951
          ],
          [
            -49.9056222,
            -22.3004961
          ],
          [
            -49.90548,
            -22.3006648
          ],
          [
            -49.9053419,
            -22.3008553
          ],
          [
            -49.9052131,
            -22.3010855
          ],
          [
            -49.9050361,
            -22.3014453
          ],
          [
            -49.9048135,
            -22.301825
          ],
          [
            -49.9046579,
            -22.3021253
          ],
          [
            -49.9045238,
            -22.3023635
          ],
          [
            -49.9043253,
            -22.3026464
          ],
          [
            -49.9041134,
            -22.3029367
          ],
          [
            -49.9038076,
            -22.3032792
          ],
          [
            -49.9034348,
            -22.3036824
          ],
          [
            -49.9029386,
            -22.3042445
          ],
          [
            -49.9025899,
            -22.3046415
          ],
          [
            -49.9021071,
            -22.3052173
          ],
          [
            -49.9017021,
            -22.3056875
          ],
          [
            -49.9012099,
            -22.3062731
          ],
          [
            -49.9007513,
            -22.3067967
          ],
          [
            -49.9003275,
            -22.3073042
          ],
          [
            -49.8999131,
            -22.3077968
          ],
          [
            -49.8994665,
            -22.3083601
          ],
          [
            -49.8991218,
            -22.3088911
          ],
          [
            -49.8989663,
            -22.3091603
          ],
          [
            -49.8988429,
            -22.3093936
          ],
          [
            -49.8985827,
            -22.3099383
          ],
          [
            -49.8984218,
            -22.3103651
          ],
          [
            -49.8983037,
            -22.3107509
          ],
          [
            -49.8982166,
            -22.3110809
          ],
          [
            -49.8981607,
            -22.31133
          ],
          [
            -49.8980905,
            -22.3117869
          ],
          [
            -49.8980516,
            -22.312071
          ],
          [
            -49.8980315,
            -22.3123626
          ],
          [
            -49.8980328,
            -22.3129271
          ],
          [
            -49.89806,
            -22.314092
          ],
          [
            -49.8981535,
            -22.316602
          ],
          [
            -49.8982099,
            -22.3180858
          ],
          [
            -49.8982318,
            -22.3189566
          ]
        ]
      },
      "id": "way/479758967"
    },
    {
      "type": "Feature",
      "properties": {
        "@id": "way/493780023",
        "highway": "trunk",
        "lanes": "1",
        "maxspeed": "40",
        "name": "Rodovia Transbrasiliana",
        "oneway": "yes",
        "ref": "BR-153",
        "surface": "asphalt"
      },
      "geometry": {
        "type": "LineString",
        "coordinates": [
          [
            -49.9186253,
            -22.2322713
          ],
          [
            -49.9186176,
            -22.232146
          ],
          [
            -49.9185991,
            -22.2320082
          ],
          [
            -49.9185739,
            -22.2319218
          ],
          [
            -49.9185367,
            -22.2318242
          ],
          [
            -49.9184912,
            -22.2317198
          ],
          [
            -49.9184453,
            -22.2316291
          ],
          [
            -49.9183763,
            -22.2315181
          ],
          [
            -49.9183002,
            -22.2314069
          ]
        ]
      },
      "id": "way/493780023"
    },
    {
      "type": "Feature",
      "properties": {
        "@id": "way/493780025",
        "highway": "trunk",
        "lanes": "1",
        "name": "Rodovia Transbrasiliana",
        "oneway": "yes",
        "ref": "BR-153",
        "surface": "asphalt"
      },
      "geometry": {
        "type": "LineString",
        "coordinates": [
          [
            -49.9212608,
            -22.250946
          ],
          [
            -49.9214203,
            -22.2520779
          ],
          [
            -49.9214759,
            -22.2527448
          ]
        ]
      },
      "id": "way/493780025"
    },
    {
      "type": "Feature",
      "properties": {
        "@id": "way/493780026",
        "highway": "trunk",
        "lanes": "1",
        "name": "Rodovia Transbrasiliana",
        "oneway": "yes",
        "ref": "BR-153",
        "surface": "asphalt"
      },
      "geometry": {
        "type": "LineString",
        "coordinates": [
          [
            -49.9214759,
            -22.2527448
          ],
          [
            -49.9213226,
            -22.2520861
          ],
          [
            -49.921183,
            -22.2510564
          ]
        ]
      },
      "id": "way/493780026"
    },
    {
      "type": "Feature",
      "properties": {
        "@id": "way/502497985",
        "highway": "trunk",
        "maxspeed": "80",
        "name": "Rodovia Transbrasiliana",
        "oneway": "no",
        "ref": "BR-153;BR-262",
        "source": "osm-gpx",
        "surface": "asphalt"
      },
      "geometry": {
        "type": "LineString",
        "coordinates": [
          [
            -49.2559108,
            -20.4122277
          ],
          [
            -49.2563223,
            -20.4124536
          ]
        ]
      },
      "id": "way/502497985"
    },
    {
      "type": "Feature",
      "properties": {
        "@id": "way/502497991",
        "highway": "trunk",
        "maxspeed": "80",
        "name": "Rodovia Transbrasiliana",
        "oneway": "no",
        "ref": "BR-153;BR-262",
        "source": "osm-gpx",
        "surface": "asphalt"
      },
      "geometry": {
        "type": "LineString",
        "coordinates": [
          [
            -49.2571458,
            -20.4129539
          ],
          [
            -49.2660545,
            -20.4181277
          ]
        ]
      },
      "id": "way/502497991"
    },
    {
      "type": "Feature",
      "properties": {
        "@id": "way/502498014",
        "highway": "trunk",
        "maxspeed": "80",
        "name": "Rodovia Transbrasiliana",
        "oneway": "no",
        "ref": "BR-153;BR-262",
        "source": "osm-gpx",
        "surface": "asphalt"
      },
      "geometry": {
        "type": "LineString",
        "coordinates": [
          [
            -49.2497644,
            -20.4086025
          ],
          [
            -49.2559108,
            -20.4122277
          ]
        ]
      },
      "id": "way/502498014"
    },
    {
      "type": "Feature",
      "properties": {
        "@id": "way/502498017",
        "highway": "trunk",
        "maxspeed": "80",
        "name": "Rodovia Transbrasiliana",
        "oneway": "no",
        "ref": "BR-153;BR-262",
        "source": "osm-gpx",
        "surface": "asphalt"
      },
      "geometry": {
        "type": "LineString",
        "coordinates": [
          [
            -49.2563223,
            -20.4124536
          ],
          [
            -49.2568229,
            -20.4127577
          ]
        ]
      },
      "id": "way/502498017"
    },
    {
      "type": "Feature",
      "properties": {
        "@id": "way/502498021",
        "highway": "trunk",
        "maxspeed": "80",
        "name": "Rodovia Transbrasiliana",
        "oneway": "no",
        "ref": "BR-153;BR-262",
        "source": "osm-gpx",
        "surface": "asphalt"
      },
      "geometry": {
        "type": "LineString",
        "coordinates": [
          [
            -49.2568229,
            -20.4127577
          ],
          [
            -49.2571458,
            -20.4129539
          ]
        ]
      },
      "id": "way/502498021"
    },
    {
      "type": "Feature",
      "properties": {
        "@id": "way/526575212",
        "bridge": "viaduct",
        "highway": "motorway",
        "lanes": "2",
        "layer": "1",
        "maxspeed": "80",
        "name": "Rodovia Transbrasiliana",
        "oneway": "yes",
        "ref": "BR-153",
        "source": "Bing/Esri/GPS",
        "surface": "asphalt"
      },
      "geometry": {
        "type": "LineString",
        "coordinates": [
          [
            -49.338125,
            -20.7348883
          ],
          [
            -49.3381207,
            -20.7351211
          ]
        ]
      },
      "id": "way/526575212"
    },
    {
      "type": "Feature",
      "properties": {
        "@id": "way/526575215",
        "highway": "motorway",
        "lanes": "2",
        "maxspeed": "80",
        "name": "Rodovia Transbrasiliana",
        "oneway": "yes",
        "ref": "BR-153",
        "source": "Bing/Esri/GPS",
        "surface": "asphalt"
      },
      "geometry": {
        "type": "LineString",
        "coordinates": [
          [
            -49.3385398,
            -20.7239204
          ],
          [
            -49.3385562,
            -20.724113
          ],
          [
            -49.3385498,
            -20.724226
          ],
          [
            -49.338498,
            -20.7249233
          ],
          [
            -49.3384941,
            -20.7250501
          ]
        ]
      },
      "id": "way/526575215"
    },
    {
      "type": "Feature",
      "properties": {
        "@id": "way/526575216",
        "highway": "motorway",
        "lanes": "2",
        "maxspeed": "80",
        "name": "Rodovia Transbrasiliana",
        "oneway": "yes",
        "ref": "BR-153",
        "source": "Bing/Esri/GPS",
        "surface": "asphalt"
      },
      "geometry": {
        "type": "LineString",
        "coordinates": [
          [
            -49.338034,
            -20.7348822
          ],
          [
            -49.338167,
            -20.7311967
          ]
        ]
      },
      "id": "way/526575216"
    },
    {
      "type": "Feature",
      "properties": {
        "@id": "way/526575217",
        "bridge": "viaduct",
        "highway": "motorway",
        "lanes": "2",
        "layer": "1",
        "maxspeed": "80",
        "name": "Rodovia Transbrasiliana",
        "oneway": "yes",
        "ref": "BR-153",
        "source": "Bing/Esri/GPS",
        "surface": "asphalt"
      },
      "geometry": {
        "type": "LineString",
        "coordinates": [
          [
            -49.3380286,
            -20.7351149
          ],
          [
            -49.338034,
            -20.7348822
          ]
        ]
      },
      "id": "way/526575217"
    },
    {
      "type": "Feature",
      "properties": {
        "@id": "way/526575226",
        "highway": "motorway",
        "lanes": "2",
        "maxspeed": "60",
        "name": "Rodovia Transbrasiliana",
        "oneway": "yes",
        "ref": "BR-153",
        "source": "Bing/Esri/GPS",
        "surface": "asphalt",
        "turn:lanes": "|merge_to_left"
      },
      "geometry": {
        "type": "LineString",
        "coordinates": [
          [
            -49.3383613,
            -20.7262188
          ],
          [
            -49.3383714,
            -20.7258683
          ],
          [
            -49.3384029,
            -20.7249308
          ]
        ]
      },
      "id": "way/526575226"
    },
    {
      "type": "Feature",
      "properties": {
        "@id": "way/526575229",
        "highway": "motorway",
        "lanes": "2",
        "maxspeed": "80",
        "name": "Rodovia Transbrasiliana",
        "oneway": "yes",
        "ref": "BR-153",
        "source": "Bing/Esri/GPS",
        "surface": "asphalt"
      },
      "geometry": {
        "type": "LineString",
        "coordinates": [
          [
            -49.3392028,
            -20.7452891
          ],
          [
            -49.3395862,
            -20.7461738
          ],
          [
            -49.3400717,
            -20.7473126
          ],
          [
            -49.3403848,
            -20.7480066
          ]
        ]
      },
      "id": "way/526575229"
    },
    {
      "type": "Feature",
      "properties": {
        "@id": "way/526887739",
        "highway": "trunk",
        "lanes": "3",
        "lanes:backward": "2",
        "lanes:forward": "1",
        "maxspeed": "80",
        "name": "Rodovia Transbrasiliana",
        "oneway": "no",
        "ref": "BR-153",
        "source": "osm-gpx",
        "surface": "asphalt",
        "turn:lanes:backward": "through|slight_right"
      },
      "geometry": {
        "type": "LineString",
        "coordinates": [
          [
            -49.3386492,
            -20.7209459
          ],
          [
            -49.3386434,
            -20.7216081
          ]
        ]
      },
      "id": "way/526887739"
    },
    {
      "type": "Feature",
      "properties": {
        "@id": "way/526887740",
        "highway": "trunk",
        "lanes": "2",
        "maxspeed": "80",
        "name": "Rodovia Transbrasiliana",
        "oneway": "no",
        "ref": "BR-153",
        "source": "osm-gpx",
        "surface": "asphalt"
      },
      "geometry": {
        "type": "LineString",
        "coordinates": [
          [
            -49.3387319,
            -20.719319
          ],
          [
            -49.3386917,
            -20.7200628
          ],
          [
            -49.3386492,
            -20.7209459
          ]
        ]
      },
      "id": "way/526887740"
    },
    {
      "type": "Feature",
      "properties": {
        "@id": "way/526887741",
        "highway": "trunk",
        "lanes": "2",
        "maxspeed": "80",
        "name": "Rodovia Transbrasiliana",
        "oneway": "no",
        "ref": "BR-153",
        "source": "osm-gpx",
        "surface": "asphalt"
      },
      "geometry": {
        "type": "LineString",
        "coordinates": [
          [
            -49.3388004,
            -20.7172944
          ],
          [
            -49.3387668,
            -20.718047
          ],
          [
            -49.3387371,
            -20.7190028
          ]
        ]
      },
      "id": "way/526887741"
    },
    {
      "type": "Feature",
      "properties": {
        "@id": "way/526887742",
        "highway": "trunk",
        "lanes": "3",
        "lanes:backward": "2",
        "lanes:forward": "1",
        "maxspeed": "80",
        "name": "Rodovia Transbrasiliana",
        "oneway": "no",
        "ref": "BR-153",
        "source": "osm-gpx",
        "surface": "asphalt",
        "turn:lanes:backward": "|merge_to_left"
      },
      "geometry": {
        "type": "LineString",
        "coordinates": [
          [
            -49.3388312,
            -20.7162846
          ],
          [
            -49.3388004,
            -20.7172944
          ]
        ]
      },
      "id": "way/526887742"
    },
    {
      "type": "Feature",
      "properties": {
        "@id": "way/526887743",
        "highway": "trunk",
        "lanes": "2",
        "maxspeed": "80",
        "name": "Rodovia Transbrasiliana",
        "oneway": "no",
        "ref": "BR-153",
        "source": "osm-gpx",
        "surface": "asphalt"
      },
      "geometry": {
        "type": "LineString",
        "coordinates": [
          [
            -49.3386367,
            -20.7220585
          ],
          [
            -49.3385627,
            -20.7235126
          ],
          [
            -49.3385398,
            -20.7239204
          ]
        ]
      },
      "id": "way/526887743"
    },
    {
      "type": "Feature",
      "properties": {
        "@id": "way/526887744",
        "bridge": "viaduct",
        "highway": "trunk",
        "lanes": "2",
        "layer": "1",
        "maxspeed": "80",
        "name": "Rodovia Transbrasiliana",
        "oneway": "no",
        "ref": "BR-153",
        "source": "osm-gpx",
        "surface": "asphalt"
      },
      "geometry": {
        "type": "LineString",
        "coordinates": [
          [
            -49.3387371,
            -20.7190028
          ],
          [
            -49.3387319,
            -20.719319
          ]
        ]
      },
      "id": "way/526887744"
    },
    {
      "type": "Feature",
      "properties": {
        "@id": "way/542472023",
        "highway": "trunk",
        "junction": "roundabout",
        "lanes": "2",
        "oneway": "yes",
        "surface": "asphalt"
      },
      "geometry": {
        "type": "LineString",
        "coordinates": [
          [
            -49.9193961,
            -22.2379318
          ],
          [
            -49.919414,
            -22.2380185
          ]
        ]
      },
      "id": "way/542472023"
    },
    {
      "type": "Feature",
      "properties": {
        "@id": "way/542472024",
        "highway": "trunk",
        "lanes": "2",
        "name": "Rodovia Transbrasiliana",
        "oneway": "yes",
        "ref": "BR-153",
        "surface": "asphalt"
      },
      "geometry": {
        "type": "LineString",
        "coordinates": [
          [
            -49.9190868,
            -22.2315888
          ],
          [
            -49.9189768,
            -22.2316803
          ],
          [
            -49.9189035,
            -22.2317465
          ],
          [
            -49.9188268,
            -22.2318332
          ],
          [
            -49.9187873,
            -22.2318931
          ],
          [
            -49.9187413,
            -22.2319795
          ],
          [
            -49.9187125,
            -22.2320645
          ],
          [
            -49.9186942,
            -22.232163
          ],
          [
            -49.9186983,
            -22.2322613
          ],
          [
            -49.9187783,
            -22.2328619
          ],
          [
            -49.9188958,
            -22.2338731
          ],
          [
            -49.9189058,
            -22.23396
          ],
          [
            -49.91903,
            -22.2349025
          ],
          [
            -49.9191518,
            -22.2359113
          ],
          [
            -49.9191817,
            -22.2361078
          ],
          [
            -49.9192935,
            -22.2369579
          ],
          [
            -49.9193309,
            -22.2372358
          ],
          [
            -49.9193886,
            -22.2377597
          ],
          [
            -49.9193961,
            -22.2379318
          ]
        ]
      },
      "id": "way/542472024"
    },
    {
      "type": "Feature",
      "properties": {
        "@id": "way/563495873",
        "bridge": "yes",
        "highway": "trunk",
        "lanes": "2",
        "layer": "1",
        "maxspeed": "110",
        "name": "Rodovia Transbrasiliana",
        "ref": "BR-153;BR-267",
        "surface": "asphalt"
      },
      "geometry": {
        "type": "LineString",
        "coordinates": [
          [
            -49.8582825,
            -21.7447554
          ],
          [
            -49.858947,
            -21.7451926
          ]
        ]
      },
      "id": "way/563495873"
    },
    {
      "type": "Feature",
      "properties": {
        "@id": "way/563495874",
        "highway": "trunk",
        "lanes": "2",
        "maxspeed": "110",
        "name": "Rodovia Transbrasiliana",
        "ref": "BR-153;BR-267",
        "surface": "asphalt"
      },
      "geometry": {
        "type": "LineString",
        "coordinates": [
          [
            -49.8097114,
            -21.7120634
          ],
          [
            -49.8135996,
            -21.7146717
          ],
          [
            -49.8174874,
            -21.7172806
          ],
          [
            -49.8314994,
            -21.7267057
          ],
          [
            -49.8375919,
            -21.7308019
          ],
          [
            -49.8427303,
            -21.7342666
          ],
          [
            -49.8492649,
            -21.7386727
          ],
          [
            -49.8582825,
            -21.7447554
          ]
        ]
      },
      "id": "way/563495874"
    },
    {
      "type": "Feature",
      "properties": {
        "@id": "way/602293162",
        "bridge": "yes",
        "description": "Ponte sobre o Rio Paranapanema",
        "highway": "trunk",
        "lanes": "2",
        "layer": "1",
        "maxspeed": "100",
        "maxspeed:hgv": "80",
        "nat_ref": "BR-153;BR-369",
        "oneway": "yes",
        "owner": "Patrimônio da União",
        "ref": "BR-153;BR-369",
        "source": "osm-gpx",
        "surface": "asphalt"
      },
      "geometry": {
        "type": "LineString",
        "coordinates": [
          [
            -49.9054048,
            -22.9975663
          ],
          [
            -49.905314,
            -22.9970962
          ],
          [
            -49.9051912,
            -22.9965183
          ]
        ]
      },
      "id": "way/602293162"
    },
    {
      "type": "Feature",
      "properties": {
        "@id": "way/607402379",
        "highway": "trunk",
        "maxspeed": "80",
        "name": "Rodovia Transbrasiliana",
        "oneway": "no",
        "ref": "BR-153",
        "source": "osm-gpx",
        "surface": "asphalt"
      },
      "geometry": {
        "type": "LineString",
        "coordinates": [
          [
            -49.317531,
            -20.591129
          ],
          [
            -49.3172592,
            -20.5919591
          ],
          [
            -49.3171234,
            -20.592358
          ],
          [
            -49.3169572,
            -20.5928463
          ],
          [
            -49.3167384,
            -20.5936149
          ],
          [
            -49.316657,
            -20.5941262
          ],
          [
            -49.3165973,
            -20.5947848
          ],
          [
            -49.3165943,
            -20.5949112
          ],
          [
            -49.3165991,
            -20.59512
          ],
          [
            -49.3166118,
            -20.5955991
          ],
          [
            -49.3166512,
            -20.5960853
          ],
          [
            -49.3167203,
            -20.5965175
          ],
          [
            -49.3168324,
            -20.596989
          ],
          [
            -49.3169073,
            -20.5972682
          ],
          [
            -49.3171146,
            -20.5977881
          ],
          [
            -49.3174112,
            -20.5984518
          ],
          [
            -49.3178217,
            -20.5991662
          ],
          [
            -49.3181219,
            -20.5995759
          ],
          [
            -49.3184583,
            -20.599967
          ],
          [
            -49.3190398,
            -20.6006264
          ],
          [
            -49.3197489,
            -20.6014008
          ]
        ]
      },
      "id": "way/607402379"
    },
    {
      "type": "Feature",
      "properties": {
        "@id": "way/607402380",
        "highway": "trunk",
        "lanes": "4",
        "maxspeed": "40",
        "name": "Rodovia Transbrasiliana",
        "oneway": "yes",
        "operator": "Triunfo Transbrasiliana",
        "ref": "BR-153",
        "source": "osm-gpx",
        "surface": "asphalt",
        "toll": "yes"
      },
      "geometry": {
        "type": "LineString",
        "coordinates": [
          [
            -49.317531,
            -20.591129
          ],
          [
            -49.3178104,
            -20.5900474
          ],
          [
            -49.3179232,
            -20.5897127
          ]
        ]
      },
      "id": "way/607402380"
    },
    {
      "type": "Feature",
      "properties": {
        "@id": "way/607402381",
        "highway": "trunk",
        "lanes": "4",
        "maxspeed": "40",
        "name": "Rodovia Transbrasiliana",
        "oneway": "yes",
        "operator": "Triunfo Transbrasiliana",
        "ref": "BR-153",
        "source": "osm-gpx",
        "surface": "asphalt",
        "toll": "yes"
      },
      "geometry": {
        "type": "LineString",
        "coordinates": [
          [
            -49.318594,
            -20.5881954
          ],
          [
            -49.318322,
            -20.5892036
          ],
          [
            -49.3181744,
            -20.5896353
          ]
        ]
      },
      "id": "way/607402381"
    },
    {
      "type": "Feature",
      "properties": {
        "@id": "way/613942889",
        "highway": "trunk",
        "lanes": "2",
        "maxspeed": "80",
        "name": "Rodovia Rachid Rayes",
        "oneway": "yes",
        "ref": "SP-333",
        "surface": "asphalt"
      },
      "geometry": {
        "type": "LineString",
        "coordinates": [
          [
            -49.9274608,
            -22.1139974
          ],
          [
            -49.9277507,
            -22.1144406
          ],
          [
            -49.9285204,
            -22.1156382
          ],
          [
            -49.9293004,
            -22.116795
          ],
          [
            -49.9293592,
            -22.1168848
          ],
          [
            -49.9310324,
            -22.1195018
          ],
          [
            -49.9319352,
            -22.1208745
          ],
          [
            -49.9320962,
            -22.1211591
          ],
          [
            -49.9323032,
            -22.1214743
          ],
          [
            -49.9324984,
            -22.1218796
          ],
          [
            -49.9327093,
            -22.1225238
          ],
          [
            -49.9329086,
            -22.1234218
          ],
          [
            -49.9331065,
            -22.1239858
          ],
          [
            -49.9334038,
            -22.1245656
          ],
          [
            -49.9337045,
            -22.125052
          ],
          [
            -49.9339562,
            -22.1254032
          ],
          [
            -49.9342545,
            -22.1257031
          ],
          [
            -49.9347844,
            -22.1261757
          ],
          [
            -49.9354473,
            -22.1266187
          ],
          [
            -49.9389819,
            -22.1288846
          ],
          [
            -49.9397017,
            -22.1293238
          ],
          [
            -49.9405322,
            -22.1298739
          ],
          [
            -49.9413758,
            -22.1303819
          ],
          [
            -49.9420529,
            -22.1308981
          ],
          [
            -49.9425258,
            -22.1312608
          ],
          [
            -49.943039,
            -22.1317058
          ]
        ]
      },
      "id": "way/613942889"
    },
    {
      "type": "Feature",
      "properties": {
        "@id": "way/613942891",
        "bridge": "yes",
        "highway": "trunk",
        "lanes": "2",
        "layer": "1",
        "maxspeed": "80",
        "name": "Rodovia Rachid Rayes",
        "oneway": "yes",
        "ref": "SP-333",
        "surface": "asphalt"
      },
      "geometry": {
        "type": "LineString",
        "coordinates": [
          [
            -49.9273137,
            -22.1137632
          ],
          [
            -49.9274608,
            -22.1139974
          ]
        ]
      },
      "id": "way/613942891"
    },
    {
      "type": "Feature",
      "properties": {
        "@id": "way/613942893",
        "bridge": "yes",
        "highway": "trunk",
        "lanes": "2",
        "layer": "1",
        "maxspeed": "80",
        "name": "Rodovia Rachid Rayes",
        "oneway": "yes",
        "ref": "SP-333",
        "surface": "asphalt"
      },
      "geometry": {
        "type": "LineString",
        "coordinates": [
          [
            -49.9273078,
            -22.1140773
          ],
          [
            -49.9271525,
            -22.1138391
          ]
        ]
      },
      "id": "way/613942893"
    },
    {
      "type": "Feature",
      "properties": {
        "@id": "way/613942894",
        "highway": "trunk",
        "lanes": "2",
        "maxspeed": "80",
        "name": "Rodovia Rachid Rayes",
        "oneway": "yes",
        "ref": "SP-333",
        "surface": "asphalt"
      },
      "geometry": {
        "type": "LineString",
        "coordinates": [
          [
            -49.9271525,
            -22.1138391
          ],
          [
            -49.9266066,
            -22.1130209
          ],
          [
            -49.9259104,
            -22.1119491
          ],
          [
            -49.9252103,
            -22.1108607
          ],
          [
            -49.925052,
            -22.1105973
          ],
          [
            -49.924812,
            -22.1101947
          ],
          [
            -49.9233864,
            -22.1079843
          ],
          [
            -49.9225147,
            -22.1066244
          ],
          [
            -49.9221922,
            -22.1061653
          ],
          [
            -49.9220138,
            -22.1058634
          ],
          [
            -49.9213466,
            -22.1048582
          ],
          [
            -49.9206989,
            -22.1038492
          ],
          [
            -49.9203073,
            -22.1032168
          ],
          [
            -49.9201892,
            -22.1030378
          ],
          [
            -49.9200203,
            -22.1027657
          ],
          [
            -49.9196287,
            -22.1021606
          ],
          [
            -49.9181541,
            -22.0999078
          ],
          [
            -49.9166476,
            -22.0975527
          ],
          [
            -49.9161515,
            -22.0967846
          ],
          [
            -49.9150904,
            -22.0952288
          ],
          [
            -49.9144806,
            -22.0943173
          ],
          [
            -49.9140994,
            -22.0938811
          ],
          [
            -49.9137244,
            -22.0935135
          ],
          [
            -49.9133423,
            -22.0931909
          ]
        ]
      },
      "id": "way/613942894"
    },
    {
      "type": "Feature",
      "properties": {
        "@id": "way/613948217",
        "highway": "trunk",
        "lanes": "2",
        "maxspeed": "80",
        "name": "Rodovia Dona Leonor Mendes de Barros",
        "oneway": "yes",
        "ref": "SP-333",
        "surface": "asphalt"
      },
      "geometry": {
        "type": "LineString",
        "coordinates": [
          [
            -49.9133423,
            -22.0931909
          ],
          [
            -49.9120413,
            -22.0924413
          ]
        ]
      },
      "id": "way/613948217"
    },
    {
      "type": "Feature",
      "properties": {
        "@id": "way/613948221",
        "highway": "trunk",
        "lanes": "2",
        "maxspeed": "80",
        "name": "Rodovia Dona Leonor Mendes de Barros",
        "oneway": "yes",
        "ref": "BR-153",
        "surface": "asphalt"
      },
      "geometry": {
        "type": "LineString",
        "coordinates": [
          [
            -49.9049111,
            -22.0887463
          ],
          [
            -49.9055918,
            -22.0891096
          ],
          [
            -49.9075017,
            -22.0900349
          ]
        ]
      },
      "id": "way/613948221"
    },
    {
      "type": "Feature",
      "properties": {
        "@id": "way/613951611",
        "highway": "trunk",
        "lanes": "2",
        "maxspeed": "80",
        "name": "Rodovia Transbrasiliana",
        "oneway": "yes",
        "ref": "BR-153",
        "surface": "asphalt"
      },
      "geometry": {
        "type": "LineString",
        "coordinates": [
          [
            -49.902312,
            -22.0874309
          ],
          [
            -49.9025228,
            -22.0875739
          ],
          [
            -49.9035886,
            -22.0881145
          ]
        ]
      },
      "id": "way/613951611"
    },
    {
      "type": "Feature",
      "properties": {
        "@id": "way/616000638",
        "highway": "trunk",
        "lanes": "4",
        "lanes:backward": "2",
        "lanes:forward": "2",
        "loc_ref": "BR-153;SP-425",
        "maxspeed:backward": "60",
        "maxspeed:forward": "80",
        "name": "Rodovia Transbrasiliana",
        "operator": "Triunfo Transbrasiliana",
        "operator:type": "private",
        "owner": "União Federal",
        "ownership": "national",
        "ref": "BR-153",
        "source": "osm-gpx",
        "surface": "asphalt",
        "turn:lanes:backward": "|slight_right",
        "turn:lanes:forward": "|slight_right"
      },
      "geometry": {
        "type": "LineString",
        "coordinates": [
          [
            -49.6315497,
            -21.0017355
          ],
          [
            -49.6320462,
            -21.0023584
          ]
        ]
      },
      "id": "way/616000638"
    },
    {
      "type": "Feature",
      "properties": {
        "@id": "way/618346165",
        "highway": "trunk",
        "lanes": "2",
        "maxspeed": "100",
        "name": "Rodovia Transbrasiliana",
        "nat_ref": "BR-153",
        "oneway": "yes",
        "owner": "Patrimônio da União",
        "ref": "BR-153",
        "source": "osm-gpx",
        "surface": "asphalt"
      },
      "geometry": {
        "type": "LineString",
        "coordinates": [
          [
            -49.8895575,
            -22.9066409
          ],
          [
            -49.889596,
            -22.9068485
          ],
          [
            -49.8896134,
            -22.9071463
          ],
          [
            -49.8896469,
            -22.9077281
          ],
          [
            -49.8896644,
            -22.9082062
          ],
          [
            -49.889663,
            -22.9086138
          ],
          [
            -49.8896576,
            -22.9092426
          ],
          [
            -49.8896778,
            -22.9100666
          ],
          [
            -49.8897555,
            -22.910956
          ],
          [
            -49.8898669,
            -22.9117663
          ],
          [
            -49.8899646,
            -22.9123493
          ],
          [
            -49.8900144,
            -22.9126298
          ],
          [
            -49.890237,
            -22.9134402
          ],
          [
            -49.8905119,
            -22.9142172
          ],
          [
            -49.8908177,
            -22.9148694
          ],
          [
            -49.8911959,
            -22.9155537
          ],
          [
            -49.8915137,
            -22.9160392
          ],
          [
            -49.8919147,
            -22.9166012
          ],
          [
            -49.8925209,
            -22.9172843
          ],
          [
            -49.8928669,
            -22.9176401
          ],
          [
            -49.8933712,
            -22.9181008
          ],
          [
            -49.8945031,
            -22.9189754
          ],
          [
            -49.895745,
            -22.9197832
          ],
          [
            -49.8983212,
            -22.9213322
          ],
          [
            -49.898861,
            -22.9216464
          ],
          [
            -49.9008886,
            -22.9228528
          ]
        ]
      },
      "id": "way/618346165"
    },
    {
      "type": "Feature",
      "properties": {
        "@id": "way/618346166",
        "highway": "trunk",
        "lanes": "2",
        "maxspeed": "100",
        "name": "Rodovia Transbrasiliana",
        "nat_ref": "BR-153;BR-369",
        "oneway": "yes",
        "owner": "Patrimônio da União",
        "ref": "BR-153;BR-369",
        "source": "osm-gpx",
        "surface": "asphalt"
      },
      "geometry": {
        "type": "LineString",
        "coordinates": [
          [
            -49.9034849,
            -22.9244651
          ],
          [
            -49.9053264,
            -22.9256256
          ],
          [
            -49.9062032,
            -22.9261776
          ],
          [
            -49.9066398,
            -22.9264493
          ],
          [
            -49.9070866,
            -22.9267386
          ],
          [
            -49.9076316,
            -22.9270894
          ],
          [
            -49.9080544,
            -22.9273616
          ],
          [
            -49.9086453,
            -22.9277707
          ],
          [
            -49.9089052,
            -22.9279676
          ],
          [
            -49.9091721,
            -22.9281874
          ],
          [
            -49.9094058,
            -22.9284013
          ],
          [
            -49.9096146,
            -22.9285925
          ],
          [
            -49.9101082,
            -22.9291113
          ],
          [
            -49.9105266,
            -22.9296177
          ],
          [
            -49.9108887,
            -22.9301216
          ],
          [
            -49.9111287,
            -22.9305008
          ],
          [
            -49.9114653,
            -22.9311073
          ],
          [
            -49.9116987,
            -22.9316161
          ],
          [
            -49.9119455,
            -22.9322708
          ],
          [
            -49.9121064,
            -22.9328142
          ],
          [
            -49.9122298,
            -22.9333836
          ],
          [
            -49.9122942,
            -22.933848
          ],
          [
            -49.9123237,
            -22.9344038
          ],
          [
            -49.9123183,
            -22.9348299
          ],
          [
            -49.9122217,
            -22.9363169
          ],
          [
            -49.912134,
            -22.9374464
          ],
          [
            -49.9118349,
            -22.941296
          ]
        ]
      },
      "id": "way/618346166"
    },
    {
      "type": "Feature",
      "properties": {
        "@id": "way/618346169",
        "highway": "trunk",
        "lanes": "2",
        "maxspeed": "100",
        "maxspeed:hgv": "80",
        "name": "Rodovia Transbrasiliana",
        "nat_ref": "BR-153;BR-369",
        "oneway": "yes",
        "owner": "Patrimônio da União",
        "ref": "BR-153;BR-369",
        "source": "osm-gpx",
        "surface": "asphalt"
      },
      "geometry": {
        "type": "LineString",
        "coordinates": [
          [
            -49.9035979,
            -22.9845149
          ],
          [
            -49.9035721,
            -22.9835059
          ],
          [
            -49.9035136,
            -22.9809047
          ],
          [
            -49.9034746,
            -22.9789748
          ],
          [
            -49.9034624,
            -22.9786588
          ],
          [
            -49.9034501,
            -22.9785225
          ]
        ]
      },
      "id": "way/618346169"
    },
    {
      "type": "Feature",
      "properties": {
        "@id": "way/622111627",
        "highway": "motorway",
        "lanes": "3",
        "maxspeed": "80",
        "name": "Rodovia Transbrasiliana",
        "oneway": "yes",
        "operator": "Triunfo Transbrasiliana",
        "operator:type": "private",
        "owner": "União Federal",
        "ownership": "national",
        "ref": "BR-153",
        "surface": "asphalt",
        "turn:lanes": "||slight_right"
      },
      "geometry": {
        "type": "LineString",
        "coordinates": [
          [
            -49.4223063,
            -20.8794565
          ],
          [
            -49.4220219,
            -20.8790713
          ]
        ]
      },
      "id": "way/622111627"
    },
    {
      "type": "Feature",
      "properties": {
        "@id": "way/622111628",
        "bridge": "viaduct",
        "highway": "motorway",
        "lanes": "3",
        "layer": "1",
        "maxspeed": "80",
        "name": "Rodovia Transbrasiliana",
        "oneway": "yes",
        "operator": "Triunfo Transbrasiliana",
        "operator:type": "private",
        "owner": "União Federal",
        "ownership": "national",
        "ref": "BR-153",
        "surface": "asphalt",
        "turn:lanes": "||slight_right"
      },
      "geometry": {
        "type": "LineString",
        "coordinates": [
          [
            -49.4224589,
            -20.8796676
          ],
          [
            -49.4223063,
            -20.8794565
          ]
        ]
      },
      "id": "way/622111628"
    },
    {
      "type": "Feature",
      "properties": {
        "@id": "way/622111629",
        "highway": "motorway",
        "lanes": "2",
        "maxspeed": "80",
        "name": "Rodovia Transbrasiliana",
        "oneway": "yes",
        "operator": "Triunfo Transbrasiliana",
        "operator:type": "private",
        "owner": "União Federal",
        "ownership": "national",
        "ref": "BR-153",
        "surface": "asphalt"
      },
      "geometry": {
        "type": "LineString",
        "coordinates": [
          [
            -49.4232094,
            -20.8804594
          ],
          [
            -49.4238827,
            -20.8813528
          ],
          [
            -49.4244914,
            -20.8821909
          ],
          [
            -49.4264705,
            -20.8848592
          ],
          [
            -49.4270775,
            -20.8856806
          ]
        ]
      },
      "id": "way/622111629"
    },
    {
      "type": "Feature",
      "properties": {
        "@id": "way/622111630",
        "bridge": "viaduct",
        "highway": "motorway",
        "lanes": "3",
        "layer": "1",
        "maxspeed": "80",
        "name": "Rodovia Transbrasiliana",
        "oneway": "yes",
        "operator": "Triunfo Transbrasiliana",
        "operator:type": "private",
        "owner": "União Federal",
        "ownership": "national",
        "ref": "BR-153",
        "surface": "asphalt",
        "turn:lanes": "||merge_to_left"
      },
      "geometry": {
        "type": "LineString",
        "coordinates": [
          [
            -49.4224339,
            -20.8793867
          ],
          [
            -49.4225896,
            -20.879597
          ]
        ]
      },
      "id": "way/622111630"
    },
    {
      "type": "Feature",
      "properties": {
        "@id": "way/626197337",
        "highway": "trunk",
        "lanes": "2",
        "maxspeed": "80",
        "name": "Rodovia Rachid Rayes",
        "oneway": "yes",
        "ref": "SP-333",
        "surface": "asphalt"
      },
      "geometry": {
        "type": "LineString",
        "coordinates": [
          [
            -49.9635699,
            -22.1652719
          ],
          [
            -49.9620062,
            -22.1626978
          ],
          [
            -49.960641,
            -22.160469
          ],
          [
            -49.959778,
            -22.1590425
          ],
          [
            -49.95874,
            -22.1573266
          ],
          [
            -49.9573311,
            -22.1550139
          ],
          [
            -49.9530999,
            -22.1480269
          ]
        ]
      },
      "id": "way/626197337"
    },
    {
      "type": "Feature",
      "properties": {
        "@id": "way/626197338",
        "highway": "trunk",
        "name": "Rodovia Rachid Rayes",
        "oneway": "yes"
      },
      "geometry": {
        "type": "LineString",
        "coordinates": [
          [
            -49.9518214,
            -22.145536
          ],
          [
            -49.9521027,
            -22.1459161
          ],
          [
            -49.9527342,
            -22.1469474
          ],
          [
            -49.9532815,
            -22.1479382
          ]
        ]
      },
      "id": "way/626197338"
    },
    {
      "type": "Feature",
      "properties": {
        "@id": "way/626197340",
        "highway": "trunk",
        "lanes": "2",
        "maxspeed": "80",
        "name": "Rodovia Rachid Rayes",
        "oneway": "yes",
        "ref": "SP-333",
        "surface": "asphalt"
      },
      "geometry": {
        "type": "LineString",
        "coordinates": [
          [
            -49.951703,
            -22.1456732
          ],
          [
            -49.9510547,
            -22.144438
          ],
          [
            -49.9507113,
            -22.1438163
          ],
          [
            -49.9501836,
            -22.1429067
          ],
          [
            -49.9481969,
            -22.1397751
          ],
          [
            -49.9479921,
            -22.1394443
          ],
          [
            -49.9476735,
            -22.1389294
          ],
          [
            -49.9475497,
            -22.1387294
          ],
          [
            -49.9469144,
            -22.137627
          ],
          [
            -49.9468227,
            -22.1374678
          ],
          [
            -49.946465,
            -22.136913
          ],
          [
            -49.9464156,
            -22.1368364
          ],
          [
            -49.9462896,
            -22.1366253
          ],
          [
            -49.944647,
            -22.1338732
          ],
          [
            -49.9442327,
            -22.1333168
          ],
          [
            -49.9442152,
            -22.1332932
          ],
          [
            -49.9437691,
            -22.1327477
          ],
          [
            -49.9436422,
            -22.1326209
          ],
          [
            -49.9425294,
            -22.1315002
          ],
          [
            -49.9424163,
            -22.1314008
          ],
          [
            -49.9396643,
            -22.1294938
          ],
          [
            -49.939612,
            -22.1294599
          ],
          [
            -49.9347286,
            -22.1263253
          ],
          [
            -49.9343017,
            -22.1259787
          ],
          [
            -49.9340436,
            -22.1257315
          ],
          [
            -49.9336578,
            -22.1252828
          ],
          [
            -49.9334239,
            -22.1249748
          ],
          [
            -49.9332123,
            -22.1246488
          ],
          [
            -49.9330716,
            -22.1243978
          ],
          [
            -49.9329059,
            -22.124015
          ],
          [
            -49.9327256,
            -22.1234626
          ],
          [
            -49.9324035,
            -22.1221342
          ],
          [
            -49.9322866,
            -22.1218394
          ],
          [
            -49.932151,
            -22.1215751
          ],
          [
            -49.9310634,
            -22.1198082
          ],
          [
            -49.9309852,
            -22.1196914
          ],
          [
            -49.9307275,
            -22.1193064
          ],
          [
            -49.930592,
            -22.1190954
          ],
          [
            -49.9292649,
            -22.1170469
          ],
          [
            -49.9282065,
            -22.1154937
          ],
          [
            -49.9273078,
            -22.1140773
          ]
        ]
      },
      "id": "way/626197340"
    },
    {
      "type": "Feature",
      "properties": {
        "@id": "way/626197341",
        "highway": "trunk",
        "name": "Rodovia Rachid Rayes",
        "oneway": "yes"
      },
      "geometry": {
        "type": "LineString",
        "coordinates": [
          [
            -49.9530999,
            -22.1480269
          ],
          [
            -49.9523449,
            -22.146758
          ],
          [
            -49.951703,
            -22.1456732
          ]
        ]
      },
      "id": "way/626197341"
    },
    {
      "type": "Feature",
      "properties": {
        "@id": "way/634031929",
        "highway": "trunk",
        "lanes": "2",
        "maxspeed": "40",
        "name": "Rodovia Rachid Rayes",
        "oneway": "yes",
        "ref": "SP-333;BR-153",
        "surface": "asphalt"
      },
      "geometry": {
        "type": "LineString",
        "coordinates": [
          [
            -49.9710756,
            -22.2336206
          ],
          [
            -49.9710945,
            -22.2336652
          ],
          [
            -49.9711609,
            -22.2338215
          ],
          [
            -49.9714006,
            -22.2343074
          ],
          [
            -49.9714804,
            -22.2344359
          ],
          [
            -49.9715602,
            -22.2345644
          ],
          [
            -49.9716347,
            -22.2346746
          ],
          [
            -49.9717185,
            -22.2347847
          ],
          [
            -49.9718425,
            -22.234921
          ],
          [
            -49.9719639,
            -22.2350402
          ],
          [
            -49.9720841,
            -22.2351469
          ],
          [
            -49.9721438,
            -22.2351952
          ],
          [
            -49.9721615,
            -22.2352095
          ],
          [
            -49.9724151,
            -22.2354102
          ],
          [
            -49.9724767,
            -22.2354696
          ],
          [
            -49.9725181,
            -22.235524
          ],
          [
            -49.9725651,
            -22.2356182
          ],
          [
            -49.9725939,
            -22.2357313
          ]
        ]
      },
      "id": "way/634031929"
    },
    {
      "type": "Feature",
      "properties": {
        "@id": "way/641888154",
        "highway": "trunk",
        "lanes": "2",
        "maxspeed": "40",
        "name": "Rodovia Dona Leonor Mendes de Barros",
        "oneway": "yes",
        "operator": "Entrevias",
        "ref": "SP-333",
        "surface": "asphalt",
        "toll": "yes"
      },
      "geometry": {
        "type": "LineString",
        "coordinates": [
          [
            -49.9075017,
            -22.0900349
          ],
          [
            -49.9079582,
            -22.0902124
          ],
          [
            -49.9091598,
            -22.0906208
          ],
          [
            -49.9095097,
            -22.0907812
          ]
        ]
      },
      "id": "way/641888154"
    },
    {
      "type": "Feature",
      "properties": {
        "@id": "way/641888156",
        "highway": "trunk",
        "lanes": "2",
        "maxspeed": "80",
        "name": "Rodovia Dona Leonor Mendes de Barros",
        "oneway": "yes",
        "ref": "SP-333",
        "surface": "asphalt"
      },
      "geometry": {
        "type": "LineString",
        "coordinates": [
          [
            -49.9087544,
            -22.0907568
          ],
          [
            -49.9048459,
            -22.0888438
          ],
          [
            -49.9039183,
            -22.0883911
          ]
        ]
      },
      "id": "way/641888156"
    },
    {
      "type": "Feature",
      "properties": {
        "@id": "way/641888158",
        "highway": "trunk",
        "lanes": "2",
        "maxspeed": "40",
        "name": "Rodovia Dona Leonor Mendes de Barros",
        "oneway": "yes",
        "operator": "Entrevias",
        "ref": "SP-333",
        "surface": "asphalt",
        "toll": "yes"
      },
      "geometry": {
        "type": "LineString",
        "coordinates": [
          [
            -49.9120413,
            -22.0924413
          ],
          [
            -49.9106739,
            -22.0917275
          ],
          [
            -49.9099967,
            -22.0913796
          ],
          [
            -49.9094849,
            -22.0911185
          ]
        ]
      },
      "id": "way/641888158"
    },
    {
      "type": "Feature",
      "properties": {
        "@id": "way/641888160",
        "highway": "trunk",
        "lanes": "2",
        "maxspeed": "80",
        "name": "Rodovia Dona Leonor Mendes de Barros",
        "oneway": "yes",
        "ref": "SP-333",
        "surface": "asphalt"
      },
      "geometry": {
        "type": "LineString",
        "coordinates": [
          [
            -49.9121164,
            -22.092325
          ],
          [
            -49.9124701,
            -22.0925219
          ],
          [
            -49.9127711,
            -22.092713
          ],
          [
            -49.9130957,
            -22.0929171
          ],
          [
            -49.9134029,
            -22.0931254
          ]
        ]
      },
      "id": "way/641888160"
    },
    {
      "type": "Feature",
      "properties": {
        "@id": "way/651120886",
        "highway": "trunk",
        "lanes": "2",
        "maxspeed": "80",
        "name": "Rodovia Transbrasiliana",
        "ref": "BR-153;BR-267",
        "surface": "asphalt"
      },
      "geometry": {
        "type": "LineString",
        "coordinates": [
          [
            -49.8911791,
            -21.7749144
          ],
          [
            -49.8912629,
            -21.7749941
          ]
        ]
      },
      "id": "way/651120886"
    },
    {
      "type": "Feature",
      "properties": {
        "@id": "way/651120892",
        "highway": "trunk",
        "lanes": "2",
        "maxspeed": "80",
        "name": "Rodovia Transbrasiliana",
        "ref": "BR-153",
        "surface": "asphalt"
      },
      "geometry": {
        "type": "LineString",
        "coordinates": [
          [
            -49.8926227,
            -21.7767444
          ],
          [
            -49.8930345,
            -21.7773909
          ]
        ]
      },
      "id": "way/651120892"
    },
    {
      "type": "Feature",
      "properties": {
        "@id": "way/651120893",
        "highway": "trunk",
        "lanes": "2",
        "maxspeed": "80",
        "name": "Rodovia Transbrasiliana",
        "ref": "BR-153",
        "surface": "asphalt"
      },
      "geometry": {
        "type": "LineString",
        "coordinates": [
          [
            -49.8921954,
            -21.7761051
          ],
          [
            -49.8924827,
            -21.7765397
          ],
          [
            -49.8926227,
            -21.7767444
          ]
        ]
      },
      "id": "way/651120893"
    },
    {
      "type": "Feature",
      "properties": {
        "@id": "way/651120894",
        "highway": "trunk",
        "lanes": "2",
        "maxspeed": "80",
        "name": "Rodovia Transbrasiliana",
        "ref": "BR-153;BR-267",
        "surface": "asphalt"
      },
      "geometry": {
        "type": "LineString",
        "coordinates": [
          [
            -49.858947,
            -21.7451926
          ],
          [
            -49.8663761,
            -21.7502039
          ],
          [
            -49.8677628,
            -21.7511481
          ],
          [
            -49.8684119,
            -21.7516152
          ],
          [
            -49.8687793,
            -21.7519216
          ],
          [
            -49.869183,
            -21.7522965
          ],
          [
            -49.869816,
            -21.7529505
          ],
          [
            -49.8699662,
            -21.7531186
          ],
          [
            -49.870006,
            -21.753161
          ],
          [
            -49.8701505,
            -21.7533149
          ],
          [
            -49.8719551,
            -21.755139
          ],
          [
            -49.8724253,
            -21.7556325
          ],
          [
            -49.872572,
            -21.7557892
          ],
          [
            -49.8732805,
            -21.7565185
          ],
          [
            -49.8735832,
            -21.7568243
          ],
          [
            -49.8765577,
            -21.7598946
          ],
          [
            -49.878155,
            -21.7615349
          ],
          [
            -49.8803135,
            -21.7637482
          ],
          [
            -49.8816778,
            -21.7651528
          ],
          [
            -49.8847452,
            -21.7683105
          ],
          [
            -49.8910273,
            -21.7747586
          ],
          [
            -49.8911791,
            -21.7749144
          ]
        ]
      },
      "id": "way/651120894"
    },
    {
      "type": "Feature",
      "properties": {
        "@id": "way/651120904",
        "highway": "trunk",
        "lanes": "2",
        "maxspeed": "80",
        "name": "Rodovia Transbrasiliana",
        "ref": "BR-153",
        "surface": "asphalt"
      },
      "geometry": {
        "type": "LineString",
        "coordinates": [
          [
            -49.911916,
            -21.8990844
          ],
          [
            -49.9121198,
            -21.8999841
          ]
        ]
      },
      "id": "way/651120904"
    },
    {
      "type": "Feature",
      "properties": {
        "@id": "way/651120905",
        "highway": "trunk",
        "lanes": "2",
        "maxspeed": "80",
        "name": "Rodovia Transbrasiliana",
        "ref": "BR-153",
        "surface": "asphalt"
      },
      "geometry": {
        "type": "LineString",
        "coordinates": [
          [
            -49.9117446,
            -21.8982787
          ],
          [
            -49.911916,
            -21.8990844
          ]
        ]
      },
      "id": "way/651120905"
    },
    {
      "type": "Feature",
      "properties": {
        "@id": "way/651120906",
        "highway": "trunk",
        "lanes": "2",
        "maxspeed": "80",
        "name": "Rodovia Transbrasiliana",
        "ref": "BR-153",
        "surface": "asphalt"
      },
      "geometry": {
        "type": "LineString",
        "coordinates": [
          [
            -49.9115002,
            -21.8971706
          ],
          [
            -49.9117446,
            -21.8982787
          ]
        ]
      },
      "id": "way/651120906"
    },
    {
      "type": "Feature",
      "properties": {
        "@id": "way/651120907",
        "highway": "trunk",
        "lanes": "2",
        "maxspeed": "80",
        "name": "Rodovia Transbrasiliana",
        "ref": "BR-153",
        "surface": "asphalt"
      },
      "geometry": {
        "type": "LineString",
        "coordinates": [
          [
            -49.8930345,
            -21.7773909
          ],
          [
            -49.8933095,
            -21.7778629
          ],
          [
            -49.8936515,
            -21.7784383
          ],
          [
            -49.8938419,
            -21.778863
          ],
          [
            -49.8950821,
            -21.7822398
          ],
          [
            -49.8961164,
            -21.7850486
          ],
          [
            -49.8964897,
            -21.7861091
          ],
          [
            -49.8972952,
            -21.7883923
          ],
          [
            -49.8994035,
            -21.7942339
          ],
          [
            -49.8997106,
            -21.7952985
          ],
          [
            -49.8998795,
            -21.7960407
          ],
          [
            -49.8999788,
            -21.7966235
          ],
          [
            -49.9001075,
            -21.7977218
          ],
          [
            -49.9006829,
            -21.8036451
          ],
          [
            -49.9014903,
            -21.8118765
          ],
          [
            -49.9019429,
            -21.8164576
          ],
          [
            -49.9057931,
            -21.8554893
          ],
          [
            -49.9059313,
            -21.8571641
          ],
          [
            -49.905999,
            -21.8578462
          ],
          [
            -49.9061546,
            -21.8594768
          ],
          [
            -49.9063249,
            -21.8612
          ],
          [
            -49.9063573,
            -21.8615212
          ],
          [
            -49.9064952,
            -21.8628878
          ],
          [
            -49.9066173,
            -21.8641529
          ],
          [
            -49.9066776,
            -21.8647771
          ],
          [
            -49.9068533,
            -21.8666105
          ],
          [
            -49.9069257,
            -21.8674045
          ],
          [
            -49.907084,
            -21.868969
          ],
          [
            -49.9071403,
            -21.8694992
          ],
          [
            -49.907269,
            -21.8708956
          ],
          [
            -49.9074298,
            -21.8725465
          ],
          [
            -49.9074353,
            -21.8726032
          ],
          [
            -49.907489,
            -21.873162
          ],
          [
            -49.9076352,
            -21.8746131
          ],
          [
            -49.9078028,
            -21.8763804
          ],
          [
            -49.9078837,
            -21.8772627
          ],
          [
            -49.9079651,
            -21.8781513
          ],
          [
            -49.9080925,
            -21.8794058
          ],
          [
            -49.9082293,
            -21.8807474
          ],
          [
            -49.9083486,
            -21.882013
          ],
          [
            -49.9084385,
            -21.8827958
          ],
          [
            -49.9085431,
            -21.8835213
          ],
          [
            -49.9087248,
            -21.884487
          ],
          [
            -49.9087667,
            -21.884681
          ],
          [
            -49.9090071,
            -21.8857943
          ],
          [
            -49.9093256,
            -21.8872485
          ],
          [
            -49.9100216,
            -21.890408
          ],
          [
            -49.9101342,
            -21.8909261
          ],
          [
            -49.9107023,
            -21.8935408
          ],
          [
            -49.9111442,
            -21.895538
          ],
          [
            -49.9115002,
            -21.8971706
          ]
        ]
      },
      "id": "way/651120907"
    },
    {
      "type": "Feature",
      "properties": {
        "@id": "way/651544790",
        "highway": "motorway",
        "lanes": "2",
        "maxspeed": "80",
        "name": "Rodovia Transbrasiliana",
        "oneway": "yes",
        "operator": "Triunfo Transbrasiliana",
        "operator:type": "private",
        "owner": "União Federal",
        "ownership": "national",
        "ref": "BR-153",
        "surface": "asphalt"
      },
      "geometry": {
        "type": "LineString",
        "coordinates": [
          [
            -49.3929203,
            -20.8506495
          ],
          [
            -49.3950489,
            -20.8506833
          ],
          [
            -49.3964316,
            -20.8507309
          ],
          [
            -49.396992,
            -20.8507934
          ],
          [
            -49.3973261,
            -20.8508441
          ],
          [
            -49.397542,
            -20.8508763
          ],
          [
            -49.3976975,
            -20.8509036
          ]
        ]
      },
      "id": "way/651544790"
    },
    {
      "type": "Feature",
      "properties": {
        "@id": "way/651544798",
        "highway": "motorway",
        "lanes": "2",
        "maxspeed": "80",
        "name": "Rodovia Transbrasiliana",
        "nat_ref": "BR-153;BR-262",
        "oneway": "yes",
        "operator": "Triunfo Transbrasiliana",
        "operator:type": "private",
        "owner": "União Federal",
        "ownership": "national",
        "ref": "BR-153",
        "source": "Bing",
        "surface": "asphalt"
      },
      "geometry": {
        "type": "LineString",
        "coordinates": [
          [
            -49.3542353,
            -20.7907467
          ],
          [
            -49.3541835,
            -20.7901814
          ],
          [
            -49.3541752,
            -20.7894929
          ],
          [
            -49.3541466,
            -20.7889329
          ],
          [
            -49.3539997,
            -20.7878445
          ],
          [
            -49.353931,
            -20.787109
          ],
          [
            -49.3537289,
            -20.7852053
          ],
          [
            -49.3535058,
            -20.7830951
          ],
          [
            -49.353418,
            -20.7822805
          ],
          [
            -49.3533489,
            -20.7815196
          ],
          [
            -49.3532673,
            -20.7808142
          ],
          [
            -49.3531788,
            -20.780211
          ],
          [
            -49.3531345,
            -20.7799634
          ]
        ]
      },
      "id": "way/651544798"
    },
    {
      "type": "Feature",
      "properties": {
        "@id": "way/651544802",
        "highway": "motorway",
        "lanes": "2",
        "maxspeed": "80",
        "name": "Rodovia Transbrasiliana",
        "nat_ref": "BR-153",
        "oneway": "yes",
        "operator": "Triunfo Transbrasiliana",
        "operator:type": "private",
        "owner": "União Federal",
        "ownership": "national",
        "ref": "BR-153",
        "surface": "asphalt",
        "turn:lanes": "through|through;slight_right"
      },
      "geometry": {
        "type": "LineString",
        "coordinates": [
          [
            -49.3528115,
            -20.7771644
          ],
          [
            -49.3528307,
            -20.7772418
          ],
          [
            -49.352967,
            -20.7778784
          ],
          [
            -49.3529944,
            -20.7780618
          ]
        ]
      },
      "id": "way/651544802"
    },
    {
      "type": "Feature",
      "properties": {
        "@id": "way/653490322",
        "highway": "trunk",
        "lanes": "2",
        "maxspeed": "110",
        "name": "Rodovia Transbrasiliana",
        "ref": "BR-153",
        "surface": "asphalt"
      },
      "geometry": {
        "type": "LineString",
        "coordinates": [
          [
            -49.7878703,
            -21.6345192
          ],
          [
            -49.7879171,
            -21.6355715
          ],
          [
            -49.7884204,
            -21.6446255
          ],
          [
            -49.789382,
            -21.660232
          ],
          [
            -49.7894635,
            -21.6615604
          ],
          [
            -49.7894883,
            -21.6619466
          ],
          [
            -49.7895214,
            -21.6629959
          ],
          [
            -49.7895321,
            -21.6633947
          ]
        ]
      },
      "id": "way/653490322"
    },
    {
      "type": "Feature",
      "properties": {
        "@id": "way/653490324",
        "highway": "trunk",
        "lanes": "2",
        "maxspeed": "110",
        "name": "Rodovia Transbrasiliana",
        "ref": "BR-153",
        "surface": "asphalt"
      },
      "geometry": {
        "type": "LineString",
        "coordinates": [
          [
            -49.7878549,
            -21.6343097
          ],
          [
            -49.7878703,
            -21.6345192
          ]
        ]
      },
      "id": "way/653490324"
    },
    {
      "type": "Feature",
      "properties": {
        "@id": "way/653490327",
        "highway": "trunk",
        "lanes": "2",
        "maxspeed": "110",
        "name": "Rodovia Transbrasiliana",
        "ref": "BR-153",
        "surface": "asphalt"
      },
      "geometry": {
        "type": "LineString",
        "coordinates": [
          [
            -49.7878126,
            -21.633383
          ],
          [
            -49.7878549,
            -21.6343097
          ]
        ]
      },
      "id": "way/653490327"
    },
    {
      "type": "Feature",
      "properties": {
        "@id": "way/653490330",
        "highway": "trunk",
        "lanes": "2",
        "maxspeed": "110",
        "name": "Rodovia Transbrasiliana",
        "ref": "BR-153",
        "surface": "asphalt"
      },
      "geometry": {
        "type": "LineString",
        "coordinates": [
          [
            -49.7877564,
            -21.6327089
          ],
          [
            -49.7878126,
            -21.633383
          ]
        ]
      },
      "id": "way/653490330"
    },
    {
      "type": "Feature",
      "properties": {
        "@id": "way/653490332",
        "highway": "trunk",
        "lanes": "2",
        "maxspeed": "110",
        "name": "Rodovia Transbrasiliana",
        "ref": "BR-153",
        "surface": "asphalt"
      },
      "geometry": {
        "type": "LineString",
        "coordinates": [
          [
            -49.7876938,
            -21.6318129
          ],
          [
            -49.7877564,
            -21.6327089
          ]
        ]
      },
      "id": "way/653490332"
    },
    {
      "type": "Feature",
      "properties": {
        "@id": "way/653490335",
        "highway": "trunk",
        "lanes": "2",
        "maxspeed": "110",
        "name": "Rodovia Transbrasiliana",
        "ref": "BR-153",
        "surface": "asphalt"
      },
      "geometry": {
        "type": "LineString",
        "coordinates": [
          [
            -49.7876824,
            -21.6314948
          ],
          [
            -49.7876938,
            -21.6318129
          ]
        ]
      },
      "id": "way/653490335"
    },
    {
      "type": "Feature",
      "properties": {
        "@id": "way/686006745",
        "bridge": "yes",
        "highway": "trunk",
        "lanes": "2",
        "layer": "1",
        "maxspeed": "80",
        "name": "Rodovia Rachid Rayes",
        "oneway": "yes",
        "ref": "SP-333;BR-153",
        "surface": "asphalt"
      },
      "geometry": {
        "type": "LineString",
        "coordinates": [
          [
            -49.967824,
            -22.1892916
          ],
          [
            -49.967659,
            -22.1895269
          ]
        ]
      },
      "id": "way/686006745"
    },
    {
      "type": "Feature",
      "properties": {
        "@id": "way/686006746",
        "highway": "trunk",
        "lanes": "2",
        "maxspeed": "80",
        "name": "Rodovia Rachid Rayes",
        "oneway": "yes",
        "ref": "SP-333;BR-153",
        "surface": "asphalt"
      },
      "geometry": {
        "type": "LineString",
        "coordinates": [
          [
            -49.9718793,
            -22.1786773
          ],
          [
            -49.9719105,
            -22.1787308
          ],
          [
            -49.9720261,
            -22.1790273
          ],
          [
            -49.9721691,
            -22.1794187
          ],
          [
            -49.9722536,
            -22.179687
          ],
          [
            -49.9723156,
            -22.1799207
          ],
          [
            -49.9723824,
            -22.1802421
          ],
          [
            -49.9724233,
            -22.1804993
          ],
          [
            -49.972449,
            -22.1813002
          ],
          [
            -49.9724105,
            -22.1817634
          ],
          [
            -49.9723542,
            -22.182085
          ],
          [
            -49.9723072,
            -22.1823421
          ],
          [
            -49.9722375,
            -22.1825843
          ],
          [
            -49.9721423,
            -22.1828711
          ],
          [
            -49.9720625,
            -22.1831113
          ],
          [
            -49.9719076,
            -22.1834337
          ],
          [
            -49.9717131,
            -22.1837888
          ],
          [
            -49.9716112,
            -22.1839515
          ],
          [
            -49.9712397,
            -22.1844793
          ],
          [
            -49.9708977,
            -22.184976
          ],
          [
            -49.9702294,
            -22.1859778
          ],
          [
            -49.9694333,
            -22.1870126
          ],
          [
            -49.968988,
            -22.1876385
          ],
          [
            -49.9682605,
            -22.1886455
          ],
          [
            -49.9680535,
            -22.1889518
          ],
          [
            -49.967824,
            -22.1892916
          ]
        ]
      },
      "id": "way/686006746"
    },
    {
      "type": "Feature",
      "properties": {
        "@id": "way/686006747",
        "highway": "trunk",
        "lanes": "2",
        "maxspeed": "80",
        "name": "Rodovia Rachid Rayes",
        "oneway": "yes",
        "ref": "SP-333;BR-153",
        "source": "osm-gpx",
        "surface": "asphalt"
      },
      "geometry": {
        "type": "LineString",
        "coordinates": [
          [
            -49.9677086,
            -22.1892376
          ],
          [
            -49.9681829,
            -22.1885988
          ],
          [
            -49.9682685,
            -22.1884568
          ],
          [
            -49.968792,
            -22.1877686
          ],
          [
            -49.9692468,
            -22.1871119
          ],
          [
            -49.9698409,
            -22.1862687
          ],
          [
            -49.9707207,
            -22.1850555
          ],
          [
            -49.9711767,
            -22.1843874
          ],
          [
            -49.9714771,
            -22.1839478
          ],
          [
            -49.9717078,
            -22.1835852
          ],
          [
            -49.9718955,
            -22.1832126
          ],
          [
            -49.9721503,
            -22.1825421
          ],
          [
            -49.9722222,
            -22.1822437
          ],
          [
            -49.972282,
            -22.1819586
          ],
          [
            -49.9723211,
            -22.1816897
          ],
          [
            -49.9723374,
            -22.1814967
          ],
          [
            -49.9723501,
            -22.1813216
          ],
          [
            -49.9723529,
            -22.1811292
          ],
          [
            -49.9723459,
            -22.1809027
          ],
          [
            -49.9723281,
            -22.1805377
          ],
          [
            -49.9722961,
            -22.1803128
          ],
          [
            -49.9722206,
            -22.1799657
          ],
          [
            -49.9721074,
            -22.1795913
          ],
          [
            -49.9719984,
            -22.1792858
          ],
          [
            -49.9718391,
            -22.1789207
          ],
          [
            -49.9717459,
            -22.1787341
          ]
        ]
      },
      "id": "way/686006747"
    },
    {
      "type": "Feature",
      "properties": {
        "@id": "way/686006748",
        "bridge": "yes",
        "highway": "trunk",
        "lanes": "2",
        "layer": "1",
        "maxspeed": "80",
        "name": "Rodovia Rachid Rayes",
        "oneway": "yes",
        "ref": "SP-333;BR-153",
        "source": "osm-gpx",
        "surface": "asphalt"
      },
      "geometry": {
        "type": "LineString",
        "coordinates": [
          [
            -49.967553,
            -22.1894701
          ],
          [
            -49.9677086,
            -22.1892376
          ]
        ]
      },
      "id": "way/686006748"
    },
    {
      "type": "Feature",
      "properties": {
        "@id": "way/689337209",
        "highway": "motorway",
        "lanes": "2",
        "maxspeed": "80",
        "name": "Rodovia Transbrasiliana",
        "oneway": "yes",
        "operator": "Triunfo Transbrasiliana",
        "operator:type": "private",
        "owner": "União Federal",
        "ownership": "national",
        "ref": "BR-153",
        "surface": "asphalt"
      },
      "geometry": {
        "type": "LineString",
        "coordinates": [
          [
            -49.4046043,
            -20.8552251
          ],
          [
            -49.4042261,
            -20.8547463
          ],
          [
            -49.4038425,
            -20.8543027
          ],
          [
            -49.4034053,
            -20.8538678
          ],
          [
            -49.4031841,
            -20.8536635
          ],
          [
            -49.4029557,
            -20.8534673
          ],
          [
            -49.4026637,
            -20.8532274
          ],
          [
            -49.4023432,
            -20.8529792
          ],
          [
            -49.4021125,
            -20.8528126
          ],
          [
            -49.4018832,
            -20.8526572
          ],
          [
            -49.4016834,
            -20.8525374
          ]
        ]
      },
      "id": "way/689337209"
    },
    {
      "type": "Feature",
      "properties": {
        "@id": "way/689337214",
        "highway": "motorway",
        "lanes": "2",
        "maxspeed": "80",
        "name": "Rodovia Transbrasiliana",
        "oneway": "yes",
        "operator": "Triunfo Transbrasiliana",
        "operator:type": "private",
        "owner": "União Federal",
        "ownership": "national",
        "ref": "BR-153",
        "surface": "asphalt"
      },
      "geometry": {
        "type": "LineString",
        "coordinates": [
          [
            -49.4089762,
            -20.8610338
          ],
          [
            -49.4095355,
            -20.8617969
          ],
          [
            -49.4118731,
            -20.8650226
          ],
          [
            -49.4123769,
            -20.8657092
          ]
        ]
      },
      "id": "way/689337214"
    },
    {
      "type": "Feature",
      "properties": {
        "@id": "way/689337215",
        "highway": "motorway",
        "lanes": "2",
        "maxspeed": "80",
        "name": "Rodovia Transbrasiliana",
        "oneway": "yes",
        "operator": "Triunfo Transbrasiliana",
        "operator:type": "private",
        "owner": "União Federal",
        "ownership": "national",
        "ref": "BR-153",
        "surface": "asphalt"
      },
      "geometry": {
        "type": "LineString",
        "coordinates": [
          [
            -49.4089683,
            -20.8612102
          ],
          [
            -49.4083983,
            -20.8604121
          ],
          [
            -49.4077519,
            -20.8595261
          ],
          [
            -49.4071738,
            -20.8587316
          ],
          [
            -49.4065493,
            -20.857885
          ],
          [
            -49.4053379,
            -20.8562151
          ]
        ]
      },
      "id": "way/689337215"
    },
    {
      "type": "Feature",
      "properties": {
        "@id": "way/692636448",
        "highway": "motorway",
        "lanes": "2",
        "maxspeed": "80",
        "name": "Rodovia Transbrasiliana",
        "oneway": "yes",
        "operator": "Triunfo Transbrasiliana",
        "operator:type": "private",
        "owner": "União Federal",
        "ownership": "national",
        "ref": "BR-153",
        "surface": "asphalt"
      },
      "geometry": {
        "type": "LineString",
        "coordinates": [
          [
            -49.4050924,
            -20.855883
          ],
          [
            -49.4046043,
            -20.8552251
          ]
        ]
      },
      "id": "way/692636448"
    },
    {
      "type": "Feature",
      "properties": {
        "@id": "way/692636449",
        "bridge": "viaduct",
        "highway": "motorway",
        "lanes": "2",
        "layer": "1",
        "maxspeed": "80",
        "name": "Rodovia Transbrasiliana",
        "oneway": "yes",
        "operator": "Triunfo Transbrasiliana",
        "operator:type": "private",
        "owner": "União Federal",
        "ownership": "national",
        "ref": "BR-153",
        "surface": "asphalt"
      },
      "geometry": {
        "type": "LineString",
        "coordinates": [
          [
            -49.4053379,
            -20.8562151
          ],
          [
            -49.4050924,
            -20.855883
          ]
        ]
      },
      "id": "way/692636449"
    },
    {
      "type": "Feature",
      "properties": {
        "@id": "way/692636450",
        "bridge": "viaduct",
        "highway": "motorway",
        "lanes": "2",
        "layer": "1",
        "maxspeed": "80",
        "name": "Rodovia Transbrasiliana",
        "oneway": "yes",
        "operator": "Triunfo Transbrasiliana",
        "operator:type": "private",
        "owner": "União Federal",
        "ownership": "national",
        "ref": "BR-153",
        "surface": "asphalt"
      },
      "geometry": {
        "type": "LineString",
        "coordinates": [
          [
            -49.4051556,
            -20.8558075
          ],
          [
            -49.4053972,
            -20.8561556
          ]
        ]
      },
      "id": "way/692636450"
    },
    {
      "type": "Feature",
      "properties": {
        "@id": "way/692636451",
        "highway": "motorway",
        "lanes": "2",
        "maxspeed": "60",
        "name": "Rodovia Transbrasiliana",
        "oneway": "yes",
        "operator": "Triunfo Transbrasiliana",
        "operator:type": "private",
        "owner": "União Federal",
        "ownership": "national",
        "ref": "BR-153",
        "surface": "asphalt"
      },
      "geometry": {
        "type": "LineString",
        "coordinates": [
          [
            -49.4039297,
            -20.8542776
          ],
          [
            -49.4040501,
            -20.8544023
          ],
          [
            -49.4042312,
            -20.8546106
          ],
          [
            -49.4047022,
            -20.8552038
          ],
          [
            -49.4049281,
            -20.8555046
          ],
          [
            -49.4051556,
            -20.8558075
          ]
        ]
      },
      "id": "way/692636451"
    },
    {
      "type": "Feature",
      "properties": {
        "@id": "way/701189917",
        "highway": "motorway",
        "lanes": "2",
        "maxspeed": "80",
        "name": "Rodovia Transbrasiliana",
        "oneway": "yes",
        "ref": "BR-153",
        "surface": "asphalt"
      },
      "geometry": {
        "type": "LineString",
        "coordinates": [
          [
            -49.3658317,
            -20.8359914
          ],
          [
            -49.3648995,
            -20.8347984
          ],
          [
            -49.3646217,
            -20.8344591
          ]
        ]
      },
      "id": "way/701189917"
    },
    {
      "type": "Feature",
      "properties": {
        "@id": "way/701189920",
        "destination": "São José do Rio Preto (Avenida José Escobar)",
        "highway": "motorway",
        "lanes": "3",
        "maxspeed": "80",
        "name": "Rodovia Transbrasiliana",
        "nat_ref": "BR-153",
        "oneway": "yes",
        "operator": "Triunfo Transbrasiliana",
        "operator:type": "private",
        "owner": "União Federal",
        "ownership": "national",
        "ref": "BR-153",
        "source": "Bing",
        "surface": "asphalt",
        "turn:lanes": "||merge_to_left"
      },
      "geometry": {
        "type": "LineString",
        "coordinates": [
          [
            -49.3481175,
            -20.7657894
          ],
          [
            -49.3483294,
            -20.7662803
          ]
        ]
      },
      "id": "way/701189920"
    },
    {
      "type": "Feature",
      "properties": {
        "@id": "way/715567691",
        "highway": "motorway",
        "lanes": "2",
        "maxspeed": "80",
        "name": "Rodovia Transbrasiliana",
        "oneway": "yes",
        "operator": "Triunfo Transbrasiliana",
        "operator:type": "private",
        "owner": "União Federal",
        "ownership": "national",
        "ref": "BR-153",
        "surface": "asphalt"
      },
      "geometry": {
        "type": "LineString",
        "coordinates": [
          [
            -49.3788002,
            -20.8503495
          ],
          [
            -49.3786713,
            -20.8503123
          ],
          [
            -49.3785049,
            -20.8502706
          ],
          [
            -49.3783079,
            -20.8502145
          ],
          [
            -49.3780116,
            -20.8501042
          ],
          [
            -49.3777205,
            -20.8499827
          ],
          [
            -49.3772364,
            -20.8497395
          ],
          [
            -49.3770057,
            -20.8496067
          ],
          [
            -49.3767939,
            -20.8494725
          ],
          [
            -49.3765457,
            -20.8492934
          ],
          [
            -49.3763486,
            -20.8491417
          ],
          [
            -49.3760696,
            -20.8488998
          ],
          [
            -49.3758349,
            -20.8486705
          ],
          [
            -49.3756217,
            -20.8484399
          ],
          [
            -49.3754192,
            -20.8481967
          ],
          [
            -49.3750705,
            -20.8477317
          ]
        ]
      },
      "id": "way/715567691"
    },
    {
      "type": "Feature",
      "properties": {
        "@id": "way/715567692",
        "highway": "motorway",
        "lanes": "2",
        "maxspeed": "80",
        "name": "Rodovia Transbrasiliana",
        "oneway": "yes",
        "operator": "Triunfo Transbrasiliana",
        "operator:type": "private",
        "owner": "União Federal",
        "ownership": "national",
        "ref": "BR-153",
        "surface": "asphalt"
      },
      "geometry": {
        "type": "LineString",
        "coordinates": [
          [
            -49.4020602,
            -20.8526798
          ],
          [
            -49.4023217,
            -20.8528527
          ],
          [
            -49.4025538,
            -20.8530268
          ],
          [
            -49.4028997,
            -20.8533001
          ],
          [
            -49.4031921,
            -20.8535483
          ],
          [
            -49.4035743,
            -20.8539079
          ],
          [
            -49.4039297,
            -20.8542776
          ]
        ]
      },
      "id": "way/715567692"
    },
    {
      "type": "Feature",
      "properties": {
        "@id": "way/716894027",
        "bridge": "viaduct",
        "bridge:name": "Viaduto Silvio Andreoli",
        "highway": "motorway",
        "lanes": "3",
        "layer": "1",
        "maxspeed": "80",
        "name": "Rodovia Transbrasiliana",
        "oneway": "yes",
        "operator": "Triunfo Transbrasiliana",
        "operator:type": "private",
        "owner": "União Federal",
        "ownership": "national",
        "ref": "BR-153",
        "source:bridge": "Lei nº 15.085 de 02/01/2025",
        "surface": "asphalt",
        "turn:lanes": "through|through;merge_to_right|slight_right"
      },
      "geometry": {
        "type": "LineString",
        "coordinates": [
          [
            -49.3675283,
            -20.8378658
          ],
          [
            -49.3677723,
            -20.8381705
          ]
        ]
      },
      "id": "way/716894027"
    },
    {
      "type": "Feature",
      "properties": {
        "@id": "way/716894028",
        "highway": "motorway",
        "lanes": "2",
        "maxspeed": "80",
        "name": "Rodovia Transbrasiliana",
        "oneway": "yes",
        "operator": "Triunfo Transbrasiliana",
        "operator:type": "private",
        "owner": "União Federal",
        "ownership": "national",
        "ref": "BR-153",
        "surface": "asphalt"
      },
      "geometry": {
        "type": "LineString",
        "coordinates": [
          [
            -49.3647749,
            -20.8343676
          ],
          [
            -49.3673508,
            -20.8376403
          ]
        ]
      },
      "id": "way/716894028"
    },
    {
      "type": "Feature",
      "properties": {
        "@id": "way/716894029",
        "highway": "motorway",
        "lanes": "2",
        "maxspeed": "80",
        "name": "Rodovia Transbrasiliana",
        "oneway": "yes",
        "operator": "Triunfo Transbrasiliana",
        "operator:type": "private",
        "owner": "União Federal",
        "ownership": "national",
        "ref": "BR-153",
        "surface": "asphalt"
      },
      "geometry": {
        "type": "LineString",
        "coordinates": [
          [
            -49.3673824,
            -20.8379628
          ],
          [
            -49.3658317,
            -20.8359914
          ]
        ]
      },
      "id": "way/716894029"
    },
    {
      "type": "Feature",
      "properties": {
        "@id": "way/716894030",
        "bridge": "viaduct",
        "bridge:name": "Viaduto Silvio Andreoli",
        "highway": "motorway",
        "lanes": "2",
        "layer": "1",
        "maxspeed": "80",
        "name": "Rodovia Transbrasiliana",
        "oneway": "yes",
        "operator": "Triunfo Transbrasiliana",
        "operator:type": "private",
        "owner": "União Federal",
        "ownership": "national",
        "ref": "BR-153",
        "source:bridge": "Lei nº 15.085 de 02/01/2025",
        "surface": "asphalt"
      },
      "geometry": {
        "type": "LineString",
        "coordinates": [
          [
            -49.367628,
            -20.8382719
          ],
          [
            -49.3673824,
            -20.8379628
          ]
        ]
      },
      "id": "way/716894030"
    },
    {
      "type": "Feature",
      "properties": {
        "@id": "way/718548684",
        "highway": "motorway",
        "lanes": "2",
        "maxspeed": "80",
        "name": "Rodovia Transbrasiliana",
        "oneway": "yes",
        "operator": "Triunfo Transbrasiliana",
        "operator:type": "private",
        "owner": "União Federal",
        "ownership": "national",
        "ref": "BR-153",
        "surface": "asphalt"
      },
      "geometry": {
        "type": "LineString",
        "coordinates": [
          [
            -49.3601788,
            -20.8284762
          ],
          [
            -49.3610405,
            -20.8296073
          ],
          [
            -49.3613232,
            -20.8299367
          ]
        ]
      },
      "id": "way/718548684"
    },
    {
      "type": "Feature",
      "properties": {
        "@id": "way/721632432",
        "highway": "trunk",
        "lanes": "2",
        "maxspeed": "40",
        "name": "Rodovia Dona Leonor Mendes de Barros",
        "oneway": "yes",
        "operator": "Entrevias",
        "ref": "SP-333",
        "surface": "asphalt",
        "toll": "yes"
      },
      "geometry": {
        "type": "LineString",
        "coordinates": [
          [
            -49.9093549,
            -22.0910511
          ],
          [
            -49.9090564,
            -22.09091
          ],
          [
            -49.9087544,
            -22.0907568
          ]
        ]
      },
      "id": "way/721632432"
    },
    {
      "type": "Feature",
      "properties": {
        "@id": "way/721632433",
        "covered": "yes",
        "highway": "trunk",
        "lanes": "2",
        "maxspeed": "40",
        "name": "Rodovia Dona Leonor Mendes de Barros",
        "oneway": "yes",
        "operator": "Entrevias",
        "ref": "SP-333",
        "surface": "asphalt",
        "toll": "yes"
      },
      "geometry": {
        "type": "LineString",
        "coordinates": [
          [
            -49.9094849,
            -22.0911185
          ],
          [
            -49.9094175,
            -22.0910836
          ],
          [
            -49.9093549,
            -22.0910511
          ]
        ]
      },
      "id": "way/721632433"
    },
    {
      "type": "Feature",
      "properties": {
        "@id": "way/721632434",
        "covered": "yes",
        "highway": "trunk",
        "lanes": "2",
        "maxspeed": "40",
        "name": "Rodovia Dona Leonor Mendes de Barros",
        "oneway": "yes",
        "operator": "Entrevias",
        "ref": "SP-333",
        "surface": "asphalt",
        "toll": "yes"
      },
      "geometry": {
        "type": "LineString",
        "coordinates": [
          [
            -49.9095097,
            -22.0907812
          ],
          [
            -49.9095752,
            -22.0908146
          ],
          [
            -49.9096402,
            -22.0908478
          ]
        ]
      },
      "id": "way/721632434"
    },
    {
      "type": "Feature",
      "properties": {
        "@id": "way/721632435",
        "highway": "trunk",
        "lanes": "2",
        "maxspeed": "40",
        "name": "Rodovia Dona Leonor Mendes de Barros",
        "oneway": "yes",
        "operator": "Entrevias",
        "ref": "SP-333",
        "surface": "asphalt",
        "toll": "yes"
      },
      "geometry": {
        "type": "LineString",
        "coordinates": [
          [
            -49.9096402,
            -22.0908478
          ],
          [
            -49.9103566,
            -22.0912167
          ],
          [
            -49.9116878,
            -22.0920959
          ],
          [
            -49.9121164,
            -22.092325
          ]
        ]
      },
      "id": "way/721632435"
    },
    {
      "type": "Feature",
      "properties": {
        "@id": "way/722968043",
        "highway": "motorway",
        "lanes": "2",
        "maxspeed": "60",
        "name": "Rodovia Transbrasiliana",
        "nat_ref": "BR-153",
        "oneway": "yes",
        "operator": "Triunfo Transbrasiliana",
        "operator:type": "private",
        "owner": "União Federal",
        "ownership": "national",
        "ref": "BR-153",
        "surface": "asphalt"
      },
      "geometry": {
        "type": "LineString",
        "coordinates": [
          [
            -49.3563262,
            -20.809196
          ],
          [
            -49.3562144,
            -20.8080632
          ],
          [
            -49.3561803,
            -20.8077171
          ]
        ]
      },
      "id": "way/722968043"
    },
    {
      "type": "Feature",
      "properties": {
        "@id": "way/722968044",
        "highway": "motorway",
        "lanes": "3",
        "maxspeed": "80",
        "name": "Rodovia Transbrasiliana",
        "nat_ref": "BR-153",
        "oneway": "yes",
        "operator": "Triunfo Transbrasiliana",
        "operator:type": "private",
        "owner": "União Federal",
        "ownership": "national",
        "ref": "BR-153",
        "surface": "asphalt",
        "turn:lanes": "through|through;merge_to_right|slight_right"
      },
      "geometry": {
        "type": "LineString",
        "coordinates": [
          [
            -49.3589591,
            -20.8266389
          ],
          [
            -49.3591625,
            -20.8270171
          ],
          [
            -49.3592427,
            -20.8271443
          ],
          [
            -49.3595797,
            -20.827679
          ],
          [
            -49.3597564,
            -20.8279244
          ]
        ]
      },
      "id": "way/722968044"
    },
    {
      "type": "Feature",
      "properties": {
        "@id": "way/724020215",
        "highway": "trunk",
        "lanes": "4",
        "maxspeed": "40",
        "name": "Rodovia Transbrasiliana",
        "oneway": "yes",
        "operator": "Triunfo Transbrasiliana",
        "ref": "BR-153",
        "source": "osm-gpx",
        "surface": "asphalt",
        "toll": "yes"
      },
      "geometry": {
        "type": "LineString",
        "coordinates": [
          [
            -49.3181243,
            -20.5897739
          ],
          [
            -49.3179876,
            -20.5901315
          ],
          [
            -49.317531,
            -20.591129
          ]
        ]
      },
      "id": "way/724020215"
    },
    {
      "type": "Feature",
      "properties": {
        "@id": "way/724020216",
        "covered": "yes",
        "highway": "trunk",
        "lanes": "4",
        "maxspeed": "40",
        "name": "Rodovia Transbrasiliana",
        "oneway": "yes",
        "operator": "Triunfo Transbrasiliana",
        "ref": "BR-153;BR-262",
        "source": "osm-gpx",
        "surface": "asphalt",
        "toll": "yes"
      },
      "geometry": {
        "type": "LineString",
        "coordinates": [
          [
            -49.3181744,
            -20.5896353
          ],
          [
            -49.3181515,
            -20.5897004
          ],
          [
            -49.3181243,
            -20.5897739
          ]
        ]
      },
      "id": "way/724020216"
    },
    {
      "type": "Feature",
      "properties": {
        "@id": "way/724020217",
        "covered": "yes",
        "highway": "trunk",
        "lanes": "4",
        "maxspeed": "40",
        "name": "Rodovia Transbrasiliana",
        "oneway": "yes",
        "operator": "Triunfo Transbrasiliana",
        "ref": "BR-153;BR-262",
        "source": "osm-gpx",
        "surface": "asphalt",
        "toll": "yes"
      },
      "geometry": {
        "type": "LineString",
        "coordinates": [
          [
            -49.3179232,
            -20.5897127
          ],
          [
            -49.3179484,
            -20.5896378
          ],
          [
            -49.3179699,
            -20.5895739
          ]
        ]
      },
      "id": "way/724020217"
    },
    {
      "type": "Feature",
      "properties": {
        "@id": "way/724020218",
        "highway": "trunk",
        "lanes": "4",
        "maxspeed": "40",
        "name": "Rodovia Transbrasiliana",
        "oneway": "yes",
        "operator": "Triunfo Transbrasiliana",
        "ref": "BR-153",
        "source": "osm-gpx",
        "surface": "asphalt",
        "toll": "yes"
      },
      "geometry": {
        "type": "LineString",
        "coordinates": [
          [
            -49.3179699,
            -20.5895739
          ],
          [
            -49.3181297,
            -20.5890983
          ],
          [
            -49.318594,
            -20.5881954
          ]
        ]
      },
      "id": "way/724020218"
    },
    {
      "type": "Feature",
      "properties": {
        "@id": "way/724023218",
        "covered": "yes",
        "highway": "motorway",
        "lanes": "4",
        "loc_ref": "BR-153;SP-425",
        "maxspeed": "40",
        "name": "Rodovia Transbrasiliana",
        "oneway": "yes",
        "operator": "Triunfo Transbrasiliana",
        "operator:type": "private",
        "owner": "União Federal",
        "ownership": "national",
        "ref": "BR-153",
        "surface": "asphalt",
        "toll": "yes"
      },
      "geometry": {
        "type": "LineString",
        "coordinates": [
          [
            -49.6280138,
            -20.9975127
          ],
          [
            -49.628053,
            -20.9975622
          ],
          [
            -49.6280947,
            -20.9976148
          ]
        ]
      },
      "id": "way/724023218"
    },
    {
      "type": "Feature",
      "properties": {
        "@id": "way/724023219",
        "highway": "motorway",
        "lanes": "4",
        "loc_ref": "BR-153;SP-425",
        "maxspeed": "40",
        "name": "Rodovia Transbrasiliana",
        "oneway": "yes",
        "operator": "Triunfo Transbrasiliana",
        "operator:type": "private",
        "owner": "União Federal",
        "ownership": "national",
        "ref": "BR-153",
        "surface": "asphalt",
        "toll": "yes"
      },
      "geometry": {
        "type": "LineString",
        "coordinates": [
          [
            -49.6288031,
            -20.9984097
          ],
          [
            -49.6291306,
            -20.998849
          ]
        ]
      },
      "id": "way/724023219"
    },
    {
      "type": "Feature",
      "properties": {
        "@id": "way/724025469",
        "covered": "yes",
        "highway": "trunk",
        "lanes": "4",
        "maxspeed": "40",
        "name": "Rodovia Transbrasiliana",
        "oneway": "yes",
        "operator": "Triunfo Transbrasiliana",
        "ref": "BR-153;BR-267",
        "surface": "asphalt",
        "toll": "yes"
      },
      "geometry": {
        "type": "LineString",
        "coordinates": [
          [
            -49.8083848,
            -21.7109929
          ],
          [
            -49.8084479,
            -21.7110335
          ],
          [
            -49.8085209,
            -21.7110817
          ]
        ]
      },
      "id": "way/724025469"
    },
    {
      "type": "Feature",
      "properties": {
        "@id": "way/724025470",
        "highway": "trunk",
        "lanes": "4",
        "maxspeed": "40",
        "name": "Rodovia Transbrasiliana",
        "oneway": "yes",
        "operator": "Triunfo Transbrasiliana",
        "ref": "BR-153;BR-267",
        "surface": "asphalt",
        "toll": "yes"
      },
      "geometry": {
        "type": "LineString",
        "coordinates": [
          [
            -49.8085209,
            -21.7110817
          ],
          [
            -49.8091713,
            -21.7115555
          ],
          [
            -49.8097114,
            -21.7120634
          ]
        ]
      },
      "id": "way/724025470"
    },
    {
      "type": "Feature",
      "properties": {
        "@id": "way/724025471",
        "covered": "yes",
        "highway": "trunk",
        "lanes": "4",
        "maxspeed": "40",
        "name": "Rodovia Transbrasiliana",
        "oneway": "yes",
        "operator": "Triunfo Transbrasiliana",
        "ref": "BR-153;BR-267",
        "surface": "asphalt",
        "toll": "yes"
      },
      "geometry": {
        "type": "LineString",
        "coordinates": [
          [
            -49.8083929,
            -21.7112385
          ],
          [
            -49.8083294,
            -21.711195
          ],
          [
            -49.8082578,
            -21.7111459
          ]
        ]
      },
      "id": "way/724025471"
    },
    {
      "type": "Feature",
      "properties": {
        "@id": "way/724025472",
        "highway": "trunk",
        "lanes": "4",
        "maxspeed": "40",
        "name": "Rodovia Transbrasiliana",
        "oneway": "yes",
        "operator": "Triunfo Transbrasiliana",
        "ref": "BR-153;BR-267",
        "surface": "asphalt",
        "toll": "yes"
      },
      "geometry": {
        "type": "LineString",
        "coordinates": [
          [
            -49.8082578,
            -21.7111459
          ],
          [
            -49.8076089,
            -21.710717
          ],
          [
            -49.8069383,
            -21.7101775
          ]
        ]
      },
      "id": "way/724025472"
    },
    {
      "type": "Feature",
      "properties": {
        "@id": "way/724026762",
        "covered": "yes",
        "highway": "trunk",
        "lanes": "4",
        "maxspeed": "40",
        "name": "Rodovia Transbrasiliana",
        "oneway": "yes",
        "operator": "Triunfo Transbrasiliana",
        "ref": "BR-153",
        "source": "osm-gpx",
        "surface": "paved",
        "toll": "yes"
      },
      "geometry": {
        "type": "LineString",
        "coordinates": [
          [
            -49.8989585,
            -22.336224
          ],
          [
            -49.8989622,
            -22.336305
          ],
          [
            -49.8989621,
            -22.3363503
          ]
        ]
      },
      "id": "way/724026762"
    },
    {
      "type": "Feature",
      "properties": {
        "@id": "way/724026763",
        "highway": "trunk",
        "lanes": "4",
        "maxspeed": "40",
        "name": "Rodovia Transbrasiliana",
        "oneway": "yes",
        "operator": "Triunfo Transbrasiliana",
        "ref": "BR-153",
        "source": "osm-gpx",
        "surface": "paved",
        "toll": "yes"
      },
      "geometry": {
        "type": "LineString",
        "coordinates": [
          [
            -49.8989621,
            -22.3363503
          ],
          [
            -49.898973,
            -22.3367153
          ],
          [
            -49.8989574,
            -22.3370612
          ],
          [
            -49.8989327,
            -22.3373826
          ],
          [
            -49.8989046,
            -22.3376115
          ],
          [
            -49.898887,
            -22.3378253
          ]
        ]
      },
      "id": "way/724026763"
    },
    {
      "type": "Feature",
      "properties": {
        "@id": "way/724026764",
        "highway": "trunk",
        "lanes": "4",
        "maxspeed": "40",
        "name": "Rodovia Transbrasiliana",
        "oneway": "yes",
        "operator": "Triunfo Transbrasiliana",
        "ref": "BR-153",
        "source": "osm-gpx",
        "surface": "paved",
        "toll": "yes"
      },
      "geometry": {
        "type": "LineString",
        "coordinates": [
          [
            -49.8986605,
            -22.3362287
          ],
          [
            -49.8986685,
            -22.3356485
          ],
          [
            -49.8987746,
            -22.3344415
          ]
        ]
      },
      "id": "way/724026764"
    },
    {
      "type": "Feature",
      "properties": {
        "@id": "way/728189532",
        "highway": "motorway",
        "lanes": "3",
        "maxspeed": "60",
        "name": "Rodovia Transbrasiliana",
        "nat_ref": "BR-153",
        "oneway": "yes",
        "operator": "Triunfo Transbrasiliana",
        "operator:type": "private",
        "owner": "União Federal",
        "ownership": "national",
        "ref": "BR-153",
        "surface": "asphalt",
        "turn:lanes": "none|none|merge_to_left"
      },
      "geometry": {
        "type": "LineString",
        "coordinates": [
          [
            -49.3559027,
            -20.8045918
          ],
          [
            -49.3560362,
            -20.8057403
          ],
          [
            -49.3561367,
            -20.8065025
          ]
        ]
      },
      "id": "way/728189532"
    },
    {
      "type": "Feature",
      "properties": {
        "@id": "way/728189533",
        "highway": "motorway",
        "lanes": "2",
        "maxspeed": "60",
        "name": "Rodovia Transbrasiliana",
        "nat_ref": "BR-153",
        "oneway": "yes",
        "operator": "Triunfo Transbrasiliana",
        "operator:type": "private",
        "owner": "União Federal",
        "ownership": "national",
        "ref": "BR-153",
        "surface": "asphalt"
      },
      "geometry": {
        "type": "LineString",
        "coordinates": [
          [
            -49.3557373,
            -20.8047067
          ],
          [
            -49.3556258,
            -20.8036116
          ],
          [
            -49.3555361,
            -20.8029227
          ]
        ]
      },
      "id": "way/728189533"
    },
    {
      "type": "Feature",
      "properties": {
        "@id": "way/739158638",
        "highway": "motorway",
        "lanes": "4",
        "loc_ref": "BR-153;SP-425",
        "maxspeed": "40",
        "name": "Rodovia Transbrasiliana",
        "oneway": "yes",
        "operator": "Triunfo Transbrasiliana",
        "operator:type": "private",
        "owner": "União Federal",
        "ownership": "national",
        "ref": "BR-153",
        "surface": "asphalt",
        "toll": "yes"
      },
      "geometry": {
        "type": "LineString",
        "coordinates": [
          [
            -49.6276801,
            -20.9970718
          ],
          [
            -49.6280138,
            -20.9975127
          ]
        ]
      },
      "id": "way/739158638"
    },
    {
      "type": "Feature",
      "properties": {
        "@id": "way/739158641",
        "highway": "motorway",
        "lanes": "2",
        "loc_ref": "BR-153;SP-425",
        "maxspeed": "80",
        "name": "Rodovia Transbrasiliana",
        "oneway": "yes",
        "operator": "Triunfo Transbrasiliana",
        "operator:type": "private",
        "owner": "União Federal",
        "ownership": "national",
        "ref": "BR-153",
        "surface": "asphalt"
      },
      "geometry": {
        "type": "LineString",
        "coordinates": [
          [
            -49.6202195,
            -20.9881242
          ],
          [
            -49.6211927,
            -20.9893131
          ]
        ]
      },
      "id": "way/739158641"
    },
    {
      "type": "Feature",
      "properties": {
        "@id": "way/739158642",
        "highway": "motorway",
        "lanes": "3",
        "loc_ref": "BR-153;SP-425",
        "maxspeed": "80",
        "name": "Rodovia Transbrasiliana",
        "oneway": "yes",
        "operator": "Triunfo Transbrasiliana",
        "operator:type": "private",
        "owner": "União Federal",
        "ownership": "national",
        "ref": "BR-153",
        "surface": "asphalt"
      },
      "geometry": {
        "type": "LineString",
        "coordinates": [
          [
            -49.6224936,
            -20.990867
          ],
          [
            -49.6232419,
            -20.9917222
          ],
          [
            -49.6237958,
            -20.9924134
          ],
          [
            -49.6243979,
            -20.9931307
          ]
        ]
      },
      "id": "way/739158642"
    },
    {
      "type": "Feature",
      "properties": {
        "@id": "way/739158643",
        "highway": "motorway",
        "lanes": "2",
        "loc_ref": "BR-153;SP-425",
        "maxspeed": "80",
        "name": "Rodovia Transbrasiliana",
        "oneway": "yes",
        "operator": "Triunfo Transbrasiliana",
        "operator:type": "private",
        "owner": "União Federal",
        "ownership": "national",
        "ref": "BR-153",
        "surface": "asphalt"
      },
      "geometry": {
        "type": "LineString",
        "coordinates": [
          [
            -49.6104724,
            -20.9763855
          ],
          [
            -49.6106399,
            -20.9766047
          ],
          [
            -49.6120128,
            -20.978249
          ]
        ]
      },
      "id": "way/739158643"
    },
    {
      "type": "Feature",
      "properties": {
        "@id": "way/739158644",
        "highway": "motorway",
        "lanes": "2",
        "loc_ref": "BR-153;SP-425",
        "maxspeed": "80",
        "name": "Rodovia Transbrasiliana",
        "oneway": "yes",
        "operator": "Triunfo Transbrasiliana",
        "operator:type": "private",
        "owner": "União Federal",
        "ownership": "national",
        "ref": "BR-153",
        "surface": "asphalt"
      },
      "geometry": {
        "type": "LineString",
        "coordinates": [
          [
            -49.6095442,
            -20.9752775
          ],
          [
            -49.6100129,
            -20.9758427
          ],
          [
            -49.6104724,
            -20.9763855
          ]
        ]
      },
      "id": "way/739158644"
    },
    {
      "type": "Feature",
      "properties": {
        "@id": "way/764341902",
        "highway": "trunk",
        "lanes": "2",
        "maxspeed": "100",
        "name": "Rodovia Transbrasiliana",
        "nat_ref": "BR-153",
        "oneway": "yes",
        "owner": "Patrimônio da União",
        "ref": "BR-153",
        "source": "osm-gpx",
        "surface": "asphalt"
      },
      "geometry": {
        "type": "LineString",
        "coordinates": [
          [
            -49.9035327,
            -22.9246401
          ],
          [
            -49.9030811,
            -22.9243633
          ],
          [
            -49.901095,
            -22.9231348
          ],
          [
            -49.9004891,
            -22.9227585
          ],
          [
            -49.8986937,
            -22.9216798
          ],
          [
            -49.8982403,
            -22.921404
          ],
          [
            -49.8956805,
            -22.9198684
          ],
          [
            -49.8950341,
            -22.9194769
          ],
          [
            -49.8948707,
            -22.9193636
          ],
          [
            -49.894487,
            -22.9190976
          ],
          [
            -49.8934141,
            -22.9182787
          ],
          [
            -49.8926926,
            -22.9176265
          ],
          [
            -49.8924002,
            -22.9173263
          ],
          [
            -49.8919603,
            -22.9168446
          ],
          [
            -49.8914494,
            -22.9161627
          ],
          [
            -49.8911087,
            -22.9156451
          ],
          [
            -49.8907225,
            -22.9149583
          ],
          [
            -49.8905401,
            -22.9145705
          ],
          [
            -49.890343,
            -22.9140998
          ],
          [
            -49.8900828,
            -22.9133747
          ],
          [
            -49.8899178,
            -22.9127447
          ],
          [
            -49.8897716,
            -22.9119455
          ],
          [
            -49.8896724,
            -22.9112376
          ],
          [
            -49.8895638,
            -22.9104693
          ],
          [
            -49.8895584,
            -22.9088695
          ],
          [
            -49.889545,
            -22.9071265
          ],
          [
            -49.8895396,
            -22.9068337
          ],
          [
            -49.8895575,
            -22.9066409
          ]
        ]
      },
      "id": "way/764341902"
    },
    {
      "type": "Feature",
      "properties": {
        "@id": "way/764341903",
        "highway": "trunk",
        "lanes": "2",
        "maxspeed": "100",
        "name": "Rodovia Transbrasiliana",
        "nat_ref": "BR-153;BR-369",
        "oneway": "yes",
        "owner": "Patrimônio da União",
        "ref": "BR-153;BR-369",
        "source": "osm-gpx",
        "surface": "asphalt"
      },
      "geometry": {
        "type": "LineString",
        "coordinates": [
          [
            -49.9008886,
            -22.9228528
          ],
          [
            -49.9014634,
            -22.9232159
          ],
          [
            -49.9034849,
            -22.9244651
          ]
        ]
      },
      "id": "way/764341903"
    },
    {
      "type": "Feature",
      "properties": {
        "@id": "way/766723973",
        "highway": "trunk",
        "lanes": "2",
        "maxspeed": "80",
        "name": "Rodovia Transbrasiliana",
        "ref": "BR-153",
        "surface": "asphalt"
      },
      "geometry": {
        "type": "LineString",
        "coordinates": [
          [
            -49.8912629,
            -21.7749941
          ],
          [
            -49.8915077,
            -21.7752575
          ],
          [
            -49.8918195,
            -21.7756025
          ],
          [
            -49.8921954,
            -21.7761051
          ]
        ]
      },
      "id": "way/766723973"
    },
    {
      "type": "Feature",
      "properties": {
        "@id": "way/773837126",
        "bridge": "viaduct",
        "highway": "motorway",
        "lanes": "2",
        "layer": "1",
        "maxspeed": "80",
        "name": "Rodovia Transbrasiliana",
        "oneway": "yes",
        "operator": "Triunfo Transbrasiliana",
        "operator:type": "private",
        "owner": "União Federal",
        "ownership": "national",
        "ref": "BR-153",
        "surface": "asphalt"
      },
      "geometry": {
        "type": "LineString",
        "coordinates": [
          [
            -49.3750101,
            -20.8473984
          ],
          [
            -49.3752313,
            -20.8477029
          ]
        ]
      },
      "id": "way/773837126"
    },
    {
      "type": "Feature",
      "properties": {
        "@id": "way/773837127",
        "bridge": "viaduct",
        "highway": "motorway",
        "lanes": "2",
        "layer": "1",
        "maxspeed": "80",
        "name": "Rodovia Transbrasiliana",
        "oneway": "yes",
        "operator": "Triunfo Transbrasiliana",
        "operator:type": "private",
        "owner": "União Federal",
        "ownership": "national",
        "ref": "BR-153",
        "surface": "asphalt"
      },
      "geometry": {
        "type": "LineString",
        "coordinates": [
          [
            -49.3750705,
            -20.8477317
          ],
          [
            -49.3748264,
            -20.8474322
          ]
        ]
      },
      "id": "way/773837127"
    },
    {
      "type": "Feature",
      "properties": {
        "@id": "way/773837129",
        "highway": "motorway",
        "lanes": "2",
        "maxspeed": "80",
        "name": "Rodovia Transbrasiliana",
        "oneway": "yes",
        "operator": "Triunfo Transbrasiliana",
        "operator:type": "private",
        "owner": "União Federal",
        "ownership": "national",
        "ref": "BR-153",
        "surface": "asphalt"
      },
      "geometry": {
        "type": "LineString",
        "coordinates": [
          [
            -49.3680282,
            -20.8385022
          ],
          [
            -49.3692219,
            -20.840035
          ],
          [
            -49.370268,
            -20.8413712
          ],
          [
            -49.3713436,
            -20.8427398
          ],
          [
            -49.3735613,
            -20.8455557
          ]
        ]
      },
      "id": "way/773837129"
    },
    {
      "type": "Feature",
      "properties": {
        "@id": "way/776821997",
        "highway": "motorway",
        "lanes": "2",
        "maxspeed": "80",
        "name": "Rodovia Transbrasiliana",
        "oneway": "yes",
        "ref": "BR-153",
        "surface": "asphalt"
      },
      "geometry": {
        "type": "LineString",
        "coordinates": [
          [
            -49.3462505,
            -20.7614402
          ],
          [
            -49.3481175,
            -20.7657894
          ]
        ]
      },
      "id": "way/776821997"
    },
    {
      "type": "Feature",
      "properties": {
        "@id": "way/776821998",
        "highway": "motorway",
        "lanes": "2",
        "maxspeed": "80",
        "name": "Rodovia Transbrasiliana",
        "oneway": "yes",
        "ref": "BR-153",
        "surface": "asphalt"
      },
      "geometry": {
        "type": "LineString",
        "coordinates": [
          [
            -49.3444009,
            -20.7572317
          ],
          [
            -49.3444748,
            -20.7573942
          ],
          [
            -49.345184,
            -20.7590333
          ],
          [
            -49.3460418,
            -20.7609404
          ]
        ]
      },
      "id": "way/776821998"
    },
    {
      "type": "Feature",
      "properties": {
        "@id": "way/776821999",
        "highway": "motorway",
        "lanes": "3",
        "maxspeed": "80",
        "name": "Rodovia Transbrasiliana",
        "oneway": "yes",
        "ref": "BR-153",
        "surface": "asphalt",
        "turn:lanes": "||merge_to_left"
      },
      "geometry": {
        "type": "LineString",
        "coordinates": [
          [
            -49.3443465,
            -20.7575374
          ],
          [
            -49.3440816,
            -20.7569253
          ],
          [
            -49.34393,
            -20.7565892
          ],
          [
            -49.3438,
            -20.7562932
          ]
        ]
      },
      "id": "way/776821999"
    },
    {
      "type": "Feature",
      "properties": {
        "@id": "way/776822001",
        "bridge": "viaduct",
        "highway": "motorway",
        "lanes": "2",
        "layer": "1",
        "maxspeed": "80",
        "name": "Rodovia Transbrasiliana",
        "oneway": "yes",
        "ref": "BR-153",
        "surface": "asphalt"
      },
      "geometry": {
        "type": "LineString",
        "coordinates": [
          [
            -49.34606,
            -20.7614641
          ],
          [
            -49.3458485,
            -20.7609768
          ]
        ]
      },
      "id": "way/776822001"
    },
    {
      "type": "Feature",
      "properties": {
        "@id": "way/780724658",
        "highway": "motorway",
        "lanes": "2",
        "maxspeed": "80",
        "name": "Rodovia Transbrasiliana",
        "oneway": "yes",
        "ref": "BR-153",
        "surface": "asphalt"
      },
      "geometry": {
        "type": "LineString",
        "coordinates": [
          [
            -49.3438,
            -20.7562932
          ],
          [
            -49.3430851,
            -20.7546353
          ],
          [
            -49.3423704,
            -20.7529822
          ],
          [
            -49.3421638,
            -20.7525071
          ],
          [
            -49.3419112,
            -20.7519104
          ]
        ]
      },
      "id": "way/780724658"
    },
    {
      "type": "Feature",
      "properties": {
        "@id": "way/780724659",
        "highway": "motorway",
        "lanes": "2",
        "maxspeed": "80",
        "name": "Rodovia Transbrasiliana",
        "nat_ref": "BR-153;BR-262",
        "oneway": "yes",
        "operator": "Triunfo Transbrasiliana",
        "operator:type": "private",
        "owner": "União Federal",
        "ownership": "national",
        "ref": "BR-153",
        "surface": "asphalt"
      },
      "geometry": {
        "type": "LineString",
        "coordinates": [
          [
            -49.3520973,
            -20.7753866
          ],
          [
            -49.3503089,
            -20.7712785
          ],
          [
            -49.3485208,
            -20.767178
          ]
        ]
      },
      "id": "way/780724659"
    },
    {
      "type": "Feature",
      "properties": {
        "@id": "way/780724660",
        "bridge": "yes",
        "highway": "motorway",
        "lanes": "3",
        "layer": "1",
        "maxspeed": "80",
        "name": "Rodovia Transbrasiliana",
        "nat_ref": "BR-153;BR-262",
        "oneway": "yes",
        "operator": "Triunfo Transbrasiliana",
        "operator:type": "private",
        "owner": "União Federal",
        "ownership": "national",
        "ref": "BR-153",
        "surface": "asphalt",
        "turn:lanes": "through|through;merge_to_right|slight_right"
      },
      "geometry": {
        "type": "LineString",
        "coordinates": [
          [
            -49.3523615,
            -20.776181
          ],
          [
            -49.3522547,
            -20.7758713
          ]
        ]
      },
      "id": "way/780724660"
    },
    {
      "type": "Feature",
      "properties": {
        "@id": "way/780724662",
        "highway": "motorway",
        "lanes": "3",
        "maxspeed": "80",
        "name": "Rodovia Transbrasiliana",
        "nat_ref": "BR-153",
        "oneway": "yes",
        "operator": "Triunfo Transbrasiliana",
        "operator:type": "private",
        "owner": "União Federal",
        "ownership": "national",
        "ref": "BR-153",
        "source": "Bing",
        "surface": "asphalt",
        "turn:lanes": "none|none|merge_to_left"
      },
      "geometry": {
        "type": "LineString",
        "coordinates": [
          [
            -49.3545043,
            -20.7918296
          ],
          [
            -49.3546376,
            -20.7929612
          ]
        ]
      },
      "id": "way/780724662"
    },
    {
      "type": "Feature",
      "properties": {
        "@id": "way/795382375",
        "highway": "motorway",
        "lanes": "2",
        "maxspeed": "80",
        "name": "Rodovia Transbrasiliana",
        "oneway": "yes",
        "ref": "BR-153",
        "surface": "asphalt"
      },
      "geometry": {
        "type": "LineString",
        "coordinates": [
          [
            -49.3531776,
            -20.7795365
          ],
          [
            -49.3532153,
            -20.7798475
          ],
          [
            -49.3533779,
            -20.780946
          ],
          [
            -49.3534401,
            -20.7814227
          ],
          [
            -49.3534709,
            -20.781839
          ],
          [
            -49.3536438,
            -20.7835177
          ],
          [
            -49.3538532,
            -20.7854559
          ],
          [
            -49.3540464,
            -20.7873926
          ],
          [
            -49.3541158,
            -20.7879324
          ],
          [
            -49.3542318,
            -20.7889232
          ],
          [
            -49.3542678,
            -20.7894554
          ],
          [
            -49.3543244,
            -20.7901866
          ],
          [
            -49.3544087,
            -20.7908131
          ],
          [
            -49.3545043,
            -20.7918296
          ]
        ]
      },
      "id": "way/795382375"
    },
    {
      "type": "Feature",
      "properties": {
        "@id": "way/808653578",
        "highway": "trunk",
        "lanes": "2",
        "name": "Rodovia Transbrasiliana",
        "operator": "Triunfo Transbrasiliana",
        "operator:type": "private",
        "owner": "União Federal",
        "ownership": "national",
        "ref": "BR-153",
        "source": "osm-gpx",
        "surface": "asphalt"
      },
      "geometry": {
        "type": "LineString",
        "coordinates": [
          [
            -49.7698649,
            -21.2689443
          ],
          [
            -49.776609,
            -21.276721
          ],
          [
            -49.7775569,
            -21.2777095
          ],
          [
            -49.778419,
            -21.278418
          ],
          [
            -49.779347,
            -21.278998
          ],
          [
            -49.786024,
            -21.282136
          ],
          [
            -49.7874,
            -21.282949
          ],
          [
            -49.788373,
            -21.283691
          ],
          [
            -49.789542,
            -21.284793
          ],
          [
            -49.790474,
            -21.285963
          ],
          [
            -49.790846,
            -21.28643
          ],
          [
            -49.791139,
            -21.286901
          ],
          [
            -49.791769,
            -21.288154
          ],
          [
            -49.792106,
            -21.288932
          ],
          [
            -49.7923569,
            -21.2897215
          ],
          [
            -49.792522,
            -21.290591
          ],
          [
            -49.7925607,
            -21.2908928
          ],
          [
            -49.79273,
            -21.292214
          ]
        ]
      },
      "id": "way/808653578"
    },
    {
      "type": "Feature",
      "properties": {
        "@id": "way/808653579",
        "highway": "trunk",
        "lanes": "2",
        "name": "Rodovia Transbrasiliana",
        "operator": "Triunfo Transbrasiliana",
        "operator:type": "private",
        "owner": "União Federal",
        "ownership": "national",
        "ref": "BR-153",
        "source": "osm-gpx",
        "surface": "asphalt"
      },
      "geometry": {
        "type": "LineString",
        "coordinates": [
          [
            -49.7695033,
            -21.2685273
          ],
          [
            -49.7698649,
            -21.2689443
          ]
        ]
      },
      "id": "way/808653579"
    },
    {
      "type": "Feature",
      "properties": {
        "@id": "way/814515583",
        "bridge": "yes",
        "highway": "trunk",
        "lanes": "2",
        "layer": "1",
        "maxspeed": "80",
        "name": "Rodovia Transbrasiliana",
        "ref": "BR-153",
        "surface": "asphalt"
      },
      "geometry": {
        "type": "LineString",
        "coordinates": [
          [
            -49.922626,
            -21.9558912
          ],
          [
            -49.9226001,
            -21.9563142
          ]
        ]
      },
      "id": "way/814515583"
    },
    {
      "type": "Feature",
      "properties": {
        "@id": "way/814515584",
        "highway": "trunk",
        "lanes": "2",
        "maxspeed": "80",
        "name": "Rodovia Transbrasiliana",
        "ref": "BR-153",
        "surface": "asphalt"
      },
      "geometry": {
        "type": "LineString",
        "coordinates": [
          [
            -49.9226001,
            -21.9563142
          ],
          [
            -49.9225415,
            -21.9572445
          ],
          [
            -49.9225241,
            -21.9577221
          ],
          [
            -49.922508,
            -21.9582172
          ],
          [
            -49.922467,
            -21.9586458
          ],
          [
            -49.9223538,
            -21.9595281
          ],
          [
            -49.9222787,
            -21.9599772
          ],
          [
            -49.9221852,
            -21.9604266
          ],
          [
            -49.9215934,
            -21.9626712
          ],
          [
            -49.9209711,
            -21.9648777
          ],
          [
            -49.9206479,
            -21.9660393
          ],
          [
            -49.920487,
            -21.9665878
          ],
          [
            -49.9201717,
            -21.9677423
          ],
          [
            -49.9198518,
            -21.9688572
          ],
          [
            -49.9195386,
            -21.9699676
          ],
          [
            -49.919178,
            -21.9712292
          ],
          [
            -49.9191526,
            -21.9713291
          ],
          [
            -49.9191099,
            -21.971495
          ],
          [
            -49.9189342,
            -21.9721289
          ],
          [
            -49.9187096,
            -21.9729172
          ],
          [
            -49.9185838,
            -21.9733586
          ],
          [
            -49.9183157,
            -21.9743299
          ],
          [
            -49.9181235,
            -21.9750483
          ],
          [
            -49.9181057,
            -21.975123
          ],
          [
            -49.9180386,
            -21.9754044
          ],
          [
            -49.9179393,
            -21.9758157
          ],
          [
            -49.9178838,
            -21.9760106
          ],
          [
            -49.9178215,
            -21.9762141
          ],
          [
            -49.9177295,
            -21.9765183
          ],
          [
            -49.9175727,
            -21.9771033
          ],
          [
            -49.917106,
            -21.97872
          ],
          [
            -49.9167869,
            -21.9798791
          ],
          [
            -49.9164663,
            -21.9809654
          ],
          [
            -49.9163765,
            -21.9812868
          ],
          [
            -49.9162504,
            -21.9818291
          ],
          [
            -49.9161056,
            -21.9825006
          ],
          [
            -49.9159983,
            -21.9831423
          ],
          [
            -49.9158293,
            -21.9838959
          ],
          [
            -49.9156255,
            -21.9847938
          ],
          [
            -49.9153116,
            -21.9862662
          ],
          [
            -49.91514,
            -21.9870695
          ],
          [
            -49.9150085,
            -21.987654
          ],
          [
            -49.9148449,
            -21.9884648
          ],
          [
            -49.9146143,
            -21.9894422
          ],
          [
            -49.9144185,
            -21.9903625
          ],
          [
            -49.9142334,
            -21.9912056
          ],
          [
            -49.9140497,
            -21.9920599
          ],
          [
            -49.9140269,
            -21.9921494
          ],
          [
            -49.913933,
            -21.9925368
          ],
          [
            -49.9138337,
            -21.9930261
          ],
          [
            -49.9136594,
            -21.9937647
          ],
          [
            -49.913418,
            -21.9948714
          ],
          [
            -49.9132644,
            -21.9956009
          ],
          [
            -49.9130157,
            -21.9968013
          ],
          [
            -49.912793,
            -21.997821
          ],
          [
            -49.9125972,
            -21.9987959
          ],
          [
            -49.9124873,
            -21.9992758
          ],
          [
            -49.9123076,
            -22.000104
          ],
          [
            -49.9121815,
            -22.0007431
          ],
          [
            -49.9121144,
            -22.0010639
          ],
          [
            -49.9120474,
            -22.0013847
          ],
          [
            -49.9118864,
            -22.0020662
          ],
          [
            -49.9117953,
            -22.0024168
          ],
          [
            -49.9117336,
            -22.0027251
          ],
          [
            -49.9114511,
            -22.0040198
          ],
          [
            -49.9112776,
            -22.004829
          ],
          [
            -49.9112052,
            -22.0051796
          ],
          [
            -49.9110932,
            -22.0056909
          ],
          [
            -49.9108619,
            -22.0066667
          ],
          [
            -49.9106151,
            -22.0077734
          ],
          [
            -49.9103804,
            -22.0089136
          ],
          [
            -49.9102825,
            -22.0093002
          ],
          [
            -49.9102101,
            -22.0096832
          ],
          [
            -49.9099922,
            -22.0107936
          ],
          [
            -49.9096616,
            -22.0122433
          ],
          [
            -49.9094188,
            -22.0132914
          ],
          [
            -49.9088475,
            -22.0158924
          ],
          [
            -49.9084988,
            -22.0175187
          ],
          [
            -49.9083111,
            -22.0184362
          ],
          [
            -49.9080402,
            -22.0195862
          ],
          [
            -49.9078135,
            -22.0206952
          ],
          [
            -49.9076621,
            -22.0214153
          ],
          [
            -49.9074313,
            -22.0224395
          ],
          [
            -49.9072208,
            -22.0233508
          ],
          [
            -49.9070685,
            -22.0240085
          ],
          [
            -49.9069566,
            -22.0244834
          ],
          [
            -49.90675,
            -22.0254283
          ],
          [
            -49.9064496,
            -22.0268418
          ],
          [
            -49.9062538,
            -22.0278041
          ],
          [
            -49.9060594,
            -22.0286669
          ],
          [
            -49.9059534,
            -22.0291666
          ],
          [
            -49.9056067,
            -22.0308512
          ],
          [
            -49.9054907,
            -22.0313845
          ],
          [
            -49.9053083,
            -22.0321552
          ],
          [
            -49.905142,
            -22.0328278
          ],
          [
            -49.9050696,
            -22.0331709
          ],
          [
            -49.9048872,
            -22.0340274
          ],
          [
            -49.9048068,
            -22.0343991
          ],
          [
            -49.9046512,
            -22.0351724
          ],
          [
            -49.9042634,
            -22.0369515
          ],
          [
            -49.9040973,
            -22.0376487
          ],
          [
            -49.9039981,
            -22.0381049
          ],
          [
            -49.9039337,
            -22.0385412
          ],
          [
            -49.9038693,
            -22.039046
          ],
          [
            -49.9038157,
            -22.0395208
          ],
          [
            -49.9037701,
            -22.0401536
          ],
          [
            -49.9037312,
            -22.0404855
          ],
          [
            -49.903699,
            -22.0408105
          ],
          [
            -49.9036708,
            -22.0410871
          ],
          [
            -49.9036467,
            -22.0413867
          ],
          [
            -49.9035931,
            -22.042058
          ],
          [
            -49.9034509,
            -22.0437125
          ],
          [
            -49.9033825,
            -22.0445217
          ],
          [
            -49.9033128,
            -22.0454776
          ],
          [
            -49.9032404,
            -22.0462682
          ],
          [
            -49.9031773,
            -22.0473024
          ],
          [
            -49.9031465,
            -22.0476803
          ],
          [
            -49.9031237,
            -22.0480893
          ],
          [
            -49.9030834,
            -22.0486872
          ],
          [
            -49.9030218,
            -22.0493261
          ],
          [
            -49.9029359,
            -22.0501117
          ],
          [
            -49.902893,
            -22.0506971
          ],
          [
            -49.9028635,
            -22.0510874
          ],
          [
            -49.9027817,
            -22.052001
          ],
          [
            -49.9027401,
            -22.0527058
          ],
          [
            -49.9027066,
            -22.0531732
          ],
          [
            -49.9026221,
            -22.0541576
          ],
          [
            -49.9025443,
            -22.0549133
          ],
          [
            -49.9025175,
            -22.05529
          ],
          [
            -49.9025041,
            -22.0556082
          ],
          [
            -49.9024799,
            -22.0559413
          ],
          [
            -49.9024491,
            -22.0564372
          ],
          [
            -49.9023995,
            -22.0569468
          ],
          [
            -49.902366,
            -22.0572973
          ],
          [
            -49.902315,
            -22.0579996
          ],
          [
            -49.9022573,
            -22.0587193
          ],
          [
            -49.9021923,
            -22.0594576
          ],
          [
            -49.9020441,
            -22.0613406
          ],
          [
            -49.902024,
            -22.0616165
          ],
          [
            -49.9019922,
            -22.0619856
          ]
        ]
      },
      "id": "way/814515584"
    },
    {
      "type": "Feature",
      "properties": {
        "@id": "way/815965764",
        "highway": "motorway",
        "lanes": "2",
        "maxspeed": "80",
        "name": "Rodovia Transbrasiliana",
        "nat_ref": "BR-153",
        "oneway": "yes",
        "operator": "Triunfo Transbrasiliana",
        "operator:type": "private",
        "owner": "União Federal",
        "ownership": "national",
        "ref": "BR-153",
        "source": "Bing",
        "surface": "asphalt",
        "turn:lanes": "through|through;slight_right"
      },
      "geometry": {
        "type": "LineString",
        "coordinates": [
          [
            -49.3436154,
            -20.755445
          ],
          [
            -49.3439748,
            -20.756283
          ]
        ]
      },
      "id": "way/815965764"
    },
    {
      "type": "Feature",
      "properties": {
        "@id": "way/815965766",
        "highway": "motorway",
        "lanes": "2",
        "maxspeed": "80",
        "name": "Rodovia Transbrasiliana",
        "oneway": "yes",
        "ref": "BR-153",
        "surface": "asphalt"
      },
      "geometry": {
        "type": "LineString",
        "coordinates": [
          [
            -49.340887,
            -20.7494183
          ],
          [
            -49.3406564,
            -20.7488841
          ]
        ]
      },
      "id": "way/815965766"
    },
    {
      "type": "Feature",
      "properties": {
        "@id": "way/815965767",
        "highway": "motorway",
        "lanes": "2",
        "maxspeed": "80",
        "name": "Rodovia Transbrasiliana",
        "oneway": "yes",
        "ref": "BR-153",
        "surface": "asphalt"
      },
      "geometry": {
        "type": "LineString",
        "coordinates": [
          [
            -49.3407767,
            -20.7488901
          ],
          [
            -49.34105,
            -20.74952
          ]
        ]
      },
      "id": "way/815965767"
    },
    {
      "type": "Feature",
      "properties": {
        "@id": "way/819413950",
        "highway": "trunk",
        "lanes": "2",
        "maxspeed": "110",
        "name": "Rodovia Transbrasiliana",
        "ref": "BR-153",
        "surface": "asphalt"
      },
      "geometry": {
        "type": "LineString",
        "coordinates": [
          [
            -49.781118,
            -21.5201246
          ],
          [
            -49.7811294,
            -21.5204684
          ],
          [
            -49.7813179,
            -21.5240596
          ],
          [
            -49.7813449,
            -21.5246693
          ],
          [
            -49.7814158,
            -21.5262665
          ],
          [
            -49.7816384,
            -21.5304258
          ],
          [
            -49.781816,
            -21.5337862
          ],
          [
            -49.7818798,
            -21.5349917
          ],
          [
            -49.7819475,
            -21.5365186
          ],
          [
            -49.7819562,
            -21.5367544
          ],
          [
            -49.7820635,
            -21.5387566
          ],
          [
            -49.7821118,
            -21.5395512
          ],
          [
            -49.7821279,
            -21.5402074
          ],
          [
            -49.782144,
            -21.5405741
          ],
          [
            -49.7821721,
            -21.5410194
          ],
          [
            -49.7822271,
            -21.5423043
          ],
          [
            -49.7823049,
            -21.5434819
          ],
          [
            -49.7823827,
            -21.5448827
          ],
          [
            -49.7823921,
            -21.5456049
          ],
          [
            -49.782435,
            -21.546422
          ],
          [
            -49.7824846,
            -21.547138
          ],
          [
            -49.7825356,
            -21.5478652
          ],
          [
            -49.7825611,
            -21.5485201
          ],
          [
            -49.7825906,
            -21.549266
          ],
          [
            -49.7826442,
            -21.5502477
          ],
          [
            -49.7826573,
            -21.5506347
          ],
          [
            -49.7826603,
            -21.5507242
          ],
          [
            -49.7826804,
            -21.551394
          ],
          [
            -49.7827408,
            -21.5523158
          ],
          [
            -49.7827663,
            -21.552776
          ],
          [
            -49.7827998,
            -21.5535145
          ],
          [
            -49.7828373,
            -21.554208
          ],
          [
            -49.7828937,
            -21.5552445
          ],
          [
            -49.7829205,
            -21.5558657
          ],
          [
            -49.7829728,
            -21.5570356
          ],
          [
            -49.783013,
            -21.557885
          ],
          [
            -49.7830667,
            -21.5589876
          ],
          [
            -49.7830908,
            -21.5596549
          ],
          [
            -49.7831297,
            -21.5602461
          ],
          [
            -49.7831739,
            -21.5609496
          ],
          [
            -49.7831994,
            -21.5615695
          ],
          [
            -49.7832155,
            -21.5619137
          ],
          [
            -49.7832571,
            -21.5624026
          ],
          [
            -49.7832799,
            -21.5627643
          ],
          [
            -49.7832819,
            -21.5628303
          ],
          [
            -49.783296,
            -21.5633007
          ],
          [
            -49.7833148,
            -21.5637784
          ],
          [
            -49.7833309,
            -21.5644107
          ],
          [
            -49.7833523,
            -21.5648547
          ],
          [
            -49.7833845,
            -21.5652551
          ],
          [
            -49.783406,
            -21.5655357
          ],
          [
            -49.7834381,
            -21.5662491
          ],
          [
            -49.7834489,
            -21.5668465
          ],
          [
            -49.7834777,
            -21.5674022
          ],
          [
            -49.7836594,
            -21.5706667
          ],
          [
            -49.7837104,
            -21.5717542
          ],
          [
            -49.783819,
            -21.5736836
          ],
          [
            -49.7838391,
            -21.5741313
          ],
          [
            -49.7838499,
            -21.5746813
          ],
          [
            -49.7838687,
            -21.5750352
          ],
          [
            -49.7839277,
            -21.576143
          ],
          [
            -49.7840349,
            -21.5784726
          ],
          [
            -49.7840846,
            -21.5793331
          ],
          [
            -49.784106,
            -21.5796162
          ],
          [
            -49.7841463,
            -21.5800115
          ],
          [
            -49.7841744,
            -21.5803046
          ],
          [
            -49.7841892,
            -21.5806575
          ],
          [
            -49.7842173,
            -21.5816926
          ],
          [
            -49.7842723,
            -21.5828387
          ],
          [
            -49.7844493,
            -21.5864177
          ],
          [
            -49.7844788,
            -21.5872844
          ],
          [
            -49.7845083,
            -21.587989
          ],
          [
            -49.7845124,
            -21.5883544
          ],
          [
            -49.7845902,
            -21.5901152
          ]
        ]
      },
      "id": "way/819413950"
    },
    {
      "type": "Feature",
      "properties": {
        "@id": "way/819413951",
        "highway": "trunk",
        "lanes": "2",
        "maxspeed": "110",
        "name": "Rodovia Transbrasiliana",
        "ref": "BR-153",
        "surface": "asphalt"
      },
      "geometry": {
        "type": "LineString",
        "coordinates": [
          [
            -49.7811107,
            -21.5199712
          ],
          [
            -49.781118,
            -21.5201246
          ]
        ]
      },
      "id": "way/819413951"
    },
    {
      "type": "Feature",
      "properties": {
        "@id": "way/819413952",
        "highway": "trunk",
        "lanes": "2",
        "maxspeed": "110",
        "name": "Rodovia Transbrasiliana",
        "ref": "BR-153",
        "surface": "asphalt"
      },
      "geometry": {
        "type": "LineString",
        "coordinates": [
          [
            -49.7810869,
            -21.5195194
          ],
          [
            -49.7811107,
            -21.5199712
          ]
        ]
      },
      "id": "way/819413952"
    },
    {
      "type": "Feature",
      "properties": {
        "@id": "way/819413953",
        "highway": "trunk",
        "lanes": "2",
        "maxspeed": "110",
        "name": "Rodovia Transbrasiliana",
        "ref": "BR-153",
        "surface": "asphalt"
      },
      "geometry": {
        "type": "LineString",
        "coordinates": [
          [
            -49.7810522,
            -21.5187357
          ],
          [
            -49.7810869,
            -21.5195194
          ]
        ]
      },
      "id": "way/819413953"
    },
    {
      "type": "Feature",
      "properties": {
        "@id": "way/819413954",
        "highway": "trunk",
        "lanes": "2",
        "maxspeed": "110",
        "name": "Rodovia Transbrasiliana",
        "ref": "BR-153",
        "surface": "asphalt"
      },
      "geometry": {
        "type": "LineString",
        "coordinates": [
          [
            -49.7810242,
            -21.5182885
          ],
          [
            -49.7810522,
            -21.5187357
          ]
        ]
      },
      "id": "way/819413954"
    },
    {
      "type": "Feature",
      "properties": {
        "@id": "way/819413955",
        "highway": "trunk",
        "lanes": "2",
        "maxspeed": "110",
        "name": "Rodovia Transbrasiliana",
        "ref": "BR-153",
        "surface": "asphalt"
      },
      "geometry": {
        "type": "LineString",
        "coordinates": [
          [
            -49.7810141,
            -21.5180998
          ],
          [
            -49.7810242,
            -21.5182885
          ]
        ]
      },
      "id": "way/819413955"
    },
    {
      "type": "Feature",
      "properties": {
        "@id": "way/822069983",
        "highway": "trunk",
        "lanes": "2",
        "maxspeed": "80",
        "name": "Rodovia Transbrasiliana",
        "oneway": "yes",
        "ref": "BR-153",
        "surface": "asphalt"
      },
      "geometry": {
        "type": "LineString",
        "coordinates": [
          [
            -49.9013005,
            -22.0863378
          ],
          [
            -49.9015145,
            -22.0866192
          ],
          [
            -49.901666,
            -22.0868128
          ],
          [
            -49.9018604,
            -22.0870508
          ],
          [
            -49.9020785,
            -22.0872588
          ],
          [
            -49.902275,
            -22.0873972
          ],
          [
            -49.902312,
            -22.0874309
          ]
        ]
      },
      "id": "way/822069983"
    },
    {
      "type": "Feature",
      "properties": {
        "@id": "way/822395442",
        "covered": "yes",
        "highway": "trunk",
        "lanes": "4",
        "maxspeed": "40",
        "name": "Rodovia Transbrasiliana",
        "oneway": "yes",
        "operator": "Triunfo Transbrasiliana",
        "ref": "BR-153",
        "source": "osm-gpx",
        "surface": "paved",
        "toll": "yes"
      },
      "geometry": {
        "type": "LineString",
        "coordinates": [
          [
            -49.8986586,
            -22.336355
          ],
          [
            -49.8986599,
            -22.3362916
          ],
          [
            -49.8986605,
            -22.3362287
          ]
        ]
      },
      "id": "way/822395442"
    },
    {
      "type": "Feature",
      "properties": {
        "@id": "way/822434439",
        "bridge": "yes",
        "highway": "trunk",
        "layer": "1",
        "name": "Rodovia Transbrasiliana",
        "oneway": "no",
        "ref": "BR-153",
        "source": "osm-gpx",
        "surface": "asphalt"
      },
      "geometry": {
        "type": "LineString",
        "coordinates": [
          [
            -49.8946969,
            -22.349116
          ],
          [
            -49.8940426,
            -22.3500326
          ]
        ]
      },
      "id": "way/822434439"
    },
    {
      "type": "Feature",
      "properties": {
        "@id": "way/822434440",
        "highway": "trunk",
        "name": "Rodovia Transbrasiliana",
        "oneway": "no",
        "ref": "BR-153",
        "source": "osm-gpx",
        "surface": "asphalt"
      },
      "geometry": {
        "type": "LineString",
        "coordinates": [
          [
            -49.898887,
            -22.3378253
          ],
          [
            -49.898883,
            -22.3385668
          ],
          [
            -49.8988824,
            -22.3388973
          ],
          [
            -49.8989465,
            -22.3407734
          ],
          [
            -49.8989303,
            -22.3411738
          ],
          [
            -49.8988861,
            -22.3416098
          ],
          [
            -49.8988245,
            -22.3419865
          ],
          [
            -49.898729,
            -22.3424397
          ],
          [
            -49.8986722,
            -22.3426722
          ],
          [
            -49.8985841,
            -22.3430588
          ],
          [
            -49.8984136,
            -22.3435404
          ],
          [
            -49.8982591,
            -22.3439114
          ],
          [
            -49.8981506,
            -22.3441285
          ],
          [
            -49.8979417,
            -22.3444994
          ],
          [
            -49.8976966,
            -22.3448808
          ],
          [
            -49.897353,
            -22.3453239
          ],
          [
            -49.8961823,
            -22.3469568
          ],
          [
            -49.8956075,
            -22.3477781
          ],
          [
            -49.8953246,
            -22.3481814
          ],
          [
            -49.8950611,
            -22.3485978
          ]
        ]
      },
      "id": "way/822434440"
    },
    {
      "type": "Feature",
      "properties": {
        "@id": "way/828864994",
        "highway": "motorway",
        "lanes": "2",
        "loc_ref": "BR-153;SP-425",
        "maxspeed": "40",
        "name": "Rodovia Transbrasiliana",
        "oneway": "yes",
        "operator": "Triunfo Transbrasiliana",
        "operator:type": "private",
        "owner": "União Federal",
        "ownership": "national",
        "ref": "BR-153",
        "surface": "asphalt"
      },
      "geometry": {
        "type": "LineString",
        "coordinates": [
          [
            -49.6299916,
            -20.9998793
          ],
          [
            -49.6298194,
            -20.9997742
          ],
          [
            -49.6295833,
            -20.9995401
          ],
          [
            -49.6292943,
            -20.9992521
          ]
        ]
      },
      "id": "way/828864994"
    },
    {
      "type": "Feature",
      "properties": {
        "@id": "way/828864995",
        "highway": "motorway",
        "lanes": "4",
        "loc_ref": "BR-153;SP-425",
        "maxspeed": "40",
        "name": "Rodovia Transbrasiliana",
        "oneway": "yes",
        "operator": "Triunfo Transbrasiliana",
        "operator:type": "private",
        "owner": "União Federal",
        "ownership": "national",
        "ref": "BR-153",
        "surface": "asphalt",
        "toll": "yes"
      },
      "geometry": {
        "type": "LineString",
        "coordinates": [
          [
            -49.6290059,
            -20.9989353
          ],
          [
            -49.6286398,
            -20.9984821
          ],
          [
            -49.6281929,
            -20.9979776
          ],
          [
            -49.6279579,
            -20.9977158
          ]
        ]
      },
      "id": "way/828864995"
    },
    {
      "type": "Feature",
      "properties": {
        "@id": "way/828864996",
        "covered": "yes",
        "highway": "motorway",
        "lanes": "4",
        "loc_ref": "BR-153;SP-425",
        "maxspeed": "40",
        "name": "Rodovia Transbrasiliana",
        "oneway": "yes",
        "operator": "Triunfo Transbrasiliana",
        "operator:type": "private",
        "owner": "União Federal",
        "ownership": "national",
        "ref": "BR-153",
        "surface": "asphalt",
        "toll": "yes"
      },
      "geometry": {
        "type": "LineString",
        "coordinates": [
          [
            -49.6279579,
            -20.9977158
          ],
          [
            -49.6279129,
            -20.9976573
          ],
          [
            -49.6278785,
            -20.9976127
          ]
        ]
      },
      "id": "way/828864996"
    },
    {
      "type": "Feature",
      "properties": {
        "@id": "way/828864997",
        "highway": "motorway",
        "lanes": "4",
        "loc_ref": "BR-153;SP-425",
        "maxspeed": "40",
        "name": "Rodovia Transbrasiliana",
        "oneway": "yes",
        "operator": "Triunfo Transbrasiliana",
        "operator:type": "private",
        "owner": "União Federal",
        "ownership": "national",
        "ref": "BR-153",
        "surface": "asphalt",
        "toll": "yes"
      },
      "geometry": {
        "type": "LineString",
        "coordinates": [
          [
            -49.6278785,
            -20.9976127
          ],
          [
            -49.6275616,
            -20.9972313
          ]
        ]
      },
      "id": "way/828864997"
    },
    {
      "type": "Feature",
      "properties": {
        "@id": "way/828864998",
        "highway": "motorway",
        "lanes": "4",
        "loc_ref": "BR-153;SP-425",
        "maxspeed": "60",
        "name": "Rodovia Transbrasiliana",
        "oneway": "yes",
        "operator": "Triunfo Transbrasiliana",
        "operator:type": "private",
        "owner": "União Federal",
        "ownership": "national",
        "ref": "BR-153",
        "surface": "asphalt",
        "toll": "yes"
      },
      "geometry": {
        "type": "LineString",
        "coordinates": [
          [
            -49.6275616,
            -20.9972313
          ],
          [
            -49.6272156,
            -20.9967843
          ],
          [
            -49.6269983,
            -20.9965214
          ],
          [
            -49.6267556,
            -20.9962259
          ],
          [
            -49.6265584,
            -20.9959681
          ],
          [
            -49.626454,
            -20.9958334
          ],
          [
            -49.6262636,
            -20.995598
          ]
        ]
      },
      "id": "way/828864998"
    },
    {
      "type": "Feature",
      "properties": {
        "@id": "way/828864999",
        "highway": "motorway",
        "lanes": "4",
        "loc_ref": "BR-153;SP-425",
        "maxspeed": "40",
        "name": "Rodovia Transbrasiliana",
        "oneway": "yes",
        "operator": "Triunfo Transbrasiliana",
        "operator:type": "private",
        "owner": "União Federal",
        "ownership": "national",
        "ref": "BR-153",
        "surface": "asphalt",
        "toll": "yes"
      },
      "geometry": {
        "type": "LineString",
        "coordinates": [
          [
            -49.6280947,
            -20.9976148
          ],
          [
            -49.6283454,
            -20.9978964
          ],
          [
            -49.6285482,
            -20.9981132
          ],
          [
            -49.6288031,
            -20.9984097
          ]
        ]
      },
      "id": "way/828864999"
    },
    {
      "type": "Feature",
      "properties": {
        "@id": "way/829931584",
        "highway": "trunk",
        "lanes": "3",
        "lanes:backward": "1",
        "lanes:forward": "2",
        "loc_ref": "BR-153;SP-425",
        "maxspeed:backward": "60",
        "maxspeed:forward": "80",
        "name": "Rodovia Transbrasiliana",
        "operator": "Triunfo Transbrasiliana",
        "operator:type": "private",
        "owner": "União Federal",
        "ownership": "national",
        "ref": "BR-153",
        "source": "osm-gpx",
        "surface": "asphalt"
      },
      "geometry": {
        "type": "LineString",
        "coordinates": [
          [
            -49.6304589,
            -21.0004267
          ],
          [
            -49.6307383,
            -21.0007336
          ],
          [
            -49.6315497,
            -21.0017355
          ]
        ]
      },
      "id": "way/829931584"
    },
    {
      "type": "Feature",
      "properties": {
        "@id": "way/831660582",
        "highway": "trunk",
        "lanes": "2",
        "name": "Rodovia Transbrasiliana",
        "operator": "Triunfo Transbrasiliana",
        "operator:type": "private",
        "owner": "União Federal",
        "ownership": "national",
        "ref": "BR-153",
        "source": "osm-gpx",
        "surface": "asphalt"
      },
      "geometry": {
        "type": "LineString",
        "coordinates": [
          [
            -49.7267018,
            -21.1933669
          ],
          [
            -49.7269139,
            -21.1937357
          ],
          [
            -49.7270567,
            -21.1939857
          ]
        ]
      },
      "id": "way/831660582"
    },
    {
      "type": "Feature",
      "properties": {
        "@id": "way/831660583",
        "highway": "trunk",
        "lanes": "2",
        "name": "Rodovia Transbrasiliana",
        "operator": "Triunfo Transbrasiliana",
        "operator:type": "private",
        "owner": "União Federal",
        "ownership": "national",
        "ref": "BR-153",
        "source": "osm-gpx",
        "surface": "asphalt"
      },
      "geometry": {
        "type": "LineString",
        "coordinates": [
          [
            -49.7463191,
            -21.2326908
          ],
          [
            -49.750848,
            -21.2418099
          ],
          [
            -49.7522052,
            -21.2445049
          ],
          [
            -49.7525398,
            -21.2451805
          ],
          [
            -49.7527061,
            -21.2455217
          ],
          [
            -49.7528797,
            -21.2458648
          ],
          [
            -49.7530662,
            -21.2462098
          ],
          [
            -49.7531397,
            -21.2463524
          ],
          [
            -49.7532365,
            -21.2465398
          ],
          [
            -49.7533887,
            -21.2468679
          ],
          [
            -49.7535583,
            -21.2472073
          ],
          [
            -49.75373,
            -21.2475435
          ],
          [
            -49.7538896,
            -21.2478673
          ],
          [
            -49.7542249,
            -21.2485635
          ],
          [
            -49.7545414,
            -21.2492172
          ],
          [
            -49.7548699,
            -21.2498734
          ],
          [
            -49.755059,
            -21.2502246
          ],
          [
            -49.755232,
            -21.2505509
          ],
          [
            -49.7555566,
            -21.2512346
          ],
          [
            -49.7562115,
            -21.252539
          ],
          [
            -49.7565074,
            -21.2531182
          ],
          [
            -49.7566094,
            -21.2532931
          ],
          [
            -49.7567318,
            -21.2534955
          ],
          [
            -49.7568569,
            -21.2536789
          ],
          [
            -49.7571351,
            -21.2540868
          ],
          [
            -49.7575289,
            -21.2546703
          ],
          [
            -49.7578378,
            -21.2550992
          ],
          [
            -49.7579719,
            -21.2552767
          ],
          [
            -49.7581235,
            -21.2554642
          ],
          [
            -49.7588155,
            -21.2562688
          ],
          [
            -49.7592756,
            -21.256769
          ],
          [
            -49.7595437,
            -21.257079
          ],
          [
            -49.7597945,
            -21.2573815
          ],
          [
            -49.7603551,
            -21.2580377
          ],
          [
            -49.7614843,
            -21.2592938
          ],
          [
            -49.763689,
            -21.2618159
          ],
          [
            -49.7679913,
            -21.2667801
          ],
          [
            -49.7695033,
            -21.2685273
          ]
        ]
      },
      "id": "way/831660583"
    },
    {
      "type": "Feature",
      "properties": {
        "@id": "way/831665206",
        "highway": "trunk",
        "lanes": "2",
        "name": "Rodovia Transbrasiliana",
        "operator": "Triunfo Transbrasiliana",
        "operator:type": "private",
        "owner": "União Federal",
        "ownership": "national",
        "ref": "BR-153",
        "source": "osm-gpx",
        "surface": "asphalt"
      },
      "geometry": {
        "type": "LineString",
        "coordinates": [
          [
            -49.7143787,
            -21.1685524
          ],
          [
            -49.7158572,
            -21.1715588
          ],
          [
            -49.7222684,
            -21.1844505
          ],
          [
            -49.7242178,
            -21.1883644
          ],
          [
            -49.7247367,
            -21.1894061
          ],
          [
            -49.7248573,
            -21.1896567
          ],
          [
            -49.7253831,
            -21.190749
          ],
          [
            -49.725616,
            -21.191242
          ],
          [
            -49.7263916,
            -21.1927647
          ],
          [
            -49.726547,
            -21.1930652
          ]
        ]
      },
      "id": "way/831665206"
    },
    {
      "type": "Feature",
      "properties": {
        "@id": "way/831665207",
        "highway": "trunk",
        "lanes": "2",
        "name": "Rodovia Transbrasiliana",
        "operator": "Triunfo Transbrasiliana",
        "operator:type": "private",
        "owner": "União Federal",
        "ownership": "national",
        "ref": "BR-153",
        "source": "osm-gpx",
        "surface": "asphalt"
      },
      "geometry": {
        "type": "LineString",
        "coordinates": [
          [
            -49.713694,
            -21.1671942
          ],
          [
            -49.7138576,
            -21.1675281
          ],
          [
            -49.7140407,
            -21.1678836
          ]
        ]
      },
      "id": "way/831665207"
    },
    {
      "type": "Feature",
      "properties": {
        "@id": "way/832211632",
        "highway": "trunk",
        "lanes": "2",
        "name": "Rodovia Transbrasiliana",
        "operator": "Triunfo Transbrasiliana",
        "operator:type": "private",
        "owner": "União Federal",
        "ownership": "national",
        "ref": "BR-153",
        "source": "osm-gpx",
        "surface": "asphalt"
      },
      "geometry": {
        "type": "LineString",
        "coordinates": [
          [
            -49.7343712,
            -21.2087234
          ],
          [
            -49.7346521,
            -21.2092854
          ],
          [
            -49.734761,
            -21.2095099
          ]
        ]
      },
      "id": "way/832211632"
    },
    {
      "type": "Feature",
      "properties": {
        "@id": "way/832211633",
        "highway": "trunk",
        "lanes": "2",
        "name": "Rodovia Transbrasiliana",
        "operator": "Triunfo Transbrasiliana",
        "operator:type": "private",
        "owner": "União Federal",
        "ownership": "national",
        "ref": "BR-153",
        "source": "osm-gpx",
        "surface": "asphalt"
      },
      "geometry": {
        "type": "LineString",
        "coordinates": [
          [
            -49.7272056,
            -21.1942908
          ],
          [
            -49.7273974,
            -21.1946978
          ],
          [
            -49.7282007,
            -21.1963683
          ],
          [
            -49.7309822,
            -21.2019511
          ],
          [
            -49.7327364,
            -21.2054795
          ],
          [
            -49.7343712,
            -21.2087234
          ]
        ]
      },
      "id": "way/832211633"
    },
    {
      "type": "Feature",
      "properties": {
        "@id": "way/837071780",
        "highway": "trunk",
        "lanes": "2",
        "name": "Rodovia Transbrasiliana",
        "operator": "Triunfo Transbrasiliana",
        "operator:type": "private",
        "owner": "União Federal",
        "ownership": "national",
        "ref": "BR-153",
        "source": "osm-gpx",
        "surface": "asphalt"
      },
      "geometry": {
        "type": "LineString",
        "coordinates": [
          [
            -49.7459989,
            -21.2320864
          ],
          [
            -49.7463191,
            -21.2326908
          ]
        ]
      },
      "id": "way/837071780"
    },
    {
      "type": "Feature",
      "properties": {
        "@id": "way/837071781",
        "highway": "trunk",
        "lanes": "2",
        "name": "Rodovia Transbrasiliana",
        "operator": "Triunfo Transbrasiliana",
        "operator:type": "private",
        "owner": "União Federal",
        "ownership": "national",
        "ref": "BR-153",
        "source": "osm-gpx",
        "surface": "asphalt"
      },
      "geometry": {
        "type": "LineString",
        "coordinates": [
          [
            -49.734761,
            -21.2095099
          ],
          [
            -49.7454809,
            -21.2310246
          ],
          [
            -49.7459989,
            -21.2320864
          ]
        ]
      },
      "id": "way/837071781"
    },
    {
      "type": "Feature",
      "properties": {
        "@id": "way/839772555",
        "highway": "trunk",
        "lanes": "2",
        "name": "Rodovia Transbrasiliana",
        "operator": "Triunfo Transbrasiliana",
        "operator:type": "private",
        "owner": "União Federal",
        "ownership": "national",
        "ref": "BR-153",
        "source": "osm-gpx",
        "surface": "asphalt"
      },
      "geometry": {
        "type": "LineString",
        "coordinates": [
          [
            -49.6795654,
            -21.0983416
          ],
          [
            -49.6810355,
            -21.1013399
          ],
          [
            -49.6823844,
            -21.1039935
          ]
        ]
      },
      "id": "way/839772555"
    },
    {
      "type": "Feature",
      "properties": {
        "@id": "way/839772556",
        "highway": "trunk",
        "lanes": "2",
        "name": "Rodovia Transbrasiliana",
        "operator": "Triunfo Transbrasiliana",
        "operator:type": "private",
        "owner": "União Federal",
        "ownership": "national",
        "ref": "BR-153",
        "source": "osm-gpx",
        "surface": "asphalt"
      },
      "geometry": {
        "type": "LineString",
        "coordinates": [
          [
            -49.6668657,
            -21.072597
          ],
          [
            -49.6697903,
            -21.0785537
          ],
          [
            -49.6704662,
            -21.0798952
          ],
          [
            -49.6708739,
            -21.080661
          ],
          [
            -49.6715444,
            -21.0820525
          ],
          [
            -49.6725744,
            -21.0841147
          ],
          [
            -49.6742198,
            -21.0874999
          ],
          [
            -49.674563,
            -21.088196
          ],
          [
            -49.6778236,
            -21.0948083
          ],
          [
            -49.6788669,
            -21.0969289
          ],
          [
            -49.6793589,
            -21.0979229
          ],
          [
            -49.6795654,
            -21.0983416
          ]
        ]
      },
      "id": "way/839772556"
    },
    {
      "type": "Feature",
      "properties": {
        "@id": "way/839772667",
        "highway": "trunk",
        "lanes": "2",
        "name": "Rodovia Transbrasiliana",
        "operator": "Triunfo Transbrasiliana",
        "operator:type": "private",
        "owner": "União Federal",
        "ownership": "national",
        "ref": "BR-153",
        "source": "osm-gpx",
        "surface": "asphalt"
      },
      "geometry": {
        "type": "LineString",
        "coordinates": [
          [
            -49.7140407,
            -21.1678836
          ],
          [
            -49.7143787,
            -21.1685524
          ]
        ]
      },
      "id": "way/839772667"
    },
    {
      "type": "Feature",
      "properties": {
        "@id": "way/839772668",
        "highway": "trunk",
        "lanes": "2",
        "name": "Rodovia Transbrasiliana",
        "operator": "Triunfo Transbrasiliana",
        "operator:type": "private",
        "owner": "União Federal",
        "ownership": "national",
        "ref": "BR-153",
        "source": "osm-gpx",
        "surface": "asphalt"
      },
      "geometry": {
        "type": "LineString",
        "coordinates": [
          [
            -49.7132803,
            -21.166422
          ],
          [
            -49.713694,
            -21.1671942
          ]
        ]
      },
      "id": "way/839772668"
    },
    {
      "type": "Feature",
      "properties": {
        "@id": "way/839772671",
        "highway": "trunk",
        "lanes": "2",
        "name": "Rodovia Transbrasiliana",
        "operator": "Triunfo Transbrasiliana",
        "operator:type": "private",
        "owner": "União Federal",
        "ownership": "national",
        "ref": "BR-153",
        "source": "osm-gpx",
        "surface": "asphalt"
      },
      "geometry": {
        "type": "LineString",
        "coordinates": [
          [
            -49.7270567,
            -21.1939857
          ],
          [
            -49.7272056,
            -21.1942908
          ]
        ]
      },
      "id": "way/839772671"
    },
    {
      "type": "Feature",
      "properties": {
        "@id": "way/839772672",
        "highway": "trunk",
        "lanes": "2",
        "name": "Rodovia Transbrasiliana",
        "operator": "Triunfo Transbrasiliana",
        "operator:type": "private",
        "owner": "União Federal",
        "ownership": "national",
        "ref": "BR-153",
        "source": "osm-gpx",
        "surface": "asphalt"
      },
      "geometry": {
        "type": "LineString",
        "coordinates": [
          [
            -49.726547,
            -21.1930652
          ],
          [
            -49.7266477,
            -21.1932599
          ],
          [
            -49.7267018,
            -21.1933669
          ]
        ]
      },
      "id": "way/839772672"
    },
    {
      "type": "Feature",
      "properties": {
        "@id": "way/839900298",
        "highway": "trunk",
        "lanes": "2",
        "maxspeed": "110",
        "name": "Rodovia Transbrasiliana",
        "ref": "BR-153",
        "surface": "asphalt"
      },
      "geometry": {
        "type": "LineString",
        "coordinates": [
          [
            -49.7944251,
            -21.3184378
          ],
          [
            -49.7943444,
            -21.3191559
          ]
        ]
      },
      "id": "way/839900298"
    },
    {
      "type": "Feature",
      "properties": {
        "@id": "way/839900299",
        "highway": "trunk",
        "lanes": "2",
        "maxspeed": "110",
        "name": "Rodovia Transbrasiliana",
        "ref": "BR-153",
        "surface": "asphalt"
      },
      "geometry": {
        "type": "LineString",
        "coordinates": [
          [
            -49.7945214,
            -21.3176908
          ],
          [
            -49.7944742,
            -21.3180557
          ],
          [
            -49.7944251,
            -21.3184378
          ]
        ]
      },
      "id": "way/839900299"
    },
    {
      "type": "Feature",
      "properties": {
        "@id": "way/839900300",
        "highway": "trunk",
        "lanes": "2",
        "maxspeed": "110",
        "name": "Rodovia Transbrasiliana",
        "ref": "BR-153",
        "surface": "asphalt"
      },
      "geometry": {
        "type": "LineString",
        "coordinates": [
          [
            -49.7946161,
            -21.3170508
          ],
          [
            -49.7945214,
            -21.3176908
          ]
        ]
      },
      "id": "way/839900300"
    },
    {
      "type": "Feature",
      "properties": {
        "@id": "way/839900301",
        "highway": "trunk",
        "lanes": "2",
        "maxspeed": "110",
        "name": "Rodovia Transbrasiliana",
        "ref": "BR-153",
        "surface": "asphalt"
      },
      "geometry": {
        "type": "LineString",
        "coordinates": [
          [
            -49.7931756,
            -21.2968465
          ],
          [
            -49.7933071,
            -21.298179
          ],
          [
            -49.793522,
            -21.300239
          ],
          [
            -49.7947708,
            -21.3120066
          ],
          [
            -49.79487,
            -21.313568
          ],
          [
            -49.7948868,
            -21.3144348
          ],
          [
            -49.7948313,
            -21.3153044
          ],
          [
            -49.7946161,
            -21.3170508
          ]
        ]
      },
      "id": "way/839900301"
    },
    {
      "type": "Feature",
      "properties": {
        "@id": "way/841357144",
        "highway": "motorway",
        "lanes": "2",
        "maxspeed": "80",
        "name": "Rodovia Transbrasiliana",
        "oneway": "yes",
        "ref": "BR-153",
        "surface": "asphalt"
      },
      "geometry": {
        "type": "LineString",
        "coordinates": [
          [
            -49.3466992,
            -20.7629421
          ],
          [
            -49.34606,
            -20.7614641
          ]
        ]
      },
      "id": "way/841357144"
    },
    {
      "type": "Feature",
      "properties": {
        "@id": "way/860501213",
        "highway": "trunk",
        "name": "Rodovia Transbrasiliana",
        "oneway": "no",
        "ref": "BR-153",
        "source": "osm-gpx",
        "surface": "asphalt"
      },
      "geometry": {
        "type": "LineString",
        "coordinates": [
          [
            -49.8849606,
            -22.4689758
          ],
          [
            -49.8855653,
            -22.4696294
          ],
          [
            -49.8861426,
            -22.4702652
          ],
          [
            -49.8864649,
            -22.4706513
          ],
          [
            -49.8866917,
            -22.4709321
          ],
          [
            -49.8869236,
            -22.4712429
          ],
          [
            -49.8871885,
            -22.4716198
          ],
          [
            -49.8874444,
            -22.4720062
          ],
          [
            -49.8876858,
            -22.4723941
          ],
          [
            -49.8879756,
            -22.4729269
          ],
          [
            -49.888142,
            -22.47326
          ]
        ]
      },
      "id": "way/860501213"
    },
    {
      "type": "Feature",
      "properties": {
        "@id": "way/860501214",
        "highway": "trunk",
        "name": "Rodovia Transbrasiliana",
        "oneway": "no",
        "ref": "BR-153",
        "source": "osm-gpx",
        "surface": "asphalt"
      },
      "geometry": {
        "type": "LineString",
        "coordinates": [
          [
            -49.8882927,
            -22.4735868
          ],
          [
            -49.8884735,
            -22.4739683
          ],
          [
            -49.8886017,
            -22.4742879
          ],
          [
            -49.8887095,
            -22.4745916
          ],
          [
            -49.8888431,
            -22.4749717
          ],
          [
            -49.8889068,
            -22.4751627
          ],
          [
            -49.8889675,
            -22.4753537
          ],
          [
            -49.8891842,
            -22.4762374
          ],
          [
            -49.8892742,
            -22.4766789
          ],
          [
            -49.8893479,
            -22.4771222
          ],
          [
            -49.8893657,
            -22.4772975
          ],
          [
            -49.8893827,
            -22.4774642
          ],
          [
            -49.8894256,
            -22.4779252
          ],
          [
            -49.8894525,
            -22.4784209
          ],
          [
            -49.889454,
            -22.480737
          ],
          [
            -49.8894563,
            -22.4811968
          ],
          [
            -49.8894576,
            -22.4814154
          ],
          [
            -49.8894668,
            -22.4831279
          ],
          [
            -49.8894652,
            -22.4848404
          ],
          [
            -49.8894651,
            -22.4851791
          ],
          [
            -49.8894659,
            -22.4855178
          ],
          [
            -49.889452,
            -22.486188
          ],
          [
            -49.8894469,
            -22.4871514
          ],
          [
            -49.8894473,
            -22.4873962
          ],
          [
            -49.8894492,
            -22.4885721
          ],
          [
            -49.8894478,
            -22.4888684
          ],
          [
            -49.889462,
            -22.4912132
          ],
          [
            -49.8894609,
            -22.499443
          ],
          [
            -49.8894655,
            -22.4998591
          ],
          [
            -49.8894619,
            -22.5003799
          ],
          [
            -49.8894617,
            -22.5013135
          ],
          [
            -49.8894655,
            -22.5017548
          ],
          [
            -49.8894717,
            -22.5022004
          ],
          [
            -49.8894639,
            -22.5029853
          ],
          [
            -49.8894618,
            -22.5031048
          ],
          [
            -49.8894668,
            -22.5034643
          ],
          [
            -49.8894729,
            -22.5038173
          ],
          [
            -49.8894744,
            -22.504213
          ],
          [
            -49.8894744,
            -22.505337
          ],
          [
            -49.8894679,
            -22.5063189
          ],
          [
            -49.8894779,
            -22.5078887
          ],
          [
            -49.8894556,
            -22.5098022
          ]
        ]
      },
      "id": "way/860501214"
    },
    {
      "type": "Feature",
      "properties": {
        "@id": "way/860509905",
        "highway": "trunk",
        "name": "Rodovia Transbrasiliana",
        "oneway": "no",
        "ref": "BR-153",
        "source": "osm-gpx",
        "surface": "asphalt"
      },
      "geometry": {
        "type": "LineString",
        "coordinates": [
          [
            -49.8607166,
            -22.4152227
          ],
          [
            -49.8607126,
            -22.4153126
          ]
        ]
      },
      "id": "way/860509905"
    },
    {
      "type": "Feature",
      "properties": {
        "@id": "way/860509906",
        "highway": "trunk",
        "name": "Rodovia Transbrasiliana",
        "oneway": "no",
        "ref": "BR-153",
        "source": "osm-gpx",
        "surface": "asphalt"
      },
      "geometry": {
        "type": "LineString",
        "coordinates": [
          [
            -49.8607126,
            -22.4153126
          ],
          [
            -49.8606361,
            -22.4161203
          ]
        ]
      },
      "id": "way/860509906"
    },
    {
      "type": "Feature",
      "properties": {
        "@id": "way/860509907",
        "highway": "trunk",
        "name": "Rodovia Transbrasiliana",
        "oneway": "no",
        "ref": "BR-153",
        "source": "osm-gpx",
        "surface": "asphalt"
      },
      "geometry": {
        "type": "LineString",
        "coordinates": [
          [
            -49.8606361,
            -22.4161203
          ],
          [
            -49.8605349,
            -22.4170471
          ]
        ]
      },
      "id": "way/860509907"
    },
    {
      "type": "Feature",
      "properties": {
        "@id": "way/860509909",
        "highway": "trunk",
        "name": "Rodovia Transbrasiliana",
        "oneway": "no",
        "ref": "BR-153",
        "source": "osm-gpx",
        "surface": "asphalt"
      },
      "geometry": {
        "type": "LineString",
        "coordinates": [
          [
            -49.8605349,
            -22.4170471
          ],
          [
            -49.8604464,
            -22.417874
          ]
        ]
      },
      "id": "way/860509909"
    },
    {
      "type": "Feature",
      "properties": {
        "@id": "way/860509911",
        "highway": "trunk",
        "name": "Rodovia Transbrasiliana",
        "oneway": "no",
        "ref": "BR-153",
        "source": "osm-gpx",
        "surface": "asphalt"
      },
      "geometry": {
        "type": "LineString",
        "coordinates": [
          [
            -49.8604464,
            -22.417874
          ],
          [
            -49.8604108,
            -22.4181461
          ],
          [
            -49.8603384,
            -22.4189346
          ],
          [
            -49.8602794,
            -22.4195198
          ],
          [
            -49.8601936,
            -22.4203596
          ],
          [
            -49.8599347,
            -22.4228955
          ],
          [
            -49.8598839,
            -22.4233465
          ],
          [
            -49.8598686,
            -22.4234828
          ],
          [
            -49.8598355,
            -22.4237769
          ],
          [
            -49.8596747,
            -22.4254033
          ],
          [
            -49.8596504,
            -22.4256489
          ],
          [
            -49.8593768,
            -22.4282894
          ],
          [
            -49.8591548,
            -22.430418
          ],
          [
            -49.8590563,
            -22.4313621
          ],
          [
            -49.8590161,
            -22.431748
          ],
          [
            -49.8588552,
            -22.4333595
          ],
          [
            -49.8587921,
            -22.4339855
          ],
          [
            -49.8586969,
            -22.4348309
          ],
          [
            -49.8586684,
            -22.4351439
          ],
          [
            -49.8586634,
            -22.4351991
          ],
          [
            -49.858634,
            -22.4356985
          ],
          [
            -49.8586312,
            -22.435747
          ],
          [
            -49.8586245,
            -22.4366011
          ],
          [
            -49.858662,
            -22.4374923
          ],
          [
            -49.858709,
            -22.4380464
          ],
          [
            -49.8588163,
            -22.438748
          ],
          [
            -49.8589578,
            -22.4394974
          ],
          [
            -49.859002,
            -22.439673
          ],
          [
            -49.8591663,
            -22.4402925
          ],
          [
            -49.8591944,
            -22.4403878
          ],
          [
            -49.8593514,
            -22.4409197
          ],
          [
            -49.8596947,
            -22.4418432
          ],
          [
            -49.8599777,
            -22.4424939
          ],
          [
            -49.8606469,
            -22.4440347
          ],
          [
            -49.8608547,
            -22.4445084
          ],
          [
            -49.8609084,
            -22.4446309
          ],
          [
            -49.8610883,
            -22.4450478
          ],
          [
            -49.8613925,
            -22.4457526
          ],
          [
            -49.8617654,
            -22.446624
          ],
          [
            -49.8618404,
            -22.4467918
          ],
          [
            -49.8622562,
            -22.4477222
          ],
          [
            -49.8623184,
            -22.4478456
          ],
          [
            -49.8625593,
            -22.4483233
          ],
          [
            -49.8628651,
            -22.4488204
          ],
          [
            -49.8631118,
            -22.4491711
          ],
          [
            -49.8633626,
            -22.4494798
          ],
          [
            -49.8639795,
            -22.4501193
          ],
          [
            -49.8643819,
            -22.4504738
          ],
          [
            -49.8648526,
            -22.4508382
          ],
          [
            -49.8653729,
            -22.4511766
          ],
          [
            -49.866655,
            -22.4519165
          ],
          [
            -49.868039,
            -22.4527185
          ],
          [
            -49.8686432,
            -22.4530682
          ],
          [
            -49.8689688,
            -22.4532566
          ],
          [
            -49.8690583,
            -22.4533084
          ],
          [
            -49.8698388,
            -22.4537509
          ],
          [
            -49.8704691,
            -22.4541004
          ],
          [
            -49.8709372,
            -22.4543793
          ],
          [
            -49.8714213,
            -22.4546693
          ],
          [
            -49.8716148,
            -22.4548066
          ],
          [
            -49.8718022,
            -22.4549395
          ],
          [
            -49.8721549,
            -22.4552345
          ],
          [
            -49.8724473,
            -22.4554688
          ],
          [
            -49.8728283,
            -22.4558466
          ],
          [
            -49.8735358,
            -22.456591
          ],
          [
            -49.879671,
            -22.4632418
          ],
          [
            -49.883081,
            -22.4669226
          ],
          [
            -49.8849606,
            -22.4689758
          ]
        ]
      },
      "id": "way/860509911"
    },
    {
      "type": "Feature",
      "properties": {
        "@id": "way/888769322",
        "highway": "motorway",
        "lanes": "2",
        "maxspeed": "80",
        "name": "Rodovia Transbrasiliana",
        "nat_ref": "BR-153",
        "oneway": "yes",
        "operator": "Triunfo Transbrasiliana",
        "operator:type": "private",
        "owner": "União Federal",
        "ownership": "national",
        "ref": "BR-153",
        "surface": "asphalt"
      },
      "geometry": {
        "type": "LineString",
        "coordinates": [
          [
            -49.3564278,
            -20.8091818
          ],
          [
            -49.3564982,
            -20.8098011
          ]
        ]
      },
      "id": "way/888769322"
    },
    {
      "type": "Feature",
      "properties": {
        "@id": "way/888770524",
        "highway": "motorway",
        "lanes": "2",
        "maxspeed": "80",
        "name": "Rodovia Transbrasiliana",
        "oneway": "yes",
        "operator": "Triunfo Transbrasiliana",
        "operator:type": "private",
        "owner": "União Federal",
        "ownership": "national",
        "ref": "BR-153",
        "surface": "asphalt"
      },
      "geometry": {
        "type": "LineString",
        "coordinates": [
          [
            -49.4053972,
            -20.8561556
          ],
          [
            -49.4063705,
            -20.8574909
          ],
          [
            -49.40791,
            -20.8595827
          ]
        ]
      },
      "id": "way/888770524"
    },
    {
      "type": "Feature",
      "properties": {
        "@id": "way/888770525",
        "highway": "motorway",
        "lanes": "3",
        "maxspeed": "80",
        "name": "Rodovia Transbrasiliana",
        "oneway": "yes",
        "operator": "Triunfo Transbrasiliana",
        "operator:type": "private",
        "owner": "União Federal",
        "ownership": "national",
        "ref": "BR-153",
        "surface": "asphalt",
        "turn:lanes": "||merge_to_left"
      },
      "geometry": {
        "type": "LineString",
        "coordinates": [
          [
            -49.4221887,
            -20.8790685
          ],
          [
            -49.4222818,
            -20.8791957
          ],
          [
            -49.4224339,
            -20.8793867
          ]
        ]
      },
      "id": "way/888770525"
    },
    {
      "type": "Feature",
      "properties": {
        "@id": "way/888770536",
        "highway": "motorway",
        "lanes": "2",
        "loc_ref": "BR-153;SP-425",
        "maxspeed": "80",
        "name": "Rodovia Transbrasiliana",
        "oneway": "yes",
        "operator": "Triunfo Transbrasiliana",
        "operator:type": "private",
        "owner": "União Federal",
        "ownership": "national",
        "ref": "BR-153",
        "source": "osm-gpx",
        "surface": "asphalt"
      },
      "geometry": {
        "type": "LineString",
        "coordinates": [
          [
            -49.497938,
            -20.9173146
          ],
          [
            -49.4991532,
            -20.9182932
          ],
          [
            -49.5009363,
            -20.919723
          ]
        ]
      },
      "id": "way/888770536"
    },
    {
      "type": "Feature",
      "properties": {
        "@id": "way/888770537",
        "highway": "motorway",
        "lanes": "2",
        "loc_ref": "BR-153;SP-425",
        "maxspeed": "80",
        "name": "Rodovia Transbrasiliana",
        "oneway": "yes",
        "operator": "Triunfo Transbrasiliana",
        "operator:type": "private",
        "owner": "União Federal",
        "ownership": "national",
        "ref": "BR-153",
        "source": "osm-gpx",
        "surface": "asphalt"
      },
      "geometry": {
        "type": "LineString",
        "coordinates": [
          [
            -49.4968639,
            -20.9164384
          ],
          [
            -49.497938,
            -20.9173146
          ]
        ]
      },
      "id": "way/888770537"
    },
    {
      "type": "Feature",
      "properties": {
        "@id": "way/903728386",
        "bridge": "viaduct",
        "highway": "trunk",
        "lanes": "4",
        "layer": "1",
        "maxspeed": "110",
        "name": "Rodovia Transbrasiliana",
        "ref": "BR-153;BR-267",
        "source": "osm-gpx",
        "surface": "asphalt"
      },
      "geometry": {
        "type": "LineString",
        "coordinates": [
          [
            -49.7896736,
            -21.6652482
          ],
          [
            -49.7897125,
            -21.6658887
          ]
        ]
      },
      "id": "way/903728386"
    },
    {
      "type": "Feature",
      "properties": {
        "@id": "way/903728387",
        "highway": "trunk",
        "lanes": "4",
        "maxspeed": "110",
        "name": "Rodovia Transbrasiliana",
        "ref": "BR-153;BR-267",
        "source": "osm-gpx",
        "surface": "asphalt"
      },
      "geometry": {
        "type": "LineString",
        "coordinates": [
          [
            -49.7897125,
            -21.6658887
          ],
          [
            -49.7897159,
            -21.6659623
          ]
        ]
      },
      "id": "way/903728387"
    },
    {
      "type": "Feature",
      "properties": {
        "@id": "way/907207471",
        "highway": "trunk",
        "lanes": "2",
        "maxspeed": "40",
        "name": "Rodovia Rachid Rayes",
        "oneway": "no",
        "ref": "SP-333;BR-153"
      },
      "geometry": {
        "type": "LineString",
        "coordinates": [
          [
            -49.9725939,
            -22.2357313
          ],
          [
            -49.9726198,
            -22.2358185
          ]
        ]
      },
      "id": "way/907207471"
    },
    {
      "type": "Feature",
      "properties": {
        "@id": "way/912046184",
        "highway": "motorway",
        "lanes": "2",
        "loc_ref": "BR-153;SP-425",
        "maxspeed": "80",
        "name": "Rodovia Transbrasiliana",
        "oneway": "yes",
        "operator": "Triunfo Transbrasiliana",
        "operator:type": "private",
        "owner": "União Federal",
        "ownership": "national",
        "ref": "BR-153",
        "source": "osm-gpx",
        "surface": "asphalt"
      },
      "geometry": {
        "type": "LineString",
        "coordinates": [
          [
            -49.4891474,
            -20.9114215
          ],
          [
            -49.4895234,
            -20.9115361
          ],
          [
            -49.4898381,
            -20.911637
          ],
          [
            -49.4903089,
            -20.9118157
          ],
          [
            -49.4907419,
            -20.9119916
          ],
          [
            -49.4910787,
            -20.9121452
          ],
          [
            -49.4913469,
            -20.9122855
          ],
          [
            -49.4919448,
            -20.9126068
          ],
          [
            -49.4924724,
            -20.9129579
          ],
          [
            -49.4929003,
            -20.9132771
          ],
          [
            -49.4935052,
            -20.9137563
          ],
          [
            -49.4950417,
            -20.9149764
          ]
        ]
      },
      "id": "way/912046184"
    },
    {
      "type": "Feature",
      "properties": {
        "@id": "way/912046185",
        "highway": "motorway",
        "lanes": "2",
        "loc_ref": "BR-153;SP-425",
        "maxspeed": "80",
        "name": "Rodovia Transbrasiliana",
        "oneway": "yes",
        "operator": "Triunfo Transbrasiliana",
        "operator:type": "private",
        "owner": "União Federal",
        "ownership": "national",
        "ref": "BR-153",
        "source": "osm-gpx",
        "surface": "asphalt"
      },
      "geometry": {
        "type": "LineString",
        "coordinates": [
          [
            -49.4829503,
            -20.9099378
          ],
          [
            -49.4817048,
            -20.9096287
          ],
          [
            -49.4790233,
            -20.9089117
          ],
          [
            -49.4784281,
            -20.9087439
          ],
          [
            -49.4777682,
            -20.908576
          ],
          [
            -49.4765532,
            -20.9082728
          ],
          [
            -49.4743082,
            -20.9076715
          ],
          [
            -49.4721544,
            -20.9071203
          ],
          [
            -49.4703064,
            -20.9066392
          ]
        ]
      },
      "id": "way/912046185"
    },
    {
      "type": "Feature",
      "properties": {
        "@id": "way/913897725",
        "highway": "trunk",
        "oneway": "yes",
        "ref": "BR-153",
        "surface": "asphalt"
      },
      "geometry": {
        "type": "LineString",
        "coordinates": [
          [
            -49.9035886,
            -22.0881145
          ],
          [
            -49.9049111,
            -22.0887463
          ]
        ]
      },
      "id": "way/913897725"
    },
    {
      "type": "Feature",
      "properties": {
        "@id": "way/913897726",
        "destination": "Guaimbê;Lins;São José do Rio Preto",
        "highway": "trunk",
        "name": "Rodovia Transbrasiliana",
        "oneway": "yes",
        "ref": "BR-153"
      },
      "geometry": {
        "type": "LineString",
        "coordinates": [
          [
            -49.9025025,
            -22.0876823
          ],
          [
            -49.902146,
            -22.0873876
          ],
          [
            -49.9016504,
            -22.0869239
          ],
          [
            -49.9014617,
            -22.0866579
          ],
          [
            -49.9013005,
            -22.0863378
          ]
        ]
      },
      "id": "way/913897726"
    },
    {
      "type": "Feature",
      "properties": {
        "@id": "way/913897727",
        "highway": "trunk",
        "lanes": "2",
        "maxspeed": "80",
        "name": "Rodovia Transbrasiliana",
        "oneway": "no",
        "ref": "BR-153",
        "surface": "asphalt"
      },
      "geometry": {
        "type": "LineString",
        "coordinates": [
          [
            -49.9011104,
            -22.0859058
          ],
          [
            -49.9013005,
            -22.0863378
          ]
        ]
      },
      "id": "way/913897727"
    },
    {
      "type": "Feature",
      "properties": {
        "@id": "way/913942983",
        "highway": "trunk",
        "lanes": "2",
        "maxspeed": "80",
        "name": "Rodovia Transbrasiliana",
        "ref": "BR-153",
        "surface": "asphalt"
      },
      "geometry": {
        "type": "LineString",
        "coordinates": [
          [
            -49.9009871,
            -22.084109
          ],
          [
            -49.9010082,
            -22.0846979
          ],
          [
            -49.9009954,
            -22.0851377
          ],
          [
            -49.9010108,
            -22.0854757
          ],
          [
            -49.9011104,
            -22.0859058
          ]
        ]
      },
      "id": "way/913942983"
    },
    {
      "type": "Feature",
      "properties": {
        "@id": "way/924528355",
        "highway": "trunk",
        "lanes": "2",
        "maxspeed": "80",
        "name": "Rodovia Dona Leonor Mendes de Barros",
        "oneway": "yes",
        "ref": "SP-333",
        "surface": "asphalt"
      },
      "geometry": {
        "type": "LineString",
        "coordinates": [
          [
            -49.9039183,
            -22.0883911
          ],
          [
            -49.9026992,
            -22.0877845
          ],
          [
            -49.9025025,
            -22.0876823
          ]
        ]
      },
      "id": "way/924528355"
    },
    {
      "type": "Feature",
      "properties": {
        "@id": "way/935145596",
        "bridge": "yes",
        "highway": "motorway",
        "lanes": "2",
        "layer": "1",
        "maxspeed": "80",
        "name": "Rodovia Transbrasiliana",
        "nat_ref": "BR-153;BR-262",
        "oneway": "yes",
        "operator": "Triunfo Transbrasiliana",
        "operator:type": "private",
        "owner": "União Federal",
        "ownership": "national",
        "ref": "BR-153",
        "surface": "asphalt"
      },
      "geometry": {
        "type": "LineString",
        "coordinates": [
          [
            -49.3524326,
            -20.7758288
          ],
          [
            -49.3525287,
            -20.776134
          ]
        ]
      },
      "id": "way/935145596"
    },
    {
      "type": "Feature",
      "properties": {
        "@id": "way/973804341",
        "highway": "motorway",
        "lanes": "3",
        "maxspeed": "80",
        "name": "Rodovia Transbrasiliana",
        "nat_ref": "BR-153",
        "oneway": "yes",
        "operator": "Triunfo Transbrasiliana",
        "operator:type": "private",
        "owner": "União Federal",
        "ownership": "national",
        "ref": "BR-153",
        "surface": "asphalt",
        "turn:lanes": "through|through;merge_to_right|slight_right"
      },
      "geometry": {
        "type": "LineString",
        "coordinates": [
          [
            -49.3483264,
            -20.766717
          ],
          [
            -49.3479012,
            -20.765739
          ],
          [
            -49.3477995,
            -20.7655084
          ]
        ]
      },
      "id": "way/973804341"
    },
    {
      "type": "Feature",
      "properties": {
        "@id": "way/973804342",
        "highway": "motorway",
        "lanes": "2",
        "maxspeed": "80",
        "name": "Rodovia Transbrasiliana",
        "nat_ref": "BR-153",
        "oneway": "yes",
        "operator": "Triunfo Transbrasiliana",
        "operator:type": "private",
        "owner": "União Federal",
        "ownership": "national",
        "ref": "BR-153",
        "surface": "asphalt"
      },
      "geometry": {
        "type": "LineString",
        "coordinates": [
          [
            -49.3477995,
            -20.7655084
          ],
          [
            -49.347249,
            -20.7641998
          ],
          [
            -49.3466992,
            -20.7629421
          ]
        ]
      },
      "id": "way/973804342"
    },
    {
      "type": "Feature",
      "properties": {
        "@id": "way/973823032",
        "highway": "motorway",
        "lanes": "2",
        "maxspeed": "80",
        "name": "Rodovia Transbrasiliana",
        "oneway": "yes",
        "ref": "BR-153",
        "source": "Bing/Esri/GPS",
        "surface": "asphalt"
      },
      "geometry": {
        "type": "LineString",
        "coordinates": [
          [
            -49.3406564,
            -20.7488841
          ],
          [
            -49.3404212,
            -20.7483231
          ]
        ]
      },
      "id": "way/973823032"
    },
    {
      "type": "Feature",
      "properties": {
        "@id": "way/973823033",
        "highway": "motorway",
        "lanes": "3",
        "maxspeed": "80",
        "name": "Rodovia Transbrasiliana",
        "oneway": "yes",
        "ref": "BR-153",
        "source": "Bing/Esri/GPS",
        "surface": "asphalt",
        "turn:lanes": "||merge_to_left"
      },
      "geometry": {
        "type": "LineString",
        "coordinates": [
          [
            -49.3404212,
            -20.7483231
          ],
          [
            -49.3403148,
            -20.7480795
          ],
          [
            -49.339976,
            -20.7473178
          ],
          [
            -49.3397287,
            -20.7467187
          ]
        ]
      },
      "id": "way/973823033"
    },
    {
      "type": "Feature",
      "properties": {
        "@id": "way/973867812",
        "highway": "motorway",
        "lanes": "3",
        "maxspeed": "60",
        "name": "Rodovia Transbrasiliana",
        "nat_ref": "BR-153",
        "oneway": "yes",
        "operator": "Triunfo Transbrasiliana",
        "operator:type": "private",
        "owner": "União Federal",
        "ownership": "national",
        "ref": "BR-153",
        "surface": "asphalt",
        "turn:lanes": "through|through;merge_to_right|slight_right"
      },
      "geometry": {
        "type": "LineString",
        "coordinates": [
          [
            -49.3560455,
            -20.806647
          ],
          [
            -49.3558921,
            -20.8058619
          ],
          [
            -49.3557787,
            -20.8052677
          ],
          [
            -49.3557373,
            -20.8047067
          ]
        ]
      },
      "id": "way/973867812"
    },
    {
      "type": "Feature",
      "properties": {
        "@id": "way/974385811",
        "highway": "motorway",
        "lanes": "2",
        "maxspeed": "80",
        "name": "Rodovia Transbrasiliana",
        "oneway": "yes",
        "operator": "Triunfo Transbrasiliana",
        "operator:type": "private",
        "owner": "União Federal",
        "ownership": "national",
        "ref": "BR-153",
        "surface": "asphalt"
      },
      "geometry": {
        "type": "LineString",
        "coordinates": [
          [
            -49.4172637,
            -20.8726353
          ],
          [
            -49.4166125,
            -20.8716867
          ],
          [
            -49.4158293,
            -20.8705627
          ],
          [
            -49.4143151,
            -20.8685083
          ]
        ]
      },
      "id": "way/974385811"
    },
    {
      "type": "Feature",
      "properties": {
        "@id": "way/974385812",
        "highway": "motorway",
        "lanes": "3",
        "maxspeed": "80",
        "name": "Rodovia Transbrasiliana",
        "oneway": "yes",
        "operator": "Triunfo Transbrasiliana",
        "operator:type": "private",
        "owner": "União Federal",
        "ownership": "national",
        "ref": "BR-153",
        "surface": "asphalt",
        "turn:lanes": "||merge_to_left"
      },
      "geometry": {
        "type": "LineString",
        "coordinates": [
          [
            -49.4212485,
            -20.8780407
          ],
          [
            -49.420181,
            -20.8765931
          ]
        ]
      },
      "id": "way/974385812"
    },
    {
      "type": "Feature",
      "properties": {
        "@id": "way/974385813",
        "highway": "motorway",
        "lanes": "2",
        "maxspeed": "80",
        "name": "Rodovia Transbrasiliana",
        "oneway": "yes",
        "operator": "Triunfo Transbrasiliana",
        "operator:type": "private",
        "owner": "União Federal",
        "ownership": "national",
        "ref": "BR-153",
        "surface": "asphalt"
      },
      "geometry": {
        "type": "LineString",
        "coordinates": [
          [
            -49.420181,
            -20.8765931
          ],
          [
            -49.4197762,
            -20.8760424
          ],
          [
            -49.4191271,
            -20.8751878
          ],
          [
            -49.4177144,
            -20.8732597
          ]
        ]
      },
      "id": "way/974385813"
    },
    {
      "type": "Feature",
      "properties": {
        "@id": "way/974385814",
        "highway": "motorway",
        "lanes": "2",
        "maxspeed": "80",
        "name": "Rodovia Transbrasiliana",
        "oneway": "yes",
        "operator": "Triunfo Transbrasiliana",
        "operator:type": "private",
        "owner": "União Federal",
        "ownership": "national",
        "ref": "BR-153",
        "surface": "asphalt"
      },
      "geometry": {
        "type": "LineString",
        "coordinates": [
          [
            -49.4172488,
            -20.8724016
          ],
          [
            -49.4192017,
            -20.875072
          ]
        ]
      },
      "id": "way/974385814"
    },
    {
      "type": "Feature",
      "properties": {
        "@id": "way/974481438",
        "highway": "motorway",
        "lanes": "3",
        "maxspeed": "80",
        "name": "Rodovia Transbrasiliana",
        "oneway": "yes",
        "operator": "Triunfo Transbrasiliana",
        "operator:type": "private",
        "owner": "União Federal",
        "ownership": "national",
        "ref": "BR-153",
        "surface": "asphalt",
        "turn:lanes": "through|through;merge_to_right|slight_right"
      },
      "geometry": {
        "type": "LineString",
        "coordinates": [
          [
            -49.4006628,
            -20.8519678
          ],
          [
            -49.4001987,
            -20.8517485
          ],
          [
            -49.3998702,
            -20.8516182
          ],
          [
            -49.3995953,
            -20.8515142
          ],
          [
            -49.3991182,
            -20.8513471
          ],
          [
            -49.3985841,
            -20.8511883
          ],
          [
            -49.3981241,
            -20.8510805
          ],
          [
            -49.3976498,
            -20.8509864
          ]
        ]
      },
      "id": "way/974481438"
    },
    {
      "type": "Feature",
      "properties": {
        "@id": "way/974483746",
        "highway": "motorway",
        "lanes": "2",
        "maxspeed": "60",
        "name": "Rodovia Transbrasiliana",
        "nat_ref": "BR-153",
        "oneway": "yes",
        "operator": "Triunfo Transbrasiliana",
        "operator:type": "private",
        "owner": "União Federal",
        "ownership": "national",
        "ref": "BR-153",
        "surface": "asphalt"
      },
      "geometry": {
        "type": "LineString",
        "coordinates": [
          [
            -49.3557728,
            -20.8032064
          ],
          [
            -49.3559027,
            -20.8045918
          ]
        ]
      },
      "id": "way/974483746"
    },
    {
      "type": "Feature",
      "properties": {
        "@id": "way/974483747",
        "highway": "motorway",
        "lanes": "3",
        "maxspeed": "60",
        "name": "Rodovia Transbrasiliana",
        "nat_ref": "BR-153",
        "oneway": "yes",
        "operator": "Triunfo Transbrasiliana",
        "operator:type": "private",
        "owner": "União Federal",
        "ownership": "national",
        "ref": "BR-153",
        "surface": "asphalt"
      },
      "geometry": {
        "type": "LineString",
        "coordinates": [
          [
            -49.3555361,
            -20.8029227
          ],
          [
            -49.3555277,
            -20.8028475
          ]
        ]
      },
      "id": "way/974483747"
    },
    {
      "type": "Feature",
      "properties": {
        "@id": "way/974483748",
        "highway": "motorway",
        "lanes": "3",
        "maxspeed": "80",
        "name": "Rodovia Transbrasiliana",
        "nat_ref": "BR-153",
        "oneway": "yes",
        "operator": "Triunfo Transbrasiliana",
        "operator:type": "private",
        "owner": "União Federal",
        "ownership": "national",
        "ref": "BR-153",
        "source": "Bing",
        "surface": "asphalt",
        "turn:lanes": "through|through;merge_to_right|slight_right"
      },
      "geometry": {
        "type": "LineString",
        "coordinates": [
          [
            -49.3554612,
            -20.8022897
          ],
          [
            -49.3554129,
            -20.801886
          ]
        ]
      },
      "id": "way/974483748"
    },
    {
      "type": "Feature",
      "properties": {
        "@id": "way/974483749",
        "highway": "motorway",
        "lanes": "3",
        "maxspeed": "80",
        "name": "Rodovia Transbrasiliana",
        "nat_ref": "BR-153",
        "oneway": "yes",
        "operator": "Triunfo Transbrasiliana",
        "operator:type": "private",
        "owner": "União Federal",
        "ownership": "national",
        "ref": "BR-153",
        "source": "Bing",
        "surface": "asphalt",
        "turn:lanes": "none|none|merge_to_left"
      },
      "geometry": {
        "type": "LineString",
        "coordinates": [
          [
            -49.3556398,
            -20.8020767
          ],
          [
            -49.3556698,
            -20.8023295
          ]
        ]
      },
      "id": "way/974483749"
    },
    {
      "type": "Feature",
      "properties": {
        "@id": "way/974763761",
        "highway": "motorway",
        "lanes": "2",
        "maxspeed": "80",
        "name": "Rodovia Transbrasiliana",
        "oneway": "yes",
        "operator": "Triunfo Transbrasiliana",
        "operator:type": "private",
        "owner": "União Federal",
        "ownership": "national",
        "ref": "BR-153",
        "surface": "asphalt",
        "turn:lanes": "through|through;slight_right"
      },
      "geometry": {
        "type": "LineString",
        "coordinates": [
          [
            -49.3737766,
            -20.8461076
          ],
          [
            -49.3733722,
            -20.8456004
          ],
          [
            -49.3730607,
            -20.8452004
          ]
        ]
      },
      "id": "way/974763761"
    },
    {
      "type": "Feature",
      "properties": {
        "@id": "way/975724720",
        "destination:lanes": "||São José do Rio Preto;Mirassol",
        "destination:ref:lanes": "||SP-310",
        "highway": "motorway",
        "lanes": "3",
        "maxspeed": "80",
        "name": "Rodovia Transbrasiliana",
        "nat_ref": "BR-153",
        "oneway": "yes",
        "operator": "Triunfo Transbrasiliana",
        "operator:type": "private",
        "owner": "União Federal",
        "ownership": "national",
        "ref": "BR-153",
        "surface": "asphalt",
        "turn:lanes": "through|through;merge_to_right|merge_to_left;slight_right"
      },
      "geometry": {
        "type": "LineString",
        "coordinates": [
          [
            -49.3614493,
            -20.8303881
          ],
          [
            -49.3613377,
            -20.8302452
          ]
        ]
      },
      "id": "way/975724720"
    },
    {
      "type": "Feature",
      "properties": {
        "@id": "way/975725516",
        "highway": "motorway",
        "lanes": "2",
        "maxspeed": "80",
        "name": "Rodovia Transbrasiliana",
        "nat_ref": "BR-153",
        "oneway": "yes",
        "operator": "Triunfo Transbrasiliana",
        "operator:type": "private",
        "owner": "União Federal",
        "ownership": "national",
        "ref": "BR-153",
        "surface": "asphalt"
      },
      "geometry": {
        "type": "LineString",
        "coordinates": [
          [
            -49.3613377,
            -20.8302452
          ],
          [
            -49.3599723,
            -20.8285169
          ]
        ]
      },
      "id": "way/975725516"
    },
    {
      "type": "Feature",
      "properties": {
        "@id": "way/975725531",
        "highway": "motorway",
        "lanes": "3",
        "maxspeed": "80",
        "name": "Rodovia Transbrasiliana",
        "nat_ref": "BR-153",
        "oneway": "yes",
        "operator": "Triunfo Transbrasiliana",
        "operator:type": "private",
        "owner": "União Federal",
        "ownership": "national",
        "ref": "BR-153",
        "surface": "asphalt",
        "turn:lanes": "none|none|merge_to_left"
      },
      "geometry": {
        "type": "LineString",
        "coordinates": [
          [
            -49.3597262,
            -20.8281861
          ],
          [
            -49.3595968,
            -20.8280123
          ],
          [
            -49.3592796,
            -20.8275074
          ],
          [
            -49.3591362,
            -20.8272498
          ]
        ]
      },
      "id": "way/975725531"
    },
    {
      "type": "Feature",
      "properties": {
        "@id": "way/975727214",
        "highway": "motorway",
        "lanes": "3",
        "maxspeed": "80",
        "name": "Rodovia Transbrasiliana",
        "nat_ref": "BR-153",
        "oneway": "yes",
        "operator": "Triunfo Transbrasiliana",
        "operator:type": "private",
        "owner": "União Federal",
        "ownership": "national",
        "ref": "BR-153",
        "surface": "asphalt",
        "turn:lanes": "through|through;merge_to_right|slight_right"
      },
      "geometry": {
        "type": "LineString",
        "coordinates": [
          [
            -49.3565091,
            -20.8108404
          ],
          [
            -49.3564471,
            -20.8102531
          ]
        ]
      },
      "id": "way/975727214"
    },
    {
      "type": "Feature",
      "properties": {
        "@id": "way/975735706",
        "highway": "motorway",
        "lanes": "3",
        "maxspeed": "60",
        "name": "Rodovia Transbrasiliana",
        "nat_ref": "BR-153",
        "oneway": "yes",
        "operator": "Triunfo Transbrasiliana",
        "operator:type": "private",
        "owner": "União Federal",
        "ownership": "national",
        "ref": "BR-153",
        "surface": "asphalt",
        "turn:lanes": "through|through;merge_to_right|slight_right"
      },
      "geometry": {
        "type": "LineString",
        "coordinates": [
          [
            -49.3562742,
            -20.8077127
          ],
          [
            -49.3563353,
            -20.8082971
          ]
        ]
      },
      "id": "way/975735706"
    },
    {
      "type": "Feature",
      "properties": {
        "@id": "way/975753586",
        "highway": "motorway",
        "lanes": "3",
        "maxspeed": "80",
        "name": "Rodovia Transbrasiliana",
        "nat_ref": "BR-153",
        "oneway": "yes",
        "operator": "Triunfo Transbrasiliana",
        "operator:type": "private",
        "owner": "União Federal",
        "ownership": "national",
        "ref": "BR-153",
        "surface": "asphalt",
        "turn:lanes": "through|through;merge_to_right|slight_right"
      },
      "geometry": {
        "type": "LineString",
        "coordinates": [
          [
            -49.3564471,
            -20.8102531
          ],
          [
            -49.3563963,
            -20.809809
          ]
        ]
      },
      "id": "way/975753586"
    },
    {
      "type": "Feature",
      "properties": {
        "@id": "way/975753587",
        "highway": "motorway",
        "lanes": "3",
        "maxspeed": "80",
        "name": "Rodovia Transbrasiliana",
        "nat_ref": "BR-153",
        "oneway": "yes",
        "operator": "Triunfo Transbrasiliana",
        "operator:type": "private",
        "owner": "União Federal",
        "ownership": "national",
        "ref": "BR-153",
        "surface": "asphalt",
        "turn:lanes": "through|through;merge_to_right|slight_right"
      },
      "geometry": {
        "type": "LineString",
        "coordinates": [
          [
            -49.3565202,
            -20.8099863
          ],
          [
            -49.3566452,
            -20.8110994
          ]
        ]
      },
      "id": "way/975753587"
    },
    {
      "type": "Feature",
      "properties": {
        "@id": "way/994966502",
        "highway": "trunk",
        "name": "Rodovia Transbrasiliana",
        "oneway": "no",
        "ref": "BR-153",
        "source": "osm-gpx",
        "surface": "asphalt"
      },
      "geometry": {
        "type": "LineString",
        "coordinates": [
          [
            -49.8895179,
            -22.6107917
          ],
          [
            -49.889517,
            -22.6147747
          ],
          [
            -49.889517,
            -22.6149
          ],
          [
            -49.8895186,
            -22.6174174
          ],
          [
            -49.889525,
            -22.6271746
          ],
          [
            -49.889548,
            -22.631366
          ],
          [
            -49.8895415,
            -22.633012
          ],
          [
            -49.8895457,
            -22.6361131
          ],
          [
            -49.8895369,
            -22.6390099
          ],
          [
            -49.889543,
            -22.6419102
          ],
          [
            -49.8895528,
            -22.6441393
          ],
          [
            -49.8895381,
            -22.6463378
          ],
          [
            -49.8895437,
            -22.6466851
          ],
          [
            -49.8895463,
            -22.6472309
          ],
          [
            -49.8895396,
            -22.6483189
          ],
          [
            -49.8895447,
            -22.6504195
          ],
          [
            -49.8895504,
            -22.6525158
          ],
          [
            -49.8895436,
            -22.654483
          ]
        ]
      },
      "id": "way/994966502"
    },
    {
      "type": "Feature",
      "properties": {
        "@id": "way/994971949",
        "highway": "trunk",
        "name": "Rodovia Transbrasiliana",
        "oneway": "no",
        "ref": "BR-153",
        "source": "osm-gpx",
        "surface": "asphalt"
      },
      "geometry": {
        "type": "LineString",
        "coordinates": [
          [
            -49.8895988,
            -22.8274194
          ],
          [
            -49.8895974,
            -22.828367
          ]
        ]
      },
      "id": "way/994971949"
    },
    {
      "type": "Feature",
      "properties": {
        "@id": "way/994971950",
        "highway": "trunk",
        "name": "Rodovia Transbrasiliana",
        "oneway": "no",
        "ref": "BR-153",
        "source": "osm-gpx",
        "surface": "asphalt"
      },
      "geometry": {
        "type": "LineString",
        "coordinates": [
          [
            -49.889604,
            -22.8266708
          ],
          [
            -49.8895988,
            -22.8274194
          ]
        ]
      },
      "id": "way/994971950"
    },
    {
      "type": "Feature",
      "properties": {
        "@id": "way/994971951",
        "highway": "trunk",
        "name": "Rodovia Transbrasiliana",
        "oneway": "no",
        "ref": "BR-153",
        "source": "osm-gpx",
        "surface": "asphalt"
      },
      "geometry": {
        "type": "LineString",
        "coordinates": [
          [
            -49.8896015,
            -22.8256367
          ],
          [
            -49.889604,
            -22.8266708
          ]
        ]
      },
      "id": "way/994971951"
    },
    {
      "type": "Feature",
      "properties": {
        "@id": "way/994971952",
        "highway": "trunk",
        "name": "Rodovia Transbrasiliana",
        "oneway": "no",
        "ref": "BR-153",
        "source": "osm-gpx",
        "surface": "asphalt"
      },
      "geometry": {
        "type": "LineString",
        "coordinates": [
          [
            -49.8896638,
            -22.7770514
          ],
          [
            -49.8896639,
            -22.7773244
          ],
          [
            -49.8896292,
            -22.7802688
          ],
          [
            -49.8896177,
            -22.7833368
          ],
          [
            -49.8896193,
            -22.7862088
          ],
          [
            -49.8896492,
            -22.7890596
          ],
          [
            -49.889663,
            -22.7904917
          ],
          [
            -49.8896667,
            -22.7906679
          ],
          [
            -49.8896487,
            -22.7917742
          ],
          [
            -49.8896357,
            -22.7925932
          ],
          [
            -49.8896228,
            -22.7933568
          ],
          [
            -49.8896087,
            -22.7971212
          ],
          [
            -49.8896105,
            -22.8008563
          ],
          [
            -49.8896051,
            -22.8028263
          ],
          [
            -49.889597,
            -22.8101125
          ],
          [
            -49.8895831,
            -22.8153157
          ],
          [
            -49.8895842,
            -22.8173836
          ],
          [
            -49.8896015,
            -22.8256367
          ]
        ]
      },
      "id": "way/994971952"
    },
    {
      "type": "Feature",
      "properties": {
        "@id": "way/996916391",
        "highway": "trunk",
        "name": "Rodovia Transbrasiliana",
        "oneway": "no",
        "ref": "BR-153",
        "source": "osm-gpx",
        "surface": "asphalt"
      },
      "geometry": {
        "type": "LineString",
        "coordinates": [
          [
            -49.8896541,
            -22.7715561
          ],
          [
            -49.8896678,
            -22.7722874
          ]
        ]
      },
      "id": "way/996916391"
    },
    {
      "type": "Feature",
      "properties": {
        "@id": "way/996916392",
        "highway": "trunk",
        "name": "Rodovia Transbrasiliana",
        "oneway": "no",
        "ref": "BR-153",
        "source": "osm-gpx",
        "surface": "asphalt"
      },
      "geometry": {
        "type": "LineString",
        "coordinates": [
          [
            -49.8895929,
            -22.6962836
          ],
          [
            -49.8895919,
            -22.6964756
          ],
          [
            -49.8895986,
            -22.6968103
          ],
          [
            -49.8895986,
            -22.6968857
          ],
          [
            -49.8896,
            -22.7019516
          ],
          [
            -49.8895817,
            -22.7068523
          ],
          [
            -49.8896116,
            -22.7117233
          ],
          [
            -49.8896127,
            -22.7127
          ],
          [
            -49.8896223,
            -22.7159875
          ],
          [
            -49.8896281,
            -22.7179743
          ],
          [
            -49.8896553,
            -22.7616143
          ],
          [
            -49.8896514,
            -22.7627143
          ],
          [
            -49.8896471,
            -22.7649975
          ],
          [
            -49.8896461,
            -22.766139
          ],
          [
            -49.8896421,
            -22.7667335
          ],
          [
            -49.8896428,
            -22.7672914
          ],
          [
            -49.8896409,
            -22.7694318
          ],
          [
            -49.8896541,
            -22.7715561
          ]
        ]
      },
      "id": "way/996916392"
    },
    {
      "type": "Feature",
      "properties": {
        "@id": "way/996916396",
        "highway": "trunk",
        "name": "Rodovia Transbrasiliana",
        "oneway": "no",
        "ref": "BR-153",
        "source": "osm-gpx",
        "surface": "asphalt"
      },
      "geometry": {
        "type": "LineString",
        "coordinates": [
          [
            -49.8895436,
            -22.654483
          ],
          [
            -49.889549,
            -22.655147
          ],
          [
            -49.8895389,
            -22.6558997
          ],
          [
            -49.8895517,
            -22.6562968
          ],
          [
            -49.8895517,
            -22.656871
          ],
          [
            -49.8895423,
            -22.6577547
          ],
          [
            -49.8895533,
            -22.6593828
          ],
          [
            -49.8895517,
            -22.6600343
          ],
          [
            -49.8895557,
            -22.6609229
          ],
          [
            -49.8895549,
            -22.662587
          ],
          [
            -49.8895597,
            -22.6640279
          ],
          [
            -49.8895629,
            -22.6654762
          ],
          [
            -49.8895577,
            -22.6682974
          ],
          [
            -49.8895732,
            -22.6721985
          ],
          [
            -49.8895694,
            -22.6739957
          ],
          [
            -49.8895651,
            -22.6745207
          ],
          [
            -49.8895557,
            -22.675223
          ],
          [
            -49.8895848,
            -22.6760657
          ],
          [
            -49.8895732,
            -22.6768062
          ],
          [
            -49.8895785,
            -22.6777194
          ],
          [
            -49.8895799,
            -22.6793318
          ],
          [
            -49.8895718,
            -22.6826864
          ],
          [
            -49.8895866,
            -22.6928993
          ],
          [
            -49.8895963,
            -22.6949816
          ],
          [
            -49.8895986,
            -22.6954945
          ],
          [
            -49.8895929,
            -22.6962836
          ]
        ]
      },
      "id": "way/996916396"
    },
    {
      "type": "Feature",
      "properties": {
        "@id": "way/996916397",
        "highway": "trunk",
        "name": "Rodovia Transbrasiliana",
        "oneway": "no",
        "ref": "BR-153",
        "source": "osm-gpx",
        "surface": "asphalt"
      },
      "geometry": {
        "type": "LineString",
        "coordinates": [
          [
            -49.8895761,
            -22.5620547
          ],
          [
            -49.8895286,
            -22.5621797
          ],
          [
            -49.8895282,
            -22.5630325
          ],
          [
            -49.8895275,
            -22.576232
          ],
          [
            -49.8895275,
            -22.5780127
          ],
          [
            -49.8895274,
            -22.5792671
          ],
          [
            -49.8895363,
            -22.5826297
          ],
          [
            -49.8895376,
            -22.5843168
          ],
          [
            -49.8895597,
            -22.5851638
          ],
          [
            -49.8895384,
            -22.586024
          ],
          [
            -49.8895258,
            -22.6062189
          ]
        ]
      },
      "id": "way/996916397"
    },
    {
      "type": "Feature",
      "properties": {
        "@id": "way/996916399",
        "highway": "trunk",
        "name": "Rodovia Transbrasiliana",
        "oneway": "no",
        "ref": "BR-153",
        "source": "osm-gpx",
        "surface": "asphalt"
      },
      "geometry": {
        "type": "LineString",
        "coordinates": [
          [
            -49.8895083,
            -22.5369748
          ],
          [
            -49.8895128,
            -22.5373205
          ],
          [
            -49.8895128,
            -22.5385158
          ],
          [
            -49.8895155,
            -22.5401211
          ],
          [
            -49.8895235,
            -22.5427823
          ],
          [
            -49.8895229,
            -22.5433348
          ],
          [
            -49.8895235,
            -22.5443529
          ],
          [
            -49.8895235,
            -22.5459427
          ],
          [
            -49.8895262,
            -22.5491469
          ],
          [
            -49.8895282,
            -22.5536528
          ],
          [
            -49.8895289,
            -22.5569943
          ],
          [
            -49.8895316,
            -22.5604188
          ],
          [
            -49.8895761,
            -22.5620547
          ]
        ]
      },
      "id": "way/996916399"
    },
    {
      "type": "Feature",
      "properties": {
        "@id": "way/996916403",
        "bridge": "yes",
        "highway": "trunk",
        "layer": "1",
        "name": "Rodovia Transbrasiliana",
        "oneway": "no",
        "ref": "BR-153",
        "source": "osm-gpx",
        "surface": "asphalt"
      },
      "geometry": {
        "type": "LineString",
        "coordinates": [
          [
            -49.8950611,
            -22.3485978
          ],
          [
            -49.8946969,
            -22.349116
          ]
        ]
      },
      "id": "way/996916403"
    },
    {
      "type": "Feature",
      "properties": {
        "@id": "way/996916404",
        "highway": "trunk",
        "name": "Rodovia Transbrasiliana",
        "oneway": "no",
        "ref": "BR-153",
        "source": "osm-gpx",
        "surface": "asphalt"
      },
      "geometry": {
        "type": "LineString",
        "coordinates": [
          [
            -49.8894556,
            -22.5098022
          ],
          [
            -49.8894571,
            -22.5102123
          ],
          [
            -49.8894578,
            -22.5104037
          ],
          [
            -49.8894645,
            -22.5137996
          ],
          [
            -49.8894405,
            -22.5144209
          ],
          [
            -49.8894573,
            -22.5150498
          ],
          [
            -49.889474,
            -22.5157687
          ],
          [
            -49.8895313,
            -22.5162323
          ],
          [
            -49.8895931,
            -22.516562
          ],
          [
            -49.8895167,
            -22.517624
          ],
          [
            -49.889486,
            -22.5238132
          ],
          [
            -49.8894882,
            -22.5245924
          ],
          [
            -49.8894887,
            -22.5247522
          ],
          [
            -49.8894914,
            -22.5273747
          ],
          [
            -49.8894987,
            -22.5290359
          ],
          [
            -49.8894982,
            -22.530373
          ],
          [
            -49.8894981,
            -22.5305249
          ],
          [
            -49.8895007,
            -22.531719
          ],
          [
            -49.8895048,
            -22.5329949
          ],
          [
            -49.8895081,
            -22.535102
          ],
          [
            -49.8895054,
            -22.5352389
          ],
          [
            -49.8895108,
            -22.5360595
          ],
          [
            -49.8895083,
            -22.5369748
          ]
        ]
      },
      "id": "way/996916404"
    },
    {
      "type": "Feature",
      "properties": {
        "@id": "way/996916405",
        "highway": "trunk",
        "name": "Rodovia Transbrasiliana",
        "oneway": "no",
        "ref": "BR-153",
        "source": "osm-gpx",
        "surface": "asphalt"
      },
      "geometry": {
        "type": "LineString",
        "coordinates": [
          [
            -49.888142,
            -22.47326
          ],
          [
            -49.8882927,
            -22.4735868
          ]
        ]
      },
      "id": "way/996916405"
    },
    {
      "type": "Feature",
      "properties": {
        "@id": "way/1087162937",
        "highway": "trunk",
        "lanes": "2",
        "maxspeed": "80",
        "name": "Rodovia Transbrasiliana",
        "oneway": "yes",
        "ref": "SP-333",
        "surface": "asphalt"
      },
      "geometry": {
        "type": "LineString",
        "coordinates": [
          [
            -49.9709118,
            -22.1773636
          ],
          [
            -49.9708677,
            -22.1772658
          ]
        ]
      },
      "id": "way/1087162937"
    },
    {
      "type": "Feature",
      "properties": {
        "@id": "way/1087162938",
        "highway": "trunk",
        "lanes": "2",
        "maxspeed": "80",
        "name": "Rodovia Transbrasiliana",
        "oneway": "yes",
        "ref": "SP-333",
        "surface": "asphalt"
      },
      "geometry": {
        "type": "LineString",
        "coordinates": [
          [
            -49.970979,
            -22.1771623
          ],
          [
            -49.9710462,
            -22.1773073
          ]
        ]
      },
      "id": "way/1087162938"
    },
    {
      "type": "Feature",
      "properties": {
        "@id": "way/1184582704",
        "highway": "motorway",
        "lanes": "2",
        "loc_ref": "BR-153;SP-425",
        "maxspeed": "80",
        "name": "Rodovia Transbrasiliana",
        "oneway": "yes",
        "operator": "Triunfo Transbrasiliana",
        "operator:type": "private",
        "owner": "União Federal",
        "ownership": "national",
        "ref": "BR-153",
        "surface": "asphalt"
      },
      "geometry": {
        "type": "LineString",
        "coordinates": [
          [
            -49.5166368,
            -20.9325845
          ],
          [
            -49.5149721,
            -20.9312416
          ],
          [
            -49.5123889,
            -20.9291619
          ],
          [
            -49.511551,
            -20.9284833
          ],
          [
            -49.5106468,
            -20.9277401
          ],
          [
            -49.5094854,
            -20.9268006
          ],
          [
            -49.5082261,
            -20.9257847
          ],
          [
            -49.5071478,
            -20.9249103
          ],
          [
            -49.5058954,
            -20.9239489
          ],
          [
            -49.5052173,
            -20.9234105
          ]
        ]
      },
      "id": "way/1184582704"
    },
    {
      "type": "Feature",
      "properties": {
        "@id": "way/1184582705",
        "highway": "motorway",
        "lanes": "2",
        "loc_ref": "BR-153;SP-425",
        "maxspeed": "80",
        "name": "Rodovia Transbrasiliana",
        "oneway": "yes",
        "operator": "Triunfo Transbrasiliana",
        "operator:type": "private",
        "owner": "União Federal",
        "ownership": "national",
        "ref": "BR-153",
        "surface": "asphalt"
      },
      "geometry": {
        "type": "LineString",
        "coordinates": [
          [
            -49.5212505,
            -20.9361446
          ],
          [
            -49.5233789,
            -20.9378902
          ],
          [
            -49.5240696,
            -20.9384662
          ],
          [
            -49.525175,
            -20.9393426
          ],
          [
            -49.5264906,
            -20.9404011
          ],
          [
            -49.5269747,
            -20.9407582
          ],
          [
            -49.5272283,
            -20.9409347
          ]
        ]
      },
      "id": "way/1184582705"
    },
    {
      "type": "Feature",
      "properties": {
        "@id": "way/1184589837",
        "highway": "motorway",
        "lanes": "2",
        "loc_ref": "BR-153;SP-425",
        "maxspeed": "80",
        "name": "Rodovia Transbrasiliana",
        "oneway": "yes",
        "operator": "Triunfo Transbrasiliana",
        "operator:type": "private",
        "owner": "União Federal",
        "ownership": "national",
        "ref": "BR-153",
        "surface": "asphalt"
      },
      "geometry": {
        "type": "LineString",
        "coordinates": [
          [
            -49.4978325,
            -20.9174091
          ],
          [
            -49.4967207,
            -20.916496
          ],
          [
            -49.4956076,
            -20.915609
          ],
          [
            -49.493383,
            -20.9138286
          ],
          [
            -49.4927215,
            -20.9133074
          ],
          [
            -49.492375,
            -20.9130524
          ],
          [
            -49.4918707,
            -20.9127242
          ],
          [
            -49.4912611,
            -20.912392
          ],
          [
            -49.4909513,
            -20.9122329
          ],
          [
            -49.4906397,
            -20.9120905
          ],
          [
            -49.4900809,
            -20.9118683
          ],
          [
            -49.4896569,
            -20.9117124
          ],
          [
            -49.4890784,
            -20.9115349
          ]
        ]
      },
      "id": "way/1184589837"
    },
    {
      "type": "Feature",
      "properties": {
        "@id": "way/1184589838",
        "highway": "motorway",
        "lanes": "2",
        "loc_ref": "BR-153;SP-425",
        "maxspeed": "80",
        "name": "Rodovia Transbrasiliana",
        "oneway": "yes",
        "operator": "Triunfo Transbrasiliana",
        "operator:type": "private",
        "owner": "União Federal",
        "ownership": "national",
        "ref": "BR-153",
        "surface": "asphalt"
      },
      "geometry": {
        "type": "LineString",
        "coordinates": [
          [
            -49.5050557,
            -20.9232815
          ],
          [
            -49.5038567,
            -20.9222947
          ],
          [
            -49.5027627,
            -20.9214263
          ],
          [
            -49.5026065,
            -20.9213103
          ],
          [
            -49.5024674,
            -20.9212071
          ],
          [
            -49.5017096,
            -20.9205623
          ],
          [
            -49.5010002,
            -20.9199735
          ],
          [
            -49.4993721,
            -20.9186803
          ],
          [
            -49.4990286,
            -20.9184063
          ],
          [
            -49.4983971,
            -20.9178715
          ],
          [
            -49.4978325,
            -20.9174091
          ]
        ]
      },
      "id": "way/1184589838"
    },
    {
      "type": "Feature",
      "properties": {
        "@id": "way/1184589839",
        "bridge": "yes",
        "highway": "motorway",
        "lanes": "2",
        "layer": "1",
        "loc_ref": "BR-153;SP-425",
        "maxspeed": "80",
        "name": "Rodovia Transbrasiliana",
        "oneway": "yes",
        "operator": "Triunfo Transbrasiliana",
        "operator:type": "private",
        "owner": "União Federal",
        "ownership": "national",
        "ref": "BR-153",
        "surface": "asphalt"
      },
      "geometry": {
        "type": "LineString",
        "coordinates": [
          [
            -49.5052173,
            -20.9234105
          ],
          [
            -49.5050557,
            -20.9232815
          ]
        ]
      },
      "id": "way/1184589839"
    },
    {
      "type": "Feature",
      "properties": {
        "@id": "way/1184589847",
        "bridge": "yes",
        "highway": "motorway",
        "lanes": "2",
        "layer": "1",
        "loc_ref": "BR-153;SP-425",
        "maxspeed": "80",
        "name": "Rodovia Transbrasiliana",
        "oneway": "yes",
        "operator": "Triunfo Transbrasiliana",
        "operator:type": "private",
        "owner": "União Federal",
        "ownership": "national",
        "ref": "BR-153",
        "surface": "asphalt"
      },
      "geometry": {
        "type": "LineString",
        "coordinates": [
          [
            -49.5171109,
            -20.9327906
          ],
          [
            -49.5175266,
            -20.9331438
          ]
        ]
      },
      "id": "way/1184589847"
    },
    {
      "type": "Feature",
      "properties": {
        "@id": "way/1184589848",
        "bridge": "yes",
        "highway": "motorway",
        "lanes": "3",
        "layer": "1",
        "loc_ref": "BR-153;SP-425",
        "maxspeed": "80",
        "name": "Rodovia Transbrasiliana",
        "oneway": "yes",
        "operator": "Triunfo Transbrasiliana",
        "operator:type": "private",
        "owner": "União Federal",
        "ownership": "national",
        "ref": "BR-153",
        "surface": "asphalt",
        "turn:lanes": "||merge_to_left"
      },
      "geometry": {
        "type": "LineString",
        "coordinates": [
          [
            -49.5174489,
            -20.9332591
          ],
          [
            -49.5170197,
            -20.9329133
          ]
        ]
      },
      "id": "way/1184589848"
    },
    {
      "type": "Feature",
      "properties": {
        "@id": "way/1184589849",
        "highway": "motorway",
        "lanes": "2",
        "loc_ref": "BR-153;SP-425",
        "maxspeed": "80",
        "name": "Rodovia Transbrasiliana",
        "oneway": "yes",
        "operator": "Triunfo Transbrasiliana",
        "operator:type": "private",
        "owner": "União Federal",
        "ownership": "national",
        "ref": "BR-153",
        "surface": "asphalt"
      },
      "geometry": {
        "type": "LineString",
        "coordinates": [
          [
            -49.5194844,
            -20.9349099
          ],
          [
            -49.5189196,
            -20.9344452
          ],
          [
            -49.5182485,
            -20.933916
          ]
        ]
      },
      "id": "way/1184589849"
    },
    {
      "type": "Feature",
      "properties": {
        "@id": "way/1355442841",
        "highway": "trunk",
        "maxspeed": "100",
        "maxspeed:hgv": "80",
        "name": "Rodovia Transbrasiliana",
        "nat_ref": "BR-153;BR-369",
        "oneway": "yes",
        "owner": "Patrimônio da União",
        "ref": "BR-153;BR-369",
        "source": "osm-gpx",
        "surface": "asphalt"
      },
      "geometry": {
        "type": "LineString",
        "coordinates": [
          [
            -49.9022915,
            -22.9745568
          ],
          [
            -49.902436,
            -22.9748993
          ],
          [
            -49.9027794,
            -22.9756932
          ],
          [
            -49.9029597,
            -22.9761381
          ]
        ]
      },
      "id": "way/1355442841"
    },
    {
      "type": "Feature",
      "properties": {
        "@id": "way/1355442842",
        "highway": "trunk",
        "maxspeed": "100",
        "maxspeed:hgv": "80",
        "name": "Rodovia Transbrasiliana",
        "nat_ref": "BR-153;BR-369",
        "oneway": "yes",
        "owner": "Patrimônio da União",
        "ref": "BR-153;BR-369",
        "source": "osm-gpx",
        "surface": "asphalt"
      },
      "geometry": {
        "type": "LineString",
        "coordinates": [
          [
            -49.9000883,
            -22.9695694
          ],
          [
            -49.9000175,
            -22.9693168
          ],
          [
            -49.8998728,
            -22.9686792
          ],
          [
            -49.899729,
            -22.9679869
          ],
          [
            -49.8996678,
            -22.9676571
          ],
          [
            -49.8996163,
            -22.9673341
          ],
          [
            -49.8995759,
            -22.966971
          ],
          [
            -49.8995014,
            -22.9666655
          ],
          [
            -49.8995014,
            -22.966358
          ],
          [
            -49.8995179,
            -22.9660243
          ],
          [
            -49.8995443,
            -22.9657369
          ],
          [
            -49.8995979,
            -22.9654122
          ],
          [
            -49.899657,
            -22.9650652
          ]
        ]
      },
      "id": "way/1355442842"
    },
    {
      "type": "Feature",
      "properties": {
        "@id": "way/1498408505",
        "highway": "motorway",
        "lanes": "3",
        "maxspeed": "80",
        "name": "Rodovia Transbrasiliana",
        "nat_ref": "BR-153",
        "oneway": "yes",
        "operator": "Triunfo Transbrasiliana",
        "operator:type": "private",
        "owner": "União Federal",
        "ownership": "national",
        "ref": "BR-153",
        "surface": "asphalt",
        "turn:lanes": "none|none|slight_right"
      },
      "geometry": {
        "type": "LineString",
        "coordinates": [
          [
            -49.3575763,
            -20.8198349
          ],
          [
            -49.3577442,
            -20.8214
          ]
        ]
      },
      "id": "way/1498408505"
    },
    {
      "type": "Feature",
      "properties": {
        "@id": "way/1498408506",
        "highway": "motorway",
        "lanes": "2",
        "maxspeed": "80",
        "name": "Rodovia Transbrasiliana",
        "nat_ref": "BR-153",
        "oneway": "yes",
        "operator": "Triunfo Transbrasiliana",
        "operator:type": "private",
        "owner": "União Federal",
        "ownership": "national",
        "ref": "BR-153",
        "surface": "asphalt"
      },
      "geometry": {
        "type": "LineString",
        "coordinates": [
          [
            -49.3566452,
            -20.8110994
          ],
          [
            -49.3575763,
            -20.8198349
          ]
        ]
      },
      "id": "way/1498408506"
    },
    {
      "type": "Feature",
      "properties": {
        "@id": "way/1498408527",
        "destination:lanes": "Bady Bassitt;Lins;Ourinhos|Bady Bassitt;Lins;Ourinhos|Avenida Murchid Homsi",
        "highway": "motorway",
        "lanes": "3",
        "maxspeed": "80",
        "name": "Rodovia Transbrasiliana",
        "oneway": "yes",
        "operator": "Triunfo Transbrasiliana",
        "operator:type": "private",
        "owner": "União Federal",
        "ownership": "national",
        "ref": "BR-153",
        "surface": "asphalt",
        "turn:lanes": "through|through;merge_to_right|slight_right"
      },
      "geometry": {
        "type": "LineString",
        "coordinates": [
          [
            -49.363566,
            -20.8328007
          ],
          [
            -49.3644818,
            -20.833989
          ]
        ]
      },
      "id": "way/1498408527"
    },
    {
      "type": "Feature",
      "properties": {
        "@id": "way/1498408528",
        "highway": "motorway",
        "lanes": "2",
        "maxspeed": "80",
        "name": "Rodovia Transbrasiliana",
        "oneway": "yes",
        "operator": "Triunfo Transbrasiliana",
        "operator:type": "private",
        "owner": "União Federal",
        "ownership": "national",
        "ref": "BR-153",
        "surface": "asphalt"
      },
      "geometry": {
        "type": "LineString",
        "coordinates": [
          [
            -49.3646127,
            -20.8341546
          ],
          [
            -49.3647749,
            -20.8343676
          ]
        ]
      },
      "id": "way/1498408528"
    },
    {
      "type": "Feature",
      "properties": {
        "@id": "way/1498408529",
        "alt_name": "Viaduto Lino Braile",
        "bridge": "yes",
        "destination:lanes": "||São José do Rio Preto;Mirassol",
        "destination:ref:lanes": "||SP-310",
        "highway": "motorway",
        "lanes": "3",
        "layer": "1",
        "maxspeed": "80",
        "name": "Rodovia Transbrasiliana",
        "nat_ref": "BR-153;BR-262",
        "oneway": "yes",
        "operator": "Triunfo Transbrasiliana",
        "operator:type": "private",
        "owner": "União Federal",
        "ownership": "national",
        "ref": "BR-153",
        "surface": "asphalt",
        "turn:lanes": "through|through;merge_to_right|merge_to_left;slight_right"
      },
      "geometry": {
        "type": "LineString",
        "coordinates": [
          [
            -49.3616342,
            -20.8306254
          ],
          [
            -49.3614493,
            -20.8303881
          ]
        ]
      },
      "id": "way/1498408529"
    },
    {
      "type": "Feature",
      "properties": {
        "@id": "way/1498408530",
        "highway": "motorway",
        "lanes": "3",
        "maxspeed": "80",
        "name": "Rodovia Transbrasiliana",
        "oneway": "yes",
        "operator": "Triunfo Transbrasiliana",
        "operator:type": "private",
        "owner": "União Federal",
        "ownership": "national",
        "ref": "BR-153",
        "surface": "asphalt",
        "turn:lanes": "through|through;merge_to_right|slight_right"
      },
      "geometry": {
        "type": "LineString",
        "coordinates": [
          [
            -49.3677723,
            -20.8381705
          ],
          [
            -49.3680282,
            -20.8385022
          ]
        ]
      },
      "id": "way/1498408530"
    },
    {
      "type": "Feature",
      "properties": {
        "@id": "way/1498408536",
        "destination:lanes": "Bady Bassitt;Lins;Ourinhos|Bady Bassitt;Lins;Ourinhos|Avenida Murchid Homsi",
        "highway": "motorway",
        "lanes": "3",
        "maxspeed": "80",
        "name": "Rodovia Transbrasiliana",
        "oneway": "yes",
        "operator": "Triunfo Transbrasiliana",
        "operator:type": "private",
        "owner": "União Federal",
        "ownership": "national",
        "ref": "BR-153",
        "surface": "asphalt",
        "turn:lanes": "through|through;merge_to_right|slight_right"
      },
      "geometry": {
        "type": "LineString",
        "coordinates": [
          [
            -49.3644818,
            -20.833989
          ],
          [
            -49.3645297,
            -20.8340509
          ]
        ]
      },
      "id": "way/1498408536"
    },
    {
      "type": "Feature",
      "properties": {
        "@id": "way/1498408537",
        "highway": "motorway",
        "lanes": "3",
        "maxspeed": "80",
        "name": "Rodovia Transbrasiliana",
        "oneway": "yes",
        "operator": "Triunfo Transbrasiliana",
        "operator:type": "private",
        "owner": "União Federal",
        "ownership": "national",
        "ref": "BR-153",
        "surface": "asphalt",
        "turn:lanes": "through|through;merge_to_right|slight_right;merge_to_left"
      },
      "geometry": {
        "type": "LineString",
        "coordinates": [
          [
            -49.3633923,
            -20.8325753
          ],
          [
            -49.363566,
            -20.8328007
          ]
        ]
      },
      "id": "way/1498408537"
    },
    {
      "type": "Feature",
      "properties": {
        "@id": "way/1498408538",
        "alt_name": "Viaduto Lino Braile",
        "bridge": "yes",
        "destination:lanes": "||Catanduva;São Paulo",
        "highway": "motorway",
        "lanes": "3",
        "layer": "1",
        "maxspeed": "80",
        "name": "Rodovia Transbrasiliana",
        "oneway": "yes",
        "operator": "Triunfo Transbrasiliana",
        "operator:type": "private",
        "owner": "União Federal",
        "ownership": "national",
        "ref": "BR-153",
        "surface": "asphalt",
        "turn:lanes": "through|through;merge_to_right|merge_to_left;slight_right"
      },
      "geometry": {
        "type": "LineString",
        "coordinates": [
          [
            -49.3617332,
            -20.8304753
          ],
          [
            -49.3619122,
            -20.8306999
          ]
        ]
      },
      "id": "way/1498408538"
    },
    {
      "type": "Feature",
      "properties": {
        "@id": "way/1498408539",
        "highway": "motorway",
        "lanes": "3",
        "maxspeed": "80",
        "name": "Rodovia Transbrasiliana",
        "nat_ref": "BR-153",
        "oneway": "yes",
        "operator": "Triunfo Transbrasiliana",
        "operator:type": "private",
        "owner": "União Federal",
        "ownership": "national",
        "ref": "BR-153",
        "surface": "asphalt",
        "turn:lanes": "none|none|slight_right"
      },
      "geometry": {
        "type": "LineString",
        "coordinates": [
          [
            -49.3591362,
            -20.8272498
          ],
          [
            -49.3588477,
            -20.8266916
          ]
        ]
      },
      "id": "way/1498408539"
    },
    {
      "type": "Feature",
      "properties": {
        "@id": "way/1498408540",
        "highway": "motorway",
        "lanes": "3",
        "maxspeed": "80",
        "name": "Rodovia Transbrasiliana",
        "nat_ref": "BR-153",
        "oneway": "yes",
        "operator": "Triunfo Transbrasiliana",
        "operator:type": "private",
        "owner": "União Federal",
        "ownership": "national",
        "ref": "BR-153",
        "surface": "asphalt",
        "turn:lanes": "none|none|merge_to_left"
      },
      "geometry": {
        "type": "LineString",
        "coordinates": [
          [
            -49.3584309,
            -20.8253184
          ],
          [
            -49.3585469,
            -20.8256571
          ],
          [
            -49.3587159,
            -20.8260806
          ],
          [
            -49.3589591,
            -20.8266389
          ]
        ]
      },
      "id": "way/1498408540"
    },
    {
      "type": "Feature",
      "properties": {
        "@id": "way/1498408541",
        "destination:lanes": "||São José do Rio Preto;Mirassol",
        "highway": "motorway",
        "lanes": "3",
        "maxspeed": "80",
        "name": "Rodovia Transbrasiliana",
        "oneway": "yes",
        "operator": "Triunfo Transbrasiliana",
        "operator:type": "private",
        "owner": "União Federal",
        "ownership": "national",
        "ref": "BR-153",
        "surface": "asphalt",
        "turn:lanes": "through|through;merge_to_right|slight_right"
      },
      "geometry": {
        "type": "LineString",
        "coordinates": [
          [
            -49.3599302,
            -20.8281521
          ],
          [
            -49.3601788,
            -20.8284762
          ]
        ]
      },
      "id": "way/1498408541"
    },
    {
      "type": "Feature",
      "properties": {
        "@id": "way/1498408542",
        "highway": "motorway",
        "lanes": "2",
        "maxspeed": "80",
        "name": "Rodovia Transbrasiliana",
        "nat_ref": "BR-153",
        "oneway": "yes",
        "operator": "Triunfo Transbrasiliana",
        "operator:type": "private",
        "owner": "União Federal",
        "ownership": "national",
        "ref": "BR-153",
        "surface": "asphalt"
      },
      "geometry": {
        "type": "LineString",
        "coordinates": [
          [
            -49.3577442,
            -20.8214
          ],
          [
            -49.3578339,
            -20.8219532
          ],
          [
            -49.3579137,
            -20.8228504
          ],
          [
            -49.3580367,
            -20.8237248
          ],
          [
            -49.3581564,
            -20.8243702
          ],
          [
            -49.3583313,
            -20.8250275
          ],
          [
            -49.3584309,
            -20.8253184
          ]
        ]
      },
      "id": "way/1498408542"
    },
    {
      "type": "Feature",
      "properties": {
        "@id": "way/1498408543",
        "destination:lanes": "||São José do Rio Preto;Mirassol",
        "highway": "motorway",
        "lanes": "3",
        "maxheight": "5.5",
        "maxspeed": "80",
        "name": "Rodovia Transbrasiliana",
        "oneway": "yes",
        "operator": "Triunfo Transbrasiliana",
        "operator:type": "private",
        "owner": "União Federal",
        "ownership": "national",
        "ref": "BR-153",
        "surface": "asphalt",
        "turn:lanes": "through|through;merge_to_right|slight_right"
      },
      "geometry": {
        "type": "LineString",
        "coordinates": [
          [
            -49.3598791,
            -20.8280852
          ],
          [
            -49.3599302,
            -20.8281521
          ]
        ]
      },
      "id": "way/1498408543"
    },
    {
      "type": "Feature",
      "properties": {
        "@id": "way/1498408544",
        "highway": "motorway",
        "lanes": "3",
        "maxspeed": "80",
        "name": "Rodovia Transbrasiliana",
        "oneway": "yes",
        "operator": "Triunfo Transbrasiliana",
        "operator:type": "private",
        "owner": "União Federal",
        "ownership": "national",
        "ref": "BR-153",
        "surface": "asphalt",
        "turn:lanes": "through|through;merge_to_right|slight_right"
      },
      "geometry": {
        "type": "LineString",
        "coordinates": [
          [
            -49.3597564,
            -20.8279244
          ],
          [
            -49.3598791,
            -20.8280852
          ]
        ]
      },
      "id": "way/1498408544"
    },
    {
      "type": "Feature",
      "properties": {
        "@id": "way/1498408545",
        "highway": "motorway",
        "lanes": "3",
        "maxheight": "5.5",
        "maxspeed": "80",
        "name": "Rodovia Transbrasiliana",
        "nat_ref": "BR-153",
        "oneway": "yes",
        "operator": "Triunfo Transbrasiliana",
        "operator:type": "private",
        "owner": "União Federal",
        "ownership": "national",
        "ref": "BR-153",
        "surface": "asphalt",
        "turn:lanes": "none|none|merge_to_left"
      },
      "geometry": {
        "type": "LineString",
        "coordinates": [
          [
            -49.3597799,
            -20.8282583
          ],
          [
            -49.3597262,
            -20.8281861
          ]
        ]
      },
      "id": "way/1498408545"
    },
    {
      "type": "Feature",
      "properties": {
        "@id": "way/1498408546",
        "highway": "motorway",
        "lanes": "3",
        "maxspeed": "80",
        "name": "Rodovia Transbrasiliana",
        "nat_ref": "BR-153",
        "oneway": "yes",
        "operator": "Triunfo Transbrasiliana",
        "operator:type": "private",
        "owner": "União Federal",
        "ownership": "national",
        "ref": "BR-153",
        "surface": "asphalt",
        "turn:lanes": "none|none|merge_to_left"
      },
      "geometry": {
        "type": "LineString",
        "coordinates": [
          [
            -49.3599723,
            -20.8285169
          ],
          [
            -49.3597799,
            -20.8282583
          ]
        ]
      },
      "id": "way/1498408546"
    },
    {
      "type": "Feature",
      "properties": {
        "@id": "way/1498408547",
        "destination:lanes": "Bady Bassitt;Lins;Ourinhos|Bady Bassitt;Lins;Ourinhos|Avenida Murchid Homsi",
        "highway": "motorway",
        "lanes": "3",
        "maxspeed": "80",
        "name": "Rodovia Transbrasiliana",
        "oneway": "yes",
        "operator": "Triunfo Transbrasiliana",
        "operator:type": "private",
        "owner": "União Federal",
        "ownership": "national",
        "ref": "BR-153",
        "surface": "asphalt",
        "turn:lanes": "through|through;merge_to_right|slight_right"
      },
      "geometry": {
        "type": "LineString",
        "coordinates": [
          [
            -49.3645805,
            -20.8341166
          ],
          [
            -49.3646127,
            -20.8341546
          ]
        ]
      },
      "id": "way/1498408547"
    },
    {
      "type": "Feature",
      "properties": {
        "@id": "way/1498408548",
        "destination:lanes": "Bady Bassitt;Lins;Ourinhos|Bady Bassitt;Lins;Ourinhos|Avenida Murchid Homsi",
        "highway": "motorway",
        "lanes": "3",
        "maxheight": "5.5",
        "maxspeed": "80",
        "name": "Rodovia Transbrasiliana",
        "oneway": "yes",
        "operator": "Triunfo Transbrasiliana",
        "operator:type": "private",
        "owner": "União Federal",
        "ownership": "national",
        "ref": "BR-153",
        "surface": "asphalt",
        "turn:lanes": "through|through;merge_to_right|slight_right"
      },
      "geometry": {
        "type": "LineString",
        "coordinates": [
          [
            -49.3645297,
            -20.8340509
          ],
          [
            -49.3645805,
            -20.8341166
          ]
        ]
      },
      "id": "way/1498408548"
    },
    {
      "type": "Feature",
      "properties": {
        "@id": "way/1498408549",
        "highway": "motorway",
        "lanes": "3",
        "maxspeed": "80",
        "name": "Rodovia Transbrasiliana",
        "oneway": "yes",
        "operator": "Triunfo Transbrasiliana",
        "operator:type": "private",
        "owner": "União Federal",
        "ownership": "national",
        "ref": "BR-153",
        "surface": "asphalt",
        "turn:lanes": "none|none|merge_to_left"
      },
      "geometry": {
        "type": "LineString",
        "coordinates": [
          [
            -49.3643801,
            -20.8341545
          ],
          [
            -49.3640722,
            -20.8337583
          ]
        ]
      },
      "id": "way/1498408549"
    },
    {
      "type": "Feature",
      "properties": {
        "@id": "way/1498408550",
        "highway": "motorway",
        "lanes": "3",
        "maxspeed": "80",
        "name": "Rodovia Transbrasiliana",
        "oneway": "yes",
        "operator": "Triunfo Transbrasiliana",
        "operator:type": "private",
        "owner": "União Federal",
        "ownership": "national",
        "ref": "BR-153",
        "surface": "asphalt",
        "turn:lanes": "none|none|merge_to_left"
      },
      "geometry": {
        "type": "LineString",
        "coordinates": [
          [
            -49.3646217,
            -20.8344591
          ],
          [
            -49.3644401,
            -20.8342318
          ]
        ]
      },
      "id": "way/1498408550"
    },
    {
      "type": "Feature",
      "properties": {
        "@id": "way/1498408551",
        "destination:lanes": "Icém;Goiânia;Brasília|Icém;Goiânia;Brasília|Rodovia Washington Luís;Catanduva;São Paulo",
        "highway": "motorway",
        "lanes": "3",
        "maxspeed": "80",
        "name": "Rodovia Transbrasiliana",
        "oneway": "yes",
        "operator": "Triunfo Transbrasiliana",
        "operator:type": "private",
        "owner": "União Federal",
        "ownership": "national",
        "ref": "BR-153",
        "surface": "asphalt",
        "turn:lanes": "through|through;merge_to_right|slight_right"
      },
      "geometry": {
        "type": "LineString",
        "coordinates": [
          [
            -49.3640722,
            -20.8337583
          ],
          [
            -49.3632595,
            -20.8327127
          ]
        ]
      },
      "id": "way/1498408551"
    },
    {
      "type": "Feature",
      "properties": {
        "@id": "way/1498408552",
        "highway": "motorway",
        "lanes": "2",
        "maxspeed": "80",
        "name": "Rodovia Transbrasiliana",
        "oneway": "yes",
        "operator": "Triunfo Transbrasiliana",
        "operator:type": "private",
        "owner": "União Federal",
        "ownership": "national",
        "ref": "BR-153",
        "surface": "asphalt"
      },
      "geometry": {
        "type": "LineString",
        "coordinates": [
          [
            -49.3632595,
            -20.8327127
          ],
          [
            -49.3619922,
            -20.8310907
          ]
        ]
      },
      "id": "way/1498408552"
    },
    {
      "type": "Feature",
      "properties": {
        "@id": "way/1498408567",
        "highway": "motorway",
        "lanes": "3",
        "maxspeed": "80",
        "name": "Rodovia Transbrasiliana",
        "oneway": "yes",
        "operator": "Triunfo Transbrasiliana",
        "operator:type": "private",
        "owner": "União Federal",
        "ownership": "national",
        "ref": "BR-153",
        "surface": "asphalt",
        "turn:lanes": "none|none|merge_to_left"
      },
      "geometry": {
        "type": "LineString",
        "coordinates": [
          [
            -49.3613232,
            -20.8299367
          ],
          [
            -49.3615531,
            -20.8302492
          ]
        ]
      },
      "id": "way/1498408567"
    },
    {
      "type": "Feature",
      "properties": {
        "@id": "way/1498408568",
        "destination:lanes": "||Catanduva;São Paulo",
        "highway": "motorway",
        "lanes": "3",
        "maxspeed": "80",
        "name": "Rodovia Transbrasiliana",
        "oneway": "yes",
        "operator": "Triunfo Transbrasiliana",
        "operator:type": "private",
        "owner": "União Federal",
        "ownership": "national",
        "ref": "BR-153",
        "surface": "asphalt",
        "turn:lanes": "through|through;merge_to_right|merge_to_left;slight_right"
      },
      "geometry": {
        "type": "LineString",
        "coordinates": [
          [
            -49.3619122,
            -20.8306999
          ],
          [
            -49.3620237,
            -20.8308382
          ]
        ]
      },
      "id": "way/1498408568"
    },
    {
      "type": "Feature",
      "properties": {
        "@id": "way/1503291121",
        "destination:lanes": "Nova Granada;Goiânia;Brasília||",
        "highway": "motorway",
        "lanes": "3",
        "maxspeed": "80",
        "name": "Rodovia Transbrasiliana",
        "nat_ref": "BR-153;BR-262",
        "oneway": "yes",
        "operator": "Triunfo Transbrasiliana",
        "operator:type": "private",
        "owner": "União Federal",
        "ownership": "national",
        "ref": "BR-153",
        "source": "Bing",
        "surface": "asphalt",
        "turn:lanes": "none|none|slight_right"
      },
      "geometry": {
        "type": "LineString",
        "coordinates": [
          [
            -49.3543233,
            -20.7915951
          ],
          [
            -49.3542353,
            -20.7907467
          ]
        ]
      },
      "id": "way/1503291121"
    },
    {
      "type": "Feature",
      "properties": {
        "@id": "way/1503291122",
        "highway": "motorway",
        "lanes": "2",
        "maxspeed": "80",
        "name": "Rodovia Transbrasiliana",
        "nat_ref": "BR-153;BR-262",
        "oneway": "yes",
        "operator": "Triunfo Transbrasiliana",
        "operator:type": "private",
        "owner": "União Federal",
        "ownership": "national",
        "ref": "BR-153",
        "source": "Bing",
        "surface": "asphalt",
        "turn:lanes": "through|through;slight_right"
      },
      "geometry": {
        "type": "LineString",
        "coordinates": [
          [
            -49.3544353,
            -20.792645
          ],
          [
            -49.354417,
            -20.7924975
          ],
          [
            -49.3543233,
            -20.7915951
          ]
        ]
      },
      "id": "way/1503291122"
    },
    {
      "type": "Feature",
      "properties": {
        "@id": "way/1503291123",
        "highway": "motorway",
        "lanes": "2",
        "maxspeed": "80",
        "name": "Rodovia Transbrasiliana",
        "nat_ref": "BR-153;BR-262",
        "oneway": "yes",
        "operator": "Triunfo Transbrasiliana",
        "operator:type": "private",
        "owner": "União Federal",
        "ownership": "national",
        "ref": "BR-153",
        "source": "Bing",
        "surface": "asphalt"
      },
      "geometry": {
        "type": "LineString",
        "coordinates": [
          [
            -49.354617,
            -20.7942036
          ],
          [
            -49.3545234,
            -20.7933528
          ],
          [
            -49.3544353,
            -20.792645
          ]
        ]
      },
      "id": "way/1503291123"
    },
    {
      "type": "Feature",
      "properties": {
        "@id": "way/1503291124",
        "highway": "motorway",
        "lanes": "2",
        "maxspeed": "80",
        "name": "Rodovia Transbrasiliana",
        "nat_ref": "BR-153",
        "oneway": "yes",
        "operator": "Triunfo Transbrasiliana",
        "operator:type": "private",
        "owner": "União Federal",
        "ownership": "national",
        "ref": "BR-153",
        "source": "Bing",
        "surface": "asphalt"
      },
      "geometry": {
        "type": "LineString",
        "coordinates": [
          [
            -49.3546376,
            -20.7929612
          ],
          [
            -49.3547976,
            -20.7942989
          ]
        ]
      },
      "id": "way/1503291124"
    },
    {
      "type": "Feature",
      "properties": {
        "@id": "way/1503291128",
        "highway": "motorway",
        "lanes": "3",
        "maxspeed": "80",
        "name": "Rodovia Transbrasiliana",
        "nat_ref": "BR-153",
        "oneway": "yes",
        "operator": "Triunfo Transbrasiliana",
        "operator:type": "private",
        "owner": "União Federal",
        "ownership": "national",
        "ref": "BR-153",
        "source": "Bing",
        "surface": "asphalt",
        "turn:lanes": "none|none|slight_right"
      },
      "geometry": {
        "type": "LineString",
        "coordinates": [
          [
            -49.3550193,
            -20.7981291
          ],
          [
            -49.3549184,
            -20.7971273
          ]
        ]
      },
      "id": "way/1503291128"
    },
    {
      "type": "Feature",
      "properties": {
        "@id": "way/1503291129",
        "highway": "motorway",
        "lanes": "2",
        "maxspeed": "80",
        "name": "Rodovia Transbrasiliana",
        "nat_ref": "BR-153",
        "oneway": "yes",
        "operator": "Triunfo Transbrasiliana",
        "operator:type": "private",
        "owner": "União Federal",
        "ownership": "national",
        "ref": "BR-153",
        "source": "Bing",
        "surface": "asphalt"
      },
      "geometry": {
        "type": "LineString",
        "coordinates": [
          [
            -49.3551083,
            -20.7988506
          ],
          [
            -49.3550193,
            -20.7981291
          ]
        ]
      },
      "id": "way/1503291129"
    },
    {
      "type": "Feature",
      "properties": {
        "@id": "way/1503291130",
        "highway": "motorway",
        "lanes": "3",
        "maxspeed": "80",
        "name": "Rodovia Transbrasiliana",
        "nat_ref": "BR-153",
        "oneway": "yes",
        "operator": "Triunfo Transbrasiliana",
        "operator:type": "private",
        "owner": "União Federal",
        "ownership": "national",
        "ref": "BR-153",
        "source": "Bing",
        "surface": "asphalt",
        "turn:lanes": "none|none|merge_to_left"
      },
      "geometry": {
        "type": "LineString",
        "coordinates": [
          [
            -49.3552426,
            -20.8002186
          ],
          [
            -49.3552024,
            -20.7997434
          ],
          [
            -49.3551083,
            -20.7988506
          ]
        ]
      },
      "id": "way/1503291130"
    },
    {
      "type": "Feature",
      "properties": {
        "@id": "way/1503291131",
        "highway": "motorway",
        "lanes": "2",
        "maxspeed": "80",
        "name": "Rodovia Transbrasiliana",
        "nat_ref": "BR-153",
        "oneway": "yes",
        "operator": "Triunfo Transbrasiliana",
        "operator:type": "private",
        "owner": "União Federal",
        "ownership": "national",
        "ref": "BR-153",
        "source": "Bing",
        "surface": "asphalt"
      },
      "geometry": {
        "type": "LineString",
        "coordinates": [
          [
            -49.3554129,
            -20.801886
          ],
          [
            -49.3553388,
            -20.8009964
          ],
          [
            -49.3552426,
            -20.8002186
          ]
        ]
      },
      "id": "way/1503291131"
    },
    {
      "type": "Feature",
      "properties": {
        "@id": "way/1503291133",
        "highway": "motorway",
        "lanes": "3",
        "maxspeed": "60",
        "name": "Rodovia Transbrasiliana",
        "nat_ref": "BR-153",
        "oneway": "yes",
        "operator": "Triunfo Transbrasiliana",
        "operator:type": "private",
        "owner": "União Federal",
        "ownership": "national",
        "ref": "BR-153",
        "surface": "asphalt",
        "turn:lanes": "none|none|merge_to_left"
      },
      "geometry": {
        "type": "LineString",
        "coordinates": [
          [
            -49.3561803,
            -20.8077171
          ],
          [
            -49.3560455,
            -20.806647
          ]
        ]
      },
      "id": "way/1503291133"
    },
    {
      "type": "Feature",
      "properties": {
        "@id": "way/1503291134",
        "highway": "motorway",
        "lanes": "3",
        "maxspeed": "80",
        "name": "Rodovia Transbrasiliana",
        "nat_ref": "BR-153",
        "oneway": "yes",
        "operator": "Triunfo Transbrasiliana",
        "operator:type": "private",
        "owner": "União Federal",
        "ownership": "national",
        "ref": "BR-153",
        "surface": "asphalt",
        "turn:lanes": "none|none|merge_to_left"
      },
      "geometry": {
        "type": "LineString",
        "coordinates": [
          [
            -49.3564982,
            -20.8098011
          ],
          [
            -49.3565202,
            -20.8099863
          ]
        ]
      },
      "id": "way/1503291134"
    },
    {
      "type": "Feature",
      "properties": {
        "@id": "way/1503291135",
        "highway": "motorway",
        "lanes": "2",
        "maxspeed": "60",
        "name": "Rodovia Transbrasiliana",
        "nat_ref": "BR-153",
        "oneway": "yes",
        "operator": "Triunfo Transbrasiliana",
        "operator:type": "private",
        "owner": "União Federal",
        "ownership": "national",
        "ref": "BR-153",
        "surface": "asphalt"
      },
      "geometry": {
        "type": "LineString",
        "coordinates": [
          [
            -49.3563353,
            -20.8082971
          ],
          [
            -49.3564278,
            -20.8091818
          ]
        ]
      },
      "id": "way/1503291135"
    },
    {
      "type": "Feature",
      "properties": {
        "@id": "way/1503291136",
        "highway": "motorway",
        "lanes": "3",
        "maxspeed": "60",
        "name": "Rodovia Transbrasiliana",
        "nat_ref": "BR-153",
        "oneway": "yes",
        "operator": "Triunfo Transbrasiliana",
        "operator:type": "private",
        "owner": "União Federal",
        "ownership": "national",
        "ref": "BR-153",
        "surface": "asphalt",
        "turn:lanes": "through|through;merge_to_right|slight_right"
      },
      "geometry": {
        "type": "LineString",
        "coordinates": [
          [
            -49.3561367,
            -20.8065025
          ],
          [
            -49.3562742,
            -20.8077127
          ]
        ]
      },
      "id": "way/1503291136"
    },
    {
      "type": "Feature",
      "properties": {
        "@id": "way/1503291137",
        "highway": "motorway",
        "lanes": "2",
        "maxspeed": "80",
        "name": "Rodovia Transbrasiliana",
        "nat_ref": "BR-153",
        "oneway": "yes",
        "operator": "Triunfo Transbrasiliana",
        "operator:type": "private",
        "owner": "União Federal",
        "ownership": "national",
        "ref": "BR-153",
        "source": "Bing",
        "surface": "asphalt"
      },
      "geometry": {
        "type": "LineString",
        "coordinates": [
          [
            -49.355392,
            -20.7999589
          ],
          [
            -49.3556398,
            -20.8020767
          ]
        ]
      },
      "id": "way/1503291137"
    },
    {
      "type": "Feature",
      "properties": {
        "@id": "way/1503291138",
        "highway": "motorway",
        "lanes": "3",
        "maxspeed": "80",
        "name": "Rodovia Transbrasiliana",
        "nat_ref": "BR-153",
        "oneway": "yes",
        "operator": "Triunfo Transbrasiliana",
        "operator:type": "private",
        "owner": "União Federal",
        "ownership": "national",
        "ref": "BR-153",
        "source": "Bing",
        "surface": "asphalt",
        "turn:lanes": "none|none|merge_to_left;slight_right"
      },
      "geometry": {
        "type": "LineString",
        "coordinates": [
          [
            -49.3552032,
            -20.7982034
          ],
          [
            -49.355392,
            -20.7999589
          ]
        ]
      },
      "id": "way/1503291138"
    },
    {
      "type": "Feature",
      "properties": {
        "@id": "way/1504838888",
        "highway": "trunk",
        "lanes": "3",
        "lanes:backward": "1",
        "lanes:forward": "2",
        "maxspeed": "80",
        "name": "Rodovia Transbrasiliana",
        "oneway": "no",
        "ref": "BR-153",
        "source": "osm-gpx",
        "surface": "asphalt",
        "turn:lanes:forward": "through|merge_to_left"
      },
      "geometry": {
        "type": "LineString",
        "coordinates": [
          [
            -49.3386434,
            -20.7216081
          ],
          [
            -49.3386367,
            -20.7220585
          ]
        ]
      },
      "id": "way/1504838888"
    },
    {
      "type": "Feature",
      "properties": {
        "@id": "way/1504838889",
        "highway": "trunk",
        "lanes": "3",
        "lanes:backward": "1",
        "lanes:forward": "2",
        "maxspeed": "80",
        "name": "Rodovia Transbrasiliana",
        "oneway": "no",
        "ref": "BR-153",
        "source": "osm-gpx",
        "surface": "asphalt",
        "turn:lanes:forward": "|slight_right"
      },
      "geometry": {
        "type": "LineString",
        "coordinates": [
          [
            -49.3388621,
            -20.715444
          ],
          [
            -49.3388312,
            -20.7162846
          ]
        ]
      },
      "id": "way/1504838889"
    },
    {
      "type": "Feature",
      "properties": {
        "@id": "way/1504838890",
        "highway": "trunk",
        "lanes": "2",
        "maxspeed": "80",
        "name": "Rodovia Transbrasiliana",
        "oneway": "no",
        "ref": "BR-153",
        "source": "osm-gpx",
        "surface": "asphalt"
      },
      "geometry": {
        "type": "LineString",
        "coordinates": [
          [
            -49.3388824,
            -20.7148921
          ],
          [
            -49.3388621,
            -20.715444
          ]
        ]
      },
      "id": "way/1504838890"
    },
    {
      "type": "Feature",
      "properties": {
        "@id": "way/1504838891",
        "highway": "trunk",
        "lanes": "3",
        "lanes:backward": "2",
        "lanes:forward": "1",
        "maxspeed": "80",
        "name": "Rodovia Transbrasiliana",
        "oneway": "no",
        "ref": "BR-153",
        "source": "osm-gpx",
        "surface": "asphalt",
        "turn:lanes:backward": "|slight_right"
      },
      "geometry": {
        "type": "LineString",
        "coordinates": [
          [
            -49.3389184,
            -20.7139439
          ],
          [
            -49.3388928,
            -20.7146075
          ],
          [
            -49.3388824,
            -20.7148921
          ]
        ]
      },
      "id": "way/1504838891"
    },
    {
      "type": "Feature",
      "properties": {
        "@id": "way/1504838892",
        "highway": "trunk",
        "lanes": "3",
        "lanes:backward": "2",
        "lanes:forward": "1",
        "maxspeed": "80",
        "name": "Rodovia Transbrasiliana",
        "oneway": "no",
        "ref": "BR-153",
        "source": "osm-gpx",
        "surface": "asphalt",
        "turn:lanes:backward": "|merge_to_left"
      },
      "geometry": {
        "type": "LineString",
        "coordinates": [
          [
            -49.3389994,
            -20.7121439
          ],
          [
            -49.3389505,
            -20.7131912
          ]
        ]
      },
      "id": "way/1504838892"
    },
    {
      "type": "Feature",
      "properties": {
        "@id": "way/1504838893",
        "highway": "trunk",
        "lanes": "2",
        "maxspeed": "80",
        "name": "Rodovia Transbrasiliana",
        "oneway": "no",
        "ref": "BR-153",
        "source": "osm-gpx",
        "surface": "asphalt"
      },
      "geometry": {
        "type": "LineString",
        "coordinates": [
          [
            -49.3390216,
            -20.7116671
          ],
          [
            -49.3389994,
            -20.7121439
          ]
        ]
      },
      "id": "way/1504838893"
    },
    {
      "type": "Feature",
      "properties": {
        "@id": "way/1504838894",
        "highway": "trunk",
        "lanes": "3",
        "lanes:backward": "1",
        "lanes:forward": "2",
        "maxspeed": "80",
        "name": "Rodovia Transbrasiliana",
        "oneway": "no",
        "ref": "BR-153",
        "source": "osm-gpx",
        "surface": "asphalt",
        "turn:lanes:forward": "|slight_right"
      },
      "geometry": {
        "type": "LineString",
        "coordinates": [
          [
            -49.3390762,
            -20.7101794
          ],
          [
            -49.3390506,
            -20.7107783
          ],
          [
            -49.3390216,
            -20.7116671
          ]
        ]
      },
      "id": "way/1504838894"
    },
    {
      "type": "Feature",
      "properties": {
        "@id": "way/1504838895",
        "highway": "trunk",
        "lanes": "2",
        "maxspeed": "80",
        "name": "Rodovia Transbrasiliana",
        "oneway": "no",
        "ref": "BR-153",
        "source": "osm-gpx",
        "surface": "asphalt"
      },
      "geometry": {
        "type": "LineString",
        "coordinates": [
          [
            -49.3393106,
            -20.7043365
          ],
          [
            -49.3392807,
            -20.7050071
          ],
          [
            -49.3392295,
            -20.7063445
          ],
          [
            -49.3391605,
            -20.7080548
          ],
          [
            -49.3391141,
            -20.7092937
          ],
          [
            -49.3390762,
            -20.7101794
          ]
        ]
      },
      "id": "way/1504838895"
    },
    {
      "type": "Feature",
      "properties": {
        "@id": "way/1504838896",
        "highway": "trunk",
        "lanes": "4",
        "maxspeed": "80",
        "name": "Rodovia Transbrasiliana",
        "oneway": "no",
        "ref": "BR-153",
        "source": "osm-gpx",
        "surface": "asphalt",
        "turn:lanes:backward": "|slight_right",
        "turn:lanes:forward": "|merge_to_left"
      },
      "geometry": {
        "type": "LineString",
        "coordinates": [
          [
            -49.3393569,
            -20.7032667
          ],
          [
            -49.3393106,
            -20.7043365
          ]
        ]
      },
      "id": "way/1504838896"
    },
    {
      "type": "Feature",
      "properties": {
        "@id": "way/1504838897",
        "highway": "trunk",
        "lanes": "3",
        "lanes:backward": "2",
        "lanes:forward": "1",
        "maxspeed": "80",
        "name": "Rodovia Transbrasiliana",
        "oneway": "no",
        "ref": "BR-153",
        "source": "osm-gpx",
        "surface": "asphalt",
        "turn:lanes:backward": "|merge_to_left"
      },
      "geometry": {
        "type": "LineString",
        "coordinates": [
          [
            -49.3394808,
            -20.7001336
          ],
          [
            -49.3394695,
            -20.7003794
          ]
        ]
      },
      "id": "way/1504838897"
    },
    {
      "type": "Feature",
      "properties": {
        "@id": "way/1504838898",
        "highway": "trunk",
        "lanes": "4",
        "maxspeed": "80",
        "name": "Rodovia Transbrasiliana",
        "oneway": "no",
        "ref": "BR-153",
        "source": "osm-gpx",
        "surface": "asphalt",
        "turn:lanes:backward": "|merge_to_left"
      },
      "geometry": {
        "type": "LineString",
        "coordinates": [
          [
            -49.3395252,
            -20.6991765
          ],
          [
            -49.3394808,
            -20.7001336
          ]
        ]
      },
      "id": "way/1504838898"
    },
    {
      "type": "Feature",
      "properties": {
        "@id": "way/1504838899",
        "highway": "trunk",
        "lanes": "4",
        "maxspeed": "80",
        "name": "Rodovia Transbrasiliana",
        "oneway": "no",
        "ref": "BR-153",
        "source": "osm-gpx",
        "surface": "asphalt",
        "turn:lanes:backward": "|merge_to_left",
        "turn:lanes:forward": "|slight_right"
      },
      "geometry": {
        "type": "LineString",
        "coordinates": [
          [
            -49.3394695,
            -20.7003794
          ],
          [
            -49.339458,
            -20.7006267
          ],
          [
            -49.3394494,
            -20.7009162
          ],
          [
            -49.3394359,
            -20.7014478
          ]
        ]
      },
      "id": "way/1504838899"
    },
    {
      "type": "Feature",
      "properties": {
        "@id": "way/1504838900",
        "highway": "trunk",
        "lanes": "2",
        "maxspeed": "80",
        "name": "Rodovia Transbrasiliana",
        "oneway": "no",
        "ref": "BR-153",
        "source": "osm-gpx",
        "surface": "asphalt"
      },
      "geometry": {
        "type": "LineString",
        "coordinates": [
          [
            -49.3398305,
            -20.6912274
          ],
          [
            -49.3397704,
            -20.6929599
          ]
        ]
      },
      "id": "way/1504838900"
    },
    {
      "type": "Feature",
      "properties": {
        "@id": "way/1504838909",
        "highway": "trunk",
        "lanes": "2",
        "maxspeed": "80",
        "name": "Rodovia Transbrasiliana",
        "ref": "BR-153",
        "source": "osm-gpx",
        "surface": "asphalt"
      },
      "geometry": {
        "type": "LineString",
        "coordinates": [
          [
            -49.339904,
            -20.6890141
          ],
          [
            -49.3398705,
            -20.6896615
          ],
          [
            -49.3398427,
            -20.6908959
          ]
        ]
      },
      "id": "way/1504838909"
    },
    {
      "type": "Feature",
      "properties": {
        "@id": "way/1504838910",
        "highway": "trunk",
        "lanes": "3",
        "lanes:backward": "2",
        "lanes:forward": "1",
        "maxspeed": "80",
        "name": "Rodovia Transbrasiliana",
        "ref": "BR-153",
        "source": "osm-gpx",
        "surface": "asphalt",
        "turn:lanes:backward": "|merge_to_left"
      },
      "geometry": {
        "type": "LineString",
        "coordinates": [
          [
            -49.3399819,
            -20.6872136
          ],
          [
            -49.3399679,
            -20.6877163
          ],
          [
            -49.339959,
            -20.6879693
          ]
        ]
      },
      "id": "way/1504838910"
    },
    {
      "type": "Feature",
      "properties": {
        "@id": "way/1504838911",
        "highway": "trunk",
        "lanes": "3",
        "lanes:backward": "2",
        "lanes:forward": "1",
        "maxspeed": "80",
        "name": "Rodovia Transbrasiliana",
        "ref": "BR-153",
        "source": "osm-gpx",
        "surface": "asphalt"
      },
      "geometry": {
        "type": "LineString",
        "coordinates": [
          [
            -49.3401897,
            -20.681564
          ],
          [
            -49.3400611,
            -20.6844329
          ],
          [
            -49.3400301,
            -20.6855501
          ],
          [
            -49.339996,
            -20.686748
          ],
          [
            -49.3399819,
            -20.6872136
          ]
        ]
      },
      "id": "way/1504838911"
    },
    {
      "type": "Feature",
      "properties": {
        "@id": "way/1504838912",
        "highway": "trunk",
        "lanes": "2",
        "maxspeed": "80",
        "name": "Rodovia Transbrasiliana",
        "ref": "BR-153",
        "source": "osm-gpx",
        "surface": "asphalt"
      },
      "geometry": {
        "type": "LineString",
        "coordinates": [
          [
            -49.3405324,
            -20.6731965
          ],
          [
            -49.3404707,
            -20.6746759
          ],
          [
            -49.340411,
            -20.6760057
          ],
          [
            -49.3403707,
            -20.6770986
          ],
          [
            -49.3402997,
            -20.6795151
          ],
          [
            -49.3401897,
            -20.681564
          ]
        ]
      },
      "id": "way/1504838912"
    },
    {
      "type": "Feature",
      "properties": {
        "@id": "way/1504838913",
        "highway": "trunk",
        "lanes": "3",
        "lanes:backward": "2",
        "lanes:forward": "1",
        "maxspeed": "80",
        "name": "Rodovia Transbrasiliana",
        "ref": "BR-153",
        "source": "osm-gpx",
        "surface": "asphalt"
      },
      "geometry": {
        "type": "LineString",
        "coordinates": [
          [
            -49.3407409,
            -20.6679238
          ],
          [
            -49.3406376,
            -20.6695814
          ],
          [
            -49.3406028,
            -20.6702702
          ],
          [
            -49.3405867,
            -20.671121
          ],
          [
            -49.3405566,
            -20.6726166
          ],
          [
            -49.3405324,
            -20.6731965
          ]
        ]
      },
      "id": "way/1504838913"
    },
    {
      "type": "Feature",
      "properties": {
        "@id": "way/1504838914",
        "highway": "trunk",
        "maxspeed": "80",
        "name": "Rodovia Transbrasiliana",
        "ref": "BR-153",
        "source": "osm-gpx",
        "surface": "asphalt"
      },
      "geometry": {
        "type": "LineString",
        "coordinates": [
          [
            -49.3408026,
            -20.6662857
          ],
          [
            -49.3407691,
            -20.6670555
          ],
          [
            -49.3407409,
            -20.6679238
          ]
        ]
      },
      "id": "way/1504838914"
    },
    {
      "type": "Feature",
      "properties": {
        "@id": "way/1505613021",
        "highway": "motorway",
        "lanes": "3",
        "loc_ref": "BR-153;SP-425",
        "maxspeed": "40",
        "name": "Rodovia Transbrasiliana",
        "oneway": "yes",
        "operator": "Triunfo Transbrasiliana",
        "operator:type": "private",
        "owner": "União Federal",
        "ownership": "national",
        "ref": "BR-153",
        "surface": "asphalt"
      },
      "geometry": {
        "type": "LineString",
        "coordinates": [
          [
            -49.6292943,
            -20.9992521
          ],
          [
            -49.6290059,
            -20.9989353
          ]
        ]
      },
      "id": "way/1505613021"
    },
    {
      "type": "Feature",
      "properties": {
        "@id": "way/1505613023",
        "highway": "motorway",
        "lanes": "4",
        "loc_ref": "BR-153;SP-425",
        "maxspeed": "40",
        "name": "Rodovia Transbrasiliana",
        "oneway": "yes",
        "operator": "Triunfo Transbrasiliana",
        "operator:type": "private",
        "owner": "União Federal",
        "ownership": "national",
        "ref": "BR-153",
        "surface": "asphalt",
        "toll": "yes"
      },
      "geometry": {
        "type": "LineString",
        "coordinates": [
          [
            -49.6273859,
            -20.9967242
          ],
          [
            -49.6276801,
            -20.9970718
          ]
        ]
      },
      "id": "way/1505613023"
    },
    {
      "type": "Feature",
      "properties": {
        "@id": "way/1505613024",
        "highway": "motorway",
        "lanes": "4",
        "loc_ref": "BR-153;SP-425",
        "maxspeed": "40",
        "name": "Rodovia Transbrasiliana",
        "oneway": "yes",
        "operator": "Triunfo Transbrasiliana",
        "operator:type": "private",
        "owner": "União Federal",
        "ownership": "national",
        "ref": "BR-153",
        "surface": "asphalt",
        "toll": "yes"
      },
      "geometry": {
        "type": "LineString",
        "coordinates": [
          [
            -49.6272706,
            -20.9965852
          ],
          [
            -49.6273859,
            -20.9967242
          ]
        ]
      },
      "id": "way/1505613024"
    },
    {
      "type": "Feature",
      "properties": {
        "@id": "way/1505613025",
        "highway": "motorway",
        "lanes": "2",
        "loc_ref": "BR-153;SP-425",
        "maxspeed": "80",
        "name": "Rodovia Transbrasiliana",
        "oneway": "yes",
        "operator": "Triunfo Transbrasiliana",
        "operator:type": "private",
        "owner": "União Federal",
        "ownership": "national",
        "ref": "BR-153",
        "surface": "asphalt"
      },
      "geometry": {
        "type": "LineString",
        "coordinates": [
          [
            -49.621371,
            -20.9895222
          ],
          [
            -49.6224936,
            -20.990867
          ]
        ]
      },
      "id": "way/1505613025"
    },
    {
      "type": "Feature",
      "properties": {
        "@id": "way/1505613026",
        "bridge": "yes",
        "highway": "motorway",
        "lanes": "2",
        "layer": "1",
        "loc_ref": "BR-153;SP-425",
        "maxspeed": "80",
        "name": "Rodovia Transbrasiliana",
        "oneway": "yes",
        "operator": "Triunfo Transbrasiliana",
        "operator:type": "private",
        "owner": "União Federal",
        "ownership": "national",
        "ref": "BR-153",
        "surface": "asphalt"
      },
      "geometry": {
        "type": "LineString",
        "coordinates": [
          [
            -49.6211927,
            -20.9893131
          ],
          [
            -49.621371,
            -20.9895222
          ]
        ]
      },
      "id": "way/1505613026"
    },
    {
      "type": "Feature",
      "properties": {
        "@id": "way/1505613027",
        "highway": "motorway",
        "lanes": "2",
        "loc_ref": "BR-153;SP-425",
        "maxspeed": "80",
        "name": "Rodovia Transbrasiliana",
        "oneway": "yes",
        "operator": "Triunfo Transbrasiliana",
        "operator:type": "private",
        "owner": "União Federal",
        "ownership": "national",
        "ref": "BR-153",
        "source": "osm-gpx",
        "surface": "asphalt"
      },
      "geometry": {
        "type": "LineString",
        "coordinates": [
          [
            -49.6210639,
            -20.989423
          ],
          [
            -49.6197751,
            -20.9878669
          ],
          [
            -49.618025,
            -20.9857345
          ],
          [
            -49.6171613,
            -20.9847027
          ],
          [
            -49.6167496,
            -20.9841681
          ],
          [
            -49.6163486,
            -20.9836723
          ]
        ]
      },
      "id": "way/1505613027"
    },
    {
      "type": "Feature",
      "properties": {
        "@id": "way/1505613028",
        "bridge": "yes",
        "highway": "motorway",
        "lanes": "2",
        "layer": "1",
        "loc_ref": "BR-153;SP-425",
        "maxspeed": "80",
        "name": "Rodovia Transbrasiliana",
        "oneway": "yes",
        "operator": "Triunfo Transbrasiliana",
        "operator:type": "private",
        "owner": "União Federal",
        "ownership": "national",
        "ref": "BR-153",
        "source": "osm-gpx",
        "surface": "asphalt"
      },
      "geometry": {
        "type": "LineString",
        "coordinates": [
          [
            -49.6211959,
            -20.9895804
          ],
          [
            -49.6210639,
            -20.989423
          ]
        ]
      },
      "id": "way/1505613028"
    },
    {
      "type": "Feature",
      "properties": {
        "@id": "way/1505613029",
        "highway": "motorway",
        "lanes": "3",
        "loc_ref": "BR-153;SP-425",
        "maxspeed": "80",
        "name": "Rodovia Transbrasiliana",
        "oneway": "yes",
        "operator": "Triunfo Transbrasiliana",
        "operator:type": "private",
        "owner": "União Federal",
        "ownership": "national",
        "ref": "BR-153",
        "source": "osm-gpx",
        "surface": "asphalt",
        "turn:lanes": "||slight_right"
      },
      "geometry": {
        "type": "LineString",
        "coordinates": [
          [
            -49.6163486,
            -20.9836723
          ],
          [
            -49.6153141,
            -20.9824629
          ]
        ]
      },
      "id": "way/1505613029"
    },
    {
      "type": "Feature",
      "properties": {
        "@id": "way/1505613030",
        "highway": "motorway",
        "lanes": "2",
        "loc_ref": "BR-153;SP-425",
        "maxspeed": "80",
        "name": "Rodovia Transbrasiliana",
        "oneway": "yes",
        "operator": "Triunfo Transbrasiliana",
        "operator:type": "private",
        "owner": "União Federal",
        "ownership": "national",
        "ref": "BR-153",
        "source": "osm-gpx",
        "surface": "asphalt"
      },
      "geometry": {
        "type": "LineString",
        "coordinates": [
          [
            -49.6153141,
            -20.9824629
          ],
          [
            -49.6142965,
            -20.9812199
          ]
        ]
      },
      "id": "way/1505613030"
    },
    {
      "type": "Feature",
      "properties": {
        "@id": "way/1505613031",
        "highway": "motorway",
        "lanes": "2",
        "loc_ref": "BR-153;SP-425",
        "maxspeed": "80",
        "name": "Rodovia Transbrasiliana",
        "oneway": "yes",
        "operator": "Triunfo Transbrasiliana",
        "operator:type": "private",
        "owner": "União Federal",
        "ownership": "national",
        "ref": "BR-153",
        "surface": "asphalt"
      },
      "geometry": {
        "type": "LineString",
        "coordinates": [
          [
            -49.6171104,
            -20.9843697
          ],
          [
            -49.6179914,
            -20.985424
          ],
          [
            -49.618847,
            -20.9864582
          ],
          [
            -49.6197698,
            -20.9875765
          ],
          [
            -49.6202195,
            -20.9881242
          ]
        ]
      },
      "id": "way/1505613031"
    },
    {
      "type": "Feature",
      "properties": {
        "@id": "way/1505613032",
        "highway": "motorway",
        "lanes": "2",
        "loc_ref": "BR-153;SP-425",
        "maxspeed": "80",
        "name": "Rodovia Transbrasiliana",
        "oneway": "yes",
        "operator": "Triunfo Transbrasiliana",
        "operator:type": "private",
        "owner": "União Federal",
        "ownership": "national",
        "ref": "BR-153",
        "surface": "asphalt"
      },
      "geometry": {
        "type": "LineString",
        "coordinates": [
          [
            -49.6144767,
            -20.9812173
          ],
          [
            -49.6153619,
            -20.9822712
          ]
        ]
      },
      "id": "way/1505613032"
    },
    {
      "type": "Feature",
      "properties": {
        "@id": "way/1505613033",
        "highway": "motorway",
        "lanes": "3",
        "loc_ref": "BR-153;SP-425",
        "maxspeed": "80",
        "name": "Rodovia Transbrasiliana",
        "oneway": "yes",
        "operator": "Triunfo Transbrasiliana",
        "operator:type": "private",
        "owner": "União Federal",
        "ownership": "national",
        "ref": "BR-153",
        "surface": "asphalt",
        "turn:lanes": "||slight_right"
      },
      "geometry": {
        "type": "LineString",
        "coordinates": [
          [
            -49.6135174,
            -20.9800546
          ],
          [
            -49.6140956,
            -20.9807484
          ],
          [
            -49.6144767,
            -20.9812173
          ]
        ]
      },
      "id": "way/1505613033"
    },
    {
      "type": "Feature",
      "properties": {
        "@id": "way/1505613034",
        "highway": "motorway",
        "lanes": "2",
        "loc_ref": "BR-153;SP-425",
        "maxspeed": "80",
        "name": "Rodovia Transbrasiliana",
        "oneway": "yes",
        "operator": "Triunfo Transbrasiliana",
        "operator:type": "private",
        "owner": "União Federal",
        "ownership": "national",
        "ref": "BR-153",
        "surface": "asphalt"
      },
      "geometry": {
        "type": "LineString",
        "coordinates": [
          [
            -49.6120128,
            -20.978249
          ],
          [
            -49.6135174,
            -20.9800546
          ]
        ]
      },
      "id": "way/1505613034"
    },
    {
      "type": "Feature",
      "properties": {
        "@id": "way/1505613035",
        "highway": "motorway",
        "lanes": "2",
        "loc_ref": "BR-153;SP-425",
        "maxspeed": "80",
        "name": "Rodovia Transbrasiliana",
        "oneway": "yes",
        "operator": "Triunfo Transbrasiliana",
        "operator:type": "private",
        "owner": "União Federal",
        "ownership": "national",
        "ref": "BR-153",
        "source": "osm-gpx",
        "surface": "asphalt"
      },
      "geometry": {
        "type": "LineString",
        "coordinates": [
          [
            -49.6127585,
            -20.9793584
          ],
          [
            -49.6120007,
            -20.9784418
          ],
          [
            -49.6110164,
            -20.977251
          ]
        ]
      },
      "id": "way/1505613035"
    },
    {
      "type": "Feature",
      "properties": {
        "@id": "way/1505613036",
        "highway": "motorway",
        "lanes": "3",
        "loc_ref": "BR-153;SP-425",
        "maxspeed": "80",
        "name": "Rodovia Transbrasiliana",
        "oneway": "yes",
        "operator": "Triunfo Transbrasiliana",
        "operator:type": "private",
        "owner": "União Federal",
        "ownership": "national",
        "ref": "BR-153",
        "source": "osm-gpx",
        "surface": "asphalt",
        "turn:lanes": "||merge_to_left"
      },
      "geometry": {
        "type": "LineString",
        "coordinates": [
          [
            -49.6142965,
            -20.9812199
          ],
          [
            -49.6138246,
            -20.9806544
          ],
          [
            -49.6127585,
            -20.9793584
          ]
        ]
      },
      "id": "way/1505613036"
    },
    {
      "type": "Feature",
      "properties": {
        "@id": "way/1505613037",
        "highway": "motorway",
        "lanes": "3",
        "loc_ref": "BR-153;SP-425",
        "maxspeed": "80",
        "name": "Rodovia Transbrasiliana",
        "oneway": "yes",
        "operator": "Triunfo Transbrasiliana",
        "operator:type": "private",
        "owner": "União Federal",
        "ownership": "national",
        "ref": "BR-153",
        "source": "osm-gpx",
        "surface": "asphalt",
        "turn:lanes": "||slight_right"
      },
      "geometry": {
        "type": "LineString",
        "coordinates": [
          [
            -49.6110164,
            -20.977251
          ],
          [
            -49.6105362,
            -20.9766925
          ],
          [
            -49.6104818,
            -20.9766307
          ]
        ]
      },
      "id": "way/1505613037"
    },
    {
      "type": "Feature",
      "properties": {
        "@id": "way/1505613038",
        "highway": "motorway",
        "lanes": "2",
        "loc_ref": "BR-153;SP-425",
        "maxspeed": "80",
        "name": "Rodovia Transbrasiliana",
        "oneway": "yes",
        "operator": "Triunfo Transbrasiliana",
        "operator:type": "private",
        "owner": "União Federal",
        "ownership": "national",
        "ref": "BR-153",
        "source": "osm-gpx",
        "surface": "asphalt"
      },
      "geometry": {
        "type": "LineString",
        "coordinates": [
          [
            -49.6104818,
            -20.9766307
          ],
          [
            -49.6093575,
            -20.9752654
          ]
        ]
      },
      "id": "way/1505613038"
    },
    {
      "type": "Feature",
      "properties": {
        "@id": "way/1505613039",
        "highway": "motorway",
        "lanes": "3",
        "loc_ref": "BR-153;SP-425",
        "maxspeed": "80",
        "name": "Rodovia Transbrasiliana",
        "oneway": "yes",
        "operator": "Triunfo Transbrasiliana",
        "operator:type": "private",
        "owner": "União Federal",
        "ownership": "national",
        "ref": "BR-153",
        "source": "osm-gpx",
        "surface": "asphalt",
        "turn:lanes": "||merge_to_left"
      },
      "geometry": {
        "type": "LineString",
        "coordinates": [
          [
            -49.6093227,
            -20.9752176
          ],
          [
            -49.6089149,
            -20.974749
          ]
        ]
      },
      "id": "way/1505613039"
    },
    {
      "type": "Feature",
      "properties": {
        "@id": "way/1505613040",
        "highway": "motorway",
        "lanes": "3",
        "loc_ref": "BR-153;SP-425",
        "maxspeed": "80",
        "name": "Rodovia Transbrasiliana",
        "oneway": "yes",
        "operator": "Triunfo Transbrasiliana",
        "operator:type": "private",
        "owner": "União Federal",
        "ownership": "national",
        "ref": "BR-153",
        "source": "osm-gpx",
        "surface": "asphalt",
        "turn:lanes": "||merge_to_left"
      },
      "geometry": {
        "type": "LineString",
        "coordinates": [
          [
            -49.6093575,
            -20.9752654
          ],
          [
            -49.6093227,
            -20.9752176
          ]
        ]
      },
      "id": "way/1505613040"
    },
    {
      "type": "Feature",
      "properties": {
        "@id": "way/1505613041",
        "highway": "motorway",
        "lanes": "2",
        "loc_ref": "BR-153;SP-425",
        "maxspeed": "80",
        "name": "Rodovia Transbrasiliana",
        "oneway": "yes",
        "operator": "Triunfo Transbrasiliana",
        "operator:type": "private",
        "owner": "União Federal",
        "ownership": "national",
        "ref": "BR-153",
        "source": "osm-gpx",
        "surface": "asphalt"
      },
      "geometry": {
        "type": "LineString",
        "coordinates": [
          [
            -49.6262636,
            -20.995598
          ],
          [
            -49.6254735,
            -20.994642
          ],
          [
            -49.6248499,
            -20.9939171
          ],
          [
            -49.6230206,
            -20.9917109
          ],
          [
            -49.6220684,
            -20.9906178
          ],
          [
            -49.6211959,
            -20.9895804
          ]
        ]
      },
      "id": "way/1505613041"
    },
    {
      "type": "Feature",
      "properties": {
        "@id": "way/1505613042",
        "highway": "motorway",
        "lanes": "3",
        "loc_ref": "BR-153;SP-425",
        "maxspeed": "80",
        "name": "Rodovia Transbrasiliana",
        "oneway": "yes",
        "operator": "Triunfo Transbrasiliana",
        "operator:type": "private",
        "owner": "União Federal",
        "ownership": "national",
        "ref": "BR-153",
        "source": "osm-gpx",
        "surface": "asphalt",
        "turn:lanes": "||merge_to_left"
      },
      "geometry": {
        "type": "LineString",
        "coordinates": [
          [
            -49.6034753,
            -20.9693468
          ],
          [
            -49.6041687,
            -20.9697124
          ],
          [
            -49.6046434,
            -20.9700117
          ]
        ]
      },
      "id": "way/1505613042"
    },
    {
      "type": "Feature",
      "properties": {
        "@id": "way/1505613043",
        "highway": "motorway",
        "lanes": "3",
        "loc_ref": "BR-153;SP-425",
        "maxspeed": "80",
        "name": "Rodovia Transbrasiliana",
        "oneway": "yes",
        "operator": "Triunfo Transbrasiliana",
        "operator:type": "private",
        "owner": "União Federal",
        "ownership": "national",
        "ref": "BR-153",
        "source": "osm-gpx",
        "surface": "asphalt",
        "turn:lanes": "||merge_to_left"
      },
      "geometry": {
        "type": "LineString",
        "coordinates": [
          [
            -49.5652267,
            -20.9613484
          ],
          [
            -49.5660053,
            -20.9617656
          ]
        ]
      },
      "id": "way/1505613043"
    },
    {
      "type": "Feature",
      "properties": {
        "@id": "way/1505613044",
        "highway": "motorway",
        "lanes": "3",
        "loc_ref": "BR-153;SP-425",
        "maxspeed": "80",
        "name": "Rodovia Transbrasiliana",
        "oneway": "yes",
        "operator": "Triunfo Transbrasiliana",
        "operator:type": "private",
        "owner": "União Federal",
        "ownership": "national",
        "ref": "BR-153",
        "source": "osm-gpx",
        "surface": "asphalt",
        "turn:lanes": "||merge_to_left"
      },
      "geometry": {
        "type": "LineString",
        "coordinates": [
          [
            -49.573873,
            -20.9639432
          ],
          [
            -49.574402,
            -20.9640474
          ]
        ]
      },
      "id": "way/1505613044"
    },
    {
      "type": "Feature",
      "properties": {
        "@id": "way/1505613045",
        "highway": "motorway",
        "lanes": "3",
        "loc_ref": "BR-153;SP-425",
        "maxspeed": "80",
        "name": "Rodovia Transbrasiliana",
        "oneway": "yes",
        "operator": "Triunfo Transbrasiliana",
        "operator:type": "private",
        "owner": "União Federal",
        "ownership": "national",
        "ref": "BR-153",
        "source": "osm-gpx",
        "surface": "asphalt",
        "turn:lanes": "||slight_right"
      },
      "geometry": {
        "type": "LineString",
        "coordinates": [
          [
            -49.5738557,
            -20.9640745
          ],
          [
            -49.5728422,
            -20.9638895
          ],
          [
            -49.5725736,
            -20.9638385
          ],
          [
            -49.5722295,
            -20.9637697
          ]
        ]
      },
      "id": "way/1505613045"
    },
    {
      "type": "Feature",
      "properties": {
        "@id": "way/1505613046",
        "highway": "motorway",
        "lanes": "2",
        "loc_ref": "BR-153;SP-425",
        "maxspeed": "80",
        "name": "Rodovia Transbrasiliana",
        "oneway": "yes",
        "operator": "Triunfo Transbrasiliana",
        "operator:type": "private",
        "owner": "União Federal",
        "ownership": "national",
        "ref": "BR-153",
        "source": "osm-gpx",
        "surface": "asphalt"
      },
      "geometry": {
        "type": "LineString",
        "coordinates": [
          [
            -49.5722295,
            -20.9637697
          ],
          [
            -49.5713371,
            -20.9635761
          ],
          [
            -49.570448,
            -20.9634021
          ],
          [
            -49.5694555,
            -20.963223
          ],
          [
            -49.5685302,
            -20.96299
          ],
          [
            -49.5678851,
            -20.9627796
          ],
          [
            -49.5672038,
            -20.9625304
          ]
        ]
      },
      "id": "way/1505613046"
    },
    {
      "type": "Feature",
      "properties": {
        "@id": "way/1505613047",
        "highway": "motorway",
        "lanes": "3",
        "loc_ref": "BR-153;SP-425",
        "maxspeed": "80",
        "name": "Rodovia Transbrasiliana",
        "oneway": "yes",
        "operator": "Triunfo Transbrasiliana",
        "operator:type": "private",
        "owner": "União Federal",
        "ownership": "national",
        "ref": "BR-153",
        "source": "osm-gpx",
        "surface": "asphalt",
        "turn:lanes": "||merge_to_left"
      },
      "geometry": {
        "type": "LineString",
        "coordinates": [
          [
            -49.5672038,
            -20.9625304
          ],
          [
            -49.566139,
            -20.9620032
          ]
        ]
      },
      "id": "way/1505613047"
    },
    {
      "type": "Feature",
      "properties": {
        "@id": "way/1505613048",
        "highway": "motorway",
        "lanes": "2",
        "loc_ref": "BR-153;SP-425",
        "maxspeed": "80",
        "name": "Rodovia Transbrasiliana",
        "oneway": "yes",
        "operator": "Triunfo Transbrasiliana",
        "operator:type": "private",
        "owner": "União Federal",
        "ownership": "national",
        "ref": "BR-153",
        "source": "osm-gpx",
        "surface": "asphalt"
      },
      "geometry": {
        "type": "LineString",
        "coordinates": [
          [
            -49.566139,
            -20.9620032
          ],
          [
            -49.5643768,
            -20.9610639
          ],
          [
            -49.5616115,
            -20.9595799
          ],
          [
            -49.5610118,
            -20.9592502
          ],
          [
            -49.5607088,
            -20.9590827
          ],
          [
            -49.5602757,
            -20.9588547
          ],
          [
            -49.5598707,
            -20.9586419
          ],
          [
            -49.5595668,
            -20.9584908
          ],
          [
            -49.5566332,
            -20.9569286
          ],
          [
            -49.5553887,
            -20.9562423
          ],
          [
            -49.5546833,
            -20.9558615
          ],
          [
            -49.5538974,
            -20.9554582
          ],
          [
            -49.5496755,
            -20.9531576
          ],
          [
            -49.5474252,
            -20.9519628
          ],
          [
            -49.5458481,
            -20.9511174
          ],
          [
            -49.5442307,
            -20.9502557
          ],
          [
            -49.5423652,
            -20.9492387
          ],
          [
            -49.5405722,
            -20.9482668
          ],
          [
            -49.5388716,
            -20.9473675
          ],
          [
            -49.5372006,
            -20.9464632
          ],
          [
            -49.5362377,
            -20.9459472
          ],
          [
            -49.5352533,
            -20.9454162
          ],
          [
            -49.5333973,
            -20.9444417
          ],
          [
            -49.5319474,
            -20.9436668
          ],
          [
            -49.5309001,
            -20.943099
          ],
          [
            -49.5279,
            -20.9414858
          ],
          [
            -49.5272028,
            -20.9410887
          ],
          [
            -49.5268366,
            -20.940852
          ],
          [
            -49.5265978,
            -20.9406592
          ],
          [
            -49.5260936,
            -20.9402658
          ],
          [
            -49.5250462,
            -20.9394091
          ],
          [
            -49.5240033,
            -20.9385824
          ],
          [
            -49.5232696,
            -20.9379801
          ],
          [
            -49.5224512,
            -20.9373136
          ],
          [
            -49.5216202,
            -20.9366359
          ]
        ]
      },
      "id": "way/1505613048"
    },
    {
      "type": "Feature",
      "properties": {
        "@id": "way/1505613049",
        "highway": "motorway",
        "lanes": "2",
        "loc_ref": "BR-153;SP-425",
        "maxspeed": "80",
        "name": "Rodovia Transbrasiliana",
        "oneway": "yes",
        "operator": "Triunfo Transbrasiliana",
        "operator:type": "private",
        "owner": "União Federal",
        "ownership": "national",
        "ref": "BR-153",
        "source": "osm-gpx",
        "surface": "asphalt"
      },
      "geometry": {
        "type": "LineString",
        "coordinates": [
          [
            -49.5660053,
            -20.9617656
          ],
          [
            -49.5662758,
            -20.9619155
          ]
        ]
      },
      "id": "way/1505613049"
    },
    {
      "type": "Feature",
      "properties": {
        "@id": "way/1505613050",
        "highway": "motorway",
        "lanes": "3",
        "loc_ref": "BR-153;SP-425",
        "maxspeed": "80",
        "name": "Rodovia Transbrasiliana",
        "oneway": "yes",
        "operator": "Triunfo Transbrasiliana",
        "operator:type": "private",
        "owner": "União Federal",
        "ownership": "national",
        "ref": "BR-153",
        "surface": "asphalt",
        "turn:lanes": "||merge_to_left"
      },
      "geometry": {
        "type": "LineString",
        "coordinates": [
          [
            -49.5170197,
            -20.9329133
          ],
          [
            -49.5166368,
            -20.9325845
          ]
        ]
      },
      "id": "way/1505613050"
    },
    {
      "type": "Feature",
      "properties": {
        "@id": "way/1505613051",
        "highway": "motorway",
        "lanes": "3",
        "loc_ref": "BR-153;SP-425",
        "maxspeed": "80",
        "name": "Rodovia Transbrasiliana",
        "oneway": "yes",
        "operator": "Triunfo Transbrasiliana",
        "operator:type": "private",
        "owner": "União Federal",
        "ownership": "national",
        "ref": "BR-153",
        "surface": "asphalt",
        "turn:lanes": "||merge_to_left"
      },
      "geometry": {
        "type": "LineString",
        "coordinates": [
          [
            -49.5182485,
            -20.933916
          ],
          [
            -49.5174489,
            -20.9332591
          ]
        ]
      },
      "id": "way/1505613051"
    },
    {
      "type": "Feature",
      "properties": {
        "@id": "way/1505613052",
        "highway": "motorway",
        "lanes": "3",
        "loc_ref": "BR-153;SP-425",
        "maxspeed": "80",
        "name": "Rodovia Transbrasiliana",
        "oneway": "yes",
        "operator": "Triunfo Transbrasiliana",
        "operator:type": "private",
        "owner": "União Federal",
        "ownership": "national",
        "ref": "BR-153",
        "source": "osm-gpx",
        "surface": "asphalt",
        "turn:lanes": "||slight_right"
      },
      "geometry": {
        "type": "LineString",
        "coordinates": [
          [
            -49.519152,
            -20.934449
          ],
          [
            -49.5201744,
            -20.9352991
          ]
        ]
      },
      "id": "way/1505613052"
    },
    {
      "type": "Feature",
      "properties": {
        "@id": "way/1505613053",
        "highway": "motorway",
        "lanes": "3",
        "loc_ref": "BR-153;SP-425",
        "maxspeed": "80",
        "name": "Rodovia Transbrasiliana",
        "oneway": "yes",
        "operator": "Triunfo Transbrasiliana",
        "operator:type": "private",
        "owner": "União Federal",
        "ownership": "national",
        "ref": "BR-153",
        "source": "osm-gpx",
        "surface": "asphalt",
        "turn:lanes": "||merge_to_left"
      },
      "geometry": {
        "type": "LineString",
        "coordinates": [
          [
            -49.5156757,
            -20.9316263
          ],
          [
            -49.5165986,
            -20.9323722
          ],
          [
            -49.5171109,
            -20.9327906
          ]
        ]
      },
      "id": "way/1505613053"
    },
    {
      "type": "Feature",
      "properties": {
        "@id": "way/1505613054",
        "highway": "motorway",
        "lanes": "2",
        "loc_ref": "BR-153;SP-425",
        "maxspeed": "80",
        "name": "Rodovia Transbrasiliana",
        "oneway": "yes",
        "operator": "Triunfo Transbrasiliana",
        "operator:type": "private",
        "owner": "União Federal",
        "ownership": "national",
        "ref": "BR-153",
        "source": "osm-gpx",
        "surface": "asphalt"
      },
      "geometry": {
        "type": "LineString",
        "coordinates": [
          [
            -49.5053277,
            -20.923288
          ],
          [
            -49.5060053,
            -20.9238298
          ],
          [
            -49.5071948,
            -20.9247788
          ]
        ]
      },
      "id": "way/1505613054"
    },
    {
      "type": "Feature",
      "properties": {
        "@id": "way/1505613057",
        "highway": "motorway",
        "lanes": "2",
        "loc_ref": "BR-153;SP-425",
        "maxspeed": "80",
        "name": "Rodovia Transbrasiliana",
        "oneway": "yes",
        "operator": "Triunfo Transbrasiliana",
        "operator:type": "private",
        "owner": "União Federal",
        "ownership": "national",
        "ref": "BR-153",
        "source": "osm-gpx",
        "surface": "asphalt"
      },
      "geometry": {
        "type": "LineString",
        "coordinates": [
          [
            -49.5019068,
            -20.9204996
          ],
          [
            -49.502727,
            -20.9211947
          ],
          [
            -49.5051579,
            -20.9231484
          ]
        ]
      },
      "id": "way/1505613057"
    },
    {
      "type": "Feature",
      "properties": {
        "@id": "way/1505613058",
        "highway": "motorway",
        "lanes": "3",
        "loc_ref": "BR-153;SP-425",
        "maxspeed": "80",
        "name": "Rodovia Transbrasiliana",
        "oneway": "yes",
        "operator": "Triunfo Transbrasiliana",
        "operator:type": "private",
        "owner": "União Federal",
        "ownership": "national",
        "ref": "BR-153",
        "source": "osm-gpx",
        "surface": "asphalt",
        "turn:lanes": "||merge_to_left"
      },
      "geometry": {
        "type": "LineString",
        "coordinates": [
          [
            -49.5009363,
            -20.919723
          ],
          [
            -49.50142,
            -20.9201013
          ],
          [
            -49.5019068,
            -20.9204996
          ]
        ]
      },
      "id": "way/1505613058"
    },
    {
      "type": "Feature",
      "properties": {
        "@id": "way/1505613061",
        "highway": "motorway",
        "lanes": "2",
        "loc_ref": "BR-153;SP-425",
        "maxspeed": "80",
        "name": "Rodovia Transbrasiliana",
        "oneway": "yes",
        "operator": "Triunfo Transbrasiliana",
        "operator:type": "private",
        "owner": "União Federal",
        "ownership": "national",
        "ref": "BR-153",
        "source": "osm-gpx",
        "surface": "asphalt"
      },
      "geometry": {
        "type": "LineString",
        "coordinates": [
          [
            -49.495912,
            -20.9156905
          ],
          [
            -49.4968639,
            -20.9164384
          ]
        ]
      },
      "id": "way/1505613061"
    },
    {
      "type": "Feature",
      "properties": {
        "@id": "way/1505613062",
        "highway": "motorway",
        "lanes": "3",
        "loc_ref": "BR-153;SP-425",
        "maxspeed": "80",
        "name": "Rodovia Transbrasiliana",
        "oneway": "yes",
        "operator": "Triunfo Transbrasiliana",
        "operator:type": "private",
        "owner": "União Federal",
        "ownership": "national",
        "ref": "BR-153",
        "source": "osm-gpx",
        "surface": "asphalt",
        "turn:lanes": "||slight_right"
      },
      "geometry": {
        "type": "LineString",
        "coordinates": [
          [
            -49.4950417,
            -20.9149764
          ],
          [
            -49.495912,
            -20.9156905
          ]
        ]
      },
      "id": "way/1505613062"
    },
    {
      "type": "Feature",
      "properties": {
        "@id": "way/1505613063",
        "highway": "motorway",
        "lanes": "2",
        "loc_ref": "BR-153;SP-425",
        "maxspeed": "80",
        "name": "Rodovia Transbrasiliana",
        "oneway": "yes",
        "operator": "Triunfo Transbrasiliana",
        "operator:type": "private",
        "owner": "União Federal",
        "ownership": "national",
        "ref": "BR-153",
        "source": "osm-gpx",
        "surface": "asphalt"
      },
      "geometry": {
        "type": "LineString",
        "coordinates": [
          [
            -49.4865329,
            -20.9108813
          ],
          [
            -49.4849835,
            -20.9104608
          ]
        ]
      },
      "id": "way/1505613063"
    },
    {
      "type": "Feature",
      "properties": {
        "@id": "way/1505613064",
        "highway": "motorway",
        "lanes": "2",
        "loc_ref": "BR-153;SP-425",
        "maxspeed": "80",
        "name": "Rodovia Transbrasiliana",
        "oneway": "yes",
        "operator": "Triunfo Transbrasiliana",
        "operator:type": "private",
        "owner": "União Federal",
        "ownership": "national",
        "ref": "BR-153",
        "source": "osm-gpx",
        "surface": "asphalt"
      },
      "geometry": {
        "type": "LineString",
        "coordinates": [
          [
            -49.4832963,
            -20.9098814
          ],
          [
            -49.4836663,
            -20.9099783
          ]
        ]
      },
      "id": "way/1505613064"
    },
    {
      "type": "Feature",
      "properties": {
        "@id": "way/1505613065",
        "highway": "motorway",
        "lanes": "3",
        "loc_ref": "BR-153;SP-425",
        "maxspeed": "80",
        "name": "Rodovia Transbrasiliana",
        "oneway": "yes",
        "operator": "Triunfo Transbrasiliana",
        "operator:type": "private",
        "owner": "União Federal",
        "ownership": "national",
        "ref": "BR-153",
        "source": "osm-gpx",
        "surface": "asphalt",
        "turn:lanes": "||merge_to_left"
      },
      "geometry": {
        "type": "LineString",
        "coordinates": [
          [
            -49.4792366,
            -20.9088115
          ],
          [
            -49.4824755,
            -20.9096684
          ],
          [
            -49.4832963,
            -20.9098814
          ]
        ]
      },
      "id": "way/1505613065"
    },
    {
      "type": "Feature",
      "properties": {
        "@id": "way/1505613066",
        "highway": "motorway",
        "lanes": "3",
        "loc_ref": "BR-153;SP-425",
        "maxspeed": "80",
        "name": "Rodovia Transbrasiliana",
        "oneway": "yes",
        "operator": "Triunfo Transbrasiliana",
        "operator:type": "private",
        "owner": "União Federal",
        "ownership": "national",
        "ref": "BR-153",
        "source": "osm-gpx",
        "surface": "asphalt",
        "turn:lanes": "||slight_right"
      },
      "geometry": {
        "type": "LineString",
        "coordinates": [
          [
            -49.477331,
            -20.9083179
          ],
          [
            -49.4782779,
            -20.9085535
          ],
          [
            -49.4792366,
            -20.9088115
          ]
        ]
      },
      "id": "way/1505613066"
    },
    {
      "type": "Feature",
      "properties": {
        "@id": "way/1505613067",
        "highway": "motorway",
        "lanes": "3",
        "loc_ref": "BR-153;SP-425",
        "maxspeed": "80",
        "name": "Rodovia Transbrasiliana",
        "oneway": "yes",
        "operator": "Triunfo Transbrasiliana",
        "operator:type": "private",
        "owner": "União Federal",
        "ownership": "national",
        "ref": "BR-153",
        "source": "osm-gpx",
        "surface": "asphalt",
        "turn:lanes": "||slight_right"
      },
      "geometry": {
        "type": "LineString",
        "coordinates": [
          [
            -49.4836663,
            -20.9099783
          ],
          [
            -49.4841519,
            -20.9100969
          ],
          [
            -49.4845802,
            -20.9102175
          ],
          [
            -49.4853051,
            -20.9104058
          ]
        ]
      },
      "id": "way/1505613067"
    },
    {
      "type": "Feature",
      "properties": {
        "@id": "way/1505613068",
        "highway": "motorway",
        "lanes": "2",
        "loc_ref": "BR-153;SP-425",
        "maxspeed": "80",
        "name": "Rodovia Transbrasiliana",
        "oneway": "yes",
        "operator": "Triunfo Transbrasiliana",
        "operator:type": "private",
        "owner": "União Federal",
        "ownership": "national",
        "ref": "BR-153",
        "source": "osm-gpx",
        "surface": "asphalt"
      },
      "geometry": {
        "type": "LineString",
        "coordinates": [
          [
            -49.4853051,
            -20.9104058
          ],
          [
            -49.4861569,
            -20.9106381
          ],
          [
            -49.4869722,
            -20.9108264
          ]
        ]
      },
      "id": "way/1505613068"
    },
    {
      "type": "Feature",
      "properties": {
        "@id": "way/1505613069",
        "highway": "motorway",
        "lanes": "3",
        "loc_ref": "BR-153;SP-425",
        "maxspeed": "80",
        "name": "Rodovia Transbrasiliana",
        "oneway": "yes",
        "operator": "Triunfo Transbrasiliana",
        "operator:type": "private",
        "owner": "União Federal",
        "ownership": "national",
        "ref": "BR-153",
        "source": "osm-gpx",
        "surface": "asphalt",
        "turn:lanes": "||merge_to_left"
      },
      "geometry": {
        "type": "LineString",
        "coordinates": [
          [
            -49.4869722,
            -20.9108264
          ],
          [
            -49.4878497,
            -20.9110764
          ]
        ]
      },
      "id": "way/1505613069"
    },
    {
      "type": "Feature",
      "properties": {
        "@id": "way/1505613073",
        "highway": "motorway",
        "lanes": "3",
        "maxspeed": "80",
        "name": "Rodovia Transbrasiliana",
        "oneway": "yes",
        "operator": "Triunfo Transbrasiliana",
        "operator:type": "private",
        "owner": "União Federal",
        "ownership": "national",
        "ref": "BR-153",
        "surface": "asphalt",
        "turn:lanes": "||merge_to_left"
      },
      "geometry": {
        "type": "LineString",
        "coordinates": [
          [
            -49.4673859,
            -20.9058669
          ],
          [
            -49.4660041,
            -20.9054941
          ]
        ]
      },
      "id": "way/1505613073"
    },
    {
      "type": "Feature",
      "properties": {
        "@id": "way/1505613074",
        "highway": "motorway",
        "lanes": "3",
        "loc_ref": "BR-153;SP-425",
        "maxspeed": "80",
        "name": "Rodovia Transbrasiliana",
        "oneway": "yes",
        "operator": "Triunfo Transbrasiliana",
        "operator:type": "private",
        "owner": "União Federal",
        "ownership": "national",
        "ref": "BR-153",
        "source": "osm-gpx",
        "surface": "asphalt",
        "turn:lanes": "||slight_right"
      },
      "geometry": {
        "type": "LineString",
        "coordinates": [
          [
            -49.4703064,
            -20.9066392
          ],
          [
            -49.4688702,
            -20.9062566
          ]
        ]
      },
      "id": "way/1505613074"
    },
    {
      "type": "Feature",
      "properties": {
        "@id": "way/1505613075",
        "highway": "motorway",
        "lanes": "2",
        "loc_ref": "BR-153;SP-425",
        "maxspeed": "80",
        "name": "Rodovia Transbrasiliana",
        "oneway": "yes",
        "operator": "Triunfo Transbrasiliana",
        "operator:type": "private",
        "owner": "União Federal",
        "ownership": "national",
        "ref": "BR-153",
        "source": "osm-gpx",
        "surface": "asphalt"
      },
      "geometry": {
        "type": "LineString",
        "coordinates": [
          [
            -49.4688702,
            -20.9062566
          ],
          [
            -49.4686175,
            -20.9061888
          ],
          [
            -49.46782,
            -20.9059827
          ]
        ]
      },
      "id": "way/1505613075"
    },
    {
      "type": "Feature",
      "properties": {
        "@id": "way/1505613076",
        "highway": "motorway",
        "lanes": "2",
        "maxspeed": "80",
        "name": "Rodovia Transbrasiliana",
        "oneway": "yes",
        "operator": "Triunfo Transbrasiliana",
        "operator:type": "private",
        "owner": "União Federal",
        "ownership": "national",
        "ref": "BR-153",
        "surface": "asphalt"
      },
      "geometry": {
        "type": "LineString",
        "coordinates": [
          [
            -49.46782,
            -20.9059827
          ],
          [
            -49.4673859,
            -20.9058669
          ]
        ]
      },
      "id": "way/1505613076"
    },
    {
      "type": "Feature",
      "properties": {
        "@id": "way/1505613077",
        "highway": "motorway",
        "lanes": "3",
        "maxspeed": "80",
        "name": "Rodovia Transbrasiliana",
        "oneway": "yes",
        "operator": "Triunfo Transbrasiliana",
        "operator:type": "private",
        "owner": "União Federal",
        "ownership": "national",
        "ref": "BR-153",
        "surface": "asphalt",
        "turn:lanes": "||slight_right"
      },
      "geometry": {
        "type": "LineString",
        "coordinates": [
          [
            -49.4441434,
            -20.8997091
          ],
          [
            -49.4437337,
            -20.8995982
          ],
          [
            -49.4432187,
            -20.8994554
          ],
          [
            -49.4425748,
            -20.8992396
          ]
        ]
      },
      "id": "way/1505613077"
    },
    {
      "type": "Feature",
      "properties": {
        "@id": "way/1505613078",
        "highway": "motorway",
        "lanes": "2",
        "maxspeed": "80",
        "name": "Rodovia Transbrasiliana",
        "oneway": "yes",
        "operator": "Triunfo Transbrasiliana",
        "operator:type": "private",
        "owner": "União Federal",
        "ownership": "national",
        "ref": "BR-153",
        "surface": "asphalt",
        "turn:lanes": "through|through"
      },
      "geometry": {
        "type": "LineString",
        "coordinates": [
          [
            -49.4413425,
            -20.8986936
          ],
          [
            -49.4415718,
            -20.8987801
          ],
          [
            -49.4420306,
            -20.8989442
          ]
        ]
      },
      "id": "way/1505613078"
    },
    {
      "type": "Feature",
      "properties": {
        "@id": "way/1505613079",
        "highway": "motorway",
        "lanes": "3",
        "maxspeed": "80",
        "name": "Rodovia Transbrasiliana",
        "oneway": "yes",
        "operator": "Triunfo Transbrasiliana",
        "operator:type": "private",
        "owner": "União Federal",
        "ownership": "national",
        "ref": "BR-153",
        "source": "osm-gpx",
        "surface": "asphalt",
        "turn:lanes": "||merge_to_left"
      },
      "geometry": {
        "type": "LineString",
        "coordinates": [
          [
            -49.4432864,
            -20.8993579
          ],
          [
            -49.4440193,
            -20.8995807
          ],
          [
            -49.4447455,
            -20.8997843
          ]
        ]
      },
      "id": "way/1505613079"
    },
    {
      "type": "Feature",
      "properties": {
        "@id": "way/1505613080",
        "highway": "motorway",
        "lanes": "3",
        "maxspeed": "80",
        "name": "Rodovia Transbrasiliana",
        "oneway": "yes",
        "operator": "Triunfo Transbrasiliana",
        "operator:type": "private",
        "owner": "União Federal",
        "ownership": "national",
        "ref": "BR-153",
        "surface": "asphalt",
        "turn:lanes": "||slight_right"
      },
      "geometry": {
        "type": "LineString",
        "coordinates": [
          [
            -49.4362517,
            -20.895738
          ],
          [
            -49.4371435,
            -20.8963044
          ]
        ]
      },
      "id": "way/1505613080"
    },
    {
      "type": "Feature",
      "properties": {
        "@id": "way/1505613081",
        "highway": "motorway",
        "lanes": "3",
        "maxspeed": "80",
        "name": "Rodovia Transbrasiliana",
        "oneway": "yes",
        "operator": "Triunfo Transbrasiliana",
        "operator:type": "private",
        "owner": "União Federal",
        "ownership": "national",
        "ref": "BR-153",
        "surface": "asphalt",
        "turn:lanes": "||merge_to_left"
      },
      "geometry": {
        "type": "LineString",
        "coordinates": [
          [
            -49.4362678,
            -20.8958684
          ],
          [
            -49.4348855,
            -20.8949791
          ]
        ]
      },
      "id": "way/1505613081"
    },
    {
      "type": "Feature",
      "properties": {
        "@id": "way/1505613082",
        "highway": "motorway",
        "lanes": "3",
        "maxspeed": "80",
        "name": "Rodovia Transbrasiliana",
        "oneway": "yes",
        "operator": "Triunfo Transbrasiliana",
        "operator:type": "private",
        "owner": "União Federal",
        "ownership": "national",
        "ref": "BR-153",
        "surface": "asphalt",
        "turn:lanes": "||merge_to_left"
      },
      "geometry": {
        "type": "LineString",
        "coordinates": [
          [
            -49.4327519,
            -20.893067
          ],
          [
            -49.43285,
            -20.8931691
          ],
          [
            -49.4330164,
            -20.8933267
          ],
          [
            -49.4332489,
            -20.893548
          ]
        ]
      },
      "id": "way/1505613082"
    },
    {
      "type": "Feature",
      "properties": {
        "@id": "way/1505613083",
        "highway": "motorway",
        "lanes": "2",
        "maxspeed": "80",
        "name": "Rodovia Transbrasiliana",
        "oneway": "yes",
        "operator": "Triunfo Transbrasiliana",
        "operator:type": "private",
        "owner": "União Federal",
        "ownership": "national",
        "ref": "BR-153",
        "surface": "asphalt"
      },
      "geometry": {
        "type": "LineString",
        "coordinates": [
          [
            -49.4318002,
            -20.8920046
          ],
          [
            -49.4320448,
            -20.8923028
          ],
          [
            -49.4327519,
            -20.893067
          ]
        ]
      },
      "id": "way/1505613083"
    },
    {
      "type": "Feature",
      "properties": {
        "@id": "way/1505613084",
        "highway": "motorway",
        "lanes": "3",
        "maxspeed": "80",
        "name": "Rodovia Transbrasiliana",
        "oneway": "yes",
        "operator": "Triunfo Transbrasiliana",
        "operator:type": "private",
        "owner": "União Federal",
        "ownership": "national",
        "ref": "BR-153",
        "surface": "asphalt",
        "turn:lanes": "||merge_to_left"
      },
      "geometry": {
        "type": "LineString",
        "coordinates": [
          [
            -49.4320391,
            -20.8924824
          ],
          [
            -49.4319481,
            -20.892384
          ],
          [
            -49.431248,
            -20.8915282
          ],
          [
            -49.4308953,
            -20.8910534
          ]
        ]
      },
      "id": "way/1505613084"
    },
    {
      "type": "Feature",
      "properties": {
        "@id": "way/1505613085",
        "highway": "motorway",
        "lanes": "2",
        "maxspeed": "80",
        "name": "Rodovia Transbrasiliana",
        "oneway": "yes",
        "operator": "Triunfo Transbrasiliana",
        "operator:type": "private",
        "owner": "União Federal",
        "ownership": "national",
        "ref": "BR-153",
        "surface": "asphalt"
      },
      "geometry": {
        "type": "LineString",
        "coordinates": [
          [
            -49.4308953,
            -20.8910534
          ],
          [
            -49.4304192,
            -20.8903956
          ],
          [
            -49.4300732,
            -20.8899458
          ],
          [
            -49.4297513,
            -20.889511
          ],
          [
            -49.4286745,
            -20.8880484
          ],
          [
            -49.4275251,
            -20.8864964
          ],
          [
            -49.4263476,
            -20.8848988
          ],
          [
            -49.4253485,
            -20.8835531
          ],
          [
            -49.4243681,
            -20.882235
          ],
          [
            -49.422758,
            -20.8800698
          ]
        ]
      },
      "id": "way/1505613085"
    },
    {
      "type": "Feature",
      "properties": {
        "@id": "way/1505613086",
        "highway": "motorway",
        "lanes": "3",
        "maxspeed": "80",
        "name": "Rodovia Transbrasiliana",
        "oneway": "yes",
        "operator": "Triunfo Transbrasiliana",
        "operator:type": "private",
        "owner": "União Federal",
        "ownership": "national",
        "ref": "BR-153",
        "surface": "asphalt",
        "turn:lanes": "||slight_right"
      },
      "geometry": {
        "type": "LineString",
        "coordinates": [
          [
            -49.4306749,
            -20.8905355
          ],
          [
            -49.4309362,
            -20.8908876
          ],
          [
            -49.4313372,
            -20.8914368
          ],
          [
            -49.4318002,
            -20.8920046
          ]
        ]
      },
      "id": "way/1505613086"
    },
    {
      "type": "Feature",
      "properties": {
        "@id": "way/1505613087",
        "highway": "motorway",
        "lanes": "2",
        "maxspeed": "80",
        "name": "Rodovia Transbrasiliana",
        "oneway": "yes",
        "operator": "Triunfo Transbrasiliana",
        "operator:type": "private",
        "owner": "União Federal",
        "ownership": "national",
        "ref": "BR-153",
        "surface": "asphalt"
      },
      "geometry": {
        "type": "LineString",
        "coordinates": [
          [
            -49.4220219,
            -20.8790713
          ],
          [
            -49.4212485,
            -20.8780407
          ]
        ]
      },
      "id": "way/1505613087"
    },
    {
      "type": "Feature",
      "properties": {
        "@id": "way/1505613088",
        "highway": "motorway",
        "lanes": "3",
        "maxspeed": "80",
        "name": "Rodovia Transbrasiliana",
        "oneway": "yes",
        "operator": "Triunfo Transbrasiliana",
        "operator:type": "private",
        "owner": "União Federal",
        "ownership": "national",
        "ref": "BR-153",
        "surface": "asphalt",
        "turn:lanes": "||slight_right"
      },
      "geometry": {
        "type": "LineString",
        "coordinates": [
          [
            -49.422758,
            -20.8800698
          ],
          [
            -49.4224589,
            -20.8796676
          ]
        ]
      },
      "id": "way/1505613088"
    },
    {
      "type": "Feature",
      "properties": {
        "@id": "way/1505613089",
        "highway": "motorway",
        "lanes": "3",
        "maxspeed": "80",
        "name": "Rodovia Transbrasiliana",
        "oneway": "yes",
        "operator": "Triunfo Transbrasiliana",
        "operator:type": "private",
        "owner": "União Federal",
        "ownership": "national",
        "ref": "BR-153",
        "surface": "asphalt",
        "turn:lanes": "||merge_to_left"
      },
      "geometry": {
        "type": "LineString",
        "coordinates": [
          [
            -49.4284019,
            -20.8874825
          ],
          [
            -49.4299183,
            -20.889536
          ],
          [
            -49.4306749,
            -20.8905355
          ]
        ]
      },
      "id": "way/1505613089"
    },
    {
      "type": "Feature",
      "properties": {
        "@id": "way/1505613090",
        "highway": "motorway",
        "lanes": "3",
        "maxspeed": "80",
        "name": "Rodovia Transbrasiliana",
        "oneway": "yes",
        "operator": "Triunfo Transbrasiliana",
        "operator:type": "private",
        "owner": "União Federal",
        "ownership": "national",
        "ref": "BR-153",
        "surface": "asphalt",
        "turn:lanes": "||slight_right"
      },
      "geometry": {
        "type": "LineString",
        "coordinates": [
          [
            -49.4270775,
            -20.8856806
          ],
          [
            -49.4273206,
            -20.8859919
          ]
        ]
      },
      "id": "way/1505613090"
    },
    {
      "type": "Feature",
      "properties": {
        "@id": "way/1505613091",
        "highway": "motorway",
        "lanes": "2",
        "maxspeed": "80",
        "name": "Rodovia Transbrasiliana",
        "oneway": "yes",
        "operator": "Triunfo Transbrasiliana",
        "operator:type": "private",
        "owner": "União Federal",
        "ownership": "national",
        "ref": "BR-153",
        "surface": "asphalt"
      },
      "geometry": {
        "type": "LineString",
        "coordinates": [
          [
            -49.4273206,
            -20.8859919
          ],
          [
            -49.4281908,
            -20.8872125
          ],
          [
            -49.4284019,
            -20.8874825
          ]
        ]
      },
      "id": "way/1505613091"
    },
    {
      "type": "Feature",
      "properties": {
        "@id": "way/1505613092",
        "highway": "motorway",
        "lanes": "3",
        "maxspeed": "80",
        "name": "Rodovia Transbrasiliana",
        "oneway": "yes",
        "operator": "Triunfo Transbrasiliana",
        "operator:type": "private",
        "owner": "União Federal",
        "ownership": "national",
        "ref": "BR-153",
        "surface": "asphalt",
        "turn:lanes": "||merge_to_left"
      },
      "geometry": {
        "type": "LineString",
        "coordinates": [
          [
            -49.4225896,
            -20.879597
          ],
          [
            -49.4232094,
            -20.8804594
          ]
        ]
      },
      "id": "way/1505613092"
    },
    {
      "type": "Feature",
      "properties": {
        "@id": "way/1505613093",
        "highway": "motorway",
        "lanes": "2",
        "maxspeed": "80",
        "name": "Rodovia Transbrasiliana",
        "oneway": "yes",
        "operator": "Triunfo Transbrasiliana",
        "operator:type": "private",
        "owner": "União Federal",
        "ownership": "national",
        "ref": "BR-153",
        "surface": "asphalt"
      },
      "geometry": {
        "type": "LineString",
        "coordinates": [
          [
            -49.4213665,
            -20.8779921
          ],
          [
            -49.4221887,
            -20.8790685
          ]
        ]
      },
      "id": "way/1505613093"
    },
    {
      "type": "Feature",
      "properties": {
        "@id": "way/1505613094",
        "highway": "motorway",
        "lanes": "3",
        "maxspeed": "80",
        "name": "Rodovia Transbrasiliana",
        "oneway": "yes",
        "operator": "Triunfo Transbrasiliana",
        "operator:type": "private",
        "owner": "União Federal",
        "ownership": "national",
        "ref": "BR-153",
        "surface": "asphalt",
        "turn:lanes": "||slight_right"
      },
      "geometry": {
        "type": "LineString",
        "coordinates": [
          [
            -49.4208654,
            -20.8773029
          ],
          [
            -49.4213665,
            -20.8779921
          ]
        ]
      },
      "id": "way/1505613094"
    },
    {
      "type": "Feature",
      "properties": {
        "@id": "way/1505613095",
        "highway": "motorway",
        "lanes": "2",
        "maxspeed": "80",
        "name": "Rodovia Transbrasiliana",
        "oneway": "yes",
        "operator": "Triunfo Transbrasiliana",
        "operator:type": "private",
        "owner": "União Federal",
        "ownership": "national",
        "ref": "BR-153",
        "surface": "asphalt"
      },
      "geometry": {
        "type": "LineString",
        "coordinates": [
          [
            -49.4192017,
            -20.875072
          ],
          [
            -49.4201231,
            -20.8763008
          ],
          [
            -49.420765,
            -20.8771658
          ],
          [
            -49.4208654,
            -20.8773029
          ]
        ]
      },
      "id": "way/1505613095"
    },
    {
      "type": "Feature",
      "properties": {
        "@id": "way/1505613096",
        "highway": "motorway",
        "lanes": "2",
        "maxspeed": "80",
        "name": "Rodovia Transbrasiliana",
        "oneway": "yes",
        "operator": "Triunfo Transbrasiliana",
        "operator:type": "private",
        "owner": "União Federal",
        "ownership": "national",
        "ref": "BR-153",
        "surface": "asphalt"
      },
      "geometry": {
        "type": "LineString",
        "coordinates": [
          [
            -49.4123006,
            -20.8657641
          ],
          [
            -49.4109336,
            -20.8638914
          ],
          [
            -49.4102308,
            -20.8629315
          ]
        ]
      },
      "id": "way/1505613096"
    },
    {
      "type": "Feature",
      "properties": {
        "@id": "way/1505613097",
        "highway": "motorway",
        "lanes": "2",
        "maxheight": "5.5",
        "maxspeed": "80",
        "name": "Rodovia Transbrasiliana",
        "oneway": "yes",
        "operator": "Triunfo Transbrasiliana",
        "operator:type": "private",
        "owner": "União Federal",
        "ownership": "national",
        "ref": "BR-153",
        "surface": "asphalt"
      },
      "geometry": {
        "type": "LineString",
        "coordinates": [
          [
            -49.4124612,
            -20.8659841
          ],
          [
            -49.4123006,
            -20.8657641
          ]
        ]
      },
      "id": "way/1505613097"
    },
    {
      "type": "Feature",
      "properties": {
        "@id": "way/1505613098",
        "highway": "motorway",
        "lanes": "2",
        "maxspeed": "80",
        "name": "Rodovia Transbrasiliana",
        "oneway": "yes",
        "operator": "Triunfo Transbrasiliana",
        "operator:type": "private",
        "owner": "União Federal",
        "ownership": "national",
        "ref": "BR-153",
        "surface": "asphalt"
      },
      "geometry": {
        "type": "LineString",
        "coordinates": [
          [
            -49.4125402,
            -20.8659317
          ],
          [
            -49.4142438,
            -20.8682533
          ],
          [
            -49.4153935,
            -20.8698158
          ],
          [
            -49.4155445,
            -20.8700125
          ]
        ]
      },
      "id": "way/1505613098"
    },
    {
      "type": "Feature",
      "properties": {
        "@id": "way/1505613099",
        "highway": "motorway",
        "lanes": "2",
        "maxheight": "5.5",
        "maxspeed": "80",
        "name": "Rodovia Transbrasiliana",
        "oneway": "yes",
        "operator": "Triunfo Transbrasiliana",
        "operator:type": "private",
        "owner": "União Federal",
        "ownership": "national",
        "ref": "BR-153",
        "surface": "asphalt"
      },
      "geometry": {
        "type": "LineString",
        "coordinates": [
          [
            -49.4123769,
            -20.8657092
          ],
          [
            -49.4125402,
            -20.8659317
          ]
        ]
      },
      "id": "way/1505613099"
    },
    {
      "type": "Feature",
      "properties": {
        "@id": "way/1505613100",
        "highway": "motorway",
        "lanes": "3",
        "maxspeed": "80",
        "name": "Rodovia Transbrasiliana",
        "oneway": "yes",
        "operator": "Triunfo Transbrasiliana",
        "operator:type": "private",
        "owner": "União Federal",
        "ownership": "national",
        "ref": "BR-153",
        "surface": "asphalt",
        "turn:lanes": "||slight_right"
      },
      "geometry": {
        "type": "LineString",
        "coordinates": [
          [
            -49.4177144,
            -20.8732597
          ],
          [
            -49.4172637,
            -20.8726353
          ]
        ]
      },
      "id": "way/1505613100"
    },
    {
      "type": "Feature",
      "properties": {
        "@id": "way/1505613101",
        "highway": "motorway",
        "lanes": "3",
        "maxspeed": "80",
        "name": "Rodovia Transbrasiliana",
        "oneway": "yes",
        "operator": "Triunfo Transbrasiliana",
        "operator:type": "private",
        "owner": "União Federal",
        "ownership": "national",
        "ref": "BR-153",
        "surface": "asphalt",
        "turn:lanes": "||merge_to_left"
      },
      "geometry": {
        "type": "LineString",
        "coordinates": [
          [
            -49.4155445,
            -20.8700125
          ],
          [
            -49.416449,
            -20.8712606
          ]
        ]
      },
      "id": "way/1505613101"
    },
    {
      "type": "Feature",
      "properties": {
        "@id": "way/1505613102",
        "highway": "motorway",
        "lanes": "3",
        "maxspeed": "80",
        "name": "Rodovia Transbrasiliana",
        "oneway": "yes",
        "operator": "Triunfo Transbrasiliana",
        "operator:type": "private",
        "owner": "União Federal",
        "ownership": "national",
        "ref": "BR-153",
        "surface": "asphalt",
        "turn:lanes": "||merge_to_left"
      },
      "geometry": {
        "type": "LineString",
        "coordinates": [
          [
            -49.4143151,
            -20.8685083
          ],
          [
            -49.4139639,
            -20.8680452
          ],
          [
            -49.4135132,
            -20.8674198
          ],
          [
            -49.4130574,
            -20.8667982
          ]
        ]
      },
      "id": "way/1505613102"
    },
    {
      "type": "Feature",
      "properties": {
        "@id": "way/1505613103",
        "highway": "motorway",
        "lanes": "3",
        "maxspeed": "80",
        "name": "Rodovia Transbrasiliana",
        "oneway": "yes",
        "operator": "Triunfo Transbrasiliana",
        "operator:type": "private",
        "owner": "União Federal",
        "ownership": "national",
        "ref": "BR-153",
        "surface": "asphalt",
        "turn:lanes": "through|through;merge_to_right|slight_right"
      },
      "geometry": {
        "type": "LineString",
        "coordinates": [
          [
            -49.4094612,
            -20.8618804
          ],
          [
            -49.4089683,
            -20.8612102
          ]
        ]
      },
      "id": "way/1505613103"
    },
    {
      "type": "Feature",
      "properties": {
        "@id": "way/1505613104",
        "highway": "motorway",
        "lanes": "2",
        "maxspeed": "80",
        "name": "Rodovia Transbrasiliana",
        "oneway": "yes",
        "operator": "Triunfo Transbrasiliana",
        "operator:type": "private",
        "owner": "União Federal",
        "ownership": "national",
        "ref": "BR-153",
        "surface": "asphalt",
        "turn:lanes": "through|through;slight_right"
      },
      "geometry": {
        "type": "LineString",
        "coordinates": [
          [
            -49.4102308,
            -20.8629315
          ],
          [
            -49.4094612,
            -20.8618804
          ]
        ]
      },
      "id": "way/1505613104"
    },
    {
      "type": "Feature",
      "properties": {
        "@id": "way/1505613105",
        "highway": "motorway",
        "lanes": "3",
        "maxspeed": "80",
        "name": "Rodovia Transbrasiliana",
        "oneway": "yes",
        "operator": "Triunfo Transbrasiliana",
        "operator:type": "private",
        "owner": "União Federal",
        "ownership": "national",
        "ref": "BR-153",
        "surface": "asphalt",
        "turn:lanes": "||merge_to_left"
      },
      "geometry": {
        "type": "LineString",
        "coordinates": [
          [
            -49.4085662,
            -20.8604743
          ],
          [
            -49.4089762,
            -20.8610338
          ]
        ]
      },
      "id": "way/1505613105"
    },
    {
      "type": "Feature",
      "properties": {
        "@id": "way/1505613106",
        "highway": "motorway",
        "lanes": "2",
        "maxspeed": "80",
        "name": "Rodovia Transbrasiliana",
        "oneway": "yes",
        "operator": "Triunfo Transbrasiliana",
        "operator:type": "private",
        "owner": "União Federal",
        "ownership": "national",
        "ref": "BR-153",
        "surface": "asphalt"
      },
      "geometry": {
        "type": "LineString",
        "coordinates": [
          [
            -49.4130574,
            -20.8667982
          ],
          [
            -49.4126,
            -20.8661742
          ],
          [
            -49.4124612,
            -20.8659841
          ]
        ]
      },
      "id": "way/1505613106"
    },
    {
      "type": "Feature",
      "properties": {
        "@id": "way/1505613107",
        "highway": "motorway",
        "lanes": "3",
        "maxspeed": "80",
        "name": "Rodovia Transbrasiliana",
        "oneway": "yes",
        "operator": "Triunfo Transbrasiliana",
        "operator:type": "private",
        "owner": "União Federal",
        "ownership": "national",
        "ref": "BR-153",
        "surface": "asphalt",
        "turn:lanes": "||merge_to_left"
      },
      "geometry": {
        "type": "LineString",
        "coordinates": [
          [
            -49.40791,
            -20.8595827
          ],
          [
            -49.4085662,
            -20.8604743
          ]
        ]
      },
      "id": "way/1505613107"
    },
    {
      "type": "Feature",
      "properties": {
        "@id": "way/1505613108",
        "highway": "motorway",
        "lanes": "3",
        "maxspeed": "80",
        "name": "Rodovia Transbrasiliana",
        "oneway": "yes",
        "operator": "Triunfo Transbrasiliana",
        "operator:type": "private",
        "owner": "União Federal",
        "ownership": "national",
        "ref": "BR-153",
        "surface": "asphalt",
        "turn:lanes": "||merge_to_left"
      },
      "geometry": {
        "type": "LineString",
        "coordinates": [
          [
            -49.4012406,
            -20.8522823
          ],
          [
            -49.4006628,
            -20.8519678
          ]
        ]
      },
      "id": "way/1505613108"
    },
    {
      "type": "Feature",
      "properties": {
        "@id": "way/1505613109",
        "highway": "motorway",
        "lanes": "3",
        "maxspeed": "80",
        "name": "Rodovia Transbrasiliana",
        "oneway": "yes",
        "operator": "Triunfo Transbrasiliana",
        "operator:type": "private",
        "owner": "União Federal",
        "ownership": "national",
        "ref": "BR-153",
        "surface": "asphalt"
      },
      "geometry": {
        "type": "LineString",
        "coordinates": [
          [
            -49.4016834,
            -20.8525374
          ],
          [
            -49.4014513,
            -20.8523971
          ],
          [
            -49.4012406,
            -20.8522823
          ]
        ]
      },
      "id": "way/1505613109"
    },
    {
      "type": "Feature",
      "properties": {
        "@id": "way/1505613110",
        "highway": "motorway",
        "lanes": "3",
        "maxspeed": "80",
        "name": "Rodovia Transbrasiliana",
        "oneway": "yes",
        "operator": "Triunfo Transbrasiliana",
        "operator:type": "private",
        "owner": "União Federal",
        "ownership": "national",
        "ref": "BR-153",
        "surface": "asphalt",
        "turn:lanes": "through|through;merge_to_right|slight_right"
      },
      "geometry": {
        "type": "LineString",
        "coordinates": [
          [
            -49.3997842,
            -20.8514863
          ],
          [
            -49.4002334,
            -20.8516638
          ]
        ]
      },
      "id": "way/1505613110"
    },
    {
      "type": "Feature",
      "properties": {
        "@id": "way/1505613111",
        "highway": "motorway",
        "lanes": "3",
        "maxspeed": "80",
        "name": "Rodovia Transbrasiliana",
        "oneway": "yes",
        "operator": "Triunfo Transbrasiliana",
        "operator:type": "private",
        "owner": "União Federal",
        "ownership": "national",
        "ref": "BR-153",
        "surface": "asphalt",
        "turn:lanes": "through|through;merge_to_right|slight_right"
      },
      "geometry": {
        "type": "LineString",
        "coordinates": [
          [
            -49.3989038,
            -20.8511742
          ],
          [
            -49.3992243,
            -20.8512786
          ],
          [
            -49.3997842,
            -20.8514863
          ]
        ]
      },
      "id": "way/1505613111"
    },
    {
      "type": "Feature",
      "properties": {
        "@id": "way/1505613112",
        "highway": "motorway",
        "lanes": "3",
        "maxspeed": "80",
        "name": "Rodovia Transbrasiliana",
        "oneway": "yes",
        "operator": "Triunfo Transbrasiliana",
        "operator:type": "private",
        "owner": "União Federal",
        "ownership": "national",
        "ref": "BR-153",
        "surface": "asphalt",
        "turn:lanes": "||merge_to_left"
      },
      "geometry": {
        "type": "LineString",
        "coordinates": [
          [
            -49.3976975,
            -20.8509036
          ],
          [
            -49.3981375,
            -20.850974
          ],
          [
            -49.3984406,
            -20.8510467
          ],
          [
            -49.3987893,
            -20.8511369
          ],
          [
            -49.3989038,
            -20.8511742
          ]
        ]
      },
      "id": "way/1505613112"
    },
    {
      "type": "Feature",
      "properties": {
        "@id": "way/1505613113",
        "highway": "motorway",
        "lanes": "2",
        "maxspeed": "80",
        "name": "Rodovia Transbrasiliana",
        "oneway": "yes",
        "operator": "Triunfo Transbrasiliana",
        "operator:type": "private",
        "owner": "União Federal",
        "ownership": "national",
        "ref": "BR-153",
        "surface": "asphalt"
      },
      "geometry": {
        "type": "LineString",
        "coordinates": [
          [
            -49.4002334,
            -20.8516638
          ],
          [
            -49.4007217,
            -20.85189
          ],
          [
            -49.4011633,
            -20.8521265
          ],
          [
            -49.4016203,
            -20.8524052
          ],
          [
            -49.4018269,
            -20.8525293
          ],
          [
            -49.4020602,
            -20.8526798
          ]
        ]
      },
      "id": "way/1505613113"
    },
    {
      "type": "Feature",
      "properties": {
        "@id": "way/1505613114",
        "highway": "motorway",
        "lanes": "2",
        "maxspeed": "80",
        "name": "Rodovia Transbrasiliana",
        "oneway": "yes",
        "operator": "Triunfo Transbrasiliana",
        "operator:type": "private",
        "owner": "União Federal",
        "ownership": "national",
        "ref": "BR-153",
        "surface": "asphalt"
      },
      "geometry": {
        "type": "LineString",
        "coordinates": [
          [
            -49.3976498,
            -20.8509864
          ],
          [
            -49.3974764,
            -20.8509582
          ],
          [
            -49.397298,
            -20.8509326
          ],
          [
            -49.396956,
            -20.8508863
          ],
          [
            -49.3965188,
            -20.8508387
          ],
          [
            -49.3958415,
            -20.8507935
          ],
          [
            -49.3925893,
            -20.8507359
          ],
          [
            -49.3912925,
            -20.8507284
          ],
          [
            -49.3889322,
            -20.8506926
          ]
        ]
      },
      "id": "way/1505613114"
    },
    {
      "type": "Feature",
      "properties": {
        "@id": "way/1505613115",
        "highway": "motorway",
        "lanes": "3",
        "maxspeed": "80",
        "name": "Rodovia Transbrasiliana",
        "oneway": "yes",
        "operator": "Triunfo Transbrasiliana",
        "operator:type": "private",
        "owner": "União Federal",
        "ownership": "national",
        "ref": "BR-153",
        "surface": "asphalt",
        "turn:lanes": "through|through;merge_to_right|slight_right"
      },
      "geometry": {
        "type": "LineString",
        "coordinates": [
          [
            -49.3867287,
            -20.8505565
          ],
          [
            -49.3881703,
            -20.850577
          ]
        ]
      },
      "id": "way/1505613115"
    },
    {
      "type": "Feature",
      "properties": {
        "@id": "way/1505613116",
        "highway": "motorway",
        "lanes": "2",
        "maxspeed": "80",
        "name": "Rodovia Transbrasiliana",
        "oneway": "yes",
        "operator": "Triunfo Transbrasiliana",
        "operator:type": "private",
        "owner": "União Federal",
        "ownership": "national",
        "ref": "BR-153",
        "surface": "asphalt",
        "turn:lanes": "through|through;slight_right"
      },
      "geometry": {
        "type": "LineString",
        "coordinates": [
          [
            -49.3856586,
            -20.8505396
          ],
          [
            -49.3863022,
            -20.8505504
          ],
          [
            -49.3867287,
            -20.8505565
          ]
        ]
      },
      "id": "way/1505613116"
    },
    {
      "type": "Feature",
      "properties": {
        "@id": "way/1505613117",
        "highway": "motorway",
        "lanes": "2",
        "maxspeed": "80",
        "name": "Rodovia Transbrasiliana",
        "oneway": "yes",
        "operator": "Triunfo Transbrasiliana",
        "operator:type": "private",
        "owner": "União Federal",
        "ownership": "national",
        "ref": "BR-153",
        "surface": "asphalt"
      },
      "geometry": {
        "type": "LineString",
        "coordinates": [
          [
            -49.3831625,
            -20.8504978
          ],
          [
            -49.3856586,
            -20.8505396
          ]
        ]
      },
      "id": "way/1505613117"
    },
    {
      "type": "Feature",
      "properties": {
        "@id": "way/1505613118",
        "highway": "motorway",
        "lanes": "3",
        "maxspeed": "80",
        "name": "Rodovia Transbrasiliana",
        "oneway": "yes",
        "operator": "Triunfo Transbrasiliana",
        "operator:type": "private",
        "owner": "União Federal",
        "ownership": "national",
        "ref": "BR-153",
        "surface": "asphalt",
        "turn:lanes": "||merge_to_left"
      },
      "geometry": {
        "type": "LineString",
        "coordinates": [
          [
            -49.3889322,
            -20.8506926
          ],
          [
            -49.3873483,
            -20.8506538
          ]
        ]
      },
      "id": "way/1505613118"
    },
    {
      "type": "Feature",
      "properties": {
        "@id": "way/1505613119",
        "highway": "motorway",
        "lanes": "3",
        "maxspeed": "80",
        "name": "Rodovia Transbrasiliana",
        "oneway": "yes",
        "operator": "Triunfo Transbrasiliana",
        "operator:type": "private",
        "owner": "União Federal",
        "ownership": "national",
        "ref": "BR-153",
        "surface": "asphalt",
        "turn:lanes": "through|through;merge_to_right|slight_right"
      },
      "geometry": {
        "type": "LineString",
        "coordinates": [
          [
            -49.3822923,
            -20.8504825
          ],
          [
            -49.3831625,
            -20.8504978
          ]
        ]
      },
      "id": "way/1505613119"
    },
    {
      "type": "Feature",
      "properties": {
        "@id": "way/1505613120",
        "highway": "motorway",
        "lanes": "2",
        "maxspeed": "80",
        "name": "Rodovia Transbrasiliana",
        "oneway": "yes",
        "operator": "Triunfo Transbrasiliana",
        "operator:type": "private",
        "owner": "União Federal",
        "ownership": "national",
        "ref": "BR-153",
        "surface": "asphalt",
        "turn:lanes": "through|through;slight_right"
      },
      "geometry": {
        "type": "LineString",
        "coordinates": [
          [
            -49.380447,
            -20.8504501
          ],
          [
            -49.3806655,
            -20.8504539
          ],
          [
            -49.3822923,
            -20.8504825
          ]
        ]
      },
      "id": "way/1505613120"
    },
    {
      "type": "Feature",
      "properties": {
        "@id": "way/1505613121",
        "highway": "motorway",
        "lanes": "2",
        "maxspeed": "80",
        "name": "Rodovia Transbrasiliana",
        "oneway": "yes",
        "operator": "Triunfo Transbrasiliana",
        "operator:type": "private",
        "owner": "União Federal",
        "ownership": "national",
        "ref": "BR-153",
        "surface": "asphalt"
      },
      "geometry": {
        "type": "LineString",
        "coordinates": [
          [
            -49.3795921,
            -20.8503841
          ],
          [
            -49.3797871,
            -20.8504088
          ],
          [
            -49.3800043,
            -20.8504351
          ],
          [
            -49.380447,
            -20.8504501
          ]
        ]
      },
      "id": "way/1505613121"
    },
    {
      "type": "Feature",
      "properties": {
        "@id": "way/1505613122",
        "highway": "motorway",
        "lanes": "2",
        "maxspeed": "80",
        "name": "Rodovia Transbrasiliana",
        "oneway": "yes",
        "operator": "Triunfo Transbrasiliana",
        "operator:type": "private",
        "owner": "União Federal",
        "ownership": "national",
        "ref": "BR-153",
        "surface": "asphalt"
      },
      "geometry": {
        "type": "LineString",
        "coordinates": [
          [
            -49.3873483,
            -20.8506538
          ],
          [
            -49.3855304,
            -20.8506331
          ],
          [
            -49.3845092,
            -20.850608
          ],
          [
            -49.3809057,
            -20.8505529
          ]
        ]
      },
      "id": "way/1505613122"
    },
    {
      "type": "Feature",
      "properties": {
        "@id": "way/1505613123",
        "highway": "motorway",
        "lanes": "3",
        "maxspeed": "80",
        "name": "Rodovia Transbrasiliana",
        "oneway": "yes",
        "operator": "Triunfo Transbrasiliana",
        "operator:type": "private",
        "owner": "União Federal",
        "ownership": "national",
        "ref": "BR-153",
        "surface": "asphalt",
        "turn:lanes": "through|through;merge_to_right|slight_right"
      },
      "geometry": {
        "type": "LineString",
        "coordinates": [
          [
            -49.3794879,
            -20.8504724
          ],
          [
            -49.379331,
            -20.8504528
          ],
          [
            -49.3788002,
            -20.8503495
          ]
        ]
      },
      "id": "way/1505613123"
    },
    {
      "type": "Feature",
      "properties": {
        "@id": "way/1505613124",
        "highway": "motorway",
        "lanes": "2",
        "maxspeed": "80",
        "name": "Rodovia Transbrasiliana",
        "oneway": "yes",
        "operator": "Triunfo Transbrasiliana",
        "operator:type": "private",
        "owner": "União Federal",
        "ownership": "national",
        "ref": "BR-153",
        "surface": "asphalt",
        "turn:lanes": "through|through;slight_right"
      },
      "geometry": {
        "type": "LineString",
        "coordinates": [
          [
            -49.3809057,
            -20.8505529
          ],
          [
            -49.3803283,
            -20.8505407
          ],
          [
            -49.3799937,
            -20.8505253
          ],
          [
            -49.3797202,
            -20.8505015
          ],
          [
            -49.3794879,
            -20.8504724
          ]
        ]
      },
      "id": "way/1505613124"
    },
    {
      "type": "Feature",
      "properties": {
        "@id": "way/1505613125",
        "highway": "motorway",
        "lanes": "3",
        "maxspeed": "80",
        "name": "Rodovia Transbrasiliana",
        "oneway": "yes",
        "operator": "Triunfo Transbrasiliana",
        "operator:type": "private",
        "owner": "União Federal",
        "ownership": "national",
        "ref": "BR-153",
        "surface": "asphalt",
        "turn:lanes": "||merge_to_left"
      },
      "geometry": {
        "type": "LineString",
        "coordinates": [
          [
            -49.3777256,
            -20.8498304
          ],
          [
            -49.3779539,
            -20.8499338
          ],
          [
            -49.3781938,
            -20.8500345
          ],
          [
            -49.3786319,
            -20.8501809
          ],
          [
            -49.3790053,
            -20.8502797
          ],
          [
            -49.379409,
            -20.8503524
          ],
          [
            -49.3795921,
            -20.8503841
          ]
        ]
      },
      "id": "way/1505613125"
    },
    {
      "type": "Feature",
      "properties": {
        "@id": "way/1505613126",
        "highway": "motorway",
        "lanes": "2",
        "maxspeed": "80",
        "name": "Rodovia Transbrasiliana",
        "oneway": "yes",
        "operator": "Triunfo Transbrasiliana",
        "operator:type": "private",
        "owner": "União Federal",
        "ownership": "national",
        "ref": "BR-153",
        "surface": "asphalt"
      },
      "geometry": {
        "type": "LineString",
        "coordinates": [
          [
            -49.3881703,
            -20.850577
          ],
          [
            -49.3896295,
            -20.8506131
          ],
          [
            -49.3910363,
            -20.8506369
          ],
          [
            -49.3929203,
            -20.8506495
          ]
        ]
      },
      "id": "way/1505613126"
    },
    {
      "type": "Feature",
      "properties": {
        "@id": "way/1505613127",
        "highway": "motorway",
        "lanes": "2",
        "maxspeed": "80",
        "name": "Rodovia Transbrasiliana",
        "oneway": "yes",
        "operator": "Triunfo Transbrasiliana",
        "operator:type": "private",
        "owner": "União Federal",
        "ownership": "national",
        "ref": "BR-153",
        "surface": "asphalt"
      },
      "geometry": {
        "type": "LineString",
        "coordinates": [
          [
            -49.3747262,
            -20.8470396
          ],
          [
            -49.3750101,
            -20.8473984
          ]
        ]
      },
      "id": "way/1505613127"
    },
    {
      "type": "Feature",
      "properties": {
        "@id": "way/1505613128",
        "highway": "motorway",
        "lanes": "2",
        "maxspeed": "80",
        "name": "Rodovia Transbrasiliana",
        "oneway": "yes",
        "operator": "Triunfo Transbrasiliana",
        "operator:type": "private",
        "owner": "União Federal",
        "ownership": "national",
        "ref": "BR-153",
        "surface": "asphalt"
      },
      "geometry": {
        "type": "LineString",
        "coordinates": [
          [
            -49.3748264,
            -20.8474322
          ],
          [
            -49.3737766,
            -20.8461076
          ]
        ]
      },
      "id": "way/1505613128"
    },
    {
      "type": "Feature",
      "properties": {
        "@id": "way/1505613129",
        "highway": "motorway",
        "lanes": "3",
        "maxspeed": "80",
        "name": "Rodovia Transbrasiliana",
        "oneway": "yes",
        "operator": "Triunfo Transbrasiliana",
        "operator:type": "private",
        "owner": "União Federal",
        "ownership": "national",
        "ref": "BR-153",
        "surface": "asphalt",
        "turn:lanes": "through|through;merge_to_right|slight_right"
      },
      "geometry": {
        "type": "LineString",
        "coordinates": [
          [
            -49.3730607,
            -20.8452004
          ],
          [
            -49.3726565,
            -20.8446812
          ]
        ]
      },
      "id": "way/1505613129"
    },
    {
      "type": "Feature",
      "properties": {
        "@id": "way/1505613130",
        "highway": "motorway",
        "lanes": "2",
        "maxspeed": "80",
        "name": "Rodovia Transbrasiliana",
        "oneway": "yes",
        "operator": "Triunfo Transbrasiliana",
        "operator:type": "private",
        "owner": "União Federal",
        "ownership": "national",
        "ref": "BR-153",
        "surface": "asphalt",
        "turn:lanes": "through|through;slight_right"
      },
      "geometry": {
        "type": "LineString",
        "coordinates": [
          [
            -49.3673508,
            -20.8376403
          ],
          [
            -49.3675283,
            -20.8378658
          ]
        ]
      },
      "id": "way/1505613130"
    },
    {
      "type": "Feature",
      "properties": {
        "@id": "way/1505613131",
        "highway": "motorway",
        "lanes": "2",
        "maxspeed": "80",
        "name": "Rodovia Transbrasiliana",
        "oneway": "yes",
        "operator": "Triunfo Transbrasiliana",
        "operator:type": "private",
        "owner": "União Federal",
        "ownership": "national",
        "ref": "BR-153",
        "surface": "asphalt"
      },
      "geometry": {
        "type": "LineString",
        "coordinates": [
          [
            -49.3726565,
            -20.8446812
          ],
          [
            -49.371243,
            -20.8428739
          ],
          [
            -49.3698053,
            -20.8410578
          ],
          [
            -49.367628,
            -20.8382719
          ]
        ]
      },
      "id": "way/1505613131"
    },
    {
      "type": "Feature",
      "properties": {
        "@id": "way/1505613132",
        "highway": "motorway",
        "lanes": "3",
        "maxspeed": "80",
        "name": "Rodovia Transbrasiliana",
        "oneway": "yes",
        "operator": "Triunfo Transbrasiliana",
        "operator:type": "private",
        "owner": "União Federal",
        "ownership": "national",
        "ref": "BR-153",
        "surface": "asphalt",
        "turn:lanes": "||merge_to_left"
      },
      "geometry": {
        "type": "LineString",
        "coordinates": [
          [
            -49.3735613,
            -20.8455557
          ],
          [
            -49.374389,
            -20.8466134
          ],
          [
            -49.3747262,
            -20.8470396
          ]
        ]
      },
      "id": "way/1505613132"
    },
    {
      "type": "Feature",
      "properties": {
        "@id": "way/1505613133",
        "highway": "motorway",
        "lanes": "3",
        "maxspeed": "80",
        "name": "Rodovia Transbrasiliana",
        "nat_ref": "BR-153",
        "oneway": "yes",
        "operator": "Triunfo Transbrasiliana",
        "operator:type": "private",
        "owner": "União Federal",
        "ownership": "national",
        "ref": "BR-153",
        "surface": "asphalt",
        "turn:lanes": "through|through;merge_to_right|slight_right"
      },
      "geometry": {
        "type": "LineString",
        "coordinates": [
          [
            -49.3565381,
            -20.8110938
          ],
          [
            -49.3565091,
            -20.8108404
          ]
        ]
      },
      "id": "way/1505613133"
    },
    {
      "type": "Feature",
      "properties": {
        "@id": "way/1505613134",
        "highway": "motorway",
        "lanes": "3",
        "maxspeed": "80",
        "name": "Rodovia Transbrasiliana",
        "nat_ref": "BR-153",
        "oneway": "yes",
        "operator": "Triunfo Transbrasiliana",
        "operator:type": "private",
        "owner": "União Federal",
        "ownership": "national",
        "ref": "BR-153",
        "surface": "asphalt",
        "turn:lanes": "through|through;merge_to_right|merge_to_left;slight_right"
      },
      "geometry": {
        "type": "LineString",
        "coordinates": [
          [
            -49.356553,
            -20.8112233
          ],
          [
            -49.3565381,
            -20.8110938
          ]
        ]
      },
      "id": "way/1505613134"
    },
    {
      "type": "Feature",
      "properties": {
        "@id": "way/1505613135",
        "highway": "motorway",
        "lanes": "2",
        "maxspeed": "80",
        "name": "Rodovia Transbrasiliana",
        "nat_ref": "BR-153",
        "oneway": "yes",
        "operator": "Triunfo Transbrasiliana",
        "operator:type": "private",
        "owner": "União Federal",
        "ownership": "national",
        "ref": "BR-153",
        "surface": "asphalt",
        "turn:lanes": "through|through;slight_right"
      },
      "geometry": {
        "type": "LineString",
        "coordinates": [
          [
            -49.3566065,
            -20.81169
          ],
          [
            -49.356553,
            -20.8112233
          ]
        ]
      },
      "id": "way/1505613135"
    },
    {
      "type": "Feature",
      "properties": {
        "@id": "way/1505613136",
        "highway": "motorway",
        "lanes": "2",
        "maxspeed": "80",
        "name": "Rodovia Transbrasiliana",
        "nat_ref": "BR-153",
        "oneway": "yes",
        "operator": "Triunfo Transbrasiliana",
        "operator:type": "private",
        "owner": "União Federal",
        "ownership": "national",
        "ref": "BR-153",
        "surface": "asphalt"
      },
      "geometry": {
        "type": "LineString",
        "coordinates": [
          [
            -49.3563963,
            -20.809809
          ],
          [
            -49.3563262,
            -20.809196
          ]
        ]
      },
      "id": "way/1505613136"
    },
    {
      "type": "Feature",
      "properties": {
        "@id": "way/1505613137",
        "highway": "motorway",
        "lanes": "3",
        "maxspeed": "80",
        "name": "Rodovia Transbrasiliana",
        "nat_ref": "BR-153;BR-262",
        "oneway": "yes",
        "operator": "Triunfo Transbrasiliana",
        "operator:type": "private",
        "owner": "União Federal",
        "ownership": "national",
        "ref": "BR-153",
        "source": "Bing",
        "surface": "asphalt",
        "turn:lanes": "||merge_to_left"
      },
      "geometry": {
        "type": "LineString",
        "coordinates": [
          [
            -49.3531345,
            -20.7799634
          ],
          [
            -49.3530898,
            -20.7796847
          ],
          [
            -49.3529275,
            -20.7786753
          ]
        ]
      },
      "id": "way/1505613137"
    },
    {
      "type": "Feature",
      "properties": {
        "@id": "way/1505613138",
        "highway": "motorway",
        "lanes": "2",
        "maxspeed": "80",
        "name": "Rodovia Transbrasiliana",
        "nat_ref": "BR-153;BR-262",
        "oneway": "yes",
        "operator": "Triunfo Transbrasiliana",
        "operator:type": "private",
        "owner": "União Federal",
        "ownership": "national",
        "ref": "BR-153",
        "source": "Bing",
        "surface": "asphalt"
      },
      "geometry": {
        "type": "LineString",
        "coordinates": [
          [
            -49.3529275,
            -20.7786753
          ],
          [
            -49.3528518,
            -20.7782109
          ],
          [
            -49.3527827,
            -20.7777725
          ],
          [
            -49.3526858,
            -20.7773625
          ],
          [
            -49.352648,
            -20.7772075
          ]
        ]
      },
      "id": "way/1505613138"
    },
    {
      "type": "Feature",
      "properties": {
        "@id": "way/1505613139",
        "highway": "motorway",
        "lanes": "3",
        "maxspeed": "80",
        "name": "Rodovia Transbrasiliana",
        "nat_ref": "BR-153",
        "oneway": "yes",
        "operator": "Triunfo Transbrasiliana",
        "operator:type": "private",
        "owner": "União Federal",
        "ownership": "national",
        "ref": "BR-153",
        "surface": "asphalt",
        "turn:lanes": "through|through;merge_to_right|slight_right"
      },
      "geometry": {
        "type": "LineString",
        "coordinates": [
          [
            -49.3529944,
            -20.7780618
          ],
          [
            -49.3530684,
            -20.778556
          ],
          [
            -49.3531264,
            -20.779034
          ],
          [
            -49.3531776,
            -20.7795365
          ]
        ]
      },
      "id": "way/1505613139"
    },
    {
      "type": "Feature",
      "properties": {
        "@id": "way/1505613140",
        "highway": "motorway",
        "lanes": "2",
        "maxspeed": "80",
        "name": "Rodovia Transbrasiliana",
        "nat_ref": "BR-153",
        "oneway": "yes",
        "operator": "Triunfo Transbrasiliana",
        "operator:type": "private",
        "owner": "União Federal",
        "ownership": "national",
        "ref": "BR-153",
        "surface": "asphalt"
      },
      "geometry": {
        "type": "LineString",
        "coordinates": [
          [
            -49.3525287,
            -20.776134
          ],
          [
            -49.3526651,
            -20.7765756
          ],
          [
            -49.3528115,
            -20.7771644
          ]
        ]
      },
      "id": "way/1505613140"
    },
    {
      "type": "Feature",
      "properties": {
        "@id": "way/1505613141",
        "highway": "motorway",
        "lanes": "3",
        "maxspeed": "80",
        "name": "Rodovia Transbrasiliana",
        "nat_ref": "BR-153;BR-262",
        "oneway": "yes",
        "operator": "Triunfo Transbrasiliana",
        "operator:type": "private",
        "owner": "União Federal",
        "ownership": "national",
        "ref": "BR-153",
        "source": "Bing",
        "surface": "asphalt",
        "turn:lanes": "through|through;merge_to_right|slight_right"
      },
      "geometry": {
        "type": "LineString",
        "coordinates": [
          [
            -49.352648,
            -20.7772075
          ],
          [
            -49.3525917,
            -20.7769764
          ],
          [
            -49.3524922,
            -20.7765676
          ],
          [
            -49.3523615,
            -20.776181
          ]
        ]
      },
      "id": "way/1505613141"
    },
    {
      "type": "Feature",
      "properties": {
        "@id": "way/1505613144",
        "highway": "motorway",
        "lanes": "3",
        "maxspeed": "80",
        "name": "Rodovia Transbrasiliana",
        "nat_ref": "BR-153;BR-262",
        "oneway": "yes",
        "operator": "Triunfo Transbrasiliana",
        "operator:type": "private",
        "owner": "União Federal",
        "ownership": "national",
        "ref": "BR-153",
        "surface": "asphalt",
        "turn:lanes": "through|through;merge_to_right|slight_right"
      },
      "geometry": {
        "type": "LineString",
        "coordinates": [
          [
            -49.3522547,
            -20.7758713
          ],
          [
            -49.3520973,
            -20.7753866
          ]
        ]
      },
      "id": "way/1505613144"
    },
    {
      "type": "Feature",
      "properties": {
        "@id": "way/1505613145",
        "highway": "motorway",
        "lanes": "2",
        "maxspeed": "80",
        "name": "Rodovia Transbrasiliana",
        "nat_ref": "BR-153;BR-262",
        "oneway": "yes",
        "operator": "Triunfo Transbrasiliana",
        "operator:type": "private",
        "owner": "União Federal",
        "ownership": "national",
        "ref": "BR-153",
        "source": "Bing",
        "surface": "asphalt"
      },
      "geometry": {
        "type": "LineString",
        "coordinates": [
          [
            -49.3521673,
            -20.7751366
          ],
          [
            -49.3522744,
            -20.77539
          ]
        ]
      },
      "id": "way/1505613145"
    },
    {
      "type": "Feature",
      "properties": {
        "@id": "way/1505613146",
        "destination": "São José do Rio Preto (Avenida José Escobar)",
        "highway": "motorway",
        "lanes": "3",
        "maxspeed": "80",
        "name": "Rodovia Transbrasiliana",
        "nat_ref": "BR-153",
        "oneway": "yes",
        "operator": "Triunfo Transbrasiliana",
        "operator:type": "private",
        "owner": "União Federal",
        "ownership": "national",
        "ref": "BR-153",
        "source": "Bing",
        "surface": "asphalt",
        "turn:lanes": "through|through;merge_to_right|slight_right"
      },
      "geometry": {
        "type": "LineString",
        "coordinates": [
          [
            -49.3483294,
            -20.7662803
          ],
          [
            -49.3491486,
            -20.768177
          ]
        ]
      },
      "id": "way/1505613146"
    },
    {
      "type": "Feature",
      "properties": {
        "@id": "way/1505613147",
        "highway": "motorway",
        "lanes": "3",
        "maxspeed": "80",
        "name": "Rodovia Transbrasiliana",
        "nat_ref": "BR-153",
        "oneway": "yes",
        "operator": "Triunfo Transbrasiliana",
        "operator:type": "private",
        "owner": "União Federal",
        "ownership": "national",
        "ref": "BR-153",
        "surface": "asphalt",
        "turn:lanes": "||merge_to_left"
      },
      "geometry": {
        "type": "LineString",
        "coordinates": [
          [
            -49.3485208,
            -20.767178
          ],
          [
            -49.3483264,
            -20.766717
          ]
        ]
      },
      "id": "way/1505613147"
    },
    {
      "type": "Feature",
      "properties": {
        "@id": "way/1505613148",
        "highway": "motorway",
        "lanes": "2",
        "maxspeed": "80",
        "name": "Rodovia Transbrasiliana",
        "oneway": "yes",
        "ref": "BR-153",
        "surface": "asphalt"
      },
      "geometry": {
        "type": "LineString",
        "coordinates": [
          [
            -49.3458485,
            -20.7609768
          ],
          [
            -49.3443465,
            -20.7575374
          ]
        ]
      },
      "id": "way/1505613148"
    },
    {
      "type": "Feature",
      "properties": {
        "@id": "way/1505613149",
        "highway": "motorway",
        "lanes": "3",
        "maxspeed": "80",
        "name": "Rodovia Transbrasiliana",
        "nat_ref": "BR-153",
        "oneway": "yes",
        "operator": "Triunfo Transbrasiliana",
        "operator:type": "private",
        "owner": "União Federal",
        "ownership": "national",
        "ref": "BR-153",
        "source": "Bing",
        "surface": "asphalt",
        "turn:lanes": "||slight_right"
      },
      "geometry": {
        "type": "LineString",
        "coordinates": [
          [
            -49.3439748,
            -20.756283
          ],
          [
            -49.3444009,
            -20.7572317
          ]
        ]
      },
      "id": "way/1505613149"
    },
    {
      "type": "Feature",
      "properties": {
        "@id": "way/1505613150",
        "highway": "motorway",
        "lanes": "2",
        "maxspeed": "80",
        "name": "Rodovia Transbrasiliana",
        "oneway": "yes",
        "ref": "BR-153",
        "surface": "asphalt",
        "turn:lanes": "through|through;slight_right"
      },
      "geometry": {
        "type": "LineString",
        "coordinates": [
          [
            -49.3433942,
            -20.7549341
          ],
          [
            -49.3436154,
            -20.755445
          ]
        ]
      },
      "id": "way/1505613150"
    },
    {
      "type": "Feature",
      "properties": {
        "@id": "way/1505613151",
        "highway": "motorway",
        "lanes": "3",
        "maxspeed": "80",
        "name": "Rodovia Transbrasiliana",
        "oneway": "yes",
        "ref": "BR-153",
        "surface": "asphalt",
        "turn:lanes": "||merge_to_left"
      },
      "geometry": {
        "type": "LineString",
        "coordinates": [
          [
            -49.3419112,
            -20.7519104
          ],
          [
            -49.3415341,
            -20.7510309
          ]
        ]
      },
      "id": "way/1505613151"
    },
    {
      "type": "Feature",
      "properties": {
        "@id": "way/1505613152",
        "highway": "motorway",
        "lanes": "2",
        "maxspeed": "80",
        "name": "Rodovia Transbrasiliana",
        "oneway": "yes",
        "ref": "BR-153",
        "surface": "asphalt"
      },
      "geometry": {
        "type": "LineString",
        "coordinates": [
          [
            -49.3415341,
            -20.7510309
          ],
          [
            -49.3413739,
            -20.7506573
          ],
          [
            -49.340887,
            -20.7494183
          ]
        ]
      },
      "id": "way/1505613152"
    },
    {
      "type": "Feature",
      "properties": {
        "@id": "way/1505613153",
        "highway": "motorway",
        "lanes": "2",
        "maxspeed": "80",
        "name": "Rodovia Transbrasiliana",
        "oneway": "yes",
        "ref": "BR-153",
        "surface": "asphalt"
      },
      "geometry": {
        "type": "LineString",
        "coordinates": [
          [
            -49.3412185,
            -20.7499093
          ],
          [
            -49.3433942,
            -20.7549341
          ]
        ]
      },
      "id": "way/1505613153"
    },
    {
      "type": "Feature",
      "properties": {
        "@id": "way/1505613154",
        "highway": "motorway",
        "lanes": "3",
        "maxspeed": "80",
        "name": "Rodovia Transbrasiliana",
        "oneway": "yes",
        "ref": "BR-153",
        "surface": "asphalt",
        "turn:lanes": "||merge_to_left"
      },
      "geometry": {
        "type": "LineString",
        "coordinates": [
          [
            -49.34105,
            -20.74952
          ],
          [
            -49.3412185,
            -20.7499093
          ]
        ]
      },
      "id": "way/1505613154"
    },
    {
      "type": "Feature",
      "properties": {
        "@id": "way/1505613155",
        "highway": "motorway",
        "lanes": "2",
        "maxspeed": "80",
        "name": "Rodovia Transbrasiliana",
        "oneway": "yes",
        "ref": "BR-153",
        "source": "Bing/Esri/GPS",
        "surface": "asphalt"
      },
      "geometry": {
        "type": "LineString",
        "coordinates": [
          [
            -49.3407089,
            -20.7487252
          ],
          [
            -49.3407767,
            -20.7488901
          ]
        ]
      },
      "id": "way/1505613155"
    },
    {
      "type": "Feature",
      "properties": {
        "@id": "way/1505613156",
        "highway": "motorway",
        "lanes": "3",
        "maxspeed": "80",
        "name": "Rodovia Transbrasiliana",
        "oneway": "yes",
        "ref": "BR-153",
        "source": "Bing/Esri/GPS",
        "surface": "asphalt",
        "turn:lanes": "||slight_right"
      },
      "geometry": {
        "type": "LineString",
        "coordinates": [
          [
            -49.3403848,
            -20.7480066
          ],
          [
            -49.3407089,
            -20.7487252
          ]
        ]
      },
      "id": "way/1505613156"
    },
    {
      "type": "Feature",
      "properties": {
        "@id": "way/1505613157",
        "highway": "motorway",
        "lanes": "3",
        "maxspeed": "80",
        "name": "Rodovia Transbrasiliana",
        "oneway": "yes",
        "ref": "BR-153",
        "source": "Bing/Esri/GPS",
        "surface": "asphalt",
        "turn:lanes": "||merge_to_left"
      },
      "geometry": {
        "type": "LineString",
        "coordinates": [
          [
            -49.3387272,
            -20.7441512
          ],
          [
            -49.3388164,
            -20.7443804
          ],
          [
            -49.3389952,
            -20.7448102
          ],
          [
            -49.3392028,
            -20.7452891
          ]
        ]
      },
      "id": "way/1505613157"
    },
    {
      "type": "Feature",
      "properties": {
        "@id": "way/1505613158",
        "highway": "motorway",
        "lanes": "2",
        "maxspeed": "80",
        "name": "Rodovia Transbrasiliana",
        "oneway": "yes",
        "ref": "BR-153",
        "source": "Bing/Esri/GPS",
        "surface": "asphalt"
      },
      "geometry": {
        "type": "LineString",
        "coordinates": [
          [
            -49.3383369,
            -20.7431286
          ],
          [
            -49.3383712,
            -20.7432404
          ],
          [
            -49.3386602,
            -20.7439791
          ],
          [
            -49.3387272,
            -20.7441512
          ]
        ]
      },
      "id": "way/1505613158"
    },
    {
      "type": "Feature",
      "properties": {
        "@id": "way/1505613159",
        "highway": "motorway",
        "lanes": "3",
        "maxspeed": "80",
        "name": "Rodovia Transbrasiliana",
        "oneway": "yes",
        "ref": "BR-153",
        "source": "Bing/Esri/GPS",
        "surface": "asphalt",
        "turn:lanes": "||slight_right"
      },
      "geometry": {
        "type": "LineString",
        "coordinates": [
          [
            -49.3382193,
            -20.7427389
          ],
          [
            -49.3383028,
            -20.7430259
          ],
          [
            -49.3383369,
            -20.7431286
          ]
        ]
      },
      "id": "way/1505613159"
    },
    {
      "type": "Feature",
      "properties": {
        "@id": "way/1505613160",
        "highway": "motorway",
        "lanes": "2",
        "maxspeed": "80",
        "name": "Rodovia Transbrasiliana",
        "oneway": "yes",
        "ref": "BR-153",
        "source": "Bing/Esri/GPS",
        "surface": "asphalt"
      },
      "geometry": {
        "type": "LineString",
        "coordinates": [
          [
            -49.3380743,
            -20.7421177
          ],
          [
            -49.338115,
            -20.742291
          ],
          [
            -49.338178,
            -20.742587
          ],
          [
            -49.3382193,
            -20.7427389
          ]
        ]
      },
      "id": "way/1505613160"
    },
    {
      "type": "Feature",
      "properties": {
        "@id": "way/1505613161",
        "highway": "motorway",
        "lanes": "3",
        "maxspeed": "80",
        "name": "Rodovia Transbrasiliana",
        "oneway": "yes",
        "ref": "BR-153",
        "source": "Bing/Esri/GPS",
        "surface": "asphalt",
        "turn:lanes": "||slight_right"
      },
      "geometry": {
        "type": "LineString",
        "coordinates": [
          [
            -49.3384941,
            -20.7250501
          ],
          [
            -49.338451,
            -20.7264591
          ]
        ]
      },
      "id": "way/1505613161"
    },
    {
      "type": "Feature",
      "properties": {
        "@id": "way/1505613162",
        "highway": "motorway",
        "lanes": "2",
        "maxspeed": "80",
        "name": "Rodovia Transbrasiliana",
        "oneway": "yes",
        "ref": "BR-153",
        "source": "Bing/Esri/GPS",
        "surface": "asphalt"
      },
      "geometry": {
        "type": "LineString",
        "coordinates": [
          [
            -49.338451,
            -20.7264591
          ],
          [
            -49.3384098,
            -20.7270958
          ],
          [
            -49.338373,
            -20.7279723
          ],
          [
            -49.3383413,
            -20.729171
          ],
          [
            -49.3383325,
            -20.7294067
          ]
        ]
      },
      "id": "way/1505613162"
    },
    {
      "type": "Feature",
      "properties": {
        "@id": "way/1505613163",
        "highway": "motorway",
        "lanes": "3",
        "maxspeed": "60",
        "name": "Rodovia Transbrasiliana",
        "oneway": "yes",
        "ref": "BR-153",
        "source": "Bing/Esri/GPS",
        "surface": "asphalt",
        "turn:lanes": "|merge_to_left|merge_to_left"
      },
      "geometry": {
        "type": "LineString",
        "coordinates": [
          [
            -49.3383387,
            -20.726702
          ],
          [
            -49.3383613,
            -20.7262188
          ]
        ]
      },
      "id": "way/1505613163"
    },
    {
      "type": "Feature",
      "properties": {
        "@id": "way/1505613164",
        "highway": "motorway",
        "lanes": "3",
        "maxspeed": "60",
        "name": "Rodovia Transbrasiliana",
        "oneway": "yes",
        "ref": "BR-153",
        "source": "Bing/Esri/GPS",
        "surface": "asphalt",
        "turn:lanes": "||merge_to_left"
      },
      "geometry": {
        "type": "LineString",
        "coordinates": [
          [
            -49.338316,
            -20.7271854
          ],
          [
            -49.3383387,
            -20.726702
          ]
        ]
      },
      "id": "way/1505613164"
    },
    {
      "type": "Feature",
      "properties": {
        "@id": "way/1505613165",
        "highway": "motorway",
        "lanes": "1",
        "maxspeed": "60",
        "name": "Rodovia Transbrasiliana",
        "oneway": "yes",
        "ref": "BR-153",
        "source": "Bing/Esri/GPS",
        "surface": "asphalt"
      },
      "geometry": {
        "type": "LineString",
        "coordinates": [
          [
            -49.3384029,
            -20.7249308
          ],
          [
            -49.3384864,
            -20.7242365
          ],
          [
            -49.3384945,
            -20.7241494
          ],
          [
            -49.3385398,
            -20.7239204
          ]
        ]
      },
      "id": "way/1505613165"
    },
    {
      "type": "Feature",
      "properties": {
        "@id": "way/1505613166",
        "highway": "motorway",
        "lanes": "3",
        "maxspeed": "80",
        "name": "Rodovia Transbrasiliana",
        "oneway": "yes",
        "ref": "BR-153",
        "source": "Bing/Esri/GPS",
        "surface": "asphalt",
        "turn:lanes": "||slight_right"
      },
      "geometry": {
        "type": "LineString",
        "coordinates": [
          [
            -49.338094,
            -20.7426066
          ],
          [
            -49.3380202,
            -20.7422779
          ],
          [
            -49.3379359,
            -20.7418912
          ],
          [
            -49.3379111,
            -20.7416827
          ]
        ]
      },
      "id": "way/1505613166"
    },
    {
      "type": "Feature",
      "properties": {
        "@id": "way/1505613167",
        "highway": "motorway",
        "lanes": "2",
        "maxspeed": "80",
        "name": "Rodovia Transbrasiliana",
        "oneway": "yes",
        "ref": "BR-153",
        "source": "Bing/Esri/GPS",
        "surface": "asphalt"
      },
      "geometry": {
        "type": "LineString",
        "coordinates": [
          [
            -49.3379111,
            -20.7416827
          ],
          [
            -49.3378895,
            -20.7414757
          ],
          [
            -49.3378509,
            -20.7411346
          ],
          [
            -49.3378275,
            -20.7408141
          ],
          [
            -49.33781,
            -20.7403242
          ]
        ]
      },
      "id": "way/1505613167"
    },
    {
      "type": "Feature",
      "properties": {
        "@id": "way/1505613168",
        "highway": "motorway",
        "lanes": "3",
        "maxspeed": "80",
        "name": "Rodovia Transbrasiliana",
        "oneway": "yes",
        "ref": "BR-153",
        "source": "Bing/Esri/GPS",
        "surface": "asphalt",
        "turn:lanes": "||merge_to_left"
      },
      "geometry": {
        "type": "LineString",
        "coordinates": [
          [
            -49.3380211,
            -20.7417751
          ],
          [
            -49.3380743,
            -20.7421177
          ]
        ]
      },
      "id": "way/1505613168"
    },
    {
      "type": "Feature",
      "properties": {
        "@id": "way/1505613169",
        "highway": "motorway",
        "lanes": "2",
        "maxspeed": "80",
        "name": "Rodovia Transbrasiliana",
        "oneway": "yes",
        "ref": "BR-153",
        "source": "Bing/Esri/GPS",
        "surface": "asphalt"
      },
      "geometry": {
        "type": "LineString",
        "coordinates": [
          [
            -49.3379204,
            -20.7407456
          ],
          [
            -49.3379687,
            -20.7413503
          ],
          [
            -49.3379957,
            -20.7416037
          ],
          [
            -49.3380211,
            -20.7417751
          ]
        ]
      },
      "id": "way/1505613169"
    },
    {
      "type": "Feature",
      "properties": {
        "@id": "way/1505613170",
        "highway": "motorway",
        "lanes": "3",
        "maxspeed": "80",
        "name": "Rodovia Transbrasiliana",
        "oneway": "yes",
        "ref": "BR-153",
        "source": "Bing/Esri/GPS",
        "surface": "asphalt",
        "turn:lanes": "||slight_right"
      },
      "geometry": {
        "type": "LineString",
        "coordinates": [
          [
            -49.3378991,
            -20.7403996
          ],
          [
            -49.3379204,
            -20.7407456
          ]
        ]
      },
      "id": "way/1505613170"
    },
    {
      "type": "Feature",
      "properties": {
        "@id": "way/1505613171",
        "highway": "motorway",
        "lanes": "2",
        "maxspeed": "80",
        "name": "Rodovia Transbrasiliana",
        "oneway": "yes",
        "ref": "BR-153",
        "source": "Bing/Esri/GPS",
        "surface": "asphalt"
      },
      "geometry": {
        "type": "LineString",
        "coordinates": [
          [
            -49.3379286,
            -20.7393743
          ],
          [
            -49.3379071,
            -20.7402065
          ],
          [
            -49.3378991,
            -20.7403996
          ]
        ]
      },
      "id": "way/1505613171"
    },
    {
      "type": "Feature",
      "properties": {
        "@id": "way/1505613172",
        "highway": "motorway",
        "lanes": "3",
        "maxspeed": "80",
        "name": "Rodovia Transbrasiliana",
        "oneway": "yes",
        "ref": "BR-153",
        "source": "Bing/Esri/GPS",
        "surface": "asphalt",
        "turn:lanes": "||merge_to_left"
      },
      "geometry": {
        "type": "LineString",
        "coordinates": [
          [
            -49.3379713,
            -20.738546
          ],
          [
            -49.3379366,
            -20.7391523
          ],
          [
            -49.3379286,
            -20.7393743
          ]
        ]
      },
      "id": "way/1505613172"
    },
    {
      "type": "Feature",
      "properties": {
        "@id": "way/1505613173",
        "highway": "motorway",
        "lanes": "2",
        "maxspeed": "80",
        "name": "Rodovia Transbrasiliana",
        "oneway": "yes",
        "ref": "BR-153",
        "source": "Bing/Esri/GPS",
        "surface": "asphalt"
      },
      "geometry": {
        "type": "LineString",
        "coordinates": [
          [
            -49.3381207,
            -20.7351211
          ],
          [
            -49.3380552,
            -20.736803
          ],
          [
            -49.3379713,
            -20.7384544
          ],
          [
            -49.3379713,
            -20.738546
          ]
        ]
      },
      "id": "way/1505613173"
    },
    {
      "type": "Feature",
      "properties": {
        "@id": "way/1505613174",
        "highway": "motorway",
        "lanes": "3",
        "maxspeed": "80",
        "name": "Rodovia Transbrasiliana",
        "oneway": "yes",
        "ref": "BR-153",
        "source": "Bing/Esri/GPS",
        "surface": "asphalt",
        "turn:lanes": "||slight_right"
      },
      "geometry": {
        "type": "LineString",
        "coordinates": [
          [
            -49.338275,
            -20.730791
          ],
          [
            -49.3382662,
            -20.7311227
          ]
        ]
      },
      "id": "way/1505613174"
    },
    {
      "type": "Feature",
      "properties": {
        "@id": "way/1505613175",
        "highway": "motorway",
        "lanes": "2",
        "maxspeed": "80",
        "name": "Rodovia Transbrasiliana",
        "oneway": "yes",
        "ref": "BR-153",
        "source": "Bing/Esri/GPS",
        "surface": "asphalt"
      },
      "geometry": {
        "type": "LineString",
        "coordinates": [
          [
            -49.3382826,
            -20.7305012
          ],
          [
            -49.338275,
            -20.730791
          ]
        ]
      },
      "id": "way/1505613175"
    },
    {
      "type": "Feature",
      "properties": {
        "@id": "way/1505613176",
        "highway": "motorway",
        "lanes": "3",
        "maxspeed": "80",
        "name": "Rodovia Transbrasiliana",
        "oneway": "yes",
        "ref": "BR-153",
        "source": "Bing/Esri/GPS",
        "surface": "asphalt",
        "turn:lanes": "||merge_to_left"
      },
      "geometry": {
        "type": "LineString",
        "coordinates": [
          [
            -49.3383325,
            -20.7294067
          ],
          [
            -49.3382826,
            -20.7305012
          ]
        ]
      },
      "id": "way/1505613176"
    },
    {
      "type": "Feature",
      "properties": {
        "@id": "way/1505613177",
        "highway": "motorway",
        "lanes": "2",
        "maxspeed": "80",
        "name": "Rodovia Transbrasiliana",
        "oneway": "yes",
        "ref": "BR-153",
        "source": "Bing/Esri/GPS",
        "surface": "asphalt"
      },
      "geometry": {
        "type": "LineString",
        "coordinates": [
          [
            -49.3382662,
            -20.7311227
          ],
          [
            -49.3381919,
            -20.7331676
          ],
          [
            -49.338125,
            -20.7348883
          ]
        ]
      },
      "id": "way/1505613177"
    },
    {
      "type": "Feature",
      "properties": {
        "@id": "way/1505613178",
        "highway": "motorway",
        "lanes": "3",
        "maxspeed": "80",
        "name": "Rodovia Transbrasiliana",
        "oneway": "yes",
        "ref": "BR-153",
        "source": "Bing/Esri/GPS",
        "surface": "asphalt",
        "turn:lanes": "||slight_right;merge_to_left"
      },
      "geometry": {
        "type": "LineString",
        "coordinates": [
          [
            -49.338167,
            -20.7311967
          ],
          [
            -49.3381765,
            -20.7308977
          ]
        ]
      },
      "id": "way/1505613178"
    },
    {
      "type": "Feature",
      "properties": {
        "@id": "way/1505613179",
        "highway": "motorway",
        "lanes": "3",
        "maxspeed": "80",
        "name": "Rodovia Transbrasiliana",
        "oneway": "yes",
        "ref": "BR-153",
        "source": "Bing/Esri/GPS",
        "surface": "asphalt",
        "turn:lanes": "||slight_right"
      },
      "geometry": {
        "type": "LineString",
        "coordinates": [
          [
            -49.3378481,
            -20.7390576
          ],
          [
            -49.3378729,
            -20.7383394
          ]
        ]
      },
      "id": "way/1505613179"
    },
    {
      "type": "Feature",
      "properties": {
        "@id": "way/1505613180",
        "highway": "motorway",
        "lanes": "3",
        "maxspeed": "80",
        "name": "Rodovia Transbrasiliana",
        "oneway": "yes",
        "ref": "BR-153",
        "source": "Bing/Esri/GPS",
        "surface": "asphalt",
        "turn:lanes": "||merge_to_left"
      },
      "geometry": {
        "type": "LineString",
        "coordinates": [
          [
            -49.33781,
            -20.7403242
          ],
          [
            -49.3378094,
            -20.7401946
          ],
          [
            -49.3378226,
            -20.7397954
          ],
          [
            -49.3378481,
            -20.7390576
          ]
        ]
      },
      "id": "way/1505613180"
    },
    {
      "type": "Feature",
      "properties": {
        "@id": "way/1505613181",
        "highway": "motorway",
        "lanes": "2",
        "maxspeed": "80",
        "name": "Rodovia Transbrasiliana",
        "oneway": "yes",
        "ref": "BR-153",
        "source": "Bing/Esri/GPS",
        "surface": "asphalt"
      },
      "geometry": {
        "type": "LineString",
        "coordinates": [
          [
            -49.3378729,
            -20.7383394
          ],
          [
            -49.3378975,
            -20.7378929
          ],
          [
            -49.3379567,
            -20.7367844
          ],
          [
            -49.3380286,
            -20.7351149
          ]
        ]
      },
      "id": "way/1505613181"
    },
    {
      "type": "Feature",
      "properties": {
        "@id": "way/1507291101",
        "highway": "motorway",
        "lanes": "3",
        "loc_ref": "BR-153;SP-425",
        "maxspeed": "80",
        "name": "Rodovia Transbrasiliana",
        "oneway": "yes",
        "operator": "Triunfo Transbrasiliana",
        "operator:type": "private",
        "owner": "União Federal",
        "ownership": "national",
        "ref": "BR-153",
        "source": "osm-gpx",
        "surface": "asphalt",
        "turn:lanes": "||merge_to_left"
      },
      "geometry": {
        "type": "LineString",
        "coordinates": [
          [
            -49.4849835,
            -20.9104608
          ],
          [
            -49.4829503,
            -20.9099378
          ]
        ]
      },
      "id": "way/1507291101"
    },
    {
      "type": "Feature",
      "properties": {
        "@id": "way/1507291102",
        "highway": "motorway",
        "lanes": "3",
        "loc_ref": "BR-153;SP-425",
        "maxspeed": "80",
        "name": "Rodovia Transbrasiliana",
        "oneway": "yes",
        "operator": "Triunfo Transbrasiliana",
        "operator:type": "private",
        "owner": "União Federal",
        "ownership": "national",
        "ref": "BR-153",
        "source": "osm-gpx",
        "surface": "asphalt",
        "turn:lanes": "||slight_right"
      },
      "geometry": {
        "type": "LineString",
        "coordinates": [
          [
            -49.487137,
            -20.9110335
          ],
          [
            -49.4865329,
            -20.9108813
          ]
        ]
      },
      "id": "way/1507291102"
    },
    {
      "type": "Feature",
      "properties": {
        "@id": "way/1507291103",
        "highway": "motorway",
        "lanes": "2",
        "loc_ref": "BR-153;SP-425",
        "maxspeed": "80",
        "name": "Rodovia Transbrasiliana",
        "oneway": "yes",
        "operator": "Triunfo Transbrasiliana",
        "operator:type": "private",
        "owner": "União Federal",
        "ownership": "national",
        "ref": "BR-153",
        "source": "osm-gpx",
        "surface": "asphalt"
      },
      "geometry": {
        "type": "LineString",
        "coordinates": [
          [
            -49.4890784,
            -20.9115349
          ],
          [
            -49.4884044,
            -20.9113653
          ],
          [
            -49.487137,
            -20.9110335
          ]
        ]
      },
      "id": "way/1507291103"
    },
    {
      "type": "Feature",
      "properties": {
        "@id": "way/1507291104",
        "highway": "motorway",
        "lanes": "2",
        "loc_ref": "BR-153;SP-425",
        "maxspeed": "80",
        "name": "Rodovia Transbrasiliana",
        "oneway": "yes",
        "operator": "Triunfo Transbrasiliana",
        "operator:type": "private",
        "owner": "União Federal",
        "ownership": "national",
        "ref": "BR-153",
        "source": "osm-gpx",
        "surface": "asphalt"
      },
      "geometry": {
        "type": "LineString",
        "coordinates": [
          [
            -49.4878497,
            -20.9110764
          ],
          [
            -49.4891474,
            -20.9114215
          ]
        ]
      },
      "id": "way/1507291104"
    },
    {
      "type": "Feature",
      "properties": {
        "@id": "way/1507291105",
        "highway": "motorway",
        "lanes": "3",
        "loc_ref": "BR-153;SP-425",
        "maxspeed": "80",
        "name": "Rodovia Transbrasiliana",
        "oneway": "yes",
        "operator": "Triunfo Transbrasiliana",
        "operator:type": "private",
        "owner": "União Federal",
        "ownership": "national",
        "ref": "BR-153",
        "surface": "asphalt",
        "turn:lanes": "||slight_right"
      },
      "geometry": {
        "type": "LineString",
        "coordinates": [
          [
            -49.519924,
            -20.9352651
          ],
          [
            -49.5194844,
            -20.9349099
          ]
        ]
      },
      "id": "way/1507291105"
    },
    {
      "type": "Feature",
      "properties": {
        "@id": "way/1507291106",
        "highway": "motorway",
        "lanes": "2",
        "loc_ref": "BR-153;SP-425",
        "maxspeed": "80",
        "name": "Rodovia Transbrasiliana",
        "oneway": "yes",
        "operator": "Triunfo Transbrasiliana",
        "operator:type": "private",
        "owner": "União Federal",
        "ownership": "national",
        "ref": "BR-153",
        "surface": "asphalt"
      },
      "geometry": {
        "type": "LineString",
        "coordinates": [
          [
            -49.5216202,
            -20.9366359
          ],
          [
            -49.519924,
            -20.9352651
          ]
        ]
      },
      "id": "way/1507291106"
    },
    {
      "type": "Feature",
      "properties": {
        "@id": "way/1507291108",
        "highway": "motorway",
        "lanes": "3",
        "loc_ref": "BR-153;SP-425",
        "maxspeed": "60",
        "name": "Rodovia Transbrasiliana",
        "oneway": "yes",
        "operator": "Triunfo Transbrasiliana",
        "operator:type": "private",
        "owner": "União Federal",
        "ownership": "national",
        "ref": "BR-153",
        "surface": "asphalt"
      },
      "geometry": {
        "type": "LineString",
        "coordinates": [
          [
            -49.6243979,
            -20.9931307
          ],
          [
            -49.626442,
            -20.9955842
          ]
        ]
      },
      "id": "way/1507291108"
    },
    {
      "type": "Feature",
      "properties": {
        "@id": "way/1507291110",
        "highway": "trunk",
        "lanes": "2",
        "name": "Rodovia Transbrasiliana",
        "operator": "Triunfo Transbrasiliana",
        "operator:type": "private",
        "owner": "União Federal",
        "ownership": "national",
        "ref": "BR-153",
        "source": "osm-gpx",
        "surface": "asphalt"
      },
      "geometry": {
        "type": "LineString",
        "coordinates": [
          [
            -49.6328589,
            -21.0036004
          ],
          [
            -49.633376,
            -21.0046035
          ],
          [
            -49.6334423,
            -21.0047322
          ]
        ]
      },
      "id": "way/1507291110"
    },
    {
      "type": "Feature",
      "properties": {
        "@id": "way/1530380815",
        "highway": "trunk",
        "lanes": "2",
        "maxspeed": "60",
        "name": "Rodovia Comandante João Ribeiro de Barros",
        "oneway": "yes",
        "ref": "SP-294;BR-153",
        "source": "osm-gpx",
        "surface": "asphalt"
      },
      "geometry": {
        "type": "LineString",
        "coordinates": [
          [
            -49.9687575,
            -22.2275619
          ],
          [
            -49.9682251,
            -22.2260539
          ]
        ]
      },
      "id": "way/1530380815"
    },
    {
      "type": "Feature",
      "properties": {
        "@id": "way/1530380816",
        "highway": "trunk",
        "lanes": "2",
        "maxspeed": "60",
        "name": "Rodovia Comandante João Ribeiro de Barros",
        "oneway": "yes",
        "ref": "SP-294;BR-153",
        "source": "osm-gpx",
        "surface": "asphalt"
      },
      "geometry": {
        "type": "LineString",
        "coordinates": [
          [
            -49.9692521,
            -22.2289627
          ],
          [
            -49.9691708,
            -22.2287325
          ]
        ]
      },
      "id": "way/1530380816"
    },
    {
      "type": "Feature",
      "properties": {
        "@id": "way/1530380817",
        "highway": "trunk",
        "lanes": "2",
        "maxspeed": "40",
        "name": "Rodovia Comandante João Ribeiro de Barros",
        "oneway": "yes",
        "ref": "SP-294;BR-153",
        "source": "osm-gpx",
        "surface": "asphalt"
      },
      "geometry": {
        "type": "LineString",
        "coordinates": [
          [
            -49.9691708,
            -22.2287325
          ],
          [
            -49.9688679,
            -22.2278746
          ],
          [
            -49.9687575,
            -22.2275619
          ]
        ]
      },
      "id": "way/1530380817"
    },
    {
      "type": "Feature",
      "properties": {
        "@id": "way/1530380818",
        "highway": "trunk",
        "lanes": "2",
        "maxspeed": "60",
        "name": "Rodovia Comandante João Ribeiro de Barros",
        "oneway": "yes",
        "ref": "SP-294;BR-153",
        "surface": "asphalt"
      },
      "geometry": {
        "type": "LineString",
        "coordinates": [
          [
            -49.9683409,
            -22.2260277
          ],
          [
            -49.9693819,
            -22.2289233
          ]
        ]
      },
      "id": "way/1530380818"
    }
  ]
}