{"type": "FeatureCollection", "features": [{"type": "Feature", "properties": {"ref": "BR-381", "highway": "trunk", "name": "Rodovia Fern\u00e3o Dias"}, "geometry": {"type": "LineString", "coordinates": [[-42.7984209, -19.6184662], [-42.798018, -19.6183439], [-42.7977467, -19.6182877], [-42.7971666, -19.6182136], [-42.7959897, -19.6181009], [-42.7936936, -19.6179008], [-42.7932699, -19.6178639], [-42.7927188, -19.6179009], [-42.7922502, -19.6179925], [-42.791815, -19.6181307], [-42.7899213, -19.6186881], [-42.7891979, -19.6189126], [-42.7888894, -19.6189532], [-42.7885767, -19.6188765], [-42.7882432, -19.6187894], [-42.7873059, -19.6186597], [-42.7869038, -19.6185774], [-42.7851149, -19.6183551], [-42.7848387, -19.6182338], [-42.7846348, -19.6180924], [-42.7839522, -19.6173016], [-42.7837922, -19.6170973], [-42.783493, -19.6167913], [-42.783205, -19.6166522], [-42.7829531, -19.6165922], [-42.782674, -19.616597], [-42.7825309, -19.6166177], [-42.7822162, -19.6167293], [-42.7818256, -19.6170472], [-42.7816115, -19.6173072], [-42.7811395, -19.6178044], [-42.7809858, -19.6179095], [-42.7798571, -19.6185557], [-42.779166, -19.6188947], [-42.7786084, -19.6190904], [-42.7783271, -19.6191248], [-42.7780874, -19.6191304], [-42.777413, -19.6190752], [-42.7771469, -19.6190308], [-42.7769021, -19.6189861], [-42.7767489, -19.6189307], [-42.776645, -19.6188501], [-42.7764443, -19.6186416], [-42.7761601, -19.6183311], [-42.7758902, -19.6180017], [-42.7757272, -19.6177969], [-42.7754809, -19.6175381], [-42.7732224, -19.6159108], [-42.7725392, -19.6153713], [-42.7710976, -19.6142313], [-42.770043, -19.6135875], [-42.76888, -19.6127323], [-42.7686113, -19.6125238], [-42.7683537, -19.6123046], [-42.7673427, -19.6113135], [-42.7671622, -19.6110367], [-42.7658116, -19.6096451], [-42.765406, -19.6093058], [-42.7649963, -19.6089984], [-42.7643914, -19.6086266], [-42.7638255, -19.6082568], [-42.7635113, -19.6080595], [-42.7627679, -19.6076304], [-42.7620706, -19.6072976], [-42.7613016, -19.6069993], [-42.7610749, -19.6069138], [-42.7610481, -19.6069037], [-42.760625, -19.6067383], [-42.760141, -19.60655], [-42.7597842, -19.6064435], [-42.7596568, -19.606362], [-42.7594811, -19.6062509], [-42.7593861, -19.6061508], [-42.7592464, -19.6060152], [-42.7587202, -19.6050643], [-42.7582229, -19.6044208], [-42.7578489, -19.6039989], [-42.7574751, -19.6036333], [-42.7568131, -19.6031398], [-42.7555154, -19.6021265], [-42.7543274, -19.6012083], [-42.7525051, -19.5998653], [-42.7521212, -19.5996394], [-42.7515695, -19.5993738], [-42.7507389, -19.5990774], [-42.749773, -19.5988211], [-42.748855, -19.5985241], [-42.7479724, -19.5981283], [-42.7475388, -19.5979116], [-42.7471198, -19.5976803], [-42.7451917, -19.5965147], [-42.7445929, -19.596161], [-42.7431799, -19.5953138], [-42.7421617, -19.5946495], [-42.7415217, -19.5942517], [-42.7405902, -19.5936976], [-42.7393025, -19.5929225], [-42.7380131, -19.5921396], [-42.7372335, -19.5915883], [-42.7368761, -19.5912725], [-42.7363149, -19.5907494], [-42.735919, -19.5903027], [-42.7356466, -19.5899831], [-42.7353703, -19.5896142], [-42.7349868, -19.5891733], [-42.7344389, -19.5886211], [-42.7339528, -19.5881909], [-42.7338177, -19.5880826], [-42.7326591, -19.5872154], [-42.7324483, -19.5870333], [-42.7321807, -19.5868309], [-42.7308703, -19.5858019], [-42.7303107, -19.5853315], [-42.7298212, -19.5849601], [-42.729101, -19.5844041], [-42.7288127, -19.5840238], [-42.7286545, -19.5837307], [-42.7284211, -19.5832733], [-42.728059, -19.5826162], [-42.7275762, -19.5819592], [-42.7269593, -19.5813274], [-42.7263773, -19.5808599], [-42.7242047, -19.5794059], [-42.7222037, -19.5780675], [-42.7215448, -19.5775962], [-42.7210203, -19.5771211], [-42.7193418, -19.5754637], [-42.7188919, -19.5751161], [-42.7184186, -19.5748163], [-42.7177485, -19.5744513], [-42.715996, -19.5736914], [-42.7151524, -19.5732989], [-42.7149125, -19.5731733], [-42.7145063, -19.5729732], [-42.7141881, -19.5728258], [-42.7137977, -19.5725065], [-42.7135981, -19.572275], [-42.7134267, -19.5720248], [-42.7132562, -19.5716699], [-42.7131549, -19.5713151], [-42.7131102, -19.570954], [-42.713066, -19.5699597], [-42.7129939, -19.5695489], [-42.7128116, -19.5691118], [-42.7121554, -19.5680185], [-42.7117774, -19.5672117], [-42.711509, -19.566403], [-42.7112995, -19.565453], [-42.7110677, -19.5642126], [-42.7108044, -19.5628551], [-42.7106895, -19.5623095], [-42.7103657, -19.5606872], [-42.7103098, -19.5604073], [-42.7102588, -19.5601731], [-42.7101389, -19.5593031], [-42.7101094, -19.5587168], [-42.7101524, -19.5582361], [-42.7102331, -19.5576959], [-42.7104269, -19.55682], [-42.7105112, -19.5564499], [-42.7105293, -19.5561061], [-42.7105195, -19.555715], [-42.710457, -19.5552719], [-42.7103672, -19.5549155], [-42.7101973, -19.554556], [-42.7099609, -19.5542207], [-42.709608, -19.5537847], [-42.7091476, -19.5533901], [-42.7078018, -19.5526865], [-42.7059802, -19.5517166], [-42.7018738, -19.5496371], [-42.7011451, -19.5493577], [-42.7004255, -19.5491662], [-42.69934, -19.5489708], [-42.6982545, -19.5487984], [-42.6971813, -19.5486643], [-42.6955439, -19.5483304], [-42.6950517, -19.5481661], [-42.694644, -19.5479955], [-42.6942953, -19.5478261], [-42.693433, -19.5472839], [-42.6929649, -19.5469136], [-42.6925948, -19.546551], [-42.6923374, -19.5462539], [-42.6920503, -19.54589], [-42.6916413, -19.5453351], [-42.6912994, -19.5448625], [-42.6905965, -19.5439197], [-42.6899422, -19.5431411], [-42.6896739, -19.542829], [-42.6894338, -19.5425939], [-42.6891321, -19.5423702], [-42.6889143, -19.5422271], [-42.6886982, -19.5420838], [-42.6885397, -19.5420073], [-42.6879432, -19.5416194], [-42.686981, -19.5409224], [-42.6867087, -19.5407065], [-42.6865585, -19.5405952], [-42.6860321, -19.5402191], [-42.6857584, -19.5400245], [-42.6856461, -19.5399148], [-42.6854602, -19.5398016], [-42.6841923, -19.5389249], [-42.6836917, -19.5386758], [-42.6834861, -19.5385964], [-42.68329, -19.5385217], [-42.6831803, -19.5384889], [-42.6829056, -19.5384269], [-42.6827759, -19.5384055], [-42.6826006, -19.5383856], [-42.6822345, -19.5383788], [-42.6819922, -19.5383842], [-42.6817686, -19.538432], [-42.6815309, -19.5384903], [-42.6812814, -19.5385889], [-42.6805555, -19.5388924], [-42.6801967, -19.5390324], [-42.6798337, -19.5391329], [-42.6796107, -19.5391892], [-42.6793792, -19.5392336], [-42.6791314, -19.5392577], [-42.6788836, -19.539266], [-42.6785519, -19.5392652], [-42.6782161, -19.5392251], [-42.6778477, -19.5391537], [-42.6774688, -19.5390135], [-42.6770814, -19.5388291], [-42.6767295, -19.5386112], [-42.6760743, -19.5381006], [-42.675331, -19.5374602], [-42.6745559, -19.5368064], [-42.6737879, -19.5361394], [-42.6734446, -19.5357925], [-42.6731595, -19.5354694], [-42.6729342, -19.5350928], [-42.6727036, -19.534476], [-42.672548, -19.5334421], [-42.6724273, -19.5324474], [-42.6723871, -19.531756], [-42.6723616, -19.5314337], [-42.6722376, -19.5307909], [-42.6721349, -19.5303644], [-42.6719928, -19.5299726], [-42.6717702, -19.5295467], [-42.6715422, -19.5291927], [-42.6712713, -19.5288439], [-42.6707898, -19.5283219], [-42.6704921, -19.5280097], [-42.6701045, -19.5276671], [-42.6694728, -19.527197], [-42.6690732, -19.5269353], [-42.6685877, -19.526728], [-42.6679559, -19.5265019], [-42.6672305, -19.5263008], [-42.6657727, -19.526029], [-42.6642279, -19.5257892], [-42.6628253, -19.5255402], [-42.6620732, -19.5253447], [-42.6602554, -19.5247284], [-42.6596104, -19.5245363], [-42.6590002, -19.5244023], [-42.6585777, -19.5243265], [-42.6577958, -19.524214], [-42.657596, -19.5241925], [-42.6561624, -19.5241166], [-42.6555334, -19.5240458], [-42.6549675, -19.5239334], [-42.6538376, -19.5237343], [-42.6528981, -19.5235251], [-42.6520814, -19.5233709], [-42.6515047, -19.5233405], [-42.6509428, -19.5234113], [-42.6503755, -19.5235782], [-42.6499034, -19.5238158], [-42.649428, -19.5240906], [-42.6487058, -19.5245957], [-42.6481466, -19.5248649], [-42.6477148, -19.5250166], [-42.6473339, -19.5250937], [-42.6470482, -19.5251266], [-42.646666, -19.5251582], [-42.6447558, -19.5252546], [-42.6428935, -19.5253578], [-42.6409065, -19.525434], [-42.6399632, -19.5254801], [-42.6396703, -19.5255079], [-42.6393907, -19.5255794], [-42.6385898, -19.5258274], [-42.6349484, -19.5271353], [-42.6344356, -19.5273736], [-42.6340032, -19.52771], [-42.633473, -19.5281764], [-42.6320945, -19.5296754], [-42.6289391, -19.5328645], [-42.6285903, -19.5332088], [-42.6281998, -19.5335524], [-42.6277923, -19.533793], [-42.6274933, -19.5339135], [-42.6272785, -19.5339781], [-42.6270912, -19.5340168], [-42.6267215, -19.5340863], [-42.6262662, -19.5341268], [-42.6257374, -19.5341103], [-42.6252178, -19.5340069], [-42.6245757, -19.5337494], [-42.6237503, -19.5332246], [-42.6232091, -19.532857], [-42.62284, -19.5326062], [-42.6227257, -19.5325296], [-42.6223454, -19.5322724], [-42.6209289, -19.5313253], [-42.6193101, -19.5302482], [-42.6188903, -19.5299777], [-42.6184549, -19.5296939], [-42.6180035, -19.5294479], [-42.6175021, -19.5292498], [-42.6169048, -19.5291205], [-42.6166161, -19.5291073], [-42.616274, -19.529114], [-42.6156448, -19.5291805], [-42.6131592, -19.5296484], [-42.6108669, -19.5300812], [-42.6080968, -19.5305967], [-42.6079071, -19.5306339], [-42.6074731, -19.5307109], [-42.6034041, -19.5314759], [-42.6009276, -19.5319266], [-42.600503, -19.5320526], [-42.6002196, -19.5321537], [-42.5997993, -19.5323712], [-42.5996285, -19.5324756], [-42.5994843, -19.5325797], [-42.5992153, -19.5327956], [-42.599189, -19.5328179], [-42.5990566, -19.5329259], [-42.5988634, -19.533089], [-42.5978133, -19.5339499], [-42.5974477, -19.5342311], [-42.5970699, -19.5344469], [-42.5966881, -19.5346149], [-42.5962619, -19.5347509], [-42.5957147, -19.5348606], [-42.5949265, -19.5349837], [-42.5945902, -19.5350355], [-42.5932671, -19.5352532], [-42.5926411, -19.53531], [-42.5919964, -19.5353028], [-42.5913979, -19.5352488], [-42.5907523, -19.535137], [-42.5903096, -19.5350198], [-42.5897904, -19.5348468], [-42.5892369, -19.5346], [-42.5888036, -19.534374], [-42.5882415, -19.5340629], [-42.5868449, -19.5332493], [-42.5856871, -19.5325629], [-42.5848071, -19.5320634], [-42.5841128, -19.5317024], [-42.5831988, -19.531286], [-42.5816761, -19.530657], [-42.5811845, -19.5304162], [-42.5808868, -19.5302242], [-42.5806589, -19.5300453], [-42.5804422, -19.5298165], [-42.5802519, -19.5295694], [-42.5800601, -19.5292875], [-42.5799206, -19.5289539], [-42.5798401, -19.5286922], [-42.5797811, -19.528375], [-42.5797664, -19.5281272], [-42.5797631, -19.5278679], [-42.5797918, -19.527657], [-42.5798509, -19.52736], [-42.5800802, -19.5266813], [-42.5805549, -19.5253604], [-42.5812429, -19.5234644], [-42.5814226, -19.5229234], [-42.5814971, -19.5226517], [-42.581544, -19.5223754], [-42.5815591, -19.5218584], [-42.5815433, -19.5216265], [-42.581497, -19.5213709], [-42.5814401, -19.5211437], [-42.5813871, -19.5209567], [-42.5813307, -19.5208135], [-42.5812188, -19.5205585], [-42.5810835, -19.5203187], [-42.5809519, -19.5201174], [-42.5807978, -19.5199084], [-42.5805431, -19.5196507], [-42.5802743, -19.5194111], [-42.5799942, -19.5192048], [-42.5796436, -19.5190139], [-42.5790107, -19.5187526], [-42.5779465, -19.5183838], [-42.5773652, -19.5181022], [-42.5770913, -19.517917], [-42.5768285, -19.517697], [-42.5766301, -19.5175099], [-42.5764651, -19.5173267], [-42.5762532, -19.5170233], [-42.5760346, -19.5165417], [-42.5759313, -19.5161309], [-42.5759085, -19.5159204], [-42.5759134, -19.5157066], [-42.5759266, -19.5156031], [-42.5759449, -19.5155035], [-42.5759724, -19.5153129], [-42.576001, -19.5151859], [-42.5760674, -19.5148772], [-42.5762022, -19.5142573], [-42.5762504, -19.5140002], [-42.5762717, -19.5138751], [-42.5762662, -19.5136898], [-42.5762392, -19.5134943], [-42.5761967, -19.5133468], [-42.5760765, -19.5129973], [-42.5759386, -19.5126965], [-42.575887, -19.5126126], [-42.5757696, -19.512452], [-42.5753589, -19.5120174], [-42.5742319, -19.5108395], [-42.5738773, -19.510491], [-42.5734076, -19.5099937], [-42.5729699, -19.5094331], [-42.572852, -19.5092669], [-42.572593, -19.508993], [-42.5713782, -19.5077162], [-42.570861, -19.5071734], [-42.57025, -19.5065066], [-42.5701413, -19.5063712], [-42.5700731, -19.5062937], [-42.5696406, -19.5057509], [-42.5694451, -19.5054927], [-42.5687533, -19.5045065], [-42.568512, -19.5041368], [-42.5683151, -19.5038099], [-42.5681239, -19.503491], [-42.5679945, -19.5032396], [-42.567901, -19.5030524], [-42.5677809, -19.5028194], [-42.5676891, -19.5026334], [-42.5673262, -19.5019096], [-42.5672348, -19.5016955], [-42.5670166, -19.5011985], [-42.5667207, -19.5004288], [-42.5666379, -19.4999388], [-42.5666784, -19.4992418], [-42.5666871, -19.4992176], [-42.5668143, -19.4988625], [-42.5669713, -19.4985098], [-42.5671542, -19.4981556], [-42.5673414, -19.4976234], [-42.5673846, -19.4972833], [-42.5673918, -19.4968595], [-42.5672403, -19.4963736], [-42.5669651, -19.495859], [-42.5668549, -19.4957061], [-42.5664173, -19.4953554], [-42.5658557, -19.4949053], [-42.5656112, -19.4947058], [-42.5654995, -19.4945831], [-42.5650015, -19.4939547], [-42.5645053, -19.493099], [-42.564294, -19.4925529], [-42.5641921, -19.4922824], [-42.5640996, -19.4920687], [-42.5639547, -19.4917969], [-42.5638146, -19.4916388], [-42.563668, -19.4914649], [-42.5634293, -19.491269], [-42.5633117, -19.4911776], [-42.5632389, -19.4911288], [-42.5630981, -19.4910526], [-42.5623146, -19.4906047], [-42.5620785, -19.4904429], [-42.5619055, -19.4902861], [-42.5613986, -19.4897299], [-42.5610432, -19.4893417], [-42.5607884, -19.4890788], [-42.5604437, -19.4887463], [-42.5601795, -19.4885073], [-42.5598831, -19.488233], [-42.5596981, -19.4880433], [-42.559568, -19.4878726], [-42.55923, -19.4873568], [-42.5590718, -19.4871141], [-42.558872, -19.4868739], [-42.5587955, -19.4868043], [-42.558475, -19.4865534], [-42.5583208, -19.486468], [-42.5581766, -19.4864036], [-42.557958, -19.486322], [-42.5578333, -19.4862828], [-42.5576462, -19.486248], [-42.557548, -19.4862334], [-42.5572244, -19.4861932], [-42.556954, -19.4861692], [-42.5567539, -19.486129], [-42.5565559, -19.4860588], [-42.5563643, -19.4859785], [-42.5561855, -19.4858681], [-42.5560024, -19.4857256], [-42.5559029, -19.4856383], [-42.5556751, -19.4853553], [-42.5554644, -19.4850583], [-42.5553394, -19.4848901], [-42.5551041, -19.4846007], [-42.5549693, -19.4844578], [-42.5546878, -19.4842238], [-42.5544007, -19.4840469], [-42.5540292, -19.4838699], [-42.5535726, -19.4836481], [-42.5532635, -19.4835374], [-42.5531777, -19.4835102], [-42.5525942, -19.483392], [-42.5521625, -19.4833453], [-42.5512901, -19.4833508], [-42.5509895, -19.4833453], [-42.550709, -19.4833327], [-42.5503364, -19.4832926], [-42.5499447, -19.4832123], [-42.5495636, -19.4831059], [-42.5491549, -19.4829574], [-42.5486674, -19.4827347], [-42.5474757, -19.4821518], [-42.5467152, -19.4817853], [-42.5464789, -19.4816669], [-42.5462852, -19.4815566], [-42.5460765, -19.4814281], [-42.5459233, -19.4813057], [-42.5456657, -19.4810488], [-42.5454975, -19.4808521], [-42.5452785, -19.4805169], [-42.5449826, -19.479946], [-42.5446997, -19.4794619], [-42.5443091, -19.4787379], [-42.5440574, -19.4782512], [-42.5431985, -19.4765943], [-42.5429879, -19.47616], [-42.5428189, -19.4758515], [-42.5426617, -19.4755622], [-42.5426493, -19.4755451], [-42.5426417, -19.4755346], [-42.5425333, -19.4753407], [-42.5420867, -19.4745473], [-42.5419915, -19.4743304], [-42.5417434, -19.4738411], [-42.5416428, -19.4736603], [-42.5414159, -19.4733397], [-42.5411654, -19.4728991], [-42.5409789, -19.472664], [-42.5404908, -19.4720786], [-42.5398564, -19.4714299], [-42.5389847, -19.4705208], [-42.5387152, -19.4702464], [-42.5383638, -19.4698342], [-42.5380446, -19.4694246], [-42.5375001, -19.4686204], [-42.5371474, -19.4680792], [-42.5367069, -19.4674141], [-42.5362531, -19.4667096], [-42.5362415, -19.4666914], [-42.5351125, -19.4649688], [-42.5349224, -19.4647017], [-42.5345375, -19.4641011], [-42.5343283, -19.4637837], [-42.5341539, -19.4635245], [-42.5340039, -19.46329], [-42.5338496, -19.4630872], [-42.5337383, -19.4629594], [-42.5336377, -19.4628444], [-42.5334875, -19.4626901], [-42.5332734, -19.4624889], [-42.5331524, -19.4624304], [-42.5329997, -19.4623279], [-42.5326587, -19.4621755], [-42.532479, -19.4621047], [-42.5323422, -19.4620629], [-42.5319627, -19.4619694], [-42.5316904, -19.4619201], [-42.5311352, -19.4618025], [-42.5308979, -19.4617671], [-42.5306442, -19.4617381], [-42.5304291, -19.4617026], [-42.5299367, -19.4616115], [-42.5294141, -19.4615194], [-42.5292054, -19.4614813], [-42.5290684, -19.46146], [-42.529027, -19.4614535], [-42.5283954, -19.4613422], [-42.5276122, -19.4612069], [-42.5272661, -19.4611387], [-42.5269577, -19.4610438], [-42.5267632, -19.4609628], [-42.5264709, -19.4608035], [-42.5263193, -19.4606998], [-42.5261222, -19.4605316], [-42.5260056, -19.4604], [-42.5257804, -19.4601028], [-42.5256555, -19.4598766], [-42.5255831, -19.4597097], [-42.5255013, -19.4594164], [-42.5254543, -19.4592128], [-42.5254154, -19.4589978], [-42.5254063, -19.4589234], [-42.5253102, -19.4582294], [-42.5252558, -19.4579407], [-42.5252143, -19.4577826], [-42.5251741, -19.4576503], [-42.5251083, -19.4574905], [-42.5250148, -19.4573233], [-42.5247742, -19.4570196], [-42.5243884, -19.4566525], [-42.5234788, -19.4558409], [-42.5227729, -19.4552102], [-42.5225769, -19.4549858], [-42.5218073, -19.4543037], [-42.5211712, -19.4537398], [-42.5209499, -19.4535369], [-42.520343, -19.4530015], [-42.519606, -19.4523371], [-42.5189895, -19.4517767], [-42.5183706, -19.4512187], [-42.5179246, -19.4508075], [-42.51761, -19.4505314], [-42.5174871, -19.4504211], [-42.517375, -19.4503196], [-42.5168633, -19.449878], [-42.5163664, -19.4494161], [-42.5159833, -19.4490693], [-42.5155073, -19.4485678], [-42.515223, -19.4482119], [-42.5148676, -19.4476473], [-42.5146725, -19.447302], [-42.5144063, -19.4467115], [-42.514193, -19.4461702], [-42.5135869, -19.4447539], [-42.5132985, -19.4441026], [-42.513155, -19.4437991], [-42.5130585, -19.4435765], [-42.5129727, -19.443383], [-42.5121921, -19.4415189], [-42.5113352, -19.439529], [-42.5110897, -19.4389492], [-42.5108976, -19.4385027], [-42.5108913, -19.4384869], [-42.5107089, -19.4380658], [-42.5101845, -19.4368562], [-42.5099391, -19.4363275], [-42.5096467, -19.4358356], [-42.5093208, -19.4353904], [-42.5090553, -19.4350717], [-42.5085993, -19.4345987], [-42.5071187, -19.4330912], [-42.506066, -19.4320212], [-42.5050923, -19.4310272], [-42.5043628, -19.4302683], [-42.5036761, -19.4295626], [-42.5026793, -19.4286212], [-42.5018832, -19.4278115], [-42.5010711, -19.4269765], [-42.5006077, -19.4264362], [-42.5001383, -19.4259871], [-42.4997805, -19.4256922], [-42.4995509, -19.4255306], [-42.499364, -19.4254159], [-42.4990708, -19.4252397], [-42.4987493, -19.4250696], [-42.4982698, -19.42486], [-42.4972445, -19.4245131], [-42.4969166, -19.4243937], [-42.4966927, -19.424301], [-42.4964355, -19.4241631], [-42.4962367, -19.4240202], [-42.4959851, -19.4237764], [-42.4958779, -19.4236484], [-42.4957529, -19.423464], [-42.4955908, -19.423172], [-42.4949114, -19.4216682], [-42.4947281, -19.4212761], [-42.4944823, -19.4207425], [-42.4943347, -19.4204273], [-42.4942562, -19.4202779], [-42.4940644, -19.4198834], [-42.4938449, -19.4193767], [-42.4933603, -19.4183466], [-42.493294, -19.4181961], [-42.4922154, -19.4158415], [-42.4917671, -19.4148203], [-42.4914855, -19.4143042], [-42.4911502, -19.4138185], [-42.4901444, -19.4123993], [-42.4883969, -19.409929], [-42.4876097, -19.4087932], [-42.486282, -19.4069274], [-42.4853553, -19.4056322], [-42.4844125, -19.4043268], [-42.4841389, -19.4039245], [-42.4839163, -19.4035729], [-42.4836628, -19.4030214], [-42.4836092, -19.4028013], [-42.4835714, -19.402548], [-42.4835596, -19.4022966], [-42.4835767, -19.4019914], [-42.4836387, -19.4012416], [-42.4838358, -19.3996149], [-42.483923, -19.3987243], [-42.4840794, -19.3969917], [-42.4841804, -19.3958662], [-42.4841711, -19.3955277], [-42.4841094, -19.3951634], [-42.4839377, -19.3946764], [-42.4837929, -19.3943993], [-42.4836065, -19.3941501], [-42.4832876, -19.3938081], [-42.4829963, -19.3935644], [-42.4823982, -19.3931394], [-42.4820709, -19.3929155], [-42.4813145, -19.3923867], [-42.4800968, -19.3915239], [-42.4786717, -19.3905401], [-42.4781401, -19.3901602], [-42.4776627, -19.3897807], [-42.4773435, -19.3895176], [-42.4768956, -19.389028], [-42.4766475, -19.3887092], [-42.4764715, -19.3884397], [-42.4760118, -19.3875935], [-42.4758147, -19.3870786], [-42.4756497, -19.3865333], [-42.4754754, -19.3860298], [-42.4753317, -19.3857224], [-42.4750577, -19.3853556], [-42.4747308, -19.3850472], [-42.4743243, -19.3848139], [-42.4739519, -19.3846939], [-42.4731928, -19.3846206], [-42.471723, -19.3844991], [-42.4711785, -19.384322], [-42.4708888, -19.3841689], [-42.4707179, -19.3840512], [-42.4705562, -19.3839399], [-42.4694619, -19.3831353], [-42.469089, -19.3828924], [-42.4688503, -19.3827634], [-42.4682683, -19.3825711], [-42.4649048, -19.3819765], [-42.4642718, -19.3818348], [-42.4636951, -19.3816552], [-42.4631265, -19.3813667], [-42.462472, -19.3808885], [-42.4622011, -19.3806178], [-42.4619865, -19.3803306], [-42.4616418, -19.3797536], [-42.461544, -19.3795096], [-42.4614421, -19.3792047], [-42.461375, -19.3788909], [-42.4613428, -19.3786316], [-42.4613361, -19.3782141], [-42.4613696, -19.377832], [-42.4614032, -19.377603], [-42.4615064, -19.3771918], [-42.4617961, -19.376076], [-42.4618685, -19.3757344], [-42.4619114, -19.3753599], [-42.4618985, -19.3749384], [-42.4617572, -19.3745464], [-42.4616419, -19.3743073], [-42.4615239, -19.374127], [-42.461367, -19.373929], [-42.4612003, -19.3737535], [-42.460746, -19.3734128], [-42.4599247, -19.3728704], [-42.4593191, -19.3725082], [-42.4588028, -19.3721742], [-42.4574857, -19.371301], [-42.4574556, -19.3712797], [-42.4573594, -19.3712131], [-42.4567871, -19.3708167], [-42.4559035, -19.3702328], [-42.4552797, -19.369907], [-42.4546158, -19.3695932], [-42.4524352, -19.3685988], [-42.4520235, -19.3684014], [-42.4517298, -19.3682369], [-42.451424, -19.3680345], [-42.4511055, -19.3677843], [-42.4508426, -19.3675303], [-42.4506435, -19.3673216], [-42.4502787, -19.3668724], [-42.4500319, -19.3664998], [-42.4498388, -19.3661493], [-42.449647, -19.3657268], [-42.4489545, -19.3640989], [-42.4483073, -19.3626796], [-42.448153, -19.3623325], [-42.4481253, -19.3622791], [-42.4480177, -19.3620046], [-42.4477473, -19.3614456], [-42.4475643, -19.3611288], [-42.4474283, -19.3609704], [-42.4472151, -19.360736], [-42.4469549, -19.3605443], [-42.4466745, -19.3604081], [-42.4462984, -19.3602956], [-42.4459172, -19.3602449], [-42.4448695, -19.3602006], [-42.4442533, -19.3601594], [-42.4435799, -19.3601445], [-42.443203, -19.3601027], [-42.4429107, -19.360061], [-42.4421087, -19.3599294], [-42.4415039, -19.3598383], [-42.4411186, -19.3598], [-42.4407853, -19.3597856], [-42.4404591, -19.3598193], [-42.4401842, -19.3598699], [-42.4397041, -19.359961], [-42.439112, -19.3600739], [-42.4387404, -19.3600973], [-42.4383192, -19.3600538], [-42.4379258, -19.3599332], [-42.4376442, -19.3597927], [-42.4373639, -19.3595878], [-42.4371184, -19.359317], [-42.4368596, -19.3589172], [-42.436751, -19.3585831], [-42.4366719, -19.3581669], [-42.4364989, -19.3568547], [-42.436417, -19.3563638], [-42.4363681, -19.3561253], [-42.4363245, -19.3559646], [-42.4362742, -19.3558134], [-42.4361824, -19.3556084], [-42.4359651, -19.3552428], [-42.4355413, -19.3546417], [-42.4351001, -19.354004], [-42.4346421, -19.3532651], [-42.4343638, -19.3526615], [-42.4342552, -19.3523679], [-42.4341667, -19.3520833], [-42.4340178, -19.3515328], [-42.4336705, -19.3502169], [-42.4334747, -19.3494602], [-42.433134, -19.3480278], [-42.4329087, -19.347175], [-42.4327303, -19.3464828], [-42.4324112, -19.3452402], [-42.4323106, -19.3448353], [-42.4322449, -19.3446012], [-42.4321657, -19.3443696], [-42.4320813, -19.3441583], [-42.4319498, -19.3438445], [-42.43175, -19.3434016], [-42.431569, -19.34307], [-42.4313664, -19.342741], [-42.4311653, -19.3424551], [-42.4309708, -19.3421868], [-42.4306315, -19.3417869], [-42.4303606, -19.3414933], [-42.4299207, -19.3410833], [-42.429159, -19.340376], [-42.4283691, -19.3396496], [-42.4276771, -19.3390207], [-42.4272479, -19.3386158], [-42.4266873, -19.3380805], [-42.4264231, -19.3377907], [-42.4262139, -19.3375566], [-42.4258758, -19.3371341], [-42.425688, -19.3368685], [-42.4256731, -19.3368475], [-42.4255024, -19.3365899], [-42.4252966, -19.3362038], [-42.4249345, -19.3355825], [-42.4247491, -19.3352752], [-42.4246636, -19.3351218], [-42.4241339, -19.3341917], [-42.4239515, -19.3338399], [-42.4237449, -19.3335046], [-42.4235344, -19.3331832], [-42.4233305, -19.3329174], [-42.4231817, -19.3327478], [-42.423002, -19.3325491], [-42.4225433, -19.3320771], [-42.421968, -19.331457], [-42.4213833, -19.3308091], [-42.4209715, -19.3303953], [-42.4206832, -19.3300751], [-42.4205102, -19.3298638], [-42.4203184, -19.3295702], [-42.4201803, -19.3292437], [-42.4197887, -19.3280262], [-42.4193904, -19.3267076], [-42.4191543, -19.3259723], [-42.4190363, -19.3256154], [-42.4188995, -19.3253383], [-42.4187654, -19.3251307], [-42.4186327, -19.3249675], [-42.4184851, -19.3248181], [-42.4183336, -19.3246954], [-42.4181646, -19.324584], [-42.41795, -19.3244866], [-42.4176939, -19.3243904], [-42.4174525, -19.3243397], [-42.4171132, -19.3242955], [-42.4163648, -19.3242018], [-42.4155749, -19.3240968], [-42.4150291, -19.3240208], [-42.4144457, -19.3239563], [-42.4130067, -19.3238183], [-42.4124193, -19.3237582], [-42.411785, -19.3236829], [-42.4107778, -19.3235513], [-42.4103393, -19.3235058], [-42.4097492, -19.323445], [-42.4094313, -19.3234108], [-42.4091529, -19.3233682], [-42.4091157, -19.3233344], [-42.4090854, -19.3233172], [-42.4086213, -19.3231514], [-42.4084704, -19.3230824], [-42.4082485, -19.3229609], [-42.4078415, -19.3226952], [-42.4075417, -19.3224477], [-42.407242, -19.3221769], [-42.4071102, -19.3220708], [-42.4064896, -19.3215258], [-42.4058338, -19.3209215], [-42.4047858, -19.3200027], [-42.4036116, -19.3189712], [-42.4027111, -19.3181486], [-42.4008429, -19.3165716], [-42.4002039, -19.3160319], [-42.3993008, -19.3152634], [-42.3977517, -19.3138911], [-42.3961759, -19.3126077], [-42.3954771, -19.3121014], [-42.3950839, -19.3118], [-42.3933595, -19.3105801], [-42.3919514, -19.3095727], [-42.391773, -19.309455], [-42.3904936, -19.3085981], [-42.3896648, -19.3079944], [-42.389119, -19.3075881], [-42.3880541, -19.3068274], [-42.3870268, -19.3060895], [-42.3849897, -19.3046087], [-42.3837819, -19.3037334], [-42.382738, -19.302986], [-42.3813406, -19.3019608], [-42.380949, -19.301676], [-42.3806097, -19.3014583], [-42.3803777, -19.3013343], [-42.3801336, -19.3012216], [-42.3798077, -19.3011001], [-42.3788193, -19.3008027], [-42.3760318, -19.2999869], [-42.3728866, -19.2990635], [-42.3727012, -19.2990091], [-42.3707083, -19.2984281], [-42.3678719, -19.2975927], [-42.3640933, -19.2964953], [-42.3622996, -19.2959587], [-42.3617361, -19.2957925], [-42.3596978, -19.2951916], [-42.3574823, -19.2945372], [-42.3570411, -19.2943904], [-42.3566508, -19.294179], [-42.3563719, -19.293948], [-42.3561345, -19.2936663], [-42.3559883, -19.2934195], [-42.3558891, -19.2931752], [-42.3558287, -19.2929157], [-42.3558086, -19.2926474], [-42.355818, -19.2923556], [-42.3558998, -19.2915727], [-42.3563357, -19.2877354], [-42.3563498, -19.2876113], [-42.3566763, -19.2846512], [-42.3567407, -19.2840853], [-42.356807, -19.2835146], [-42.3568466, -19.2831739], [-42.3569472, -19.2823081], [-42.3570719, -19.2811143], [-42.3571149, -19.2804902], [-42.3571161, -19.2804156], [-42.3571229, -19.279989], [-42.3570941, -19.2794541], [-42.3570035, -19.2778673], [-42.3569231, -19.2763432], [-42.3568024, -19.2741164], [-42.3566844, -19.2720162], [-42.3566455, -19.271192], [-42.3566093, -19.2706882], [-42.3565637, -19.2703692], [-42.3564792, -19.2700628], [-42.3563142, -19.2696868], [-42.3562337, -19.2695336], [-42.3559977, -19.2692032], [-42.3557429, -19.268912], [-42.3554957, -19.2686785], [-42.3550491, -19.268253], [-42.3540692, -19.267365], [-42.3523767, -19.2657825], [-42.3521045, -19.2655698], [-42.35179, -19.2653717], [-42.3514621, -19.2652191], [-42.351092, -19.2651001], [-42.350703, -19.2650191], [-42.35029, -19.2649786], [-42.3484775, -19.2649204], [-42.3480637, -19.2648862], [-42.3477311, -19.2648191], [-42.347302, -19.2646773], [-42.3469225, -19.264495], [-42.3465577, -19.2642418], [-42.346146, -19.2638708], [-42.3447935, -19.2623231], [-42.3439452, -19.261292], [-42.3435818, -19.2608096], [-42.3431352, -19.2601196], [-42.3429206, -19.2596885], [-42.3429085, -19.2596618], [-42.3427369, -19.2592827], [-42.3422521, -19.2580407], [-42.3414254, -19.2558937], [-42.3413844, -19.2557871], [-42.3406675, -19.2539526], [-42.3403604, -19.2531765], [-42.3385848, -19.2485349], [-42.337406, -19.2455278], [-42.3372799, -19.2451973], [-42.3370492, -19.2447086], [-42.3369185, -19.2444617], [-42.3366328, -19.2439521], [-42.3364444, -19.2436589], [-42.3354339, -19.2422009], [-42.3342396, -19.2404884], [-42.3320201, -19.2374001], [-42.3315507, -19.2367316], [-42.330341, -19.2350044], [-42.3301291, -19.2346929], [-42.3297188, -19.2340927], [-42.3287854, -19.2327784], [-42.3282248, -19.2319756], [-42.3274791, -19.2309246], [-42.3271935, -19.2304877], [-42.3270634, -19.2303011], [-42.3269588, -19.2301509], [-42.3267026, -19.2297609], [-42.326539, -19.2295114], [-42.3264827, -19.2294126], [-42.326362, -19.2291834], [-42.3262534, -19.2289289], [-42.32619, -19.2287027], [-42.3261126, -19.2283422], [-42.3260616, -19.2281036], [-42.3260599, -19.2280943], [-42.3259999, -19.2277677], [-42.3259328, -19.227384], [-42.3258671, -19.2271257], [-42.3257639, -19.2268091], [-42.325678, -19.2266217], [-42.3255466, -19.2264027], [-42.3252608, -19.2260014], [-42.3250209, -19.2256644], [-42.3248962, -19.2254909], [-42.3247902, -19.2253434], [-42.3246073, -19.2250844], [-42.3245582, -19.2250148], [-42.324469, -19.2249014], [-42.3244409, -19.2248654], [-42.3243195, -19.224695], [-42.3240727, -19.2243487], [-42.3238957, -19.2240853], [-42.3236234, -19.2237117], [-42.3230723, -19.2229342], [-42.3226967, -19.2224049], [-42.3225962, -19.2222618], [-42.3223078, -19.2219072], [-42.321986, -19.2216046], [-42.3216265, -19.2213614], [-42.3214522, -19.2212652], [-42.3212108, -19.2211689], [-42.3207776, -19.221055], [-42.3204316, -19.2210056], [-42.3201031, -19.2210005], [-42.3196323, -19.2210588], [-42.3190677, -19.2211791], [-42.3174369, -19.221564], [-42.3160248, -19.221887], [-42.315267, -19.2220769], [-42.3149867, -19.2221301], [-42.3147587, -19.2221693], [-42.3144771, -19.2221731], [-42.314233, -19.222163], [-42.3138052, -19.2221086], [-42.3134056, -19.2219883], [-42.3131628, -19.2218794], [-42.3129804, -19.2217806], [-42.3125929, -19.2215476], [-42.3111311, -19.2205028], [-42.3098664, -19.2195759], [-42.3082222, -19.218388], [-42.3078065, -19.2180803], [-42.3073411, -19.2177409], [-42.3071587, -19.2175661], [-42.306975, -19.2173724], [-42.306861, -19.2172141], [-42.3066705, -19.2168367], [-42.3066115, -19.216681], [-42.3065646, -19.2165163], [-42.3065297, -19.2163048], [-42.3065043, -19.216025], [-42.3064935, -19.2156311], [-42.3065043, -19.2140836], [-42.3064922, -19.213477], [-42.3064788, -19.213192], [-42.3064238, -19.2128134], [-42.3063286, -19.2123803], [-42.3062105, -19.2120105], [-42.3060067, -19.2115634], [-42.3057988, -19.2112215], [-42.3055896, -19.2109125], [-42.3053871, -19.2106896], [-42.3050666, -19.2103616], [-42.3047394, -19.2100893], [-42.3043625, -19.2098234], [-42.303519, -19.2093485], [-42.3025842, -19.208833], [-42.3017406, -19.2083708], [-42.3011492, -19.2080643], [-42.2992757, -19.2070537], [-42.297665, -19.2061747], [-42.2969113, -19.2057783], [-42.2955622, -19.2050552], [-42.2945081, -19.2044853], [-42.2935733, -19.2039723], [-42.2926131, -19.2034506], [-42.290592, -19.2023512], [-42.2897096, -19.2018459], [-42.2891168, -19.2014457], [-42.2885308, -19.2009822], [-42.2869067, -19.1995675], [-42.2860082, -19.1987101], [-42.2854301, -19.1982262], [-42.2848749, -19.1978222], [-42.2835875, -19.1970142], [-42.2828277, -19.1965481], [-42.2799289, -19.1947889], [-42.276379, -19.1926129], [-42.2756676, -19.1922019], [-42.2743439, -19.1913844], [-42.2730792, -19.190606], [-42.2718018, -19.1898258], [-42.2666426, -19.1866714], [-42.2659828, -19.1862407], [-42.2655147, -19.1858823], [-42.2650829, -19.1855023], [-42.2647396, -19.1851432], [-42.2640798, -19.1844079], [-42.2630042, -19.1832046], [-42.262394, -19.182527], [-42.2621164, -19.1822534], [-42.2618991, -19.1820532], [-42.2610529, -19.1813262], [-42.2607377, -19.181038], [-42.25941, -19.1798429], [-42.2573528, -19.1779847], [-42.2559272, -19.1766978], [-42.255616, -19.1763722], [-42.2553599, -19.1760796], [-42.2549146, -19.1755122], [-42.2541811, -19.1745913], [-42.253717, -19.1740149], [-42.2534341, -19.1737198], [-42.2531987, -19.1735279], [-42.2529855, -19.1733816], [-42.2527233, -19.1732308], [-42.2521714, -19.1729806], [-42.2504166, -19.172277], [-42.2498935, -19.1720616], [-42.2496052, -19.1719071], [-42.2493383, -19.1717437], [-42.2491036, -19.1715549], [-42.248814, -19.1712535], [-42.2484934, -19.1708253], [-42.2479288, -19.1700019], [-42.2466695, -19.168193], [-42.2458421, -19.1669757], [-42.2456514, -19.1667093], [-42.2454974, -19.1664943], [-42.2451849, -19.1660953], [-42.2449422, -19.1658394], [-42.2446659, -19.1655898], [-42.2443669, -19.1653555], [-42.2440664, -19.1651642], [-42.2435877, -19.1648944], [-42.242834, -19.1645067], [-42.2424437, -19.1642863], [-42.2421567, -19.1640722], [-42.2419649, -19.1638708], [-42.2417691, -19.163606], [-42.2416109, -19.1632919], [-42.2414325, -19.1627864], [-42.2412957, -19.162433], [-42.2411469, -19.1621112], [-42.2409953, -19.1618921], [-42.2407405, -19.1616222], [-42.2403516, -19.1613207], [-42.2391017, -19.1604289], [-42.238698, -19.1601312], [-42.238531, -19.1599982], [-42.2383735, -19.1598474], [-42.2381361, -19.1595535], [-42.2379845, -19.1592875], [-42.2378759, -19.1590126], [-42.2378142, -19.158744], [-42.2377726, -19.1584324], [-42.2377731, -19.1583234], [-42.2377753, -19.1578471], [-42.2377881, -19.1573965], [-42.2377901, -19.1573252], [-42.237776, -19.1571143], [-42.2377196, -19.1567255], [-42.2376734, -19.156624], [-42.2376218, -19.1564821], [-42.237554, -19.156344], [-42.2374729, -19.1562034], [-42.2374087, -19.1561131], [-42.2373945, -19.1560932], [-42.2372932, -19.1559583], [-42.2371437, -19.155772], [-42.2365858, -19.1550943], [-42.2364496, -19.1549233], [-42.2363812, -19.1548434], [-42.2360151, -19.1543874], [-42.2358723, -19.1542069], [-42.2357308, -19.1540384], [-42.2355907, -19.153868], [-42.2348651, -19.1529723], [-42.2347002, -19.1527715], [-42.2345084, -19.1525213], [-42.2341181, -19.1520525], [-42.2337775, -19.1516231], [-42.2335401, -19.1513038], [-42.2334154, -19.1511024], [-42.2332156, -19.1507705], [-42.2330412, -19.1504284], [-42.232885, -19.1501047], [-42.2325142, -19.1492806], [-42.2324381, -19.1490944], [-42.2323886, -19.1489655], [-42.2323556, -19.1488802], [-42.2323463, -19.148855], [-42.232262, -19.1486256], [-42.2318852, -19.1478376], [-42.2317075, -19.1475044], [-42.2314835, -19.1471288], [-42.2313367, -19.1469013], [-42.2311033, -19.1465529], [-42.2307104, -19.1460778], [-42.2304428, -19.145789], [-42.2301847, -19.1455597], [-42.2297917, -19.1452721], [-42.22914, -19.1448375], [-42.2280107, -19.1441103], [-42.2266267, -19.1432374], [-42.225295, -19.1423708], [-42.2207688, -19.1394416], [-42.2200486, -19.1389943], [-42.2196674, -19.1387897], [-42.2192359, -19.1385699], [-42.2183508, -19.1381721], [-42.2162238, -19.1371914], [-42.2155076, -19.136862], [-42.2144618, -19.1363997], [-42.2139156, -19.1360507], [-42.2136256, -19.1357176], [-42.2134504, -19.1354341], [-42.2133444, -19.1351769], [-42.2132331, -19.1347005], [-42.2132438, -19.1341253], [-42.2132906, -19.1332352], [-42.2133055, -19.132952], [-42.2133914, -19.1314417], [-42.213502, -19.1292953], [-42.2135204, -19.128833], [-42.2135657, -19.1284008], [-42.2136046, -19.1269918], [-42.213618, -19.1261391], [-42.2136328, -19.1249708], [-42.2136234, -19.1245084], [-42.2135523, -19.1234845], [-42.2133444, -19.1215319], [-42.2132117, -19.1203497], [-42.2131312, -19.1198074], [-42.2130199, -19.1192632], [-42.2128616, -19.1189191], [-42.2126544, -19.1186695], [-42.2122367, -19.1182286], [-42.2111316, -19.117225], [-42.2107092, -19.1168575], [-42.2094458, -19.1157703], [-42.2085124, -19.1149466], [-42.2080833, -19.1146704], [-42.2076839, -19.1144792], [-42.2067127, -19.1141559], [-42.2053952, -19.1136978], [-42.204591, -19.1133893], [-42.204127, -19.1131954], [-42.2038977, -19.1130472], [-42.2037622, -19.1129356], [-42.2036496, -19.1128013], [-42.2034665, -19.1125606], [-42.2033559, -19.1123097], [-42.2031426, -19.1114366], [-42.2029495, -19.1100933], [-42.2028758, -19.1095827], [-42.2025351, -19.1073891], [-42.2023782, -19.1067137], [-42.2021516, -19.106075], [-42.20188, -19.1053254], [-42.2017399, -19.1049231], [-42.2015072, -19.1043642], [-42.2012037, -19.1038448], [-42.2008574, -19.1033606], [-42.200517, -19.1028817], [-42.1997792, -19.1019349], [-42.199122, -19.1009363], [-42.1987465, -19.1004446], [-42.1982825, -19.0997717], [-42.1979606, -19.0992382], [-42.1976361, -19.098564], [-42.1971452, -19.0974538], [-42.1968207, -19.0968696], [-42.196596, -19.0965224], [-42.1963084, -19.0961409], [-42.195729, -19.0955199], [-42.1949767, -19.0948077], [-42.1939454, -19.0938496], [-42.1932183, -19.0931848], [-42.192828, -19.0929313], [-42.1923897, -19.0927622], [-42.1918519, -19.0926507], [-42.1914791, -19.0926051], [-42.1909701, -19.0925709], [-42.1905557, -19.0924936], [-42.1900415, -19.0923467], [-42.1896781, -19.0921506], [-42.1893771, -19.091883], [-42.1891348, -19.0915519], [-42.1889859, -19.0912363], [-42.1888838, -19.0908718], [-42.1888491, -19.0904937], [-42.1888465, -19.0898296], [-42.1888491, -19.0894799], [-42.1888277, -19.0892466], [-42.1887888, -19.08903], [-42.1887284, -19.088817], [-42.1886265, -19.088561], [-42.18821, -19.0877295], [-42.1875562, -19.0864577], [-42.1870127, -19.0853642], [-42.1865271, -19.084398], [-42.1862228, -19.0837659], [-42.186065, -19.0834724], [-42.1858972, -19.0832749], [-42.1857253, -19.0831078], [-42.1855375, -19.0829585], [-42.1852816, -19.0828129], [-42.1850185, -19.0827012], [-42.1847757, -19.0826168], [-42.1843761, -19.0825017], [-42.1839786, -19.0823712], [-42.1835592, -19.0821948], [-42.1831897, -19.0819919], [-42.182881, -19.0817626], [-42.1825464, -19.0814767], [-42.1822742, -19.0811835], [-42.1819557, -19.0807573], [-42.1816826, -19.0802595], [-42.1814428, -19.0797542], [-42.1805799, -19.0778932], [-42.1800622, -19.0768108], [-42.1798959, -19.0764762], [-42.1796411, -19.0760149], [-42.1793461, -19.0755409], [-42.1790484, -19.0750998], [-42.1782678, -19.0739996], [-42.1769992, -19.0723924], [-42.1754636, -19.0703366], [-42.1753897, -19.0702467], [-42.1751602, -19.0699455], [-42.1746321, -19.0692681], [-42.1740407, -19.0685152], [-42.1737778, -19.068211], [-42.1735378, -19.0679676], [-42.1732856, -19.0677445], [-42.1729463, -19.0674707], [-42.1725748, -19.0672045], [-42.1721913, -19.0669751], [-42.1717259, -19.0667368], [-42.1707188, -19.0662615], [-42.1704452, -19.0661588], [-42.1702386, -19.0661094], [-42.1700227, -19.066079], [-42.1697988, -19.066079], [-42.1694836, -19.0661043], [-42.1691684, -19.0661702], [-42.1687084, -19.066278], [-42.1673124, -19.066605], [-42.1666284, -19.0667634], [-42.1662475, -19.0668433], [-42.1659994, -19.0668725], [-42.1657419, -19.0668902], [-42.1655687, -19.0668792], [-42.165353, -19.0668446], [-42.1650566, -19.0667584], [-42.164779, -19.0666266], [-42.1645309, -19.0664719], [-42.1643311, -19.0663211], [-42.1641567, -19.0661246], [-42.1640132, -19.0659256], [-42.1638999, -19.0657133], [-42.1637557, -19.0653438], [-42.1633179, -19.0640756], [-42.1631117, -19.0634586], [-42.1630597, -19.0633176], [-42.1629719, -19.0630977], [-42.1628378, -19.0627916], [-42.1625722, -19.0623004], [-42.1613914, -19.0603287], [-42.1605619, -19.0589439], [-42.1604224, -19.0586618], [-42.1603353, -19.0584127], [-42.1602809, -19.0581421], [-42.1602655, -19.0578842], [-42.160354, -19.0551087], [-42.1603413, -19.054827], [-42.1603192, -19.0545846], [-42.1602635, -19.0542303], [-42.160175, -19.0538329], [-42.1600409, -19.0533873], [-42.1598491, -19.0529012], [-42.1597016, -19.0525925], [-42.1595373, -19.052294], [-42.1593593, -19.0520049], [-42.1592413, -19.0518397], [-42.1590733, -19.0516044], [-42.1585563, -19.0510287], [-42.1571401, -19.0495799], [-42.1564145, -19.0488288], [-42.155294, -19.0476803], [-42.1543653, -19.0467308], [-42.1532542, -19.0455855], [-42.1527225, -19.0450388], [-42.1526447, -19.0449605], [-42.1518539, -19.0441768], [-42.1509589, -19.0432364], [-42.1505626, -19.042826], [-42.1499873, -19.0422321], [-42.1497043, -19.0419326], [-42.149599, -19.0418156], [-42.1494294, -19.0416061], [-42.1492725, -19.0413868], [-42.1490432, -19.0410426], [-42.1488246, -19.0406503], [-42.1486321, -19.0402547], [-42.1484551, -19.0397946], [-42.1483853, -19.0395936], [-42.1482152, -19.0388965], [-42.14816, -19.0385439], [-42.1481091, -19.037936], [-42.1481205, -19.0373117], [-42.1481842, -19.0367336], [-42.1481982, -19.0366402], [-42.1482901, -19.0360293], [-42.1483921, -19.0353619], [-42.1486093, -19.0340415], [-42.1487023, -19.0332285], [-42.1487248, -19.0327173], [-42.1486881, -19.0319749], [-42.1485597, -19.0312669], [-42.1483792, -19.0305958], [-42.1479818, -19.0293362], [-42.147344, -19.0274309], [-42.147029, -19.0264545], [-42.1467244, -19.0254905], [-42.146448, -19.0246779], [-42.1462578, -19.0240625], [-42.1460749, -19.0236225], [-42.1459131, -19.0233384], [-42.1456886, -19.0230468], [-42.1453925, -19.0227339], [-42.1447471, -19.0222395], [-42.1436177, -19.0213742], [-42.1433322, -19.0211339], [-42.1430728, -19.0208295], [-42.1428706, -19.0205361], [-42.1426683, -19.0201588], [-42.1422001, -19.018786], [-42.1418624, -19.0177957], [-42.14144, -19.0165438], [-42.1409926, -19.0152355], [-42.1407253, -19.0145539], [-42.1406137, -19.0143098], [-42.1404668, -19.014004], [-42.1403248, -19.0137416], [-42.1402425, -19.0135964], [-42.139696, -19.012715], [-42.1388907, -19.0117559], [-42.1383862, -19.0112367], [-42.1379035, -19.0107795], [-42.136755, -19.0098597], [-42.1307088, -19.0050176], [-42.1267072, -19.0017858], [-42.1231654, -18.998465], [-42.1216633, -18.9970855], [-42.120293, -18.9957971], [-42.1198671, -18.9953967], [-42.1163752, -18.9925445], [-42.1084325, -18.9856598], [-42.1076734, -18.9849965], [-42.1047753, -18.9824868], [-42.1035321, -18.9814114], [-42.102706, -18.9807038], [-42.102415, -18.9804615], [-42.1021494, -18.9802586], [-42.1010212, -18.9792926], [-42.0997462, -18.9781712], [-42.0990448, -18.9775282], [-42.0984673, -18.9768831], [-42.0982401, -18.9766202], [-42.0979422, -18.9762395], [-42.0958036, -18.9735918], [-42.0945574, -18.9720621], [-42.0937675, -18.9710577], [-42.0929669, -18.9700824], [-42.0921448, -18.9690766], [-42.0917143, -18.968563], [-42.0907943, -18.967471], [-42.0904054, -18.9670525], [-42.0900781, -18.9667531], [-42.0897254, -18.9665007], [-42.0889503, -18.9660987], [-42.0887558, -18.9660245], [-42.0883904, -18.9659135], [-42.088104, -18.96584], [-42.0877232, -18.9657727], [-42.0870164, -18.9657372], [-42.0865125, -18.9657792], [-42.0859811, -18.9658806], [-42.0854741, -18.9660188], [-42.0849538, -18.96619], [-42.0841491, -18.9664094], [-42.0835309, -18.9664678], [-42.0830172, -18.9663879], [-42.0825666, -18.9662116], [-42.0817995, -18.9657182], [-42.0810364, -18.9651754], [-42.0802706, -18.9646363], [-42.0767053, -18.9621049], [-42.0763362, -18.9617729], [-42.0760703, -18.9613894], [-42.0759094, -18.9610407], [-42.0757981, -18.9606069], [-42.0757833, -18.9601668], [-42.0758557, -18.9597482], [-42.0761454, -18.9587044], [-42.0762232, -18.9583581], [-42.0763023, -18.9578546], [-42.0763104, -18.9574005], [-42.076309, -18.9573041], [-42.0762688, -18.9569591], [-42.076191, -18.9566433], [-42.0761038, -18.9564232], [-42.075982, -18.9561772], [-42.0759429, -18.9561042], [-42.0758198, -18.9559395], [-42.0756291, -18.9556844], [-42.0750886, -18.9551339], [-42.0732178, -18.9533531], [-42.0724426, -18.9525895], [-42.0715964, -18.9517904], [-42.071127, -18.9512501], [-42.0709556, -18.9509852], [-42.0704621, -18.950214], [-42.0698489, -18.9491077], [-42.0695727, -18.9486549], [-42.069228, -18.9482008], [-42.0689288, -18.9478508], [-42.0683979, -18.9473687], [-42.06828, -18.9472757], [-42.0668207, -18.946125], [-42.0664606, -18.9458396], [-42.0652704, -18.9449168], [-42.0646159, -18.9444437], [-42.0640594, -18.9441088], [-42.0636798, -18.9439122], [-42.0631263, -18.9436358], [-42.0626458, -18.9434021], [-42.0610513, -18.9427173], [-42.0603962, -18.9423906], [-42.0601132, -18.9422251], [-42.0596659, -18.9419505], [-42.059273, -18.9416974], [-42.0584093, -18.94102], [-42.0577121, -18.9404511], [-42.0573016, -18.9401162], [-42.0551377, -18.9383765], [-42.0548654, -18.9381469], [-42.0541191, -18.9375367], [-42.0523354, -18.9361198], [-42.0493716, -18.9337191], [-42.0479239, -18.9325387], [-42.0460631, -18.9310393], [-42.0454703, -18.9305471], [-42.0444551, -18.9297365], [-42.0440005, -18.9294206], [-42.0434426, -18.9290679], [-42.0428939, -18.9287808], [-42.0422195, -18.9284279], [-42.0409749, -18.9278082], [-42.0403252, -18.9274809], [-42.0343848, -18.9244629], [-42.032306, -18.9234797], [-42.0319617, -18.9233593], [-42.0315164, -18.9232036], [-42.0312325, -18.9231472], [-42.0278954, -18.9224842], [-42.0274268, -18.9223911], [-42.0270618, -18.9223186], [-42.0265968, -18.9222651], [-42.0261457, -18.9222513], [-42.0257186, -18.9223112], [-42.0253194, -18.9224242], [-42.0213283, -18.9242347], [-42.0207013, -18.9244701], [-42.0203514, -18.9245822], [-42.0200215, -18.9246291], [-42.0196567, -18.9246139], [-42.0193577, -18.9245416], [-42.019009, -18.9244185], [-42.0187362, -18.9242672], [-42.0182556, -18.9238044], [-42.0151904, -18.9201115], [-42.0130326, -18.9175118], [-42.0121126, -18.9164034], [-42.0110616, -18.9151349], [-42.0100187, -18.9138468], [-42.0086696, -18.9122268], [-42.0075971, -18.9109414], [-42.0060682, -18.9091079], [-42.0043548, -18.9070442], [-42.0040581, -18.906621], [-42.0038259, -18.9062545], [-42.0036458, -18.9058505], [-42.0035073, -18.9054477], [-42.0034139, -18.9050353], [-42.0033586, -18.9046165], [-42.0033361, -18.9042523], [-42.0033687, -18.9037756], [-42.003416, -18.9033728], [-42.0034631, -18.9030343], [-42.0037341, -18.9014625], [-42.0037884, -18.9010488], [-42.0040947, -18.8989757], [-42.0041442, -18.8985685], [-42.0041866, -18.8981492], [-42.0042381, -18.8976816], [-42.0042716, -18.8974316], [-42.0043011, -18.8971943], [-42.004332, -18.8969609], [-42.0044463, -18.8962363], [-42.0045369, -18.8956736], [-42.0046337, -18.8949942], [-42.0046839, -18.89461], [-42.0047289, -18.8942653], [-42.0047794, -18.8938433], [-42.0048031, -18.893631], [-42.0048769, -18.8930012], [-42.0048921, -18.8929887], [-42.004901, -18.8929577], [-42.0049194, -18.8928571], [-42.0049395, -18.8927471], [-42.0049717, -18.8925301], [-42.0050427, -18.8921], [-42.0051024, -18.8916318], [-42.0051319, -18.8914211], [-42.0051453, -18.8912987], [-42.0051456, -18.8912854], [-42.0051443, -18.8912713], [-42.0051387, -18.8912398], [-42.0052077, -18.8907169], [-42.0052426, -18.8904555], [-42.0052553, -18.8903363], [-42.0052632, -18.890211], [-42.0052788, -18.8899061], [-42.0052819, -18.8895814], [-42.0052506, -18.8892963], [-42.0052258, -18.8891676], [-42.0051889, -18.8890096], [-42.005144, -18.8888596], [-42.0051098, -18.8887609], [-42.0050671, -18.8886472], [-42.0050246, -18.8885516], [-42.0049844, -18.8884653], [-42.0049388, -18.8883701], [-42.0048843, -18.8882692], [-42.0048496, -18.8882141], [-42.0048154, -18.8881639], [-42.0047802, -18.8881167], [-42.0047551, -18.8880884], [-42.0047236, -18.8880635], [-42.004736, -18.8881018], [-42.0047561, -18.8881357], [-42.0047943, -18.8882052], [-42.0048339, -18.8882772], [-42.0048627, -18.8883392], [-42.0048848, -18.8883933], [-42.0049053, -18.8884586], [-42.004924, -18.8885338], [-42.0049386, -18.8886062], [-42.0049468, -18.8887083], [-42.0049475, -18.8888295], [-42.0049191, -18.8891067], [-42.0048566, -18.8896045], [-42.0048086, -18.8901076], [-42.00475, -18.8905299], [-42.0046663, -18.8910892], [-42.0046337, -18.8911832], [-42.0046142, -18.8912549], [-42.0046018, -18.8913317], [-42.0045956, -18.8914199], [-42.0045995, -18.8915036], [-42.0046042, -18.8915893], [-42.0046243, -18.8917342], [-42.0046451, -18.8918227], [-42.0046764, -18.8919242], [-42.0047651, -18.8921571], [-42.0048355, -18.8923663], [-42.0048577, -18.8924679], [-42.0048677, -18.8925837], [-42.0048684, -18.8927769], [-42.0048681, -18.8928559], [-42.0048666, -18.8929529], [-42.0048684, -18.8929889], [-42.0048769, -18.8930012]]}}, {"type": "Feature", "properties": {"ref": "BR-381", "highway": "trunk", "name": "Rodovia Fern\u00e3o Dias"}, "geometry": {"type": "LineString", "coordinates": [[-42.7885767, -19.6188765], [-42.7887427, -19.6188709], [-42.789224, -19.6187566], [-42.7897776, -19.6185701], [-42.7915519, -19.6180269], [-42.7922312, -19.6178019], [-42.7926687, -19.6177026], [-42.7932684, -19.617672], [-42.7936858, -19.6176844], [-42.7940567, -19.6177306], [-42.7961488, -19.6179774], [-42.7980742, -19.6182123], [-42.7975557, -19.6180516], [-42.7969233, -19.6179609], [-42.7965696, -19.617896], [-42.7961474, -19.6178494], [-42.7945382, -19.6176632], [-42.7942596, -19.6176046], [-42.7940702, -19.6175503], [-42.7938395, -19.6174627], [-42.7936836, -19.6173108], [-42.7935513, -19.6171477], [-42.792829, -19.615988], [-42.792464, -19.615665], [-42.792175, -19.6155557], [-42.791924, -19.6155419], [-42.791624, -19.6155364], [-42.791286, -19.6156264], [-42.7910131, -19.6158052], [-42.7907275, -19.6161391], [-42.7901654, -19.6170422], [-42.7893686, -19.6182371], [-42.7891316, -19.6185509], [-42.7889626, -19.6186962], [-42.7888687, -19.6187404], [-42.78863, -19.6188074], [-42.7882432, -19.6187894]]}}, {"type": "Feature", "properties": {"ref": "BR-381", "highway": "trunk", "name": "Rodovia Fern\u00e3o Dias"}, "geometry": {"type": "LineString", "coordinates": [[-41.9637132, -18.8359828], [-41.9637769, -18.8361206], [-41.9638192, -18.8361866], [-41.9638712, -18.8362558], [-41.9639375, -18.8363335], [-41.9639986, -18.836398], [-41.9641156, -18.8365166], [-41.9643302, -18.836674], [-41.9647184, -18.8369596], [-41.965059, -18.8372357], [-41.9652686, -18.8374178], [-41.9653826, -18.8375254], [-41.9654812, -18.8376323], [-41.9656914, -18.8379052], [-41.9658835, -18.8382422], [-41.9660773, -18.838721], [-41.9662996, -18.8393484], [-41.9665208, -18.8398554], [-41.9666985, -18.8401709], [-41.9667924, -18.8402975], [-41.9668529, -18.840379], [-41.9669272, -18.8404793], [-41.9671539, -18.8407333], [-41.9672155, -18.8408023], [-41.9674744, -18.8410377], [-41.9677416, -18.8412259], [-41.968161, -18.8414515], [-41.968737, -18.8417371], [-41.9694673, -18.8420906], [-41.970465, -18.8425602], [-41.9713394, -18.8429968], [-41.9717749, -18.8432281], [-41.9721495, -18.8434271], [-41.9733605, -18.844148], [-41.9755119, -18.8454362], [-41.975933, -18.8456774], [-41.9759724, -18.8456912], [-41.9763067, -18.8458079], [-41.9766177, -18.8458618], [-41.9770365, -18.8459022], [-41.9774491, -18.8458445], [-41.9781443, -18.8456194], [-41.9783861, -18.8455685], [-41.9789725, -18.8455216], [-41.9792414, -18.8456015], [-41.9794967, -18.8456671], [-41.9800066, -18.8458448], [-41.9804156, -18.8460468], [-41.9810673, -18.8463436], [-41.9819894, -18.8467582], [-41.9824782, -18.8469798], [-41.9827898, -18.8471384], [-41.9828823, -18.847192], [-41.9829913, -18.8472627], [-41.9830953, -18.8473381], [-41.9832925, -18.8475389], [-41.9834888, -18.8477846], [-41.9836939, -18.848229], [-41.9837844, -18.8485763], [-41.9838052, -18.8487658], [-41.9838015, -18.8490389], [-41.9837844, -18.84927], [-41.9837791, -18.8493682], [-41.983751, -18.8495606], [-41.9837084, -18.8501864], [-41.9836073, -18.8516335], [-41.9835176, -18.8529188], [-41.9834738, -18.8538067], [-41.9834594, -18.8544713], [-41.9835234, -18.8548942], [-41.9836676, -18.8554776], [-41.9838009, -18.8558038], [-41.9839474, -18.8561623], [-41.9844152, -18.8573068], [-41.9846673, -18.8579731], [-41.9852443, -18.8594622], [-41.9853017, -18.8596102], [-41.9853922, -18.8598374], [-41.985767, -18.8606801], [-41.9860272, -18.8611814], [-41.9863142, -18.8615875], [-41.9868346, -18.8623083], [-41.9872369, -18.8627309], [-41.9878759, -18.863415], [-41.9886504, -18.8642208], [-41.989376, -18.8650076], [-41.9895624, -18.8652513], [-41.9898252, -18.8656739], [-41.9899634, -18.8659632], [-41.9901069, -18.8663237], [-41.9901605, -18.8664874], [-41.9903375, -18.8672133], [-41.9904985, -18.8679734], [-41.990642, -18.8685699], [-41.9908273, -18.8691781], [-41.990874, -18.8693313], [-41.9913192, -18.8706225], [-41.9920447, -18.8724988], [-41.9927354, -18.8743553], [-41.9928414, -18.8747284], [-41.9930238, -18.8755088], [-41.9932182, -18.8766312], [-41.9934184, -18.877631], [-41.9935106, -18.8780912], [-41.9937205, -18.8789465], [-41.9940162, -18.8798741], [-41.9941825, -18.8803436], [-41.9943622, -18.8807522], [-41.9943812, -18.8807879], [-41.9950381, -18.8820262], [-41.9953997, -18.8825325], [-41.9958088, -18.8831054], [-41.9966689, -18.8842265], [-41.9972858, -18.8849536], [-41.9975696, -18.8852451], [-41.9980368, -18.8856528], [-41.9983935, -18.8858812], [-41.9987851, -18.8860994], [-41.9988988, -18.8861464], [-41.9992089, -18.8862745], [-41.9996855, -18.8864218], [-42.0003381, -18.8865486], [-42.0009229, -18.8865842], [-42.0020627, -18.8866008], [-42.0023364, -18.8866248], [-42.0024678, -18.88664], [-42.002843, -18.8867205], [-42.0029851, -18.8867712], [-42.0030834, -18.8868062], [-42.0033218, -18.8869076], [-42.0035313, -18.8870105], [-42.0037275, -18.8871252], [-42.003888, -18.8872326], [-42.0040467, -18.8873523], [-42.0041577, -18.887452], [-42.0043578, -18.8876318], [-42.0044453, -18.887716], [-42.0045231, -18.8878004], [-42.0046153, -18.8879131], [-42.0047236, -18.8880635]]}}, {"type": "Feature", "properties": {"ref": "BR-381", "highway": "trunk", "name": "Rodovia Fern\u00e3o Dias"}, "geometry": {"type": "LineString", "coordinates": [[-46.5577538, -23.5235751], [-46.558812, -23.5220106], [-46.5588175, -23.5220023], [-46.5589286, -23.5218276]]}}, {"type": "Feature", "properties": {"ref": "BR-381", "highway": "trunk", "name": "Rodovia Fern\u00e3o Dias"}, "geometry": {"type": "LineString", "coordinates": [[-46.5595729, -23.5208584], [-46.5607058, -23.5191879], [-46.5607234, -23.5191582], [-46.5607385, -23.5191328], [-46.5607713, -23.5190777], [-46.5610403, -23.5185871], [-46.56122, -23.5182059], [-46.561337, -23.5178537], [-46.5613531, -23.517787], [-46.5613703, -23.5177096], [-46.5613868, -23.5176355], [-46.5614332, -23.5174272], [-46.5614781, -23.5171025], [-46.5614886, -23.5167327], [-46.5614736, -23.5164232], [-46.5614248, -23.5160851], [-46.5613645, -23.5157825], [-46.5612876, -23.5155501], [-46.5610341, -23.5149239], [-46.5609635, -23.5147832], [-46.5605746, -23.5140317], [-46.5604218, -23.5137353], [-46.5599696, -23.5128939], [-46.5591935, -23.5113753], [-46.5590317, -23.5110479], [-46.5588139, -23.5105767], [-46.5586838, -23.5102935], [-46.5585325, -23.5098754], [-46.5584525, -23.5095406], [-46.5583712, -23.5090721], [-46.5583598, -23.5087738], [-46.5583631, -23.5086422], [-46.5583777, -23.5083585], [-46.558384, -23.508233], [-46.5583966, -23.5079792], [-46.5584143, -23.5077082], [-46.5584226, -23.5076297], [-46.558438, -23.507476], [-46.5585411, -23.5064451], [-46.5585507, -23.5063364], [-46.5585947, -23.5059834], [-46.5585983, -23.5059486], [-46.5586672, -23.5052897], [-46.5586833, -23.5051354], [-46.5587069, -23.5049095], [-46.5588375, -23.5035841], [-46.5588911, -23.5029916], [-46.5588974, -23.5029213], [-46.5590446, -23.5017613], [-46.5592806, -23.4995328], [-46.5593236, -23.4991187], [-46.5594007, -23.4982198], [-46.559446, -23.4976926], [-46.5594497, -23.4975206], [-46.5594569, -23.4969072], [-46.5594551, -23.4963473], [-46.5594685, -23.4960201], [-46.5594685, -23.4957619], [-46.5594578, -23.4953953], [-46.5594524, -23.4952256], [-46.559431, -23.4949895], [-46.5594015, -23.4946353], [-46.55938, -23.4943499], [-46.5593475, -23.4940032], [-46.5593277, -23.493564], [-46.5592942, -23.4929305], [-46.5592821, -23.4927043], [-46.5592727, -23.4923353], [-46.5592647, -23.4918531], [-46.5592539, -23.491248], [-46.5592579, -23.4904328], [-46.5592888, -23.4897228], [-46.5593143, -23.4893231], [-46.559321, -23.4890833], [-46.5594903, -23.4870703], [-46.5596593, -23.4848341], [-46.5597747, -23.4834737], [-46.5599678, -23.4795917], [-46.5600168, -23.4789233], [-46.5601019, -23.4777613], [-46.5603647, -23.4763147], [-46.5605042, -23.4756407], [-46.5606383, -23.4752519], [-46.5607694, -23.4749648], [-46.5609119, -23.474691], [-46.5613303, -23.4741252], [-46.5614587, -23.4739783], [-46.5619311, -23.4735003], [-46.5626446, -23.4728458], [-46.5631941, -23.4724111], [-46.563355, -23.4722906], [-46.5635589, -23.4721602], [-46.5662966, -23.4706626], [-46.566581, -23.4705046], [-46.5674243, -23.4700362], [-46.56994, -23.4686766], [-46.5702133, -23.4685085], [-46.5704495, -23.4683414], [-46.57065, -23.4681719], [-46.5708647, -23.4679349], [-46.5710506, -23.4676958], [-46.5712079, -23.4674362], [-46.5713297, -23.4671847], [-46.5714017, -23.4669984], [-46.5714553, -23.4666897], [-46.5714982, -23.466403], [-46.5715317, -23.4660512], [-46.5715458, -23.4658176], [-46.571517, -23.4648382], [-46.5714942, -23.4639106], [-46.5714727, -23.4629523], [-46.5714405, -23.46162], [-46.5713988, -23.4606283], [-46.5713961, -23.4605634], [-46.5713846, -23.460156], [-46.5713225, -23.4579452], [-46.5712716, -23.4570127], [-46.5712394, -23.4566842], [-46.5711656, -23.4561515], [-46.5711214, -23.4558328], [-46.5710466, -23.4553904], [-46.5709143, -23.4547696], [-46.5707123, -23.4539136], [-46.5705273, -23.4531914], [-46.5703838, -23.4526279], [-46.5700556, -23.451307], [-46.5698713, -23.4505351], [-46.5695951, -23.4493306], [-46.5694396, -23.4486524], [-46.569149, -23.4473847], [-46.5689971, -23.4467333], [-46.5686152, -23.4451355], [-46.5685213, -23.4447428], [-46.5681687, -23.443269], [-46.568119, -23.4429897], [-46.5680462, -23.4425845], [-46.5679953, -23.4421637], [-46.5679443, -23.4416715], [-46.567899, -23.4411958], [-46.5678531, -23.4400326], [-46.5678427, -23.439013], [-46.5678543, -23.4386992], [-46.5678719, -23.4384576], [-46.5678936, -23.4381635], [-46.5679912, -23.4371564], [-46.5680569, -23.436649], [-46.5681159, -23.4361502], [-46.5682098, -23.435635], [-46.5684146, -23.4347135], [-46.5686396, -23.4338842], [-46.5689634, -23.4328717], [-46.5690338, -23.4326821], [-46.5694274, -23.4317916], [-46.5698102, -23.4310142], [-46.5707047, -23.4295186], [-46.5709216, -23.4291776], [-46.5713618, -23.4285538], [-46.5718499, -23.4279041], [-46.5721608, -23.4274988], [-46.5729442, -23.4265357], [-46.5738133, -23.4255414], [-46.5750365, -23.4242798], [-46.5758973, -23.423329], [-46.5762569, -23.4229318], [-46.5770019, -23.4219854], [-46.5777508, -23.4210523], [-46.5781555, -23.4205312], [-46.5785046, -23.4200084], [-46.5786259, -23.4198082], [-46.5789041, -23.4193567], [-46.5792484, -23.4186347], [-46.5798301, -23.4174149], [-46.5800085, -23.4170408], [-46.5803746, -23.4162732], [-46.5808198, -23.4153313], [-46.581068, -23.4147722], [-46.5812105, -23.4143682], [-46.5813162, -23.4139497], [-46.5814228, -23.4134513], [-46.5814925, -23.4129633], [-46.5815375, -23.4122981], [-46.5815328, -23.4118694], [-46.5815029, -23.4115711], [-46.5814719, -23.4113102], [-46.5813789, -23.4108457], [-46.5812484, -23.4103529], [-46.5811461, -23.40995], [-46.5809351, -23.4091941], [-46.5804694, -23.4076624], [-46.5803794, -23.4073697], [-46.5801799, -23.4067676], [-46.5798697, -23.4058312], [-46.5797702, -23.4056178], [-46.5795747, -23.4053291], [-46.5793956, -23.4051692], [-46.5791885, -23.4050435], [-46.5789845, -23.4049531], [-46.5787057, -23.4048712], [-46.578239, -23.4048417], [-46.5776489, -23.4048417], [-46.5773917, -23.4048191], [-46.5771393, -23.4047728], [-46.5768801, -23.4046948], [-46.5766135, -23.4045758], [-46.5762672, -23.4043674], [-46.5761036, -23.4042443], [-46.5758514, -23.4040006], [-46.5757455, -23.4038664], [-46.5755832, -23.4036424], [-46.5754545, -23.4033791], [-46.5753284, -23.4030837], [-46.5752855, -23.4028843], [-46.575251, -23.4026312], [-46.5752634, -23.4023267], [-46.5752795, -23.4021624], [-46.5753123, -23.4019784], [-46.5753612, -23.40178], [-46.5754441, -23.4015924], [-46.5756346, -23.4012527], [-46.5758599, -23.4009377], [-46.5761415, -23.4005487], [-46.5762511, -23.4003501], [-46.5763189, -23.4001909], [-46.5764037, -23.3998558], [-46.5764261, -23.3997365], [-46.5764312, -23.3996182], [-46.5764295, -23.3994701], [-46.5764241, -23.3993174], [-46.576399, -23.3991407], [-46.5763383, -23.3988867], [-46.5762497, -23.3986676], [-46.5761193, -23.3984462], [-46.5759427, -23.3982158], [-46.5758093, -23.3980823], [-46.5755587, -23.397882], [-46.575106, -23.3975945], [-46.5742854, -23.3970436], [-46.5736192, -23.3965217], [-46.5732123, -23.3960939], [-46.5727232, -23.3955077], [-46.5724188, -23.3950397], [-46.5720898, -23.3944515], [-46.5719116, -23.3940355], [-46.571685, -23.3934022], [-46.5712546, -23.3922266], [-46.5709949, -23.3915021], [-46.5709062, -23.39126], [-46.5708254, -23.3910875], [-46.5707304, -23.3909168], [-46.5706092, -23.3907666], [-46.5704677, -23.390633], [-46.5702878, -23.3904865], [-46.5698897, -23.3901711], [-46.5696391, -23.3899745], [-46.5694915, -23.3898354], [-46.5693541, -23.3896795], [-46.5692348, -23.3894681], [-46.5691682, -23.38929], [-46.5691318, -23.3890674], [-46.5691257, -23.3888281], [-46.5691564, -23.3885317], [-46.5692023, -23.3882839], [-46.5692303, -23.3880666], [-46.569243, -23.3878562], [-46.5692175, -23.3876015], [-46.5691742, -23.3874122], [-46.5691157, -23.3872556], [-46.5690444, -23.3871154], [-46.5688992, -23.3869284], [-46.5687745, -23.3868069], [-46.5686395, -23.386697], [-46.568502, -23.3866105], [-46.5682907, -23.3865124], [-46.5680691, -23.3864469], [-46.5678196, -23.3864072], [-46.5675624, -23.3864025], [-46.5669182, -23.3864095], [-46.5660446, -23.3864231], [-46.5659052, -23.3864194], [-46.5657162, -23.3864046], [-46.5655457, -23.386378], [-46.5653649, -23.3863254], [-46.565207, -23.3862553], [-46.5650301, -23.386156], [-46.5648835, -23.3860465], [-46.5647309, -23.3858965], [-46.5646175, -23.385747], [-46.5645552, -23.3856394], [-46.5644915, -23.3855039], [-46.5644558, -23.3853718], [-46.5644253, -23.3852386], [-46.5644126, -23.3850774], [-46.5644126, -23.3848962], [-46.5644418, -23.3847034], [-46.5644762, -23.3845889], [-46.5645144, -23.384451], [-46.5645552, -23.3843143], [-46.564601, -23.3841658], [-46.5646389, -23.3839975], [-46.5646598, -23.383843], [-46.5646614, -23.3837031], [-46.5646437, -23.3835455], [-46.5646133, -23.3834116], [-46.5645667, -23.3832614], [-46.5644946, -23.3831171], [-46.5643983, -23.3829713], [-46.5642732, -23.3828211], [-46.5640791, -23.3826621], [-46.5638962, -23.3825502], [-46.5637454, -23.3824692], [-46.5635092, -23.3823374], [-46.5633374, -23.3822224], [-46.5631657, -23.3820777], [-46.5630161, -23.381907], [-46.562911, -23.3817234], [-46.5628362, -23.3815508], [-46.5627918, -23.3813709], [-46.5627715, -23.3811576], [-46.5627817, -23.3809461], [-46.5628253, -23.3807851], [-46.5628665, -23.3806456], [-46.5629312, -23.3804971], [-46.5630343, -23.3803487], [-46.5631555, -23.3801985], [-46.563297, -23.3800575], [-46.5635294, -23.3798646], [-46.5639568, -23.3795077], [-46.5642408, -23.3792468], [-46.5643459, -23.3791411], [-46.5644308, -23.3790298], [-46.5645056, -23.3789055], [-46.564538, -23.3788375], [-46.5645763, -23.3787571], [-46.5646315, -23.3786149], [-46.5646596, -23.3784372], [-46.5646596, -23.3782222], [-46.5646366, -23.3780259], [-46.5645832, -23.3778482], [-46.5644839, -23.3776379], [-46.5643616, -23.3774111], [-46.5640286, -23.3768203], [-46.5638589, -23.3765717], [-46.563681, -23.376401], [-46.563483, -23.3762637], [-46.5633738, -23.3761953], [-46.5632694, -23.3761419], [-46.5631639, -23.376106], [-46.5630505, -23.3760782], [-46.5628362, -23.37603], [-46.5625371, -23.3760077], [-46.5620965, -23.3760077], [-46.5618176, -23.3759929], [-46.561567, -23.3759595], [-46.5613124, -23.375889], [-46.5610577, -23.3757554], [-46.5608516, -23.3756107], [-46.5606778, -23.3754623], [-46.5605444, -23.3752879], [-46.5603625, -23.37498], [-46.5601283, -23.3745783], [-46.5599178, -23.3741785], [-46.5596996, -23.3737927], [-46.5595662, -23.3736183], [-46.5593883, -23.3734513], [-46.5592307, -23.3733363], [-46.5590488, -23.3732176], [-46.5584869, -23.3729504], [-46.5577634, -23.3726016], [-46.5566114, -23.3720488], [-46.5563042, -23.3718558], [-46.5560981, -23.3716703], [-46.5559445, -23.3714848], [-46.5558232, -23.371251], [-46.5557424, -23.3710098], [-46.5556979, -23.3707798], [-46.5555894, -23.3701465], [-46.5555563, -23.3700016], [-46.5554887, -23.3698593], [-46.5553924, -23.3697042], [-46.555291, -23.3695584], [-46.5551237, -23.369394], [-46.5549244, -23.3692435], [-46.5547216, -23.3691272], [-46.5540981, -23.3688356], [-46.5532043, -23.3684261], [-46.5528528, -23.368226], [-46.5526467, -23.3680585], [-46.5524963, -23.3678925], [-46.5523594, -23.3676894], [-46.5522496, -23.3674458], [-46.5521989, -23.3672442], [-46.5521651, -23.3670612], [-46.5521797, -23.3667732], [-46.5522201, -23.366394], [-46.5522712, -23.3659641], [-46.5523308, -23.3653993], [-46.5523585, -23.3650983], [-46.552378, -23.3648392], [-46.5523831, -23.3646057], [-46.5523763, -23.3644243], [-46.5523594, -23.3642055], [-46.5523518, -23.3641164], [-46.5523332, -23.3639892], [-46.5523011, -23.3638379], [-46.5522665, -23.3636875], [-46.552209, -23.3635137], [-46.5521533, -23.3633594], [-46.5520891, -23.3632082], [-46.5518646, -23.3627201], [-46.5517456, -23.3624872], [-46.5516131, -23.3622398], [-46.5514088, -23.3618977], [-46.5512157, -23.3615702], [-46.5510553, -23.3612577], [-46.5509784, -23.361126], [-46.5509018, -23.3610003]]}}, {"type": "Feature", "properties": {"ref": "BR-381", "highway": "trunk", "name": "Rodovia Fern\u00e3o Dias"}, "geometry": {"type": "LineString", "coordinates": [[-46.5506962, -23.3606424], [-46.5506151, -23.3605036], [-46.5505139, -23.3603255], [-46.5502746, -23.3598418], [-46.5500608, -23.3594002], [-46.5499055, -23.3590848], [-46.5496036, -23.3584096], [-46.549476, -23.358101], [-46.5494157, -23.3579552], [-46.5491044, -23.357313], [-46.5489797, -23.3570151], [-46.5488563, -23.3566408], [-46.5487987, -23.3561483], [-46.5488108, -23.3557285], [-46.5488805, -23.3555143], [-46.5489569, -23.355316], [-46.5490843, -23.3550796], [-46.5493177, -23.3547817], [-46.5495121, -23.3546093], [-46.5497938, -23.3544062], [-46.550408, -23.3540516], [-46.550758, -23.3538743], [-46.5509646, -23.3537142], [-46.5511362, -23.3535529], [-46.5512247, -23.353431], [-46.5513039, -23.3532882], [-46.5513757, -23.353104], [-46.5514105, -23.3529086], [-46.5514648, -23.3525328], [-46.5515113, -23.35226], [-46.5515551, -23.3520239], [-46.5516259, -23.3518013], [-46.5517228, -23.3515639], [-46.5518658, -23.3512899], [-46.5520401, -23.3510362], [-46.552248, -23.3507568], [-46.5526114, -23.3502938], [-46.5532987, -23.3494672], [-46.5534464, -23.3492825], [-46.5536115, -23.3491425], [-46.5537813, -23.3490333], [-46.5539502, -23.3489255], [-46.5541875, -23.3488548], [-46.5543963, -23.3488107], [-46.5545744, -23.3487892], [-46.5547925, -23.3487917], [-46.5551637, -23.3488356], [-46.5553999, -23.3488894], [-46.5557672, -23.3489938], [-46.5560641, -23.349083], [-46.5562356, -23.3491364], [-46.5563192, -23.3491624], [-46.5571006, -23.3493984], [-46.5572042, -23.3494349], [-46.5578953, -23.3496652], [-46.5588623, -23.3499892], [-46.5592501, -23.3500783], [-46.5595148, -23.3501024], [-46.5597936, -23.3500913], [-46.5600421, -23.3500282], [-46.5602643, -23.349928], [-46.5604562, -23.3497889], [-46.5606151, -23.3496043], [-46.5607666, -23.3493999], [-46.5608461, -23.3492047], [-46.5609007, -23.3490118], [-46.5609633, -23.3486724], [-46.5610098, -23.3484349], [-46.5610562, -23.3482235], [-46.5611128, -23.3480213], [-46.5612219, -23.3478136], [-46.5613956, -23.3475984], [-46.5615653, -23.3474502], [-46.561747, -23.3473485], [-46.5619831, -23.3472451], [-46.5622271, -23.3471626], [-46.5628735, -23.3470408], [-46.5641396, -23.3468241], [-46.564448, -23.3467379], [-46.565014, -23.3465322], [-46.5659944, -23.346132], [-46.567322, -23.3455903], [-46.5679014, -23.345344], [-46.5689072, -23.3449672], [-46.5694812, -23.3447517], [-46.5705621, -23.3443442], [-46.5708827, -23.3442297], [-46.5716283, -23.3439421], [-46.5721466, -23.343747], [-46.5724263, -23.3436226], [-46.5726227, -23.3435303], [-46.5728051, -23.3434305], [-46.5729855, -23.3433012], [-46.5731284, -23.343172], [-46.5732336, -23.3430568], [-46.5732906, -23.342986], [-46.5733778, -23.3428585], [-46.5734388, -23.3427446], [-46.5734992, -23.3425883], [-46.5735601, -23.3424005], [-46.5736708, -23.3420447], [-46.5744205, -23.3395038], [-46.5745063, -23.3392264], [-46.5749341, -23.3378617], [-46.5752761, -23.3366925], [-46.5764603, -23.332837], [-46.5767647, -23.331814], [-46.5767896, -23.331717], [-46.576982, -23.3310859], [-46.5772428, -23.3302399], [-46.5774433, -23.3295755], [-46.5776586, -23.3288569], [-46.5778121, -23.3283557], [-46.5779818, -23.3278114], [-46.5782225, -23.3271421], [-46.57837, -23.3268422], [-46.5785296, -23.3265602], [-46.5787596, -23.3261994], [-46.5788435, -23.3260682], [-46.5791439, -23.3256662], [-46.5794302, -23.3253075], [-46.5798587, -23.3247868], [-46.5799902, -23.3246248], [-46.5802798, -23.324192], [-46.5810699, -23.322462], [-46.5811454, -23.3223119], [-46.5811899, -23.3222351], [-46.5817273, -23.3213424], [-46.5820997, -23.3206486], [-46.5822301, -23.3203543], [-46.5823397, -23.3199421], [-46.5823719, -23.3197832], [-46.5824161, -23.3194999], [-46.5824483, -23.3191933], [-46.582455, -23.3188103], [-46.5824296, -23.3183127], [-46.5824027, -23.3175171], [-46.58239, -23.3171526], [-46.5823846, -23.3168201], [-46.5823424, -23.3158964], [-46.5823283, -23.3155103], [-46.5822814, -23.3144326], [-46.582278, -23.3142688], [-46.5822485, -23.313762], [-46.5822203, -23.3130021], [-46.5821761, -23.3126326], [-46.5820876, -23.3121929], [-46.5819789, -23.3117914], [-46.5817617, -23.311284], [-46.5815203, -23.3108566], [-46.5811542, -23.3103751], [-46.5805963, -23.3097974], [-46.5797929, -23.3091631], [-46.5790071, -23.3085695], [-46.5779141, -23.3078896], [-46.5773776, -23.3075891], [-46.5763342, -23.3069387], [-46.5758689, -23.3066062], [-46.5756892, -23.3064732], [-46.5754652, -23.306297], [-46.5749395, -23.3058475], [-46.5745211, -23.3054472], [-46.5741174, -23.3050321], [-46.5738398, -23.3047094], [-46.5732528, -23.3039709], [-46.5730237, -23.3036348], [-46.572673, -23.3030589], [-46.572496, -23.3027596], [-46.5723364, -23.3024616], [-46.5721768, -23.3021081], [-46.5721218, -23.3019393], [-46.5720816, -23.3017927], [-46.5719864, -23.3014158], [-46.5719187, -23.3010666], [-46.5718784, -23.3007747], [-46.5718487, -23.3006115], [-46.5717713, -23.2995221], [-46.5716331, -23.2975214], [-46.5715907, -23.2968555], [-46.5715934, -23.2963829], [-46.5716122, -23.296043], [-46.5717047, -23.295506], [-46.5717852, -23.2951364], [-46.5719247, -23.2947742], [-46.5720723, -23.2944503], [-46.57226, -23.2941054], [-46.5726006, -23.2936496], [-46.5729091, -23.2933022], [-46.573121, -23.2931138], [-46.5733852, -23.2929228], [-46.5736654, -23.2927442], [-46.5740798, -23.2925213], [-46.57445, -23.2923698], [-46.574859, -23.2922306], [-46.5752466, -23.2921419], [-46.5756074, -23.2920717], [-46.5759681, -23.2920409], [-46.5778786, -23.2920292], [-46.5781624, -23.2920263], [-46.5784734, -23.2919827], [-46.5786932, -23.2919276], [-46.5789293, -23.2918339], [-46.5791371, -23.2917243], [-46.579349, -23.2915568], [-46.579522, -23.2914016], [-46.5796655, -23.2912156], [-46.579797, -23.2909741], [-46.579868, -23.2907857], [-46.5799794, -23.2903804], [-46.5800612, -23.2900897], [-46.5800839, -23.2900256], [-46.5801577, -23.289884], [-46.5802342, -23.2897676], [-46.5803468, -23.2896228], [-46.580487, -23.289491], [-46.5806767, -23.2893506], [-46.5808607, -23.2892424], [-46.5815849, -23.2889024], [-46.5819604, -23.2888236], [-46.582344, -23.2888113], [-46.582557, -23.2888295], [-46.5828868, -23.2888787], [-46.5832543, -23.2890365], [-46.583544, -23.2892347], [-46.5839061, -23.2896253], [-46.5843916, -23.2904543], [-46.5845472, -23.2906723], [-46.5847939, -23.2908793], [-46.5850809, -23.291037], [-46.5852928, -23.2911195], [-46.5854993, -23.2911515], [-46.5857086, -23.2911466], [-46.5859459, -23.291101], [-46.5861645, -23.2910166], [-46.5863764, -23.2908916], [-46.5865025, -23.2907992], [-46.5866768, -23.2906378], [-46.5867694, -23.2904913], [-46.586878, -23.2902818], [-46.5870832, -23.2897183], [-46.5871442, -23.2895304], [-46.5871838, -23.289438], [-46.5872347, -23.2893518], [-46.5873407, -23.2892126], [-46.5874654, -23.2890808], [-46.5893054, -23.2877209], [-46.5896461, -23.2874129], [-46.5897989, -23.2872084], [-46.5899438, -23.2869275], [-46.5900672, -23.2865284], [-46.5901101, -23.2861638], [-46.5900779, -23.2857647], [-46.5899867, -23.2853927], [-46.5898526, -23.285097], [-46.5896567, -23.2848235], [-46.5893832, -23.2844959], [-46.5889836, -23.284082], [-46.5885148, -23.2835829], [-46.5880625, -23.283152], [-46.5879321, -23.2830151], [-46.5876934, -23.2827589], [-46.5872455, -23.2821479], [-46.5869933, -23.2817241], [-46.5867627, -23.2812757], [-46.5865159, -23.280507], [-46.5863496, -23.2799452], [-46.5858118, -23.2772793], [-46.5852704, -23.2747161], [-46.5851199, -23.2740085], [-46.5847725, -23.2724106], [-46.5844225, -23.2707043], [-46.5840737, -23.2690544], [-46.5839879, -23.2686488], [-46.5838766, -23.2681084], [-46.5837264, -23.2671277], [-46.5837371, -23.2667039], [-46.5837613, -23.2663294], [-46.5838471, -23.2659425], [-46.5840367, -23.2652984], [-46.5841609, -23.2650283], [-46.5843264, -23.2647218], [-46.5844444, -23.2645148], [-46.5846751, -23.2642043], [-46.5850787, -23.263784], [-46.5860854, -23.2627358], [-46.5863425, -23.262468], [-46.5871265, -23.2616516], [-46.5883789, -23.2603524], [-46.5888753, -23.2598405], [-46.5898072, -23.2589424], [-46.5904532, -23.2582803], [-46.5906958, -23.2580182], [-46.5909371, -23.2577763], [-46.5910958, -23.2575967], [-46.5916849, -23.2569689], [-46.5923202, -23.2562829], [-46.5927595, -23.2558251], [-46.5931383, -23.2554303], [-46.5936389, -23.254929], [-46.5940931, -23.2544667], [-46.5943238, -23.2541981], [-46.5944249, -23.2540272], [-46.594551, -23.2537561], [-46.5946743, -23.2534209], [-46.5947494, -23.2530612], [-46.594761, -23.2528193], [-46.5947549, -23.2526026], [-46.5947039, -23.2522465], [-46.5946443, -23.2520578], [-46.5945632, -23.2518559], [-46.5944164, -23.2515995], [-46.5942292, -23.251331], [-46.5934883, -23.2504708], [-46.5931061, -23.2500617], [-46.5930243, -23.249944], [-46.5929492, -23.2498282], [-46.5929009, -23.2497315], [-46.5928338, -23.2495466], [-46.5927561, -23.2492484], [-46.5927185, -23.2490488], [-46.5927064, -23.2488394], [-46.5927038, -23.2486705], [-46.5927427, -23.2483699], [-46.5927775, -23.2481407], [-46.5928137, -23.2479793], [-46.5928701, -23.2478055], [-46.5929559, -23.2476034], [-46.5930511, -23.2474235], [-46.5931329, -23.2472929], [-46.5932496, -23.2471303], [-46.5934145, -23.2469245], [-46.59355, -23.2467729], [-46.5936559, -23.2466645], [-46.5939872, -23.2463417], [-46.5942547, -23.2460736], [-46.5943996, -23.2459356], [-46.5948817, -23.2455099], [-46.5950668, -23.2453361], [-46.5964374, -23.2439782], [-46.5970597, -23.243335], [-46.5971871, -23.2431822], [-46.5972944, -23.2430306], [-46.5974164, -23.2428113], [-46.5975049, -23.2426252], [-46.5975894, -23.2424305], [-46.597698, -23.2421951], [-46.5977825, -23.2419943], [-46.5978657, -23.241738], [-46.597922, -23.2415199], [-46.5979783, -23.2412906], [-46.5981627, -23.2404016], [-46.5983726, -23.2396394], [-46.5985818, -23.2390417], [-46.5988487, -23.2385072], [-46.5991846, -23.2379659], [-46.599418, -23.2376301], [-46.5997241, -23.2372375], [-46.6013706, -23.2354693], [-46.6015067, -23.235307], [-46.6016369, -23.2351328], [-46.6017247, -23.2349868], [-46.6017937, -23.23483], [-46.6018602, -23.2346766], [-46.6019112, -23.2345259], [-46.6019492, -23.2343848], [-46.6019887, -23.2341837], [-46.6020087, -23.2339742], [-46.6020144, -23.2337982], [-46.6019909, -23.2334883], [-46.6019347, -23.2332448], [-46.6018701, -23.2330219], [-46.6017892, -23.2328184], [-46.6016812, -23.2326051], [-46.6015638, -23.2323989], [-46.6014344, -23.2322257], [-46.6012593, -23.2320197], [-46.6010982, -23.2318469], [-46.6009222, -23.2316571], [-46.5996312, -23.230286], [-46.5994105, -23.2300384], [-46.599207, -23.2297766], [-46.599002, -23.2294677], [-46.5988474, -23.2291969], [-46.5987346, -23.2289751], [-46.598631, -23.2287559], [-46.5985142, -23.2284532], [-46.5981612, -23.2274263], [-46.5978405, -23.2264614], [-46.5976325, -23.2258509], [-46.5959331, -23.2207891], [-46.5956968, -23.2200762], [-46.5954117, -23.2192783], [-46.5948175, -23.2174037], [-46.5947103, -23.2170816], [-46.5939454, -23.2148157], [-46.5937669, -23.2142801], [-46.5926534, -23.210928], [-46.5923442, -23.2100029], [-46.5920351, -23.2091073], [-46.5917266, -23.2082128], [-46.5910987, -23.2066003], [-46.5908941, -23.2060892], [-46.5907658, -23.2057688], [-46.5906918, -23.205584], [-46.5900981, -23.2041675], [-46.589992, -23.2039191], [-46.5896783, -23.2032389], [-46.5894439, -23.2027142], [-46.5890842, -23.2018544], [-46.5888855, -23.2013891], [-46.5883575, -23.2000925], [-46.5878142, -23.1987336], [-46.5868431, -23.1963334], [-46.5867694, -23.1961586], [-46.5865673, -23.1956506], [-46.5860439, -23.1943813], [-46.5856289, -23.1933898], [-46.5855795, -23.1932637], [-46.5855558, -23.1932087], [-46.585378, -23.1927246], [-46.5847553, -23.1911897], [-46.5838617, -23.1889912], [-46.5834538, -23.1879876], [-46.5833714, -23.187795], [-46.5831022, -23.1870957], [-46.5827198, -23.1861765], [-46.5819492, -23.1842175], [-46.5818361, -23.1839422], [-46.5813343, -23.1826704], [-46.5809383, -23.1816352], [-46.5806231, -23.1808708], [-46.5801591, -23.179855], [-46.5798868, -23.1791843], [-46.5792123, -23.1775286], [-46.5782762, -23.1751886], [-46.5777022, -23.1737535], [-46.5771765, -23.1724811], [-46.5770728, -23.1722235], [-46.5761612, -23.1699574], [-46.575948, -23.1694494], [-46.5753365, -23.1679834], [-46.5745305, -23.1659589], [-46.5742658, -23.1653266], [-46.574049, -23.16481], [-46.5739776, -23.164661], [-46.573581, -23.1633243], [-46.5734984, -23.1629017], [-46.5734219, -23.1624355], [-46.5733794, -23.162047], [-46.573355, -23.1615112], [-46.5733467, -23.1606355], [-46.5734251, -23.1597349], [-46.5734385, -23.159538], [-46.5734834, -23.1588824], [-46.5734921, -23.1588058], [-46.5736802, -23.1571242], [-46.5737888, -23.1561318], [-46.5739106, -23.1550547], [-46.5741997, -23.152091], [-46.5742061, -23.1520191], [-46.574213, -23.151942], [-46.5742275, -23.1517801], [-46.574463, -23.1493564], [-46.5746498, -23.1477196], [-46.5747821, -23.146643], [-46.5748725, -23.1458124], [-46.5751029, -23.1436306], [-46.575269, -23.1420072], [-46.5754699, -23.1400066], [-46.5755743, -23.1391554], [-46.5756537, -23.1384525], [-46.5757878, -23.1372653], [-46.5758449, -23.1367731], [-46.5760872, -23.1349243], [-46.5762253, -23.1336388], [-46.5762346, -23.1334837], [-46.576565, -23.1302138], [-46.576666, -23.1290951], [-46.5766662, -23.1284566], [-46.5766199, -23.1279045], [-46.5765162, -23.1272919], [-46.5763352, -23.1266085], [-46.5761672, -23.1259025], [-46.5753355, -23.1237014], [-46.5749237, -23.1226387], [-46.5746826, -23.1219321], [-46.5742598, -23.1206428], [-46.5740423, -23.1199795], [-46.5736601, -23.1188974], [-46.5731712, -23.1175664], [-46.5730336, -23.1171796], [-46.5728803, -23.116763], [-46.5727635, -23.1164485], [-46.5718289, -23.1139294], [-46.5711881, -23.112147], [-46.5703016, -23.109805], [-46.5698406, -23.1085384], [-46.5696615, -23.1080319], [-46.5686993, -23.1055038], [-46.5685961, -23.1051868], [-46.5684928, -23.1047686], [-46.5684237, -23.1044041], [-46.5683875, -23.1040918], [-46.5683681, -23.1037877], [-46.5683681, -23.1032668], [-46.5684195, -23.102745], [-46.5684405, -23.1025273], [-46.5685116, -23.102119], [-46.5686323, -23.10167], [-46.5687355, -23.1013826], [-46.5690373, -23.1006836], [-46.5690655, -23.100635], [-46.5691339, -23.1005081], [-46.569443, -23.1000269], [-46.569714, -23.0996388], [-46.5702334, -23.0989338], [-46.5706026, -23.0984072], [-46.5712548, -23.0974524], [-46.5717141, -23.0967837], [-46.5719502, -23.0964531], [-46.5722975, -23.0959221], [-46.5724893, -23.0955641], [-46.5725014, -23.0955415], [-46.572669, -23.0951511], [-46.572783, -23.0948112], [-46.5729082, -23.0942772], [-46.5729654, -23.0938786], [-46.5729942, -23.0934462], [-46.5729882, -23.0931094], [-46.572962, -23.0927016], [-46.5729325, -23.0924704], [-46.5728903, -23.0922514], [-46.5726556, -23.0914434], [-46.5723833, -23.0906625], [-46.5721214, -23.0899127], [-46.5714537, -23.0880008], [-46.5708033, -23.0862465], [-46.5704634, -23.0853424], [-46.5703554, -23.0850164], [-46.5699357, -23.08375], [-46.56986, -23.0834317], [-46.5698311, -23.0833102], [-46.5697639, -23.0828996], [-46.5697151, -23.0822045], [-46.5697369, -23.0796482], [-46.569732, -23.0793246], [-46.5696991, -23.079014], [-46.5695555, -23.0785312], [-46.5693197, -23.0781435], [-46.5689819, -23.0778138], [-46.5686452, -23.0775705], [-46.5683038, -23.077383], [-46.5674861, -23.0769414], [-46.5671821, -23.0767669], [-46.5667541, -23.0765213], [-46.5664297, -23.0762355], [-46.566284, -23.0760699], [-46.5661097, -23.0758281], [-46.5659162, -23.0754975], [-46.5658278, -23.0752082], [-46.5657949, -23.0749376], [-46.5658061, -23.0746619], [-46.5658375, -23.0743497], [-46.5659272, -23.0740376], [-46.5660828, -23.0737059], [-46.5663108, -23.0732985], [-46.5666848, -23.0726015], [-46.5667927, -23.072388], [-46.5674515, -23.0711659], [-46.5676111, -23.0708714], [-46.5686311, -23.0688855], [-46.5689454, -23.0682953], [-46.5692758, -23.0676849], [-46.5692982, -23.0676435], [-46.5695677, -23.0669955], [-46.5696842, -23.0666779], [-46.5698291, -23.066285], [-46.5702129, -23.0650707], [-46.5705835, -23.063458], [-46.5709355, -23.0618754], [-46.5713227, -23.0603219], [-46.5714273, -23.0596557], [-46.5714339, -23.0589809], [-46.5713476, -23.0581932], [-46.5712437, -23.0578166], [-46.5709343, -23.0569071], [-46.5708734, -23.0567683], [-46.5707201, -23.0564356], [-46.5704665, -23.0560344], [-46.5702242, -23.055691], [-46.5699819, -23.0553732], [-46.5694786, -23.0547464], [-46.5687321, -23.0538374], [-46.5682739, -23.0532785], [-46.5669405, -23.0516555], [-46.5668285, -23.0515192], [-46.566673, -23.0513043], [-46.566035, -23.0505316], [-46.5654132, -23.0497737], [-46.5643914, -23.0485773], [-46.5640085, -23.0481291], [-46.5635219, -23.0475613], [-46.5633023, -23.0473035], [-46.5630991, -23.0470679], [-46.5629912, -23.0469413], [-46.5620083, -23.0457045], [-46.5607684, -23.0442158], [-46.5599683, -23.0432504], [-46.5591693, -23.0422907], [-46.558768, -23.041824], [-46.5583871, -23.041345], [-46.5577844, -23.0406], [-46.5573218, -23.0400282], [-46.5563002, -23.0387945], [-46.5557734, -23.0382403], [-46.5551715, -23.0377454], [-46.5545849, -23.0373599], [-46.5537591, -23.0369305], [-46.5530252, -23.0366615], [-46.5526493, -23.0365529], [-46.5522056, -23.0364246], [-46.5516185, -23.0362628], [-46.5514343, -23.036212], [-46.5506828, -23.0360231], [-46.5483263, -23.0353553], [-46.546631, -23.0349183], [-46.5454691, -23.0346078], [-46.5448556, -23.0344406], [-46.5440379, -23.0341424], [-46.543331, -23.0338213], [-46.5427303, -23.0334767], [-46.5420938, -23.0330694], [-46.5415434, -23.0326028], [-46.5407735, -23.0318113], [-46.5397339, -23.0307493], [-46.5391005, -23.0301038], [-46.5390141, -23.0300043], [-46.538609, -23.0296057], [-46.5379075, -23.0288605], [-46.5377158, -23.0286714], [-46.5362684, -23.0271711], [-46.5353488, -23.0262094], [-46.5349088, -23.0257822], [-46.5343278, -23.0252085], [-46.533642, -23.0244976], [-46.5325534, -23.023416], [-46.5323303, -23.0231935], [-46.5308106, -23.0215707], [-46.5302593, -23.0209968], [-46.5298336, -23.0205842], [-46.5274912, -23.0182492], [-46.5267107, -23.0174438], [-46.5265357, -23.0172673], [-46.5251603, -23.0158262], [-46.5247983, -23.015404], [-46.5245595, -23.015051], [-46.5243021, -23.0146301], [-46.524125, -23.0142598], [-46.5239842, -23.0139141], [-46.5227237, -23.0107325], [-46.5209517, -23.0062621], [-46.5184152, -22.9997564], [-46.5182135, -22.9993034], [-46.5179184, -22.9988417], [-46.5175751, -22.9983775], [-46.5172559, -22.9980541], [-46.5164571, -22.9974001], [-46.515826, -22.9969092], [-46.5154333, -22.9966077], [-46.5154198, -22.9965972], [-46.5153424, -22.9965368], [-46.5147351, -22.9960826], [-46.5144828, -22.9958922], [-46.5137603, -22.995364], [-46.5132669, -22.9949892], [-46.5129599, -22.9947703], [-46.5126099, -22.9945194], [-46.5108025, -22.9932172], [-46.5094587, -22.9922246], [-46.5086876, -22.9915988], [-46.5085153, -22.9914395], [-46.5082704, -22.9911845], [-46.5078548, -22.990674], [-46.5074992, -22.9901497], [-46.5073836, -22.9899423], [-46.5072792, -22.9897432], [-46.5071815, -22.9894937], [-46.5071065, -22.9892902], [-46.5069509, -22.9887678], [-46.5068197, -22.9882825], [-46.5066639, -22.987706], [-46.5064949, -22.9871727], [-46.5062803, -22.9866887], [-46.5060684, -22.9863406], [-46.5058216, -22.9860171], [-46.5055829, -22.9857553], [-46.5052611, -22.9854714], [-46.5048614, -22.9851998], [-46.5043277, -22.9849479], [-46.5029088, -22.9844417], [-46.501852, -22.984059], [-46.5005685, -22.9836202], [-46.5000173, -22.9834318], [-46.4984337, -22.9828933], [-46.4977973, -22.9826702], [-46.4970976, -22.98241], [-46.4965923, -22.9822318], [-46.4954515, -22.9818281], [-46.4950066, -22.9816666], [-46.4941576, -22.9813239], [-46.4937383, -22.9811444], [-46.4932752, -22.9809216], [-46.4927238, -22.9806131], [-46.4922514, -22.9803175], [-46.4917953, -22.9799919], [-46.4913092, -22.9795903], [-46.4912741, -22.9795613], [-46.4907366, -22.9790279], [-46.4903876, -22.9786444], [-46.4899362, -22.9781003], [-46.4896058, -22.9775604], [-46.4892039, -22.9767768], [-46.4864806, -22.9709742], [-46.4861674, -22.9703068], [-46.4852518, -22.9683559], [-46.4851137, -22.968059], [-46.4809824, -22.9591739], [-46.4807837, -22.9586145], [-46.4806625, -22.9581735], [-46.4805794, -22.9577388], [-46.4805066, -22.9573182], [-46.4801449, -22.9552246], [-46.4799644, -22.9542532], [-46.4791995, -22.9501379], [-46.4790722, -22.9496866], [-46.4789279, -22.9492803], [-46.4787413, -22.9488583], [-46.4785675, -22.9484947], [-46.4783255, -22.9480368], [-46.4778635, -22.9472881], [-46.4770858, -22.9459094], [-46.4767398, -22.9453253], [-46.4763857, -22.9447794], [-46.475852, -22.9439458], [-46.4754269, -22.9431467], [-46.47516, -22.9426663], [-46.4741582, -22.9409755], [-46.473552, -22.9399406], [-46.4731161, -22.9392033], [-46.4728117, -22.9386919], [-46.4720982, -22.9374952], [-46.4704809, -22.9347669], [-46.4702904, -22.9344631], [-46.4697754, -22.9335232], [-46.4696024, -22.9332206], [-46.4694496, -22.9329822], [-46.4693007, -22.932766], [-46.4690915, -22.9325128], [-46.4687522, -22.9321571], [-46.4684799, -22.9319027], [-46.468154, -22.931626], [-46.467855, -22.9314074], [-46.4674526, -22.931169], [-46.4669994, -22.9309344], [-46.4662778, -22.930628], [-46.4637217, -22.9296017], [-46.4628379, -22.9292447], [-46.4617851, -22.928826], [-46.4611401, -22.9285629], [-46.4582782, -22.9274105], [-46.4580099, -22.9273105], [-46.4555463, -22.9263199], [-46.4545559, -22.925903], [-46.4524329, -22.9250501], [-46.4517584, -22.924779], [-46.4512347, -22.9245647], [-46.4505661, -22.9242892], [-46.4497313, -22.9239576], [-46.4490326, -22.9236834], [-46.4485981, -22.9235308], [-46.448303, -22.9234413], [-46.4478799, -22.9233245], [-46.4474232, -22.9232288], [-46.4468668, -22.9231348], [-46.4461319, -22.9230155], [-46.4448143, -22.9228557], [-46.4439073, -22.9226972], [-46.4437442, -22.9226689], [-46.4432134, -22.9225613], [-46.4429493, -22.9224945], [-46.4426773, -22.9224243], [-46.4424685, -22.9223586], [-46.4422612, -22.922286], [-46.4418526, -22.9221462], [-46.4413898, -22.9219564], [-46.4409643, -22.9217534], [-46.440739, -22.9216543], [-46.440214, -22.9214058], [-46.4393786, -22.9210003], [-46.4383787, -22.9205094], [-46.4382286, -22.9204346], [-46.4379635, -22.920314], [-46.4373852, -22.9200253], [-46.4361891, -22.9194421], [-46.4350127, -22.918882], [-46.4341195, -22.9184529], [-46.4332505, -22.9180156], [-46.432586, -22.9177083], [-46.4319429, -22.9173912], [-46.4316126, -22.9172318], [-46.4300428, -22.9164741], [-46.4292757, -22.9160795], [-46.428822, -22.9158554], [-46.428403, -22.9156735], [-46.4280435, -22.9154756], [-46.4278606, -22.9153447], [-46.4275603, -22.9150891], [-46.4272934, -22.9148096], [-46.427139, -22.9146038], [-46.4269948, -22.9143796], [-46.4268252, -22.9140726], [-46.426763, -22.9139531], [-46.4265987, -22.913619], [-46.425619, -22.9117537], [-46.4252797, -22.9109261], [-46.4249257, -22.9099947], [-46.424665, -22.9093652], [-46.4244846, -22.9089857], [-46.424409, -22.9088492], [-46.4243483, -22.9087354], [-46.4242866, -22.9086319], [-46.4240029, -22.9081441], [-46.4232895, -22.9070126], [-46.422827, -22.9060841], [-46.4227617, -22.9059849], [-46.4224699, -22.9053696], [-46.4224209, -22.9052579], [-46.4223388, -22.9050894], [-46.4219511, -22.9043492], [-46.4214959, -22.9033935], [-46.4212846, -22.9030338], [-46.4207055, -22.9019535], [-46.4199952, -22.9004994], [-46.4196503, -22.899715], [-46.419227, -22.898835], [-46.4189984, -22.8984232], [-46.418834, -22.8980879], [-46.4186678, -22.8977206], [-46.4185466, -22.897467], [-46.4183736, -22.8971137], [-46.4181148, -22.8966578], [-46.4179672, -22.8964045], [-46.4177687, -22.8960784], [-46.4175877, -22.8958276], [-46.4174053, -22.8956225], [-46.4172578, -22.8954693], [-46.4170674, -22.8953], [-46.4168166, -22.8951048], [-46.4166556, -22.8949788], [-46.4163136, -22.8947317], [-46.4157544, -22.8943321], [-46.41546, -22.8941041], [-46.4152569, -22.8939126], [-46.4150758, -22.8937409], [-46.4147754, -22.8934221], [-46.4144278, -22.8929598], [-46.4143047, -22.8927735], [-46.4141649, -22.8925546], [-46.4139261, -22.8921358], [-46.4135362, -22.8913651], [-46.4133679, -22.8910049], [-46.4131299, -22.8905052], [-46.4127228, -22.8896298], [-46.4123748, -22.8888817], [-46.4120999, -22.8882319], [-46.4120067, -22.8880249], [-46.4107494, -22.8854025], [-46.4106193, -22.8851517], [-46.410449, -22.8848799], [-46.4102814, -22.8846575], [-46.4101124, -22.8844264], [-46.4099649, -22.8842522], [-46.4098321, -22.8841138], [-46.4097154, -22.8839977], [-46.4095209, -22.8838396], [-46.4093439, -22.8836925], [-46.4091441, -22.8835455], [-46.4089362, -22.8834084], [-46.4086292, -22.8832267], [-46.4082751, -22.8830599], [-46.4079612, -22.8829005], [-46.4072493, -22.8825469], [-46.4068294, -22.8823318], [-46.4061052, -22.8819701], [-46.4053442, -22.8815993], [-46.4040454, -22.8809863], [-46.4036697, -22.8808186], [-46.4028856, -22.8804076], [-46.4024887, -22.8802054], [-46.4014438, -22.8796993], [-46.4001775, -22.8790875], [-46.3994788, -22.8787341], [-46.3991448, -22.8785822], [-46.3988382, -22.8784654], [-46.3986192, -22.8784042], [-46.3982441, -22.8783251], [-46.3981106, -22.8783082], [-46.3977644, -22.8782911], [-46.3975529, -22.8783017], [-46.3973102, -22.8783301], [-46.3970972, -22.8783707], [-46.3968479, -22.8784402], [-46.3967, -22.8784944], [-46.3965787, -22.878543], [-46.3964036, -22.8786365], [-46.3962615, -22.878707], [-46.3960517, -22.8788402], [-46.3955546, -22.8791469], [-46.3950089, -22.8794792], [-46.3946106, -22.8797244], [-46.3937432, -22.8802631], [-46.3931246, -22.8806518], [-46.3918643, -22.8814261], [-46.3913028, -22.8817491], [-46.3907201, -22.8820702], [-46.3902165, -22.8822865], [-46.3900629, -22.8823322], [-46.3898845, -22.882389], [-46.3895943, -22.8824736], [-46.3893266, -22.8825373], [-46.389031, -22.8825907], [-46.388642, -22.8826479], [-46.388375, -22.8826686], [-46.3879253, -22.8826712], [-46.387341, -22.882656], [-46.3869548, -22.8826047], [-46.3865023, -22.8825102], [-46.3851361, -22.8821818], [-46.3845603, -22.8820332], [-46.3835223, -22.8818527], [-46.3827283, -22.8817724], [-46.3825232, -22.8817477], [-46.3772902, -22.8813672], [-46.3768771, -22.8813165], [-46.3764547, -22.8812473], [-46.3759196, -22.8811213], [-46.3754784, -22.8809842], [-46.3750532, -22.8808248], [-46.3745892, -22.8806246], [-46.3741306, -22.880375], [-46.3734883, -22.8799531], [-46.37312, -22.8796615], [-46.3727858, -22.8793765], [-46.3727598, -22.8793559], [-46.3716235, -22.878376], [-46.370314, -22.8773402], [-46.3701515, -22.8772117], [-46.3694773, -22.8767144], [-46.3690407, -22.8764351], [-46.3684746, -22.8760783], [-46.36778, -22.8756747], [-46.3669936, -22.8752065], [-46.3666143, -22.874981], [-46.3660289, -22.8746842], [-46.3654241, -22.874339], [-46.3648796, -22.8740277], [-46.3639811, -22.8735408], [-46.3635184, -22.8732863], [-46.3631676, -22.8730978], [-46.3626566, -22.8728336], [-46.3620629, -22.8725155], [-46.3612273, -22.8720656], [-46.3610671, -22.8719789], [-46.3604703, -22.8716519], [-46.3595416, -22.8711522], [-46.3590209, -22.8708713], [-46.3584936, -22.8705901], [-46.3584328, -22.8705576], [-46.3580782, -22.8703662], [-46.3572648, -22.8699203], [-46.3540381, -22.8681483], [-46.3530108, -22.8676195], [-46.3520587, -22.8672166], [-46.3508678, -22.8667594], [-46.3503985, -22.8665774], [-46.3495133, -22.8662552], [-46.3489983, -22.8660748], [-46.3468981, -22.8652716], [-46.3465776, -22.8651499], [-46.3462644, -22.8649837], [-46.3460995, -22.8648793], [-46.3459211, -22.864744], [-46.345728, -22.8645784], [-46.3453491, -22.8641619], [-46.3452865, -22.8640495], [-46.3452313, -22.8639523], [-46.3451281, -22.8637419], [-46.3450143, -22.8634432], [-46.3446287, -22.8624027], [-46.3445172, -22.8621113], [-46.3444575, -22.8619667], [-46.3443724, -22.8617852], [-46.3442925, -22.8616372], [-46.3441851, -22.8614646], [-46.3440783, -22.8613265], [-46.3439479, -22.861178], [-46.3437732, -22.8610017], [-46.3436181, -22.8608691], [-46.3434282, -22.8607326], [-46.3432259, -22.8606095], [-46.3430061, -22.8605018], [-46.3429056, -22.8604625], [-46.3427485, -22.860401], [-46.340656, -22.8596618], [-46.3391581, -22.8591427], [-46.338843, -22.8590279], [-46.3385886, -22.8589172], [-46.3383503, -22.8587899], [-46.3381458, -22.8586549], [-46.3379667, -22.8585236], [-46.3377945, -22.8583698], [-46.3376245, -22.8581923], [-46.3374902, -22.8580221], [-46.3373798, -22.8578566], [-46.3372453, -22.8576413], [-46.3371631, -22.8574605], [-46.3370869, -22.8572573], [-46.3370366, -22.8570887], [-46.3370208, -22.8568734], [-46.3370101, -22.8567325], [-46.3370074, -22.8565298], [-46.3370021, -22.8563222], [-46.3370141, -22.8560911], [-46.3370316, -22.855865], [-46.3370758, -22.8555709], [-46.3372394, -22.8544697], [-46.3372904, -22.8540335], [-46.3374192, -22.8532463], [-46.3375331, -22.8526654], [-46.3376367, -22.852022], [-46.337682, -22.8517423], [-46.3376887, -22.8514667], [-46.3376565, -22.8511935], [-46.3375935, -22.8509736], [-46.3375184, -22.8507338], [-46.3373762, -22.8504248], [-46.3372475, -22.8501678], [-46.3370597, -22.8499107], [-46.3368452, -22.849687], [-46.3366011, -22.849472], [-46.3363248, -22.8492409], [-46.3360767, -22.8490815], [-46.3357347, -22.8488528], [-46.3352533, -22.8485216], [-46.3349609, -22.8483276], [-46.3344808, -22.8480063], [-46.3336225, -22.8474316], [-46.3329003, -22.8469217], [-46.3326032, -22.8466801], [-46.3323136, -22.8464021], [-46.3320681, -22.8461055], [-46.3318871, -22.8458521], [-46.3317972, -22.8456976], [-46.3316618, -22.8454245], [-46.3313413, -22.8448201], [-46.3311777, -22.8445062], [-46.3309443, -22.844065], [-46.3306193, -22.8434091], [-46.3305031, -22.8432072], [-46.3302107, -22.8426684], [-46.329865, -22.8419657], [-46.3296903, -22.8416414], [-46.3293592, -22.8410654], [-46.329129, -22.8406614], [-46.3289117, -22.8402449], [-46.3285881, -22.839622], [-46.3284155, -22.8392887], [-46.3281248, -22.8387308], [-46.3279577, -22.8383832], [-46.3272724, -22.8370992], [-46.3269907, -22.8366864], [-46.3266715, -22.8363255], [-46.3262235, -22.8359156], [-46.3259488, -22.8357182], [-46.3256938, -22.8355875], [-46.3254144, -22.8354719], [-46.3251167, -22.8353744], [-46.3248045, -22.8353075], [-46.3244793, -22.8352672], [-46.3241676, -22.8352513], [-46.3239152, -22.8352639], [-46.3236728, -22.8352922], [-46.322325, -22.8355238], [-46.3218905, -22.8355838], [-46.3215187, -22.8356276], [-46.3212119, -22.8356482], [-46.3209072, -22.8356432], [-46.3206375, -22.835628], [-46.3202887, -22.8355771], [-46.3200156, -22.8355208], [-46.3196804, -22.8354343], [-46.3194994, -22.8353789], [-46.3192908, -22.8353029], [-46.319086, -22.8352168], [-46.3189068, -22.8351299], [-46.3186987, -22.8350088], [-46.3185217, -22.834889], [-46.3183313, -22.8347449], [-46.318155, -22.8345941], [-46.3179416, -22.8343889], [-46.317737, -22.8341598], [-46.3175713, -22.8339261], [-46.3174076, -22.8336455], [-46.3172629, -22.8333539], [-46.3169009, -22.8324687], [-46.3168141, -22.8323192], [-46.3167391, -22.8321909], [-46.3166406, -22.832048], [-46.3164374, -22.8318095], [-46.3154291, -22.8308121], [-46.3152058, -22.8305709], [-46.3150203, -22.8303216], [-46.3148658, -22.8300861], [-46.3147035, -22.8297313], [-46.3145757, -22.8293359], [-46.314509, -22.829152], [-46.3142743, -22.8284194], [-46.3138795, -22.8271179], [-46.3138094, -22.8269269], [-46.3137224, -22.8267322], [-46.3136321, -22.8265649], [-46.3135334, -22.8264206], [-46.3134012, -22.8262631], [-46.3132523, -22.8261195], [-46.3130893, -22.8259943], [-46.3128637, -22.8258708], [-46.312642, -22.8257756], [-46.3123819, -22.8256812], [-46.3110047, -22.8252686], [-46.3105644, -22.8251275], [-46.3103427, -22.8250412], [-46.3101565, -22.824956], [-46.3099773, -22.8248552], [-46.309775, -22.8247308], [-46.3095892, -22.8245948], [-46.3086277, -22.8238201], [-46.3084622, -22.8237025], [-46.3082738, -22.8235801], [-46.308074, -22.8234689], [-46.307879, -22.8233776], [-46.3076747, -22.8233086], [-46.3074738, -22.8232524], [-46.3072717, -22.8232049], [-46.3070724, -22.8231724], [-46.3068752, -22.8231581], [-46.3066242, -22.8231589], [-46.3062623, -22.823178], [-46.3058714, -22.8232022], [-46.3052409, -22.8232406], [-46.3049108, -22.8232314], [-46.3045831, -22.8231958], [-46.3042967, -22.823143], [-46.3039109, -22.8230594], [-46.3034793, -22.822938], [-46.3018276, -22.8222901], [-46.3014574, -22.8221529], [-46.3009693, -22.821902], [-46.3005173, -22.8215386], [-46.3002276, -22.8212518], [-46.2999111, -22.8209341], [-46.2994498, -22.8204471], [-46.2986197, -22.8195459], [-46.298385, -22.8193247], [-46.2983072, -22.8192468], [-46.2981999, -22.8191602], [-46.2980779, -22.8190601], [-46.2979156, -22.8189501], [-46.2977158, -22.818824], [-46.2975776, -22.8187363], [-46.297355, -22.8186337], [-46.2971203, -22.8185261], [-46.2961131, -22.8181478], [-46.2941296, -22.817442], [-46.2937796, -22.8173221], [-46.2934376, -22.8171923], [-46.2931292, -22.8170761], [-46.2929307, -22.8169636], [-46.2928167, -22.8168734], [-46.2926933, -22.8167596], [-46.2925056, -22.8165322], [-46.2924077, -22.8164024], [-46.2922052, -22.8160624], [-46.2918739, -22.8153554], [-46.2915601, -22.8147546], [-46.2913831, -22.814469], [-46.2912248, -22.8142267], [-46.2910813, -22.8140487], [-46.2908855, -22.8138089], [-46.2905838, -22.8134924], [-46.2898153, -22.8127433], [-46.289413, -22.812386], [-46.2891689, -22.8122055], [-46.2890053, -22.8120881], [-46.2888189, -22.8119966], [-46.2885506, -22.8119039], [-46.2883253, -22.8118668], [-46.2880357, -22.8118421], [-46.2878144, -22.8118569], [-46.2875431, -22.8118978], [-46.2873068, -22.81195], [-46.2870085, -22.8120581], [-46.2866461, -22.8122089], [-46.2862276, -22.8123728], [-46.2860121, -22.8124429], [-46.2857025, -22.8125097], [-46.2854568, -22.8125379], [-46.2852019, -22.8125208], [-46.2849082, -22.8124874], [-46.2847433, -22.8124478], [-46.2845461, -22.8123724], [-46.2843195, -22.8122698], [-46.2840271, -22.8121178], [-46.2836248, -22.8118545], [-46.2824017, -22.811093], [-46.2821637, -22.8109521], [-46.2817687, -22.8107184], [-46.2815139, -22.8105391], [-46.2811799, -22.8102906], [-46.2809372, -22.8100854], [-46.2807038, -22.8098679], [-46.2805027, -22.8096725], [-46.2799434, -22.809162], [-46.279694, -22.8089333], [-46.2794861, -22.8087738], [-46.279293, -22.8086613], [-46.2790798, -22.8085772], [-46.2788397, -22.8085129], [-46.2786251, -22.8084759], [-46.2784186, -22.8084684], [-46.2780793, -22.808466], [-46.2774754, -22.8084747], [-46.2763838, -22.8084905], [-46.2760997, -22.8084953], [-46.2759237, -22.8084872], [-46.2751155, -22.8084103], [-46.2744167, -22.8083152], [-46.2739326, -22.8082397], [-46.2724051, -22.8079999], [-46.2714717, -22.8078244], [-46.2703657, -22.8076652], [-46.2700137, -22.8076262], [-46.2697401, -22.8076119], [-46.2695172, -22.8076233], [-46.2691682, -22.8076842], [-46.2689133, -22.8077547], [-46.2686748, -22.807846], [-46.2683683, -22.8079855], [-46.2679192, -22.8081762], [-46.2675847, -22.8082656], [-46.2673091, -22.8083075], [-46.267083, -22.808298], [-46.2667227, -22.8082685], [-46.266378, -22.8082523], [-46.2661013, -22.8082666], [-46.2659712, -22.8082942], [-46.2657926, -22.8083361], [-46.2652342, -22.8085397], [-46.2651268, -22.8085711], [-46.2650164, -22.8086016], [-46.2648749, -22.8086501], [-46.2646654, -22.8087186], [-46.2644878, -22.8087348], [-46.2642741, -22.80875], [-46.2641059, -22.8087215], [-46.2639479, -22.8086777], [-46.263757, -22.8085958], [-46.263537, -22.808474], [-46.2633949, -22.808385], [-46.2631173, -22.8081668], [-46.2628564, -22.8079579], [-46.2626164, -22.8077656], [-46.2623602, -22.8075814], [-46.2620652, -22.8073904], [-46.2618084, -22.8072501], [-46.2614509, -22.8070604], [-46.2609842, -22.8068113], [-46.2605491, -22.8065751], [-46.2602996, -22.8064194], [-46.2601273, -22.8062723], [-46.2599838, -22.8060992], [-46.2598852, -22.8059317], [-46.259784, -22.8057128], [-46.2597209, -22.8055008], [-46.2596941, -22.8052659], [-46.2596988, -22.8050465], [-46.2597451, -22.8047609], [-46.2598416, -22.8043876], [-46.2599871, -22.8039604], [-46.2600716, -22.8036761], [-46.2601467, -22.8034128], [-46.2601997, -22.8031148], [-46.260203, -22.8028193], [-46.260193, -22.8025548], [-46.2601468, -22.8022208], [-46.2600629, -22.8019416], [-46.2599348, -22.801622], [-46.2597907, -22.8013568], [-46.2596519, -22.8011516], [-46.2594527, -22.800921], [-46.2591979, -22.8006595], [-46.2589706, -22.8004821], [-46.2587459, -22.8003251], [-46.2585012, -22.800186], [-46.2582538, -22.8000655], [-46.2579761, -22.7999561], [-46.2576422, -22.7998448], [-46.2572861, -22.7997329], [-46.2569696, -22.799608], [-46.2566699, -22.7994486], [-46.2564225, -22.7992767], [-46.256169, -22.7990752], [-46.2559095, -22.7988273], [-46.2557103, -22.798593], [-46.2554844, -22.7982932], [-46.2552276, -22.797918], [-46.2527614, -22.7942964], [-46.2526525, -22.7941301], [-46.2521987, -22.7934819], [-46.2520605, -22.7933014], [-46.2518755, -22.7930739], [-46.2517427, -22.7929577], [-46.2515402, -22.7928168], [-46.2513404, -22.7927104], [-46.251158, -22.7926511], [-46.2509635, -22.7926091], [-46.2507865, -22.7925831], [-46.2505652, -22.7925769], [-46.2504405, -22.7925825], [-46.249951, -22.7926919], [-46.2495902, -22.7928254], [-46.248803, -22.7931494], [-46.2485495, -22.7932371], [-46.2483156, -22.7933096], [-46.2482303, -22.7933361], [-46.24795, -22.7933855], [-46.2476295, -22.7934028], [-46.2473626, -22.7933843], [-46.2471092, -22.7933187], [-46.2468356, -22.7932198], [-46.2465808, -22.7930913], [-46.2463421, -22.7929318], [-46.2460805, -22.792687], [-46.2459639, -22.7925349], [-46.245878, -22.792389], [-46.2458271, -22.7922777], [-46.245756, -22.7920935], [-46.2455991, -22.7915928], [-46.2454583, -22.7911093], [-46.2451766, -22.7900967], [-46.2450171, -22.78957], [-46.2449326, -22.7893709], [-46.2448427, -22.7891991], [-46.2447193, -22.7890074], [-46.2445168, -22.7887898], [-46.2443157, -22.788634], [-46.2439844, -22.7884535], [-46.2437417, -22.7883546], [-46.2435579, -22.7882817], [-46.2431033, -22.7881209], [-46.2427586, -22.7879478], [-46.2426777, -22.7878956], [-46.242473, -22.7877636], [-46.2423362, -22.7876486], [-46.2422115, -22.787525], [-46.2420975, -22.7873729], [-46.2420103, -22.7872418], [-46.2419419, -22.7870972], [-46.2418963, -22.7869884], [-46.2416589, -22.7862415], [-46.2416012, -22.7860237], [-46.2415731, -22.7859176], [-46.2415034, -22.7856184], [-46.2414122, -22.7852536], [-46.2413035, -22.7848332], [-46.2412056, -22.7844734], [-46.2411024, -22.7840827], [-46.2410246, -22.7837909], [-46.2409294, -22.7834707], [-46.2407523, -22.7828462], [-46.240523, -22.7820091], [-46.2403551, -22.7813653], [-46.2402964, -22.7811399], [-46.2401059, -22.7803782], [-46.2400228, -22.780032], [-46.2399048, -22.7796054], [-46.2398444, -22.7793866], [-46.2397814, -22.7791924], [-46.2395829, -22.7784592], [-46.2394944, -22.778155], [-46.2394166, -22.7779102], [-46.2393415, -22.7776579], [-46.2392476, -22.7774403], [-46.239143, -22.7771757], [-46.2389016, -22.7766637], [-46.2387729, -22.7763719], [-46.238687, -22.7761766], [-46.2386441, -22.776001], [-46.2386119, -22.7758229], [-46.2386119, -22.7756127], [-46.2386388, -22.7753481], [-46.2386924, -22.7750736], [-46.2387434, -22.7747842], [-46.2387756, -22.7745616], [-46.238789, -22.7743786], [-46.2387836, -22.7742327], [-46.2387729, -22.7740893], [-46.238738, -22.7739681], [-46.2386763, -22.7738197], [-46.2386146, -22.7736961], [-46.238561, -22.7735971], [-46.2384269, -22.7733671], [-46.2379709, -22.7725609], [-46.23759, -22.7718585], [-46.2374881, -22.7716607], [-46.2373406, -22.77149], [-46.2372226, -22.7713812], [-46.2370911, -22.7712773], [-46.2369382, -22.7711809], [-46.2367827, -22.7710993], [-46.2366056, -22.7710275], [-46.2364233, -22.7709855], [-46.2362167, -22.770936], [-46.2359566, -22.7709064], [-46.2357071, -22.7708915], [-46.2354335, -22.7708816], [-46.2345913, -22.7708445], [-46.2328157, -22.7707728], [-46.2322685, -22.770758], [-46.2320486, -22.7707407], [-46.2318635, -22.7707159], [-46.2317133, -22.7706949], [-46.2315604, -22.7706516], [-46.2314343, -22.7706046], [-46.2312721, -22.7705478], [-46.2311259, -22.7704773], [-46.2309462, -22.7703697], [-46.2307692, -22.7702411], [-46.2306163, -22.7701075], [-46.2304205, -22.7699196], [-46.2300476, -22.7695436], [-46.2294012, -22.7689575], [-46.2287481, -22.7683268], [-46.2285322, -22.7681451], [-46.2283981, -22.7680387], [-46.2282814, -22.7679571], [-46.228154, -22.7678767], [-46.2280414, -22.7678112], [-46.2278911, -22.7677407], [-46.2277316, -22.7676863], [-46.2275961, -22.7676479], [-46.2274459, -22.7676121], [-46.2271991, -22.7675564], [-46.226825, -22.7674798], [-46.2260471, -22.7673363], [-46.2257776, -22.7672856], [-46.2256005, -22.7672324], [-46.2254342, -22.7671743], [-46.2252907, -22.7671063], [-46.2251915, -22.7670593], [-46.2250762, -22.7670012], [-46.224875, -22.7668751], [-46.2247288, -22.766786], [-46.2239563, -22.7662988], [-46.2238665, -22.7662419], [-46.2237833, -22.7661999], [-46.2235768, -22.7661108], [-46.2234078, -22.7660564], [-46.2232979, -22.766028], [-46.2231517, -22.7659933], [-46.2230109, -22.7659748], [-46.2228379, -22.7659513], [-46.2226729, -22.7659439], [-46.2224932, -22.7659488], [-46.2223028, -22.7659773], [-46.2221043, -22.7660267], [-46.221887, -22.7660886], [-46.2214699, -22.7662394], [-46.2204708, -22.7666055], [-46.2194985, -22.7669789], [-46.2187891, -22.7672893], [-46.2185651, -22.7673685], [-46.2183934, -22.7674241], [-46.2182285, -22.7674686], [-46.2180568, -22.7674921], [-46.2178664, -22.7675107], [-46.2175043, -22.767528], [-46.2154242, -22.7676133], [-46.2137894, -22.7676863], [-46.2135735, -22.7676999], [-46.2134045, -22.7677296], [-46.2132436, -22.7677691], [-46.2130585, -22.7678421], [-46.2128614, -22.7679286], [-46.2126508, -22.7680276], [-46.2120876, -22.7682835], [-46.211283, -22.7686855], [-46.2107331, -22.7688919], [-46.2102932, -22.7689538], [-46.209978, -22.7689686], [-46.2096978, -22.76896], [-46.2093343, -22.7689316], [-46.2089042, -22.7688703], [-46.2081796, -22.7687683], [-46.2080832, -22.7687538], [-46.2074809, -22.7686632], [-46.2074031, -22.7686521], [-46.2071235, -22.7686323], [-46.2067084, -22.7686051], [-46.2064925, -22.76862], [-46.2062658, -22.7686706], [-46.2060768, -22.7687497], [-46.2059011, -22.7688598], [-46.2056751, -22.7690633], [-46.2049798, -22.7698712], [-46.2045325, -22.7704373], [-46.2042398, -22.7707318], [-46.2039392, -22.7709105], [-46.2036085, -22.7710137], [-46.2032794, -22.7710391], [-46.2029857, -22.7710039], [-46.2016505, -22.7706789], [-46.201384, -22.7706589], [-46.2011765, -22.7706702], [-46.2009778, -22.7707143], [-46.2007329, -22.7707843], [-46.1998791, -22.7711151], [-46.1994878, -22.7712056], [-46.1992232, -22.7712191], [-46.1989021, -22.7711797], [-46.1985906, -22.7711095], [-46.1972622, -22.7706668], [-46.1964463, -22.7704229], [-46.1960748, -22.7703425], [-46.195339, -22.7702486], [-46.1949727, -22.7702039], [-46.1946048, -22.7701521], [-46.1942804, -22.7701298], [-46.1940081, -22.7701496], [-46.193756, -22.7702163], [-46.1934972, -22.770319], [-46.193241, -22.7704661], [-46.1929567, -22.770706], [-46.1926644, -22.7710832], [-46.1919656, -22.772279], [-46.1917256, -22.7726116], [-46.1914654, -22.7728775], [-46.1912039, -22.7730802], [-46.1909156, -22.7732348], [-46.1905548, -22.7733783], [-46.1902356, -22.773497], [-46.1898507, -22.7736367], [-46.1895096, -22.7737694], [-46.189325, -22.7738729], [-46.1889506, -22.7741459], [-46.1881788, -22.7748424], [-46.1879611, -22.7749709], [-46.1877573, -22.7750674], [-46.1875159, -22.7751379], [-46.1872503, -22.77517], [-46.1869338, -22.7751527], [-46.1866348, -22.7751032], [-46.1862458, -22.7749412], [-46.185983, -22.7747669], [-46.185397, -22.7741561], [-46.184603, -22.7733276], [-46.18398, -22.7726988], [-46.1835797, -22.7723111], [-46.1832806, -22.7720162], [-46.1829767, -22.771688], [-46.1827616, -22.7714616], [-46.1824887, -22.7711766], [-46.1822426, -22.7709212], [-46.1818282, -22.7704912], [-46.1814608, -22.7701026], [-46.1810303, -22.7696364], [-46.1806306, -22.7692098], [-46.1798407, -22.7683188], [-46.1795423, -22.7679967], [-46.1793499, -22.7678038], [-46.1790012, -22.767434], [-46.1786699, -22.7671063], [-46.1783588, -22.7668262], [-46.1780718, -22.7665746], [-46.1778572, -22.7664187], [-46.1775421, -22.7662357], [-46.1772108, -22.7660725], [-46.1768138, -22.765934], [-46.1764652, -22.76584], [-46.1761205, -22.7657782], [-46.1745675, -22.7656366], [-46.1742657, -22.7655717], [-46.1739613, -22.765435], [-46.1736783, -22.765218], [-46.1733042, -22.7648581], [-46.1726068, -22.764225], [-46.1720878, -22.7637736], [-46.1717042, -22.7634916], [-46.1713153, -22.7633333], [-46.1704329, -22.7630563], [-46.1701298, -22.7629438], [-46.169887, -22.7627966], [-46.1696564, -22.762579], [-46.1695035, -22.7623749], [-46.1693573, -22.7621214], [-46.1691327, -22.7616249], [-46.1690032, -22.7613943], [-46.1688933, -22.7612384], [-46.1686854, -22.7610406], [-46.1685218, -22.7609231], [-46.16833, -22.7608365], [-46.1680886, -22.7607809], [-46.1677292, -22.7607648], [-46.1664907, -22.7607852], [-46.1652522, -22.7608056], [-46.1647855, -22.7608205], [-46.164477, -22.7608501], [-46.1628248, -22.7612063], [-46.1624364, -22.761238], [-46.1622213, -22.761238], [-46.1620169, -22.7612105], [-46.16186, -22.7611828], [-46.1616478, -22.7611252], [-46.1614501, -22.7610591], [-46.1611819, -22.7609627], [-46.1604363, -22.7605805], [-46.1592078, -22.7598027], [-46.1589517, -22.7596221], [-46.1587143, -22.7593871], [-46.1585749, -22.7592261], [-46.1577925, -22.7582502], [-46.1575376, -22.7579522], [-46.1573152, -22.7577205], [-46.1567867, -22.7573044], [-46.1561809, -22.7568699], [-46.1558846, -22.7566912], [-46.1557035, -22.7565761], [-46.1554675, -22.7564673], [-46.1551899, -22.7563844], [-46.1549203, -22.7563263], [-46.1547674, -22.7563115], [-46.1546038, -22.7563004], [-46.1544295, -22.7562892], [-46.1542176, -22.7562954], [-46.1539534, -22.7563362], [-46.1535658, -22.7564339], [-46.1533548, -22.7564935], [-46.1530937, -22.7565466], [-46.1528722, -22.7565766], [-46.1526606, -22.7565851], [-46.152455, -22.7565745], [-46.152262, -22.7565469], [-46.1520776, -22.7564952], [-46.1518653, -22.7564151], [-46.1515922, -22.7562592], [-46.1511929, -22.7560281], [-46.1507386, -22.7557644], [-46.1502258, -22.7554959], [-46.1499046, -22.7553159], [-46.1496223, -22.7551731], [-46.1494154, -22.7550863], [-46.1490976, -22.7549639], [-46.1479881, -22.7545875], [-46.1463185, -22.7540372], [-46.1449412, -22.7536216], [-46.1445013, -22.7534757], [-46.144166, -22.7533471], [-46.1438736, -22.7532246], [-46.143702, -22.7531319], [-46.1434686, -22.7529983], [-46.1432594, -22.7528462], [-46.1429858, -22.7526075], [-46.1423166, -22.7518939], [-46.1413886, -22.750881], [-46.1412156, -22.7506843], [-46.1410815, -22.7504926], [-46.1409366, -22.7502515], [-46.1406979, -22.7497592], [-46.1406201, -22.7495972], [-46.1405195, -22.7494253], [-46.1401612, -22.7489405], [-46.140144, -22.748917], [-46.1400595, -22.7488242], [-46.1399066, -22.7486882], [-46.1397403, -22.7485719], [-46.1395378, -22.7484433], [-46.1394574, -22.7484001], [-46.1393474, -22.7483493], [-46.1383201, -22.7479696], [-46.1380921, -22.747862], [-46.1378682, -22.7477383], [-46.1376603, -22.7475899], [-46.1374511, -22.7474032], [-46.1372848, -22.7472238], [-46.1370219, -22.7468639], [-46.1368623, -22.7466326], [-46.1365217, -22.7461021], [-46.1363433, -22.7457941], [-46.1362052, -22.7454898], [-46.1360979, -22.7452041], [-46.1360067, -22.7448158], [-46.1359128, -22.7442295], [-46.135705, -22.742493], [-46.1354794, -22.740608], [-46.1354134, -22.7401119], [-46.1353784, -22.7398603], [-46.1349245, -22.7365254], [-46.1347463, -22.7351062], [-46.134734, -22.7349512], [-46.1347219, -22.7348133], [-46.1347059, -22.7345574], [-46.1347065, -22.7344849], [-46.1347065, -22.7343989], [-46.1347119, -22.7343191], [-46.1347204, -22.7342475], [-46.1347367, -22.7341336], [-46.1347555, -22.7340365], [-46.1347739, -22.7339545], [-46.134797, -22.733872], [-46.1349543, -22.733379], [-46.135013, -22.7331991], [-46.1350559, -22.7330513], [-46.1350901, -22.732922], [-46.1351055, -22.7328509], [-46.1351196, -22.7327755], [-46.1351357, -22.7326802], [-46.1351446, -22.7325816], [-46.1351494, -22.7325111], [-46.1351504, -22.7324372], [-46.1351508, -22.7323589], [-46.1351474, -22.7322839], [-46.1351117, -22.7320356], [-46.1348468, -22.7307652], [-46.1342978, -22.7281323], [-46.1342525, -22.7279372], [-46.1342083, -22.7277702], [-46.1341506, -22.727571], [-46.1340838, -22.7273924], [-46.1340219, -22.7272482], [-46.1339863, -22.7271752], [-46.1339487, -22.7271096], [-46.1338918, -22.7270138], [-46.1338318, -22.7269251], [-46.1323683, -22.7250414], [-46.1308748, -22.7231198], [-46.1308012, -22.723017], [-46.1307268, -22.7229118], [-46.1306597, -22.7228154], [-46.1305954, -22.7227233], [-46.1303287, -22.7223239], [-46.1302105, -22.7221357], [-46.1301059, -22.72196], [-46.1298687, -22.7215664], [-46.1297424, -22.7213625], [-46.1295694, -22.7210928], [-46.1294936, -22.7209827], [-46.1294299, -22.7208962], [-46.1293575, -22.7208077], [-46.1292696, -22.7207065], [-46.1290585, -22.7204793], [-46.1288506, -22.7202727], [-46.1283943, -22.7198216], [-46.1277492, -22.7191692], [-46.1276537, -22.7190678], [-46.1275652, -22.718967], [-46.1273834, -22.7187499], [-46.1272238, -22.7185483], [-46.1270441, -22.718317], [-46.1263695, -22.7174522], [-46.1262971, -22.7173631], [-46.1262274, -22.7172846], [-46.1261415, -22.7171881], [-46.1259471, -22.7169784], [-46.1257486, -22.7167545], [-46.125652, -22.7166419], [-46.1255595, -22.7165349], [-46.1248205, -22.7156493], [-46.1245132, -22.7152802], [-46.1244497, -22.7152088], [-46.1243954, -22.7151519], [-46.124321, -22.7150777], [-46.1242399, -22.7150013], [-46.1240454, -22.7148284], [-46.1238553, -22.714675], [-46.1231033, -22.7141218], [-46.1229484, -22.7139995], [-46.1227723, -22.713838], [-46.1226895, -22.7137564], [-46.1225957, -22.7136581], [-46.1225226, -22.7135715], [-46.1224642, -22.7134894], [-46.1223843, -22.7133779], [-46.1221523, -22.7129326], [-46.1220555, -22.7126132], [-46.121935, -22.7118949], [-46.1217861, -22.7107747], [-46.1216804, -22.7102957], [-46.1215812, -22.710006], [-46.1213439, -22.7096174], [-46.1209405, -22.7089167], [-46.1207967, -22.7086403], [-46.1206572, -22.7082333], [-46.1205612, -22.7077748], [-46.1203415, -22.7068539], [-46.1202031, -22.7064547], [-46.1200513, -22.7060579], [-46.1198169, -22.7056474], [-46.1196208, -22.7053999], [-46.119237, -22.7049805], [-46.118515, -22.7042605], [-46.1182213, -22.7039227], [-46.1179536, -22.7035521], [-46.1176524, -22.7030594], [-46.117183, -22.7023575], [-46.1165409, -22.7015634], [-46.115881, -22.7008243], [-46.1153561, -22.7001683], [-46.1152298, -22.6999743], [-46.1150409, -22.6996232], [-46.1148299, -22.6990692], [-46.1143965, -22.6979317], [-46.1142081, -22.6975538], [-46.113878, -22.6969773], [-46.1133182, -22.6962584], [-46.1130188, -22.6959117], [-46.1108172, -22.6933625], [-46.1095816, -22.6919255], [-46.1076507, -22.6898691], [-46.1060124, -22.6881839], [-46.1056548, -22.6877963], [-46.1053737, -22.6875318], [-46.1049419, -22.6871851], [-46.1045068, -22.6869122], [-46.104016, -22.6866447], [-46.103551, -22.6864184], [-46.1029608, -22.6861502], [-46.1028748, -22.6861121], [-46.102486, -22.6859398], [-46.102084, -22.6857211], [-46.1018646, -22.685575], [-46.1015832, -22.6852972], [-46.1013512, -22.6850188], [-46.1012895, -22.684914], [-46.1011568, -22.6846884], [-46.1010629, -22.6844236], [-46.1010066, -22.6840945], [-46.1009905, -22.6837715], [-46.1010146, -22.6835092], [-46.1013003, -22.6812436], [-46.1012962, -22.6810604], [-46.1012319, -22.6808278], [-46.1011353, -22.6806323], [-46.1010294, -22.6804925], [-46.1008859, -22.6803477], [-46.1006928, -22.6802178], [-46.1005238, -22.6801225], [-46.1003481, -22.6800223], [-46.1001429, -22.6799072], [-46.1000021, -22.6797871], [-46.0998452, -22.6796387], [-46.0997178, -22.6794617], [-46.0995823, -22.679234], [-46.0993771, -22.6787997], [-46.0992578, -22.6785782], [-46.0991237, -22.6783864], [-46.0989292, -22.678134], [-46.0985497, -22.6776959], [-46.0983861, -22.6774732], [-46.0982734, -22.6772653], [-46.0981755, -22.6770265], [-46.0981366, -22.6768396], [-46.0981178, -22.6765884], [-46.0981071, -22.6759091], [-46.0980869, -22.6756464], [-46.0980615, -22.6755354], [-46.0980146, -22.675419], [-46.0979609, -22.6753064], [-46.0978831, -22.6751901], [-46.0978027, -22.6750936], [-46.0977034, -22.6750008], [-46.097572, -22.6749166], [-46.0973547, -22.6748078], [-46.0971576, -22.6747446], [-46.0969511, -22.6747013], [-46.0966788, -22.6746927], [-46.0964374, -22.674736], [-46.0959533, -22.6748399], [-46.095331, -22.6749191], [-46.0951245, -22.6749315], [-46.0948724, -22.6749179], [-46.0946792, -22.674882], [-46.0945022, -22.6748189], [-46.0942581, -22.6747174], [-46.0940771, -22.6745999], [-46.0939081, -22.6744699], [-46.0937659, -22.6743128], [-46.0936613, -22.6741333], [-46.0935862, -22.6739601], [-46.0935366, -22.673798], [-46.0935165, -22.6736297], [-46.0935017, -22.6734725], [-46.0934937, -22.6732795], [-46.0935085, -22.6715619], [-46.093491, -22.6704729], [-46.0933569, -22.6683184], [-46.093322, -22.6678432], [-46.0932992, -22.6674942], [-46.0932577, -22.6671762], [-46.0931557, -22.666623], [-46.093086, -22.6663545], [-46.092972, -22.6660191], [-46.0927628, -22.6655563], [-46.0926019, -22.6652221], [-46.0924369, -22.6649548], [-46.0922438, -22.6646813], [-46.0918991, -22.6642668], [-46.0915639, -22.6639302], [-46.0912675, -22.6636344], [-46.0911092, -22.6635044], [-46.0901544, -22.6628213], [-46.0897346, -22.6625119], [-46.089351, -22.6622186], [-46.0891217, -22.6620107], [-46.0889447, -22.6618263], [-46.08882, -22.6617013], [-46.0887167, -22.6615503], [-46.0885973, -22.661382], [-46.0884847, -22.6611692], [-46.0884029, -22.6609588], [-46.0883452, -22.6608028], [-46.0882983, -22.660658], [-46.0882661, -22.6604922], [-46.0882419, -22.6603227], [-46.0882272, -22.6601259], [-46.0882191, -22.6599514], [-46.0882205, -22.659793], [-46.0882406, -22.6596185], [-46.0882714, -22.6594477], [-46.0886081, -22.6579205], [-46.0890721, -22.6557559], [-46.0891499, -22.6552856], [-46.0891673, -22.6550332], [-46.0891566, -22.6547002], [-46.089123, -22.6544725], [-46.0890064, -22.6538859], [-46.0889192, -22.6534985], [-46.088828, -22.6531433], [-46.0887247, -22.6525814], [-46.0886925, -22.6523004], [-46.0886644, -22.6518326], [-46.0886697, -22.6514935], [-46.0886993, -22.6511111], [-46.0888126, -22.6504644], [-46.0888562, -22.6502868], [-46.088997, -22.6497026], [-46.0892706, -22.6484105], [-46.089292, -22.6482124], [-46.0892732, -22.6480045], [-46.0892424, -22.6477396], [-46.0891995, -22.6475466], [-46.0891069, -22.6473337], [-46.0889849, -22.6470985], [-46.0887663, -22.6468299], [-46.0885517, -22.6466406], [-46.0883278, -22.6464784], [-46.0880327, -22.6463212], [-46.0874239, -22.6460885], [-46.0864677, -22.645737], [-46.0861874, -22.6455972], [-46.0858843, -22.6454066], [-46.0856469, -22.6451986], [-46.0854913, -22.645039], [-46.0853156, -22.6448125], [-46.0847457, -22.6438817], [-46.0844694, -22.6435029], [-46.0842186, -22.6432071], [-46.0839665, -22.6429621], [-46.0832946, -22.6422813], [-46.0823049, -22.64128], [-46.0817832, -22.6407997], [-46.081, -22.6399977], [-46.0808417, -22.6398367], [-46.080434, -22.6394233], [-46.0800089, -22.6389814], [-46.0797541, -22.6386633], [-46.0796374, -22.6384727], [-46.07951, -22.6382041], [-46.0794175, -22.6379405], [-46.0793625, -22.6377115], [-46.079333, -22.6375394], [-46.0792498, -22.636975], [-46.0786905, -22.6332085], [-46.0785368, -22.6321733], [-46.0784009, -22.6312582], [-46.0781783, -22.6300309], [-46.078122, -22.6297474], [-46.0780826, -22.6295902], [-46.0779664, -22.629126], [-46.0778338, -22.6287605], [-46.077819, -22.6287088], [-46.0777794, -22.6286103], [-46.0777469, -22.6285261], [-46.0774366, -22.6276725], [-46.0773564, -22.6274544], [-46.0772073, -22.6270488], [-46.0770209, -22.6266366], [-46.0767098, -22.6260981], [-46.0760052, -22.6250158], [-46.0757482, -22.624628]]}}, {"type": "Feature", "properties": {"ref": "BR-381", "highway": "trunk", "name": "Rodovia Fern\u00e3o Dias"}, "geometry": {"type": "LineString", "coordinates": [[-46.0751957, -22.6237857], [-46.0748444, -22.6232119], [-46.0741636, -22.6220948], [-46.0736682, -22.6213792], [-46.0734988, -22.621165], [-46.0729949, -22.6206303], [-46.0721286, -22.6197897], [-46.0718, -22.6194864], [-46.0711603, -22.6188761], [-46.0668097, -22.6147735], [-46.0653502, -22.6133506], [-46.0649616, -22.6129758], [-46.0644892, -22.6125189], [-46.0642999, -22.6123427], [-46.0635991, -22.6116475], [-46.0619858, -22.6101049], [-46.0613555, -22.6094739], [-46.0610247, -22.6090618], [-46.0609277, -22.6089177], [-46.060697, -22.6084336], [-46.0605334, -22.6080127], [-46.0599889, -22.606475], [-46.0594256, -22.6048853], [-46.0584748, -22.6022024], [-46.0583031, -22.6017146], [-46.0579464, -22.60076], [-46.0574046, -22.5995119], [-46.0571345, -22.5987607], [-46.0565664, -22.5963401], [-46.0562894, -22.5951454], [-46.0562397, -22.5949933], [-46.0561417, -22.5947575], [-46.0560447, -22.5945222], [-46.0559294, -22.5942931], [-46.05581, -22.5940752], [-46.055582, -22.5937409], [-46.0553715, -22.5934908], [-46.0543634, -22.5923003], [-46.0531077, -22.5907953], [-46.049248, -22.5859934], [-46.0489342, -22.5855922], [-46.0478868, -22.5842883], [-46.0471022, -22.5833027], [-46.0462774, -22.5821338], [-46.0459623, -22.5815109], [-46.0453266, -22.5801513], [-46.0451093, -22.5797674], [-46.0448532, -22.5793662], [-46.0444455, -22.5788052], [-46.0434335, -22.5776019], [-46.0430722, -22.5770518], [-46.0428844, -22.5767397], [-46.0427503, -22.5764796], [-46.0426819, -22.5763249], [-46.0424942, -22.5758246], [-46.0423855, -22.5754085], [-46.0423158, -22.5749491], [-46.0421871, -22.5728017], [-46.0421442, -22.5723646], [-46.0420369, -22.5718271], [-46.0418625, -22.5712649], [-46.0414226, -22.5700179], [-46.0409881, -22.5687498], [-46.0407816, -22.5682148], [-46.0407038, -22.5679126], [-46.0406488, -22.5677132], [-46.0406233, -22.5675262], [-46.0406086, -22.5672277], [-46.040614, -22.5668129], [-46.0406783, -22.5663807], [-46.0407108, -22.5661642], [-46.0410066, -22.5646058], [-46.041031, -22.5644462], [-46.041042, -22.5642729], [-46.0410284, -22.5639558], [-46.0409801, -22.5635979], [-46.0409117, -22.5631372], [-46.0406233, -22.5613687], [-46.0405147, -22.5607172], [-46.0401928, -22.5586923], [-46.0400654, -22.5578898], [-46.0399729, -22.5574018], [-46.0398777, -22.5570166], [-46.0398133, -22.5567404], [-46.039698, -22.5563491], [-46.0394874, -22.5556852], [-46.0392433, -22.554957], [-46.0391723, -22.5546412], [-46.0391387, -22.5543736], [-46.0391079, -22.5540566], [-46.0391159, -22.5535512], [-46.0391481, -22.5531983], [-46.0391843, -22.5529035], [-46.0396054, -22.55071], [-46.0398576, -22.5493117], [-46.0398804, -22.5490689], [-46.0399018, -22.548545], [-46.0398817, -22.547969], [-46.0397784, -22.5465335], [-46.0397342, -22.5461694], [-46.0396792, -22.5459018], [-46.039533, -22.5455253], [-46.0391052, -22.5447425], [-46.0385674, -22.5438048], [-46.0378768, -22.5425835], [-46.0376649, -22.54215], [-46.0375442, -22.5417611], [-46.0374919, -22.5414527], [-46.0374476, -22.5408705], [-46.037406, -22.540048], [-46.0373645, -22.53956], [-46.0372733, -22.5391389], [-46.0371418, -22.5387846], [-46.0368991, -22.5382928], [-46.0367636, -22.5380463], [-46.0363103, -22.5372251], [-46.036144, -22.5369179], [-46.035735, -22.536197], [-46.0352334, -22.5352828], [-46.0349371, -22.5347849], [-46.034697, -22.5344529], [-46.034418, -22.5341333], [-46.034174, -22.5338967], [-46.0339192, -22.5337047], [-46.0335436, -22.5334718], [-46.0331105, -22.5332538], [-46.0328208, -22.533146], [-46.0325874, -22.5330531], [-46.0322361, -22.5329714], [-46.0319397, -22.5329305], [-46.0315534, -22.5329132], [-46.0310036, -22.5329478], [-46.030443, -22.5330271], [-46.0300487, -22.5330866], [-46.0296933, -22.5330891], [-46.0294586, -22.5330668], [-46.0292199, -22.5330135], [-46.0290456, -22.5329516], [-46.0287264, -22.5327918], [-46.0285172, -22.5326518], [-46.0283522, -22.5325131], [-46.0281658, -22.5322975], [-46.0279861, -22.5320473], [-46.0278319, -22.5317537], [-46.0277474, -22.5315431], [-46.027337, -22.5305088], [-46.0266665, -22.5289058], [-46.0259275, -22.5270539], [-46.0256982, -22.5265113], [-46.025485, -22.5260666], [-46.0252208, -22.525628], [-46.0247715, -22.524891], [-46.0242933, -22.5241392], [-46.0238421, -22.5234886], [-46.0234143, -22.5229677], [-46.0232554, -22.52278], [-46.0225613, -22.52195], [-46.0224313, -22.5217382], [-46.0223106, -22.5215127], [-46.0222073, -22.5212228], [-46.0221134, -22.5209045], [-46.0220826, -22.5205117], [-46.0220826, -22.519761], [-46.0220692, -22.519092], [-46.0220011, -22.5186092], [-46.0219578, -22.5184354], [-46.0218827, -22.5181208], [-46.0212927, -22.5158425], [-46.020948, -22.514388], [-46.0208394, -22.5139581], [-46.0207141, -22.5134882], [-46.0205832, -22.5131207], [-46.0203928, -22.5127564], [-46.0201953, -22.512454], [-46.0199561, -22.5121556], [-46.0196619, -22.5118644], [-46.0193132, -22.5115795], [-46.0183033, -22.5108411], [-46.0177857, -22.5104149], [-46.017606, -22.5102092], [-46.0174839, -22.510032], [-46.0173679, -22.5097904], [-46.0172237, -22.5093345], [-46.0167021, -22.5072779], [-46.0166042, -22.5069892], [-46.0164258, -22.5066603], [-46.0157713, -22.505635], [-46.0155554, -22.5052522], [-46.015483, -22.5050638], [-46.0154052, -22.504738], [-46.0152952, -22.5038868], [-46.0152403, -22.5035981], [-46.0151571, -22.5033466], [-46.0150056, -22.503027], [-46.0146596, -22.502483], [-46.0139716, -22.5013964], [-46.0136953, -22.5008773], [-46.0135639, -22.5004994], [-46.0135035, -22.5001264], [-46.0135022, -22.499751], [-46.0135357, -22.4994128], [-46.0135786, -22.4991179], [-46.0136883, -22.4983136], [-46.0136993, -22.4978008], [-46.0136612, -22.4972755], [-46.0136131, -22.4968529], [-46.0135612, -22.496532], [-46.0134928, -22.4961961], [-46.0134365, -22.4959695], [-46.0133278, -22.4956102], [-46.0131642, -22.4952211], [-46.0129899, -22.4948568], [-46.0125634, -22.4941282], [-46.0118701, -22.4929895], [-46.0114825, -22.49237], [-46.0112679, -22.4919896], [-46.0110801, -22.4915621], [-46.011001, -22.491256], [-46.0109608, -22.4910256], [-46.0109246, -22.4906575], [-46.0108736, -22.488302], [-46.0108656, -22.4876725], [-46.0108401, -22.4863962], [-46.0108012, -22.4847023], [-46.0107945, -22.4840654], [-46.0106776, -22.4772173], [-46.0106725, -22.4768904], [-46.0106349, -22.4747255], [-46.010573, -22.4712344], [-46.0105719, -22.4710523], [-46.0105357, -22.4691165], [-46.0104954, -22.4685595], [-46.0104512, -22.4682846], [-46.0103823, -22.4680135], [-46.0102578, -22.4676781], [-46.0100375, -22.4672535], [-46.0096356, -22.4665733], [-46.0093557, -22.4661066], [-46.0088438, -22.4652311], [-46.0086455, -22.4648646], [-46.0084923, -22.4644638], [-46.008417, -22.4641142], [-46.0083986, -22.4637524], [-46.0084239, -22.4633747], [-46.0085103, -22.4630029], [-46.0087549, -22.4624626], [-46.0094068, -22.4613562], [-46.0096848, -22.4608344], [-46.009865, -22.4603145], [-46.0099449, -22.4598257], [-46.0099299, -22.4593372], [-46.0098449, -22.4588766], [-46.0097738, -22.4586624], [-46.0096004, -22.458166], [-46.0095001, -22.4579302], [-46.0092739, -22.4575069], [-46.0089348, -22.457103], [-46.0086666, -22.4568676], [-46.0083397, -22.4566389], [-46.007702, -22.4561899], [-46.0071149, -22.4557823], [-46.0068086, -22.4555697], [-46.005933, -22.4549618], [-46.0027941, -22.4528027], [-46.0000214, -22.4508952], [-45.9993381, -22.4504236], [-45.9974002, -22.4490918], [-45.9966438, -22.4485712], [-45.996269, -22.4483029], [-45.9958941, -22.4480066], [-45.9952558, -22.4474383], [-45.9936947, -22.4458704], [-45.9925608, -22.444699], [-45.9910937, -22.4432141], [-45.9907168, -22.4428491], [-45.9903292, -22.4425231], [-45.9900101, -22.4422869], [-45.9899847, -22.4422731], [-45.9870932, -22.4407065], [-45.9865157, -22.4404137], [-45.9854476, -22.43985], [-45.9849179, -22.4394967], [-45.9846564, -22.4392339], [-45.984474, -22.4390368], [-45.9842822, -22.4387604], [-45.9837002, -22.4377787], [-45.9831503, -22.4370424], [-45.9827158, -22.436606], [-45.9822062, -22.4361945], [-45.9815553, -22.4357679], [-45.981089, -22.4354431], [-45.9789674, -22.43404], [-45.9778436, -22.4332603], [-45.9774587, -22.4329492], [-45.9767975, -22.4323381], [-45.9762678, -22.4317759], [-45.9752862, -22.4307448], [-45.9740952, -22.4295427], [-45.9729928, -22.428365], [-45.9721532, -22.42747], [-45.9721196, -22.427435], [-45.9706485, -22.425903], [-45.9695783, -22.425003], [-45.9690784, -22.4246097], [-45.9686986, -22.4243013], [-45.9685001, -22.4240807], [-45.9670758, -22.4223773], [-45.9654558, -22.4208921], [-45.9653083, -22.4207161], [-45.9651956, -22.4205896], [-45.9650776, -22.4204136], [-45.9649381, -22.4201904], [-45.9648147, -22.4198904], [-45.964753, -22.4195929], [-45.9646484, -22.4178027], [-45.9646082, -22.417344], [-45.9644848, -22.4168555], [-45.9642461, -22.4163447], [-45.9639081, -22.4158687], [-45.9635514, -22.4155116], [-45.9628111, -22.4148161], [-45.9618402, -22.4139445], [-45.9614982, -22.4136668], [-45.9612206, -22.4134809], [-45.9605581, -22.4130891], [-45.9598888, -22.4127308], [-45.959461, -22.412458], [-45.9591888, -22.4122175], [-45.9589997, -22.412003], [-45.9587529, -22.4116435], [-45.9585531, -22.4112852], [-45.9581588, -22.4105438], [-45.9580019, -22.4101954], [-45.9578635, -22.4098428], [-45.9577484, -22.4094428], [-45.9576827, -22.4091142], [-45.9575848, -22.4085644], [-45.9574239, -22.4075434], [-45.9574091, -22.4073599], [-45.9574159, -22.4071726], [-45.9574641, -22.4068986], [-45.9575929, -22.4065211], [-45.9577625, -22.4062409], [-45.9579737, -22.4060035], [-45.9581172, -22.405872], [-45.958313, -22.4057332], [-45.95847, -22.4056327], [-45.9586591, -22.4055435], [-45.9590466, -22.4054133], [-45.9598084, -22.4052236], [-45.9603247, -22.4051021], [-45.9605205, -22.4050463], [-45.9608082, -22.4048969], [-45.9611797, -22.4046334], [-45.9614646, -22.4043358], [-45.9616028, -22.4041176], [-45.9616846, -22.4039391], [-45.9617677, -22.4036886], [-45.961808, -22.403489], [-45.9618247, -22.403246], [-45.9618053, -22.4029769], [-45.9617382, -22.402543], [-45.9616604, -22.4020222], [-45.9614881, -22.4009044], [-45.9614459, -22.4006943], [-45.9613869, -22.400486], [-45.9612943, -22.4002603], [-45.961187, -22.4000669], [-45.9604776, -22.398822], [-45.9602763, -22.3984412], [-45.9601403, -22.3982498], [-45.9599572, -22.397995], [-45.9598792, -22.3978988], [-45.9597561, -22.397747], [-45.9594986, -22.3974147], [-45.9592718, -22.3971352], [-45.959233, -22.3970873], [-45.9590627, -22.3968542], [-45.9589165, -22.3966211], [-45.9587583, -22.3963459], [-45.9584928, -22.395861], [-45.9582084, -22.3953948], [-45.9579563, -22.3950563], [-45.9577498, -22.3947885], [-45.9573765, -22.3943159], [-45.9572925, -22.3942094], [-45.9561351, -22.3927822], [-45.9543246, -22.3904994], [-45.9538606, -22.389903], [-45.9533805, -22.3891813], [-45.9531981, -22.3888837], [-45.9531658, -22.3888231], [-45.9527247, -22.3880392], [-45.9521949, -22.3871216], [-45.9518415, -22.3864786], [-45.9515043, -22.3859535], [-45.9511428, -22.3854879], [-45.9507801, -22.3851242], [-45.9506426, -22.384985], [-45.9503831, -22.3847547], [-45.9498983, -22.3843941], [-45.9490138, -22.3838243], [-45.9472288, -22.3827117], [-45.9468198, -22.3824386], [-45.9462324, -22.3819977], [-45.9457965, -22.3816195], [-45.9453084, -22.3811334], [-45.9443862, -22.3801052], [-45.9431584, -22.3787728], [-45.9368892, -22.3719839], [-45.9359984, -22.3710326], [-45.935539, -22.370566], [-45.9346419, -22.3698042], [-45.934314, -22.3695183], [-45.9336649, -22.3689801], [-45.9331593, -22.3685199], [-45.9327543, -22.3680958], [-45.9322849, -22.3675042], [-45.9320032, -22.3670354], [-45.9318115, -22.3666906], [-45.9316345, -22.3662987], [-45.931436, -22.3657915], [-45.9312442, -22.3652558], [-45.9304143, -22.3627637], [-45.9303101, -22.3624286], [-45.9301961, -22.3621204], [-45.9300841, -22.3618748], [-45.9299795, -22.361664], [-45.9298106, -22.3613341], [-45.9296228, -22.3610168], [-45.9294917, -22.3608139], [-45.9291293, -22.3602513], [-45.9287636, -22.359675], [-45.9286129, -22.3594216], [-45.9284533, -22.3591289], [-45.9283823, -22.35898], [-45.9283152, -22.3588176], [-45.9281719, -22.3584465], [-45.9281047, -22.3582421], [-45.9280416, -22.3580374], [-45.927984, -22.3577968], [-45.9279476, -22.3575931], [-45.9278888, -22.3571519], [-45.9278673, -22.3569398], [-45.9278585, -22.3567312], [-45.9278579, -22.3564573], [-45.9278592, -22.3561261], [-45.9278834, -22.3554861], [-45.9279218, -22.3542347], [-45.9279245, -22.3537429], [-45.9279169, -22.3535202], [-45.9279116, -22.3533826], [-45.9278539, -22.3529733], [-45.9278137, -22.3527649], [-45.9277841, -22.352616], [-45.9277493, -22.3524312], [-45.9277278, -22.3523196], [-45.9276952, -22.3521654], [-45.9276581, -22.3520182], [-45.9275924, -22.3518148], [-45.9274757, -22.3514303], [-45.9272423, -22.3506488], [-45.927013, -22.3498898], [-45.9268937, -22.3495176], [-45.9267729, -22.3491754], [-45.9265369, -22.348018], [-45.9264754, -22.3475789], [-45.9264605, -22.3473978], [-45.9264417, -22.3471981], [-45.9264281, -22.3468109], [-45.9264297, -22.3454318], [-45.9264243, -22.3450696], [-45.9264189, -22.3447744], [-45.9263934, -22.3444643], [-45.926372, -22.3443167], [-45.9263492, -22.344189], [-45.9262848, -22.3438354], [-45.9262271, -22.3435289], [-45.9259898, -22.3424288], [-45.9257553, -22.3413134], [-45.9256196, -22.3407529], [-45.9255847, -22.3405979], [-45.9255552, -22.340485], [-45.925499, -22.34032], [-45.9254466, -22.3401774], [-45.9253863, -22.3400236], [-45.9253004, -22.3398375], [-45.9251891, -22.3396266], [-45.9250885, -22.3394369], [-45.9248572, -22.3390776], [-45.9245843, -22.3386765], [-45.9243241, -22.3383093], [-45.9234969, -22.3371095], [-45.9232467, -22.3367415], [-45.9227698, -22.3360504], [-45.9224921, -22.3356509], [-45.9223513, -22.33545], [-45.922228, -22.3352924], [-45.9220791, -22.3350704], [-45.9219557, -22.3348955], [-45.921485, -22.3343211], [-45.9212865, -22.3341065], [-45.9210987, -22.3339229], [-45.9207098, -22.3335533], [-45.9202887, -22.3332022], [-45.9197653, -22.3328217], [-45.919126, -22.3324219], [-45.9186874, -22.332185], [-45.9171063, -22.3314394], [-45.9167509, -22.3312645], [-45.915902, -22.3308092], [-45.9156237, -22.3306108], [-45.9151563, -22.3302312], [-45.9147526, -22.3298702], [-45.9143315, -22.3293739], [-45.9129475, -22.327724], [-45.9115139, -22.3259934], [-45.9109788, -22.3253607], [-45.9105563, -22.324934], [-45.9100454, -22.3245084], [-45.9088773, -22.3236648], [-45.9083562, -22.3232753], [-45.9079264, -22.3229341], [-45.9074731, -22.3225359], [-45.9072062, -22.322276], [-45.9068549, -22.3218523], [-45.9065317, -22.3213772], [-45.9064309, -22.3212035], [-45.9063506, -22.3210652], [-45.9062043, -22.32074], [-45.9060623, -22.3203909], [-45.9058437, -22.3197507], [-45.9054172, -22.3185039], [-45.9052415, -22.3179183], [-45.9050109, -22.3172422], [-45.904756, -22.3164667], [-45.9045978, -22.3159903], [-45.9044503, -22.3155164], [-45.9042994, -22.3150313], [-45.9041894, -22.314741], [-45.9040607, -22.314362], [-45.9038977, -22.3138446], [-45.9038488, -22.3136976], [-45.9037757, -22.3134594], [-45.9036349, -22.3129929], [-45.9034672, -22.312437], [-45.9033519, -22.312035], [-45.9032621, -22.3116889], [-45.9031749, -22.3113539], [-45.9030931, -22.3110549], [-45.9029992, -22.3107112], [-45.902904, -22.3103117], [-45.9027819, -22.3098725], [-45.9027095, -22.3095772], [-45.9025969, -22.3091541], [-45.9025137, -22.3088303], [-45.9024212, -22.3084978], [-45.9022871, -22.3079568], [-45.9021758, -22.3075598], [-45.9020725, -22.307169], [-45.9019357, -22.3065821], [-45.901823, -22.3061702], [-45.9017023, -22.3057508], [-45.9016487, -22.3055597], [-45.9015897, -22.3053029], [-45.9014247, -22.3046614], [-45.9013107, -22.3042544], [-45.9012142, -22.3038996], [-45.9011538, -22.3036601], [-45.9010707, -22.30334], [-45.9009741, -22.3029665], [-45.9008762, -22.3026154], [-45.9008038, -22.302356], [-45.9007515, -22.3021377], [-45.9007126, -22.3019813], [-45.900659, -22.3018027], [-45.9006053, -22.3016078], [-45.9005409, -22.3013572], [-45.9005114, -22.3012418], [-45.9004779, -22.3011091], [-45.9004239, -22.3009144], [-45.9003612, -22.3006884], [-45.9002915, -22.3004316], [-45.9002271, -22.3001785], [-45.9001654, -22.2999142], [-45.9001051, -22.2996809], [-45.899868, -22.298745], [-45.8983933, -22.2931865], [-45.8982486, -22.2926232], [-45.8978438, -22.2911414], [-45.8976378, -22.2903862], [-45.8974969, -22.2898415], [-45.8970715, -22.2882265], [-45.8964042, -22.2856096], [-45.8956043, -22.2826477], [-45.8947098, -22.2791217], [-45.8945205, -22.2783636], [-45.8939689, -22.2762849], [-45.8938699, -22.2759532], [-45.8937568, -22.2755212], [-45.8933377, -22.2738906], [-45.8930576, -22.2728347], [-45.8894219, -22.2591165], [-45.8887721, -22.2566682], [-45.8880447, -22.2539199], [-45.8874612, -22.2517521], [-45.8872977, -22.2510792], [-45.887106, -22.2505433], [-45.8867867, -22.2498368], [-45.8863736, -22.2491232], [-45.8837277, -22.2447641], [-45.8836489, -22.2446299], [-45.8831669, -22.2438088], [-45.8828008, -22.2431348], [-45.8818862, -22.2412962], [-45.8816478, -22.2408769], [-45.881536, -22.2407], [-45.8808822, -22.2396965], [-45.8804914, -22.2390941], [-45.880134, -22.2385444], [-45.87795, -22.2351615], [-45.8777583, -22.2348722], [-45.8764717, -22.2328663], [-45.8762381, -22.2324919], [-45.8761137, -22.2322442], [-45.8760252, -22.2320493], [-45.8759714, -22.2318831], [-45.875934, -22.2316434], [-45.8759242, -22.2314044], [-45.8760081, -22.2299534], [-45.8760041, -22.2276621], [-45.8759666, -22.2270724], [-45.8758244, -22.2263425], [-45.875646, -22.2258061], [-45.8755186, -22.2254647], [-45.8754395, -22.2253058], [-45.8751552, -22.2247509], [-45.8745147, -22.22368], [-45.8733074, -22.2217661], [-45.8729894, -22.221262], [-45.8728944, -22.2211113], [-45.8724308, -22.2203764], [-45.8675974, -22.2127137], [-45.8672774, -22.2122143], [-45.8669518, -22.2116875], [-45.8665632, -22.211072], [-45.8665028, -22.2109764], [-45.8636696, -22.2064895], [-45.8619719, -22.2038007], [-45.8614928, -22.2032107], [-45.8608091, -22.2024657], [-45.8601813, -22.2019557], [-45.8594937, -22.2015556], [-45.8593323, -22.2014617], [-45.8580534, -22.2008427], [-45.8575338, -22.2005913], [-45.8553243, -22.1995221], [-45.8539732, -22.1988683], [-45.8532761, -22.1984465], [-45.8527176, -22.1980443], [-45.8522523, -22.1976832], [-45.8504397, -22.1958741], [-45.8500418, -22.1954782], [-45.848247, -22.1935898], [-45.8476735, -22.1930291], [-45.8471847, -22.1924133], [-45.8468002, -22.1918307], [-45.846398, -22.1911152], [-45.8460873, -22.1904575], [-45.8455405, -22.1891809], [-45.8446956, -22.1872086], [-45.8439828, -22.1855396], [-45.8425754, -22.1822439], [-45.8408208, -22.1781351], [-45.8391812, -22.1742954], [-45.8390637, -22.174015], [-45.838911, -22.1736504], [-45.8386231, -22.1730329], [-45.8383591, -22.1725564], [-45.8380852, -22.1720998], [-45.8377071, -22.1714707], [-45.8370487, -22.1705919], [-45.8363356, -22.1696401], [-45.8357978, -22.1689692], [-45.8327718, -22.1651938], [-45.831663, -22.1638744], [-45.8311401, -22.1633107], [-45.8302014, -22.1623618], [-45.8296054, -22.1616674], [-45.8287987, -22.160636], [-45.8280515, -22.1595909], [-45.8275816, -22.1588545], [-45.82726, -22.1583904], [-45.8271342, -22.1582089], [-45.8258793, -22.1566543], [-45.8247976, -22.1552752], [-45.8245707, -22.1549016], [-45.8243614, -22.1545055], [-45.8241677, -22.1540115], [-45.8234763, -22.1518186], [-45.8228154, -22.1497211], [-45.8226602, -22.1493635], [-45.8224581, -22.149054], [-45.8222058, -22.1487579], [-45.8218607, -22.148458], [-45.8210651, -22.1478705], [-45.8207797, -22.1476339], [-45.820589, -22.1474462], [-45.8204083, -22.1472423], [-45.8198417, -22.1465045], [-45.8196451, -22.1462895], [-45.8191477, -22.1457757], [-45.8188281, -22.1454141], [-45.8186464, -22.1451458], [-45.8185444, -22.1449825], [-45.8184325, -22.1447601], [-45.8183386, -22.1445476], [-45.8182528, -22.1443222], [-45.8180322, -22.1435899], [-45.8179705, -22.1434073], [-45.8179215, -22.143275], [-45.8178679, -22.1431576], [-45.8178035, -22.143016], [-45.8177157, -22.1428552], [-45.8176325, -22.1427142], [-45.817546, -22.1425831], [-45.8174354, -22.142431], [-45.8173154, -22.1422819], [-45.8171913, -22.1421471], [-45.8170626, -22.1420136], [-45.816787, -22.1417782], [-45.8166079, -22.1416477], [-45.8164396, -22.1415328], [-45.8162485, -22.1414148], [-45.8160641, -22.1413142], [-45.8158616, -22.1412167], [-45.8153855, -22.1410037], [-45.8146171, -22.1406552], [-45.8143824, -22.1405161], [-45.8142382, -22.140418], [-45.8140833, -22.1402993], [-45.8139385, -22.1401701], [-45.8138292, -22.1400627], [-45.8137272, -22.1399596], [-45.8136152, -22.139841], [-45.8133752, -22.1395497], [-45.8132304, -22.139354], [-45.8130138, -22.1390689], [-45.8128139, -22.1388012], [-45.8126108, -22.1385316], [-45.8123553, -22.1382223], [-45.8120998, -22.1379459], [-45.8115674, -22.1374441], [-45.8112153, -22.1370987], [-45.810929, -22.1368031], [-45.8107406, -22.1365751], [-45.8105763, -22.1363652], [-45.810471, -22.1362273], [-45.8102712, -22.1359347], [-45.810129, -22.1357291], [-45.8096536, -22.1350968], [-45.8094914, -22.1349211], [-45.8093499, -22.1347614], [-45.8092365, -22.1346446], [-45.8091044, -22.134526], [-45.8089931, -22.1344285], [-45.8088711, -22.1343186], [-45.8087712, -22.1342366], [-45.808682, -22.1341626], [-45.8085311, -22.1340446], [-45.8083494, -22.1339123], [-45.8073342, -22.1332278], [-45.807011, -22.1329607], [-45.8068259, -22.132803], [-45.8066998, -22.1326924], [-45.8063699, -22.1323843], [-45.8061815, -22.1322021], [-45.8051596, -22.1310029], [-45.8049584, -22.1307873], [-45.8046788, -22.1304892], [-45.8043496, -22.1301935], [-45.8040364, -22.129924], [-45.8034094, -22.1294413], [-45.8028623, -22.1290245], [-45.8012643, -22.1277636], [-45.8000688, -22.1268573], [-45.798334, -22.1256454], [-45.7976393, -22.1252143], [-45.7973899, -22.1250975], [-45.7970305, -22.1249447], [-45.7965423, -22.1247273], [-45.7954691, -22.1242772], [-45.7944188, -22.1238516], [-45.7942627, -22.1237822], [-45.7936992, -22.1234812], [-45.7931976, -22.1231855], [-45.7926893, -22.1229283], [-45.7922159, -22.1226997], [-45.7916486, -22.1224538], [-45.7906576, -22.122055], [-45.7898609, -22.1217394], [-45.7892548, -22.121558], [-45.7887317, -22.1214288], [-45.7883039, -22.1213456], [-45.787856, -22.1212834], [-45.7873973, -22.1212387], [-45.7869253, -22.1212077], [-45.7864237, -22.1212052], [-45.7858738, -22.1212176], [-45.7854279, -22.1212244], [-45.7850088, -22.1212418], [-45.7831822, -22.1212859], [-45.7806006, -22.1213418], [-45.7800615, -22.1213729], [-45.7795988, -22.1214102], [-45.7791616, -22.121471], [-45.777677, -22.1216711], [-45.776584, -22.1218264], [-45.7760556, -22.1218934], [-45.7755151, -22.1219245], [-45.7750297, -22.1219407], [-45.7746488, -22.1219363], [-45.7743745, -22.1219257], [-45.7739757, -22.1218908], [-45.7712337, -22.121612], [-45.767718, -22.1212518], [-45.7648735, -22.1209673], [-45.7636356, -22.1208436], [-45.7631153, -22.1207697], [-45.7625923, -22.1206697], [-45.7620746, -22.1205355], [-45.7611586, -22.1202634], [-45.7604532, -22.1200199], [-45.7601099, -22.1198944], [-45.7591228, -22.1194869], [-45.7584228, -22.1192024], [-45.7572815, -22.1187378], [-45.755015, -22.1178246], [-45.753981, -22.1174121], [-45.7532984, -22.1171301], [-45.7529014, -22.1169474], [-45.752416, -22.1166903], [-45.7517494, -22.1162778], [-45.7512532, -22.1159212], [-45.7507168, -22.1154938], [-45.7499202, -22.1147819], [-45.7489546, -22.1139364], [-45.7487152, -22.1137196], [-45.7479876, -22.1130512], [-45.7475249, -22.1125654], [-45.7469027, -22.1118857], [-45.746436, -22.1114248], [-45.7454624, -22.1105597], [-45.7454362, -22.1105364], [-45.7451887, -22.1103364], [-45.7448843, -22.1101177], [-45.7445517, -22.109904], [-45.7439657, -22.1095598], [-45.7434493, -22.1093101], [-45.7430014, -22.1091336], [-45.7424234, -22.1089311], [-45.7415188, -22.1086516], [-45.7412794, -22.1085733], [-45.73597, -22.1069021], [-45.7340209, -22.1062883], [-45.732056, -22.1056695], [-45.7291357, -22.1047525], [-45.7262181, -22.1038318], [-45.7257602, -22.1036728], [-45.7253243, -22.1034889], [-45.7248884, -22.1032814], [-45.7243533, -22.1029869], [-45.7239658, -22.1027371], [-45.7236372, -22.1025122], [-45.723314, -22.102265], [-45.7230257, -22.102019], [-45.7220131, -22.1011311], [-45.7209295, -22.10018], [-45.7201637, -22.0995065], [-45.7197587, -22.0991735], [-45.7193242, -22.0988603], [-45.7189272, -22.0986044], [-45.7184699, -22.0983223], [-45.7183382, -22.0982432], [-45.7124993, -22.0947175], [-45.7115293, -22.0941142], [-45.7107452, -22.0936364], [-45.7100431, -22.0930928], [-45.7095925, -22.0926697], [-45.7084411, -22.0914786], [-45.7081404, -22.0911797], [-45.7078323, -22.090856], [-45.7074668, -22.090473], [-45.7066823, -22.089655], [-45.7063386, -22.0892984], [-45.7060841, -22.0890268], [-45.705707, -22.0886245], [-45.7053874, -22.088284], [-45.7050605, -22.0879361], [-45.7046974, -22.0875577], [-45.7043136, -22.0871572], [-45.7035924, -22.0863967], [-45.7033499, -22.086128], [-45.7029694, -22.0857312], [-45.7026519, -22.0853889], [-45.7025041, -22.0852186], [-45.7023351, -22.0850061], [-45.7022479, -22.0848943], [-45.7020421, -22.0845867], [-45.7019106, -22.084368], [-45.701796, -22.0841633], [-45.7016766, -22.0839107], [-45.7016156, -22.0837091], [-45.7015106, -22.0834701], [-45.7013507, -22.0829581], [-45.7012749, -22.0826369], [-45.701235, -22.0824809], [-45.7012159, -22.0824026], [-45.7011777, -22.0822243], [-45.7011375, -22.0819279], [-45.7011117, -22.0816206], [-45.7011066, -22.0813202], [-45.7011123, -22.0809805], [-45.7011442, -22.0806212], [-45.7011965, -22.0802042], [-45.7012468, -22.0798246], [-45.7012991, -22.0794337], [-45.701338, -22.079059], [-45.701391, -22.0786073], [-45.7014547, -22.0780518], [-45.7015358, -22.0774242], [-45.7015901, -22.0769507], [-45.7016762, -22.0763371], [-45.7017485, -22.0757136], [-45.7018238, -22.0750641], [-45.7018523, -22.0748147], [-45.7019123, -22.0743595], [-45.7019556, -22.0739975], [-45.7019985, -22.0736787], [-45.70204, -22.0733699], [-45.7020813, -22.0730601], [-45.7021151, -22.0727594], [-45.7021356, -22.0725481], [-45.7022399, -22.0716191], [-45.7023451, -22.0707518], [-45.7023928, -22.0703136], [-45.7025859, -22.0687053], [-45.702671, -22.0678558], [-45.7026717, -22.0675177], [-45.7026496, -22.0671256], [-45.7026374, -22.066962], [-45.702602, -22.0667732], [-45.7025228, -22.0664215], [-45.7024276, -22.0660642], [-45.7023666, -22.0658703], [-45.7022985, -22.0656873], [-45.702154, -22.0653415], [-45.7020052, -22.0650419], [-45.7017209, -22.0644466], [-45.6991084, -22.0591742], [-45.6990279, -22.0590076], [-45.6989662, -22.0588839], [-45.696854, -22.0546473], [-45.6963591, -22.0537909], [-45.6958026, -22.0530259], [-45.6936139, -22.0504958], [-45.6921164, -22.0488746], [-45.6914628, -22.0481029], [-45.6895986, -22.0462042], [-45.6884627, -22.04506], [-45.6876393, -22.0442259], [-45.6873295, -22.0438331], [-45.6870545, -22.0434067], [-45.6867729, -22.0428399], [-45.6866375, -22.0425017], [-45.6864904, -22.0419806], [-45.686266, -22.0409044], [-45.686101, -22.0401436], [-45.6860192, -22.0398589], [-45.6859468, -22.0396551], [-45.6857926, -22.0393219], [-45.6856196, -22.0390211], [-45.6853808, -22.0386942], [-45.6851998, -22.0384791], [-45.6849557, -22.0382528], [-45.6846526, -22.0380142], [-45.6843549, -22.0378376], [-45.6840236, -22.0376661], [-45.6834912, -22.0374548], [-45.6819905, -22.0368854], [-45.6804194, -22.0362464], [-45.6796463, -22.0359543], [-45.6793968, -22.0358524], [-45.6791152, -22.0357156], [-45.678792, -22.035549], [-45.678391, -22.035329], [-45.677935, -22.0349586], [-45.6776185, -22.0346788], [-45.6770928, -22.0341343], [-45.6766194, -22.0336147], [-45.6763834, -22.0333201], [-45.6762171, -22.0330777], [-45.6761118, -22.032867], [-45.6759167, -22.0323467], [-45.6758671, -22.0319588], [-45.6758536, -22.0315299], [-45.6758979, -22.0311744], [-45.6759971, -22.030789], [-45.67615, -22.03038], [-45.6767173, -22.0290162], [-45.678784, -22.0241963], [-45.6790079, -22.0237487], [-45.6792587, -22.0233384], [-45.6795752, -22.0228734], [-45.6798788, -22.0225318], [-45.6806561, -22.0217408], [-45.6810598, -22.0213243], [-45.6812866, -22.021052], [-45.6814693, -22.0207789], [-45.6816054, -22.0204827], [-45.6817171, -22.0201738], [-45.6817773, -22.0198652], [-45.6818048, -22.0195519], [-45.6817955, -22.0192184], [-45.6817495, -22.0188816], [-45.6816207, -22.0184737], [-45.681427, -22.0180895], [-45.6811695, -22.0177362], [-45.6808628, -22.0174207], [-45.679879, -22.0166061], [-45.6796946, -22.0164351], [-45.6795014, -22.0162405], [-45.6793097, -22.0160199], [-45.6791219, -22.0157476], [-45.678965, -22.0154573], [-45.6788255, -22.015129], [-45.678214, -22.0136035], [-45.6778747, -22.0127418], [-45.6775729, -22.0119536], [-45.6774942, -22.0117401], [-45.6774408, -22.0115371], [-45.6774023, -22.0113281], [-45.6773806, -22.0111163], [-45.6773703, -22.0108942], [-45.6773773, -22.0106574], [-45.677408, -22.0104205], [-45.6774522, -22.010193], [-45.6777835, -22.0090696], [-45.6778425, -22.0087849], [-45.6778586, -22.0085082], [-45.6778345, -22.0081986], [-45.6777594, -22.0078989], [-45.6776279, -22.0075856], [-45.6774482, -22.0073345], [-45.6772269, -22.007092], [-45.6768635, -22.0067874], [-45.6760146, -22.0061371], [-45.6754986, -22.0057042], [-45.6752678, -22.0055002], [-45.6750443, -22.0052608], [-45.6748492, -22.0049931], [-45.6747124, -22.0046885], [-45.6746158, -22.0042856], [-45.6745917, -22.0038591], [-45.6745655, -22.0026244], [-45.6745548, -22.0022812], [-45.6745259, -22.0019716], [-45.6744696, -22.001611], [-45.6744025, -22.0013275], [-45.6741022, -22.000099], [-45.6739432, -21.9993977], [-45.6738883, -21.9990974], [-45.67385, -21.9987026], [-45.6738621, -21.9983495], [-45.6739126, -21.9980291], [-45.6739935, -21.997714], [-45.6742567, -21.9968381], [-45.6743355, -21.9963574], [-45.6743462, -21.9959408], [-45.6742859, -21.9955317], [-45.6741826, -21.9951898], [-45.6740204, -21.9948379], [-45.67385, -21.9945954], [-45.673669, -21.9944002], [-45.6734973, -21.9942261], [-45.6733, -21.9940758], [-45.6730696, -21.9939333], [-45.6728053, -21.9938033], [-45.6723467, -21.9936391], [-45.6711879, -21.9933394], [-45.6703591, -21.9931256], [-45.6699112, -21.99299], [-45.6695236, -21.9928383], [-45.6690314, -21.9926108], [-45.6686157, -21.992377], [-45.6677021, -21.9917341], [-45.6654695, -21.9901473], [-45.6647158, -21.9896101], [-45.663856, -21.9890003], [-45.6626424, -21.9881614], [-45.6622736, -21.9879363], [-45.6619437, -21.987761], [-45.661591, -21.9876105], [-45.661139, -21.9874463], [-45.6606013, -21.9873071], [-45.659983, -21.9872088], [-45.659008, -21.9871354], [-45.6578882, -21.9870671], [-45.6546805, -21.9868428], [-45.6540391, -21.9868081], [-45.6527022, -21.9867189], [-45.6523454, -21.986699], [-45.6518649, -21.9866649], [-45.6513408, -21.9866023], [-45.6508696, -21.9865151], [-45.6503892, -21.9863918], [-45.6499265, -21.9862554], [-45.6495929, -21.9861298], [-45.6492725, -21.9859939], [-45.6491059, -21.9858997], [-45.6481637, -21.9852795], [-45.6455174, -21.983378], [-45.6450237, -21.9829572], [-45.6446046, -21.982549], [-45.6442029, -21.9820556], [-45.6438644, -21.9814899], [-45.6433493, -21.9802273], [-45.6431897, -21.979848], [-45.6429563, -21.9794625], [-45.6426787, -21.9791453], [-45.6423113, -21.9788382], [-45.6421141, -21.9787038], [-45.6414677, -21.9783979], [-45.6400743, -21.9778582], [-45.6396277, -21.9776393], [-45.6394259, -21.9775236], [-45.6390484, -21.9772587], [-45.638418, -21.9767687], [-45.63786, -21.9763398], [-45.6376095, -21.9761618], [-45.6373285, -21.9759866], [-45.6368101, -21.9757178], [-45.6364077, -21.9755499], [-45.6355092, -21.9752154], [-45.6334399, -21.9744331], [-45.6328766, -21.9741919], [-45.6323509, -21.9739058], [-45.6321511, -21.9737615], [-45.6319821, -21.9736247], [-45.631742, -21.9733984], [-45.6315905, -21.9732168], [-45.6314406, -21.9730146], [-45.6313055, -21.9727979], [-45.6311466, -21.9725154], [-45.6310353, -21.9722691], [-45.630936, -21.9719134], [-45.6309052, -21.9716896], [-45.6308274, -21.9707481], [-45.6308239, -21.9705047], [-45.6308205, -21.9704589], [-45.6308231, -21.9703501], [-45.6308201, -21.97027], [-45.6308153, -21.9700715], [-45.6307764, -21.9688949], [-45.630774, -21.9684167], [-45.6307348, -21.9673477], [-45.6306987, -21.9670231], [-45.6306195, -21.9667371], [-45.630476, -21.9664361], [-45.6302306, -21.9661003], [-45.6300281, -21.9658888], [-45.6289391, -21.964864], [-45.6286069, -21.9645479], [-45.6284724, -21.9644199], [-45.6276911, -21.9636322], [-45.6273633, -21.963303], [-45.6271783, -21.9631202], [-45.6268643, -21.962714], [-45.6264728, -21.9620618], [-45.6261986, -21.9615866], [-45.6258345, -21.9609734], [-45.6256306, -21.960614], [-45.6252075, -21.9599119], [-45.6246355, -21.9589386], [-45.6243566, -21.9585343], [-45.6239247, -21.9579398], [-45.6237102, -21.9576152], [-45.6234426, -21.9571848], [-45.6232502, -21.956737], [-45.6231482, -21.9563166], [-45.6231013, -21.9560604], [-45.6230839, -21.9558352], [-45.6231067, -21.9554795], [-45.6231308, -21.955222], [-45.6232099, -21.9549098], [-45.6233816, -21.9544384], [-45.6238577, -21.9532431], [-45.624138, -21.9526087], [-45.6242694, -21.9522169], [-45.6243217, -21.9519221], [-45.6243458, -21.9515999], [-45.6243378, -21.9512765], [-45.624315, -21.9510713], [-45.6242654, -21.9508499], [-45.6241527, -21.9504854], [-45.6239542, -21.9500836], [-45.6237474, -21.9497659], [-45.6234272, -21.9493846], [-45.622585, -21.9484753], [-45.6219989, -21.9478521], [-45.6211247, -21.9468912], [-45.6207356, -21.94648], [-45.62047, -21.9461529], [-45.620171, -21.9457387], [-45.6200261, -21.9454874], [-45.6196761, -21.944797], [-45.6190163, -21.9434013], [-45.6185348, -21.9424236], [-45.6184007, -21.9422021], [-45.6181902, -21.9419185], [-45.6178616, -21.9415416], [-45.6173171, -21.940988], [-45.6161544, -21.9398025], [-45.6156904, -21.9393323], [-45.6151888, -21.9388235], [-45.6148937, -21.9385299], [-45.6144592, -21.9380833], [-45.614136, -21.9377014], [-45.6138343, -21.9373021], [-45.6134775, -21.9367585], [-45.6131369, -21.9361701], [-45.6129156, -21.9356924], [-45.6127077, -21.9351948], [-45.6125991, -21.9348837], [-45.6124958, -21.9345441], [-45.6123979, -21.9341523], [-45.6123349, -21.933835], [-45.6122343, -21.9332603], [-45.6119835, -21.9320822], [-45.6118709, -21.9315236], [-45.6117931, -21.9310123], [-45.611604, -21.9301091], [-45.6114927, -21.9295642], [-45.6114028, -21.928875], [-45.6113867, -21.9286511], [-45.6113935, -21.9282443], [-45.6114511, -21.9276832], [-45.6115732, -21.927035], [-45.6117287, -21.9263906], [-45.6120157, -21.9253455], [-45.6121646, -21.924818], [-45.6122249, -21.9245543], [-45.6122625, -21.9243689], [-45.6123, -21.9240106], [-45.6122839, -21.9234769], [-45.6122464, -21.9232056], [-45.6121083, -21.922764], [-45.6119849, -21.9224816], [-45.6117716, -21.9220673], [-45.6115437, -21.9217363], [-45.611207, -21.9213594], [-45.6108731, -21.9210856], [-45.6103756, -21.9207696], [-45.6098887, -21.9205581], [-45.6093831, -21.9204001], [-45.6088226, -21.9203006], [-45.6065252, -21.9201065], [-45.6050668, -21.9199634], [-45.6034273, -21.9198079], [-45.6001751, -21.9195354], [-45.5985993, -21.9194011], [-45.5977504, -21.9192903], [-45.5971026, -21.9191896], [-45.5964871, -21.9190639], [-45.5958031, -21.9188984], [-45.595272, -21.9187616], [-45.5941147, -21.9184344], [-45.5940109, -21.9184068], [-45.5894811, -21.9172051], [-45.5861347, -21.91629], [-45.5857996, -21.9161984], [-45.58483, -21.9159333], [-45.5832014, -21.915495], [-45.582963, -21.9154195], [-45.5817832, -21.9151447], [-45.5786745, -21.9143174], [-45.578468, -21.9142614], [-45.5782346, -21.9141979], [-45.5774514, -21.9139379], [-45.576632, -21.9135833], [-45.5762002, -21.9133556], [-45.5758756, -21.9131677], [-45.5754934, -21.9129251], [-45.5750294, -21.9126016], [-45.5748416, -21.9124361], [-45.5745131, -21.9121325], [-45.5737494, -21.9113657], [-45.5720709, -21.9096801], [-45.5716619, -21.9093529], [-45.5712059, -21.9091153], [-45.5706936, -21.9089436], [-45.5701022, -21.9088577], [-45.569606, -21.9088652], [-45.5689288, -21.9089647], [-45.5666623, -21.9094101], [-45.5660963, -21.9094948], [-45.5656618, -21.9095371], [-45.5652742, -21.9095445], [-45.5648746, -21.9095333], [-45.5644038, -21.9094724], [-45.563858, -21.909379], [-45.5633041, -21.9092521], [-45.5629165, -21.9091165], [-45.5623104, -21.9088726], [-45.5618155, -21.9086313], [-45.5612911, -21.9083102], [-45.560976, -21.9080751], [-45.5605723, -21.9077279], [-45.5599688, -21.9070797], [-45.5583179, -21.9050863], [-45.5565543, -21.903037], [-45.5565034, -21.902976], [-45.5563062, -21.9027433], [-45.5558503, -21.9021286], [-45.5555606, -21.901677], [-45.5549517, -21.900743], [-45.5543509, -21.8998167], [-45.553745, -21.8989676], [-45.5528837, -21.8977561], [-45.5526584, -21.8974774], [-45.5524975, -21.8973156], [-45.5522937, -21.8971364], [-45.5520858, -21.8969871], [-45.5517814, -21.8968203], [-45.5508131, -21.8963425], [-45.5506307, -21.8962479], [-45.5503839, -21.8961061], [-45.5501801, -21.8959754], [-45.5499414, -21.895785], [-45.5497938, -21.8956382], [-45.549649, -21.8954491], [-45.5495203, -21.8952176], [-45.5493781, -21.8948891], [-45.549068, -21.8939494], [-45.548866, -21.8933372], [-45.5486727, -21.8927512], [-45.5484608, -21.8922211], [-45.548206, -21.8916636], [-45.5467066, -21.8889483], [-45.5465457, -21.8886397], [-45.5464545, -21.8884132], [-45.5460173, -21.8872049], [-45.544062, -21.8817255], [-45.5437803, -21.8810311], [-45.5429314, -21.8793162], [-45.5425385, -21.8785521], [-45.5418473, -21.8770781], [-45.5416036, -21.8765911], [-45.5414911, -21.8763841], [-45.5411008, -21.8757867], [-45.5407293, -21.8752367], [-45.5404483, -21.8748278], [-45.5400091, -21.874124], [-45.5398053, -21.8737481], [-45.5396296, -21.8733959], [-45.539222, -21.8723293], [-45.5391149, -21.8720417], [-45.5386466, -21.8708222], [-45.5384991, -21.8704501], [-45.5383274, -21.8700929], [-45.5381517, -21.8697917], [-45.5379036, -21.8694282], [-45.5375274, -21.8689584], [-45.5369809, -21.8683716], [-45.5358008, -21.8672041], [-45.5347238, -21.8661487], [-45.5344543, -21.8658985], [-45.5341847, -21.8656316], [-45.5334521, -21.8648403], [-45.5333257, -21.8647137], [-45.5331159, -21.8645201], [-45.5329643, -21.8643851], [-45.532499, -21.8640179], [-45.5320162, -21.86368], [-45.5309768, -21.8629363], [-45.5306321, -21.862721], [-45.5301379, -21.8624453], [-45.5298127, -21.862286], [-45.5289625, -21.8619281], [-45.5277776, -21.8614197], [-45.5274249, -21.8612311], [-45.5272076, -21.8611054], [-45.5269897, -21.8609598], [-45.5267322, -21.8607718], [-45.5264787, -21.8605627], [-45.5261046, -21.8602055], [-45.5258185, -21.859915], [-45.523352, -21.8574106], [-45.5222075, -21.8562318], [-45.5220692, -21.8560893], [-45.5218197, -21.8558143], [-45.5216628, -21.855607], [-45.5214348, -21.8552691], [-45.5212484, -21.8549579], [-45.5210573, -21.8546007], [-45.5209963, -21.8544625], [-45.5208803, -21.8541656], [-45.5208126, -21.8539571], [-45.5207013, -21.8535962], [-45.5203982, -21.8523153], [-45.5196404, -21.8493254], [-45.5194366, -21.8484678], [-45.5193488, -21.8480657], [-45.5192891, -21.8477819], [-45.5191281, -21.846872], [-45.5190222, -21.8460205], [-45.5189572, -21.8456763], [-45.5189142, -21.8454467], [-45.5188775, -21.8453012], [-45.5188452, -21.845179], [-45.5187379, -21.8448205], [-45.5186537, -21.8445959], [-45.5185555, -21.8443687], [-45.5182806, -21.8437986], [-45.5180016, -21.8432309], [-45.5174987, -21.8421766], [-45.5172493, -21.8417172], [-45.5171539, -21.8415141], [-45.5170179, -21.8411832], [-45.5166484, -21.8404238], [-45.5164593, -21.8400628], [-45.5163252, -21.8398412], [-45.5161871, -21.8396557], [-45.5160751, -21.8395387], [-45.5159377, -21.8394099], [-45.5156896, -21.839207], [-45.5154012, -21.8390078], [-45.5151122, -21.838836], [-45.514797, -21.8386879], [-45.5144983, -21.8385811], [-45.5142492, -21.8385105], [-45.513873, -21.8384352], [-45.5132182, -21.83833], [-45.5130167, -21.8382976], [-45.5127871, -21.8382522], [-45.5125621, -21.8381968], [-45.5123502, -21.8381364], [-45.5121169, -21.8380586], [-45.5119036, -21.8379708], [-45.5115349, -21.837803], [-45.5114852, -21.8377804], [-45.5110232, -21.8375482], [-45.5104418, -21.8372482], [-45.5102051, -21.8371361], [-45.5095987, -21.8368988], [-45.5091517, -21.8367745], [-45.5088419, -21.836706], [-45.5085837, -21.8366587], [-45.507712, -21.8365299], [-45.5069187, -21.8364291], [-45.5061342, -21.8363071], [-45.5059169, -21.8362604], [-45.5056286, -21.8361863], [-45.5053832, -21.8360948], [-45.5051619, -21.8359971], [-45.5049523, -21.8358857], [-45.5047689, -21.8357693], [-45.5046442, -21.8356815], [-45.5044565, -21.8355259], [-45.5043351, -21.8354188], [-45.5042003, -21.8352719], [-45.5039314, -21.8349364], [-45.5034231, -21.8342542], [-45.5032662, -21.8340594], [-45.503116, -21.8339038], [-45.5029457, -21.8337544], [-45.5027633, -21.8336162], [-45.5026044, -21.8335216], [-45.5023845, -21.8334089], [-45.5021692, -21.8333199], [-45.5019231, -21.8332403], [-45.5015228, -21.8331441], [-45.5006421, -21.8329487], [-45.4999738, -21.832789], [-45.499717, -21.8327043], [-45.4996192, -21.8326662], [-45.4995044, -21.8326215], [-45.4993308, -21.8325325], [-45.4991383, -21.8324205], [-45.4989432, -21.8322829], [-45.4987957, -21.832169], [-45.4985516, -21.8319337], [-45.4983913, -21.8317513], [-45.49828, -21.831611], [-45.4981513, -21.8314127], [-45.4980332, -21.8312048], [-45.4979166, -21.8309533], [-45.4978381, -21.8307542], [-45.4977369, -21.8304815], [-45.4973017, -21.8292248], [-45.4970187, -21.8284666], [-45.4967069, -21.8275528], [-45.4966083, -21.8272496], [-45.4965037, -21.8269627], [-45.4963723, -21.8266303], [-45.4962348, -21.8263072], [-45.4961282, -21.826085], [-45.4959874, -21.8257999], [-45.4958184, -21.825498], [-45.4954677, -21.8249707], [-45.4951297, -21.8244541], [-45.4947764, -21.823877], [-45.4944176, -21.8233074], [-45.4941876, -21.8229184], [-45.4940565, -21.8226706], [-45.4939127, -21.8223687], [-45.4937819, -21.8220444], [-45.4937259, -21.8218772], [-45.4936599, -21.8216435], [-45.493568, -21.821255], [-45.4935301, -21.8210434], [-45.4931831, -21.8185627], [-45.4930826, -21.8178816], [-45.4930303, -21.8175031], [-45.4929592, -21.8172168], [-45.4928988, -21.8169902], [-45.4927661, -21.8165955], [-45.4926293, -21.8162369], [-45.4925086, -21.8159692], [-45.4923731, -21.8156966], [-45.4921639, -21.815348], [-45.4919754, -21.8151124], [-45.4917656, -21.8148325], [-45.4915631, -21.8146134], [-45.4906055, -21.8135961], [-45.4903936, -21.8133558], [-45.4901174, -21.8130085], [-45.4899551, -21.8127756], [-45.489758, -21.8124781], [-45.4896131, -21.8122166], [-45.4893194, -21.811609], [-45.4890391, -21.8110387], [-45.4888929, -21.810791], [-45.4887427, -21.8105805], [-45.4884826, -21.8102979], [-45.488099, -21.8099804], [-45.4878522, -21.8098297], [-45.4875505, -21.809689], [-45.487348, -21.8096118], [-45.4870141, -21.8095172], [-45.4867861, -21.8094749], [-45.4864535, -21.8094388], [-45.4860686, -21.8094388], [-45.4856856, -21.8094642], [-45.4853065, -21.8094846], [-45.4847541, -21.8095003], [-45.4843265, -21.8095122], [-45.4839242, -21.8094873], [-45.4835513, -21.8094201], [-45.4832375, -21.8093429], [-45.4830996, -21.8093071], [-45.4827252, -21.8091611], [-45.4823792, -21.8089992], [-45.4819393, -21.8087502], [-45.4814686, -21.8084463], [-45.480411, -21.8076953], [-45.4802768, -21.8075908], [-45.4796621, -21.8071266], [-45.4791632, -21.8067829], [-45.4788253, -21.8065482], [-45.4783351, -21.8062861], [-45.4782074, -21.8062291], [-45.4779297, -21.8061136], [-45.4776092, -21.8059916], [-45.4773303, -21.8059035], [-45.4768991, -21.8057812], [-45.4760257, -21.8055409], [-45.475722, -21.80545], [-45.4754477, -21.8053597], [-45.475219, -21.8052794], [-45.4750155, -21.8052016], [-45.4748167, -21.8051154], [-45.4747124, -21.8050618], [-45.4745666, -21.8049669], [-45.4743681, -21.8048346], [-45.4742162, -21.8047094], [-45.4740258, -21.8045466], [-45.4739477, -21.8044713], [-45.4738934, -21.8044128], [-45.4737291, -21.8042416], [-45.4733676, -21.803868], [-45.4729222, -21.803414], [-45.4726508, -21.8031144], [-45.4723451, -21.8027735], [-45.472162, -21.8025793], [-45.4720319, -21.8024529], [-45.4716631, -21.8021223], [-45.4714834, -21.8019834], [-45.4711753, -21.8017603], [-45.4710502, -21.8016774], [-45.4706891, -21.8014608], [-45.4704424, -21.8013332], [-45.4703344, -21.8012799], [-45.4699019, -21.8010928], [-45.4697504, -21.8010315], [-45.4695743, -21.8009689], [-45.4692528, -21.8008671], [-45.46859, -21.8006794], [-45.4673159, -21.8003249], [-45.4668986, -21.8002129], [-45.4665589, -21.8001101], [-45.4658977, -21.799932], [-45.4652647, -21.7997521], [-45.4647222, -21.799602], [-45.464159, -21.7994395], [-45.4636218, -21.799287], [-45.4632819, -21.7991924], [-45.4631129, -21.7991463], [-45.4626965, -21.7990429], [-45.4622425, -21.7989439], [-45.4620246, -21.7988954], [-45.4613547, -21.7987509], [-45.4598956, -21.7984365], [-45.4591479, -21.7982684], [-45.458356, -21.7980928], [-45.4577123, -21.7979521], [-45.4569928, -21.7978027], [-45.4564375, -21.7976763], [-45.4563008, -21.7976489], [-45.4560855, -21.7975935], [-45.4558884, -21.797525], [-45.4557019, -21.7974547], [-45.4555075, -21.7973631], [-45.4552138, -21.7971932], [-45.4550575, -21.7970823], [-45.4549516, -21.797002], [-45.4548269, -21.7968881], [-45.4546029, -21.7966951], [-45.4540913, -21.7962219], [-45.4533483, -21.795552], [-45.4527374, -21.7949667], [-45.4522962, -21.7945545], [-45.451855, -21.7941685], [-45.4514057, -21.7937962], [-45.4512347, -21.7936517], [-45.4509457, -21.7934126], [-45.4503506, -21.7929179], [-45.4501481, -21.7927361], [-45.4495131, -21.7921767], [-45.4492693, -21.7919504], [-45.4490591, -21.7917679], [-45.4487989, -21.7915678], [-45.4486769, -21.7914784], [-45.44846, -21.7913228], [-45.4482105, -21.7911568], [-45.4479708, -21.7910149], [-45.4476634, -21.7908517], [-45.4474236, -21.7907409], [-45.4469325, -21.7905317], [-45.4467098, -21.7904464], [-45.4462592, -21.7902995], [-45.4459662, -21.7902042], [-45.4452152, -21.7899657], [-45.4441249, -21.7896198], [-45.4434419, -21.7893923], [-45.4423751, -21.789104], [-45.4414957, -21.788851], [-45.4413415, -21.788811], [-45.4409668, -21.7887099], [-45.4405505, -21.7885975], [-45.4392419, -21.788236], [-45.4390938, -21.7881944], [-45.4387514, -21.7880965], [-45.4385006, -21.7880069], [-45.4383031, -21.787925], [-45.4380171, -21.787802], [-45.4378331, -21.7877049], [-45.4377083, -21.7876392], [-45.4375866, -21.7875766], [-45.4373308, -21.7874322], [-45.4372655, -21.7873925], [-45.4368364, -21.7871092], [-45.4365885, -21.7869066], [-45.4363076, -21.7866576], [-45.4362177, -21.7865723], [-45.4359133, -21.7862448], [-45.4356594, -21.7859697], [-45.4355654, -21.7858574], [-45.4354734, -21.7857423], [-45.4353391, -21.7855677], [-45.4352779, -21.7854743], [-45.4351221, -21.785251], [-45.4348917, -21.7849291], [-45.4347828, -21.7847756], [-45.4346443, -21.7845838], [-45.4341259, -21.7838114], [-45.4338178, -21.7833556], [-45.4336347, -21.7830779], [-45.4335563, -21.7829646], [-45.43328, -21.7825206], [-45.4331741, -21.7823677], [-45.4329431, -21.7820178], [-45.432709, -21.7816629], [-45.4325283, -21.7814035], [-45.4323386, -21.7811102], [-45.4319912, -21.7805791], [-45.4316077, -21.7799987], [-45.4309861, -21.7790498], [-45.4302458, -21.7779264], [-45.4298669, -21.777361], [-45.4295035, -21.7768118], [-45.4290421, -21.7761138], [-45.4286378, -21.7755016], [-45.4282422, -21.7749038], [-45.4278884, -21.7743752], [-45.4275384, -21.7739056], [-45.4274191, -21.7737615], [-45.4272192, -21.773532], [-45.4270684, -21.7733686], [-45.4267173, -21.7730061], [-45.4265333, -21.7728153], [-45.4264397, -21.7727315], [-45.4261956, -21.7725014], [-45.4256488, -21.7719525], [-45.4251291, -21.7714394], [-45.4245917, -21.770911], [-45.4242095, -21.7705567], [-45.4237954, -21.7701986], [-45.4237558, -21.7701634], [-45.4236552, -21.7700709], [-45.4235376, -21.7699794], [-45.4234078, -21.7698757], [-45.4231158, -21.769668], [-45.4224241, -21.7692359], [-45.4223222, -21.7691817], [-45.4220144, -21.7690154], [-45.4214884, -21.768761], [-45.4211859, -21.7686212], [-45.4208976, -21.7684811], [-45.4205794, -21.7683316], [-45.4202046, -21.7681542], [-45.4197436, -21.7679393], [-45.4178345, -21.7670326], [-45.4167402, -21.7665419], [-45.4161286, -21.7662355], [-45.4156251, -21.7659583], [-45.4148868, -21.7654733], [-45.4144328, -21.7651363], [-45.4139775, -21.7647434], [-45.4119726, -21.7627618], [-45.4107589, -21.7615897], [-45.4105402, -21.761384], [-45.4100266, -21.760881], [-45.4096122, -21.7605024], [-45.4092206, -21.7601786], [-45.4085433, -21.7597239], [-45.4079559, -21.7592818], [-45.4074021, -21.7587798], [-45.406411, -21.7577771], [-45.4059899, -21.7574234], [-45.4050685, -21.7567558], [-45.4040989, -21.7562114], [-45.4022871, -21.7554591], [-45.398923, -21.7541242], [-45.3980768, -21.7537855], [-45.3974252, -21.753525], [-45.3960295, -21.7529729], [-45.3953844, -21.7527375], [-45.3949633, -21.7526322], [-45.3938757, -21.7523763], [-45.3932762, -21.7521919], [-45.3917466, -21.7515407], [-45.3909641, -21.7512433], [-45.3906389, -21.7511128], [-45.3901629, -21.7508829], [-45.3899335, -21.7507458], [-45.3897134, -21.7505995], [-45.3893964, -21.7503534], [-45.3891134, -21.7501096], [-45.3886749, -21.7495923], [-45.3884702, -21.7492969], [-45.3883028, -21.7490185], [-45.3881666, -21.7487241], [-45.3880364, -21.7484121], [-45.3879493, -21.748115], [-45.3878867, -21.7478329], [-45.3876706, -21.7467999], [-45.3872134, -21.7443687], [-45.3870841, -21.7438901], [-45.3869532, -21.7435013], [-45.3868119, -21.7431063], [-45.3861708, -21.7414415], [-45.3858449, -21.7406077], [-45.3857119, -21.7402718], [-45.3854582, -21.7396257], [-45.385316, -21.7393079], [-45.3851759, -21.7390215], [-45.3850601, -21.7388275], [-45.3848165, -21.7384733], [-45.3845778, -21.7381644], [-45.3842372, -21.7377932], [-45.3839699, -21.7375387], [-45.3837946, -21.7373899], [-45.3834191, -21.7371036], [-45.3830748, -21.736808], [-45.3828102, -21.7365624], [-45.3825883, -21.7363297], [-45.3824025, -21.7361164], [-45.3822627, -21.7359237], [-45.3821536, -21.7357492], [-45.3820404, -21.7355309], [-45.3819003, -21.7351883], [-45.3818205, -21.7349205], [-45.3817929, -21.7347757], [-45.3817509, -21.7344048], [-45.3817508, -21.7341481], [-45.38177, -21.7339502], [-45.3818285, -21.733575], [-45.3818651, -21.7334319], [-45.3820986, -21.7327688], [-45.382234, -21.7325132], [-45.3826493, -21.7317637], [-45.382939, -21.7312205], [-45.3830599, -21.7309551], [-45.3831589, -21.7306873], [-45.383226, -21.7304531], [-45.3833011, -21.7301765], [-45.3833708, -21.7298701], [-45.3833896, -21.7296932], [-45.3834111, -21.7293144], [-45.3834218, -21.7291076], [-45.3834218, -21.7288136], [-45.3834057, -21.7285869], [-45.3833547, -21.7282106], [-45.3832904, -21.7278892], [-45.3832356, -21.7276954], [-45.3831294, -21.7273336], [-45.3829846, -21.7269299], [-45.3827512, -21.7264565], [-45.3823704, -21.7257788], [-45.3819707, -21.7251309], [-45.3815523, -21.7244258], [-45.3813323, -21.7240944], [-45.3811848, -21.7238951], [-45.3808656, -21.7235288], [-45.380635, -21.7232821], [-45.3804123, -21.722998], [-45.3798852, -21.7222521], [-45.3796761, -21.7218928], [-45.3791261, -21.7209396], [-45.3785599, -21.7199393], [-45.3784054, -21.7196076], [-45.3777951, -21.7181193], [-45.3772405, -21.7166465], [-45.3764849, -21.7147236], [-45.3761187, -21.7136472], [-45.3759652, -21.7128015], [-45.3757463, -21.7114881], [-45.3757024, -21.7111469], [-45.3755857, -21.7105227], [-45.3755028, -21.7101009], [-45.3753117, -21.7095546], [-45.3752156, -21.7093191], [-45.3749342, -21.7087673], [-45.3745546, -21.7081241], [-45.3741782, -21.7076735], [-45.3735446, -21.7070464], [-45.3733053, -21.7068461], [-45.3728756, -21.7064993], [-45.3720328, -21.7059489], [-45.3699128, -21.7046814], [-45.3694217, -21.7044011], [-45.3686576, -21.7039151], [-45.3683049, -21.7036048], [-45.3680024, -21.7032594], [-45.3677378, -21.7027975], [-45.3675556, -21.7021293], [-45.3673929, -21.7011551], [-45.3673332, -21.7008016], [-45.3671429, -21.6994432], [-45.3670541, -21.6989736], [-45.3669018, -21.6985565], [-45.3667558, -21.6982902], [-45.3665806, -21.6980395], [-45.3663198, -21.6977566], [-45.3660169, -21.6975353], [-45.3656984, -21.6973462], [-45.3653004, -21.6971841], [-45.3644536, -21.6969533], [-45.3633714, -21.6966983], [-45.3624562, -21.6964839], [-45.3602365, -21.6959346], [-45.3590584, -21.6956207], [-45.3579383, -21.6953259], [-45.3561491, -21.694911], [-45.3552633, -21.6947115], [-45.3545261, -21.6945095], [-45.3541292, -21.6943723], [-45.3537537, -21.6942004], [-45.3533525, -21.6939939], [-45.3530606, -21.693821], [-45.3526189, -21.6935287], [-45.3523264, -21.6932822], [-45.3518489, -21.6928319], [-45.3518307, -21.6928113], [-45.3512988, -21.6922509], [-45.3507081, -21.6918359], [-45.3501994, -21.6914493], [-45.3495479, -21.6908289], [-45.3489576, -21.6901471], [-45.3485629, -21.6896949], [-45.3482569, -21.6892144], [-45.3477463, -21.688403], [-45.3476637, -21.6883053], [-45.3472653, -21.6877956], [-45.3471959, -21.6877283], [-45.346262, -21.6867636], [-45.3454325, -21.6858398], [-45.3446461, -21.6849474], [-45.3442127, -21.6844597], [-45.3437802, -21.6838628], [-45.3435963, -21.6836308], [-45.3428068, -21.6822975], [-45.3421318, -21.6807842], [-45.3412, -21.6789602], [-45.3402489, -21.677442], [-45.3394331, -21.6762754], [-45.3390791, -21.6758492], [-45.3385855, -21.6753332], [-45.3381081, -21.6749344], [-45.3378194, -21.6747506], [-45.3366932, -21.6740086], [-45.3359996, -21.6736102], [-45.3359473, -21.6735852], [-45.3357691, -21.6734907], [-45.3356867, -21.6734432], [-45.3355055, -21.6733338], [-45.3344684, -21.6727043], [-45.3340787, -21.672472], [-45.333339, -21.6720311], [-45.3323108, -21.6714101], [-45.330983, -21.6706238], [-45.330629, -21.6704406], [-45.3300307, -21.6701566], [-45.3295506, -21.6699672], [-45.3290705, -21.6698126], [-45.3272265, -21.6692582], [-45.3264031, -21.6690196], [-45.3252489, -21.6686778], [-45.3238804, -21.6682794], [-45.3231691, -21.6680838], [-45.3224335, -21.6679286], [-45.3183092, -21.6674872], [-45.316435, -21.6672563], [-45.3155833, -21.6671551], [-45.3149155, -21.6670269], [-45.3144364, -21.6669032], [-45.3140274, -21.6667728], [-45.3113833, -21.6659129], [-45.3109824, -21.6657572], [-45.3105933, -21.66562], [-45.3103123, -21.6655097], [-45.3099995, -21.6653581], [-45.3096798, -21.6651155], [-45.3094588, -21.664917], [-45.3092305, -21.6646542], [-45.308903, -21.6641929], [-45.3086765, -21.663842], [-45.3084353, -21.6634839], [-45.3082759, -21.6632715], [-45.3080767, -21.6630553], [-45.3078071, -21.6628122], [-45.3074901, -21.6626021], [-45.3070503, -21.6623903], [-45.3062183, -21.662071], [-45.3058443, -21.6618919], [-45.3055002, -21.6616911], [-45.3050531, -21.6614229], [-45.3046607, -21.6611304], [-45.3042962, -21.6608403], [-45.3038996, -21.6604944], [-45.3035751, -21.6601603], [-45.3032372, -21.6597852], [-45.3029349, -21.6593933], [-45.3026873, -21.6590222], [-45.3023103, -21.6583646], [-45.3021152, -21.6579871], [-45.301968, -21.6575917], [-45.3017301, -21.6565748], [-45.3014197, -21.6551491], [-45.3010526, -21.653403], [-45.3006105, -21.6514203], [-45.3005365, -21.6511528], [-45.3004119, -21.6507019], [-45.3000868, -21.6499512], [-45.299838, -21.6495612], [-45.2994806, -21.6491162], [-45.2985661, -21.6482788], [-45.2979919, -21.6478383], [-45.2970871, -21.647154], [-45.2952338, -21.645833], [-45.2932382, -21.644423], [-45.2928958, -21.6442084], [-45.2924705, -21.6440017], [-45.2920566, -21.6438431], [-45.2917808, -21.6437698], [-45.2914684, -21.6436997], [-45.2897681, -21.6434298], [-45.289427, -21.643364], [-45.2890224, -21.6432409], [-45.2885723, -21.6430493], [-45.2881727, -21.642798], [-45.2877379, -21.6424054], [-45.2860717, -21.6402625], [-45.2845189, -21.6382741], [-45.2829694, -21.6362668], [-45.2824973, -21.6357793], [-45.282052, -21.6353845], [-45.2815716, -21.6350051], [-45.2809903, -21.634621], [-45.2801634, -21.6341015], [-45.279226, -21.6335531], [-45.2783802, -21.6329363], [-45.2774493, -21.6322967], [-45.2761061, -21.6313737], [-45.2738261, -21.6297665], [-45.2735329, -21.6295383], [-45.2723385, -21.6287128], [-45.2674219, -21.6252212], [-45.2669213, -21.624836], [-45.2663191, -21.6242578], [-45.2655032, -21.6233842], [-45.264913, -21.6227642], [-45.2639718, -21.6217868], [-45.2636981, -21.6214961], [-45.2631865, -21.620943], [-45.2628558, -21.6204273], [-45.2626364, -21.6198675], [-45.2625072, -21.6194247], [-45.2624336, -21.6188763], [-45.262377, -21.6183772], [-45.2622277, -21.6162864], [-45.262202, -21.6160781], [-45.2621377, -21.6157839], [-45.2620329, -21.6155162], [-45.2618432, -21.6152233], [-45.2616762, -21.6150036], [-45.2613526, -21.6147377], [-45.2609946, -21.6145383], [-45.2605936, -21.6144229], [-45.2602191, -21.6143693], [-45.25982, -21.6144031], [-45.2594574, -21.614522], [-45.2592215, -21.6146019], [-45.2589537, -21.6147652], [-45.2587017, -21.6149834], [-45.2585448, -21.6151544], [-45.2576347, -21.6161687], [-45.2573593, -21.6164495], [-45.2570112, -21.616765], [-45.2566302, -21.6170491], [-45.2556396, -21.6176142], [-45.2518512, -21.6189044], [-45.2509746, -21.6191512], [-45.2474967, -21.6197268], [-45.2470366, -21.6197531], [-45.2465695, -21.6196676], [-45.2461812, -21.6195953], [-45.245917, -21.6195055], [-45.2456756, -21.6193858], [-45.2454905, -21.6192811], [-45.24517, -21.6190592], [-45.243961, -21.6181359], [-45.2435194, -21.617776], [-45.2432697, -21.617588], [-45.2426742, -21.617113], [-45.2421901, -21.6166392], [-45.2419527, -21.6163474], [-45.2417757, -21.6160457], [-45.2416174, -21.6157365], [-45.2415115, -21.6154223], [-45.2414377, -21.6151368], [-45.2414154, -21.6150112], [-45.2413953, -21.6148979], [-45.2413519, -21.6145832], [-45.2412781, -21.6135982], [-45.2412459, -21.6132629], [-45.241207, -21.6128439], [-45.2411049, -21.6117041], [-45.24103, -21.6112168], [-45.2409978, -21.6110011], [-45.2409451, -21.6107951], [-45.2408838, -21.6105747], [-45.2408208, -21.6103565], [-45.2406754, -21.6097475], [-45.240629, -21.6094681], [-45.2405862, -21.6090711], [-45.2406096, -21.6087599], [-45.2406505, -21.6081558], [-45.2406786, -21.6077942], [-45.2407242, -21.6074401], [-45.2407444, -21.607091], [-45.2407591, -21.6068641], [-45.2407685, -21.6066247], [-45.2407323, -21.6060075], [-45.2406921, -21.6053815], [-45.2406693, -21.6050025], [-45.2405995, -21.6043653], [-45.2405204, -21.6030885], [-45.2404922, -21.6025598], [-45.2404574, -21.6023291], [-45.2403286, -21.6017874], [-45.2402911, -21.6016564], [-45.2401838, -21.601283], [-45.2400389, -21.6008927], [-45.2396701, -21.6000498], [-45.2393947, -21.5992681], [-45.2390935, -21.5984637], [-45.23862, -21.5973227], [-45.2384146, -21.5967987], [-45.2381399, -21.5961369], [-45.2378329, -21.5953642], [-45.2375592, -21.5946779], [-45.2372816, -21.5938237], [-45.2371556, -21.5933748], [-45.2370992, -21.5930768], [-45.2370094, -21.592386], [-45.2369799, -21.5920168], [-45.2369745, -21.5915467], [-45.2370228, -21.5910342], [-45.237036, -21.590365], [-45.2370335, -21.589867], [-45.2370389, -21.5895814], [-45.2370791, -21.5892298], [-45.2371649, -21.5888769], [-45.2372736, -21.5885738], [-45.2374774, -21.5880788], [-45.2375217, -21.5879703], [-45.2378073, -21.5873256], [-45.2379012, -21.5871111], [-45.2389258, -21.5847754], [-45.239076, -21.5844461], [-45.2392061, -21.5841269], [-45.2393067, -21.583885], [-45.2394502, -21.5834148], [-45.2395588, -21.5829534], [-45.2396433, -21.5824159], [-45.2397385, -21.5813172], [-45.2397895, -21.5800639], [-45.2398284, -21.5788667], [-45.2398431, -21.5785823], [-45.239886, -21.5781047], [-45.2400242, -21.5774711], [-45.2402025, -21.5770509], [-45.240393, -21.5767291], [-45.2407511, -21.5762365], [-45.2412218, -21.575684], [-45.2416845, -21.5752026], [-45.2419406, -21.5749282], [-45.2421579, -21.5746451], [-45.2423912, -21.5742885], [-45.2425736, -21.5739093], [-45.2427198, -21.5735676], [-45.2429076, -21.5730201], [-45.2429988, -21.5726522], [-45.2430417, -21.5724152], [-45.2430631, -21.5720797], [-45.2430296, -21.5713639], [-45.2429773, -21.5706817], [-45.2430055, -21.5702726], [-45.2430658, -21.56974], [-45.2431087, -21.5694083], [-45.2432482, -21.568549], [-45.2432541, -21.5685199], [-45.2434534, -21.56754], [-45.2436508, -21.5667222], [-45.2438638, -21.5660458], [-45.2439214, -21.5656667], [-45.2439603, -21.5652202], [-45.2439485, -21.5645764], [-45.2439181, -21.5640653], [-45.2438235, -21.5635252], [-45.2436948, -21.5630076], [-45.2434306, -21.5622006], [-45.2433005, -21.5617129], [-45.2432495, -21.5614622], [-45.2432294, -21.5610893], [-45.2432549, -21.5608448], [-45.2433099, -21.5605754], [-45.2434051, -21.560286], [-45.2435218, -21.5600353], [-45.2436975, -21.5597385], [-45.2438772, -21.5594865], [-45.2443036, -21.5588791], [-45.2444378, -21.5586322], [-45.244545, -21.5584139], [-45.2446671, -21.5580222], [-45.2447167, -21.5577029], [-45.2447113, -21.5573637], [-45.2446832, -21.5570718], [-45.2446604, -21.5566465], [-45.2446349, -21.5559629], [-45.2446497, -21.5555376], [-45.2447127, -21.5549426], [-45.2447688, -21.5542315], [-45.2447891, -21.5538787], [-45.2447851, -21.5534708], [-45.2447248, -21.5531153], [-45.2446148, -21.5527449], [-45.2445088, -21.5524929], [-45.2442983, -21.5521187], [-45.2439, -21.5515686], [-45.2436143, -21.5511682], [-45.2433474, -21.5507778], [-45.2431275, -21.5504391], [-45.2422815, -21.5491022], [-45.2417314, -21.5481396], [-45.2410313, -21.5471018], [-45.240872, -21.5468676], [-45.240294, -21.5458195], [-45.2402356, -21.545727], [-45.2401828, -21.5456362], [-45.2389461, -21.5436374], [-45.2385421, -21.5429837], [-45.2378151, -21.5418188], [-45.2369404, -21.5403981], [-45.2358514, -21.5386419], [-45.2357356, -21.5384504], [-45.2348381, -21.5369809], [-45.2333877, -21.534653], [-45.2318139, -21.532086], [-45.2302362, -21.5294821], [-45.2297749, -21.5288531], [-45.2292838, -21.5282993], [-45.228343, -21.5274219], [-45.2279525, -21.527086], [-45.2276784, -21.526841], [-45.2273909, -21.5265716], [-45.2268274, -21.5260418], [-45.2263338, -21.5255777], [-45.2259334, -21.5252155], [-45.2242119, -21.5232698], [-45.2239822, -21.5229849], [-45.2238276, -21.5226834], [-45.2235081, -21.5219648], [-45.223443, -21.5213867], [-45.2233431, -21.5205731], [-45.2233115, -21.5203103], [-45.2232258, -21.5195352], [-45.2231544, -21.5192101], [-45.2230619, -21.5189345], [-45.222727, -21.5183085], [-45.2224759, -21.5179954], [-45.2213172, -21.5167227], [-45.219782, -21.5150498], [-45.216758, -21.5117517], [-45.2162261, -21.5110934], [-45.215767, -21.5102892], [-45.2154247, -21.5093925], [-45.2152062, -21.5083624], [-45.2150946, -21.50561], [-45.2150235, -21.50316], [-45.2149631, -21.5019869], [-45.2148106, -21.501297], [-45.2147121, -21.5010693], [-45.214569, -21.5009025], [-45.2142789, -21.5005953], [-45.2138573, -21.5003046], [-45.2127927, -21.4998583], [-45.2122364, -21.4995438], [-45.2120134, -21.4993926], [-45.211804, -21.4991229], [-45.2116547, -21.4989449], [-45.2115361, -21.4987201], [-45.2108, -21.4966425], [-45.2104115, -21.4955608], [-45.2101846, -21.4948895], [-45.2101175, -21.4946162], [-45.2100867, -21.4944065], [-45.210076, -21.4941345], [-45.2100894, -21.4938388], [-45.2101511, -21.493447], [-45.2102744, -21.4925086], [-45.2102718, -21.4921205], [-45.2102315, -21.4919059], [-45.2101377, -21.491655], [-45.2100411, -21.4914691], [-45.2098212, -21.4911609], [-45.2097031, -21.4910199], [-45.2095181, -21.4908539], [-45.2091117, -21.4905569], [-45.2081493, -21.4899532], [-45.2075011, -21.4895299], [-45.2072744, -21.4893303], [-45.2070746, -21.4891318], [-45.2068439, -21.4888436], [-45.2066924, -21.4886127], [-45.2065596, -21.4883569], [-45.2063397, -21.4878303], [-45.2051919, -21.4851838], [-45.2049516, -21.484718], [-45.2047464, -21.4843973], [-45.2042113, -21.4836498], [-45.2038305, -21.483203], [-45.2028823, -21.4819351], [-45.2017839, -21.4805674], [-45.2013601, -21.4799709], [-45.2012394, -21.4797375], [-45.2011576, -21.4795154], [-45.2011295, -21.4793494], [-45.2010906, -21.4790648], [-45.2010986, -21.478789], [-45.2011871, -21.4784471], [-45.2012756, -21.478205], [-45.2013803, -21.4780215], [-45.201501, -21.4778269], [-45.2018792, -21.4772652], [-45.2022372, -21.4767586], [-45.202944, -21.4757477], [-45.2032404, -21.4752897], [-45.2035247, -21.4746969], [-45.203699, -21.4742426], [-45.203809, -21.4738295], [-45.2040128, -21.4728286], [-45.2041724, -21.4722171], [-45.2043428, -21.4716605], [-45.2045319, -21.4711488], [-45.2048886, -21.47036], [-45.2052601, -21.4694452], [-45.2057952, -21.4681834], [-45.2059843, -21.467512], [-45.2060607, -21.467135], [-45.2061063, -21.466848], [-45.2061251, -21.4666071], [-45.2061291, -21.4663974], [-45.2061224, -21.4659918], [-45.2060881, -21.4655668], [-45.2060097, -21.4649434], [-45.2057362, -21.4633721], [-45.2057241, -21.4631412], [-45.2057281, -21.4629402], [-45.2057455, -21.4627268], [-45.2057777, -21.4625259], [-45.2059078, -21.4621352], [-45.2060527, -21.4618094], [-45.2063625, -21.4613464], [-45.2065864, -21.4610868], [-45.2067728, -21.4609183], [-45.2070773, -21.4606811], [-45.2073173, -21.4605376], [-45.2086383, -21.4597725], [-45.2093732, -21.4593344], [-45.2096643, -21.4591497], [-45.2098896, -21.4589874], [-45.2100733, -21.4588289], [-45.2103817, -21.458467], [-45.2105038, -21.4582947], [-45.210603, -21.458115], [-45.2107197, -21.4578653], [-45.2107921, -21.4576132], [-45.2108739, -21.4573024], [-45.2109262, -21.4570166], [-45.2110738, -21.456239], [-45.2112978, -21.4548222], [-45.211735, -21.4524564], [-45.2118395, -21.4518928], [-45.2120058, -21.4510303], [-45.2120394, -21.4507582], [-45.2120434, -21.4504749], [-45.2120313, -21.4502315], [-45.2120018, -21.450008], [-45.2119449, -21.4497238], [-45.2118985, -21.449545], [-45.2118476, -21.4494101], [-45.2117832, -21.4492391], [-45.2116994, -21.4490823], [-45.2115678, -21.4488268], [-45.2115123, -21.4487336], [-45.2114543, -21.4486343], [-45.2105762, -21.447227], [-45.2098078, -21.446038], [-45.2089635, -21.4445868], [-45.2087136, -21.4441594], [-45.2086625, -21.4440552], [-45.2086249, -21.4439466], [-45.2085914, -21.443843], [-45.2085773, -21.4437719], [-45.2085391, -21.4435396], [-45.208527, -21.443295], [-45.208531, -21.443099], [-45.2085471, -21.4428793], [-45.2086088, -21.4425235], [-45.2087013, -21.4421915], [-45.208864, -21.441732], [-45.2090558, -21.4413793], [-45.2095607, -21.4404395], [-45.2096032, -21.4403233], [-45.2096501, -21.4401064], [-45.2096886, -21.4398763], [-45.2096682, -21.4396327], [-45.2096409, -21.4393966], [-45.2095506, -21.4391301], [-45.2093668, -21.4387835], [-45.2091353, -21.4385647], [-45.2080446, -21.4376975], [-45.207783, -21.4374847], [-45.207528, -21.4372098], [-45.207266, -21.4366585], [-45.2071947, -21.4363662], [-45.207165, -21.4360326], [-45.2072123, -21.4356641], [-45.2073577, -21.4353032], [-45.2075693, -21.4349691], [-45.2078303, -21.4347009], [-45.20814, -21.4344637], [-45.208514, -21.4342827], [-45.2093087, -21.4339882], [-45.2099633, -21.4337002], [-45.2102342, -21.4334668], [-45.2104823, -21.4331866], [-45.21075, -21.4325994], [-45.2108049, -21.4322592], [-45.2108014, -21.4318145], [-45.2106098, -21.4293821], [-45.210606, -21.4286279], [-45.2107022, -21.428141], [-45.2109423, -21.4275673], [-45.2119496, -21.4258619], [-45.2122241, -21.4252613], [-45.2127034, -21.4233107], [-45.2128374, -21.4226412], [-45.2128748, -21.4217272], [-45.2127932, -21.4209433], [-45.2123757, -21.4193885], [-45.2121787, -21.4187826], [-45.2118703, -21.4178342], [-45.2116792, -21.4171697], [-45.2114102, -21.4162341], [-45.2112036, -21.4155966], [-45.2111243, -21.4153386], [-45.2106982, -21.4139479], [-45.210587, -21.4134636], [-45.210523, -21.412969], [-45.2104858, -21.4124826], [-45.2104992, -21.4119977], [-45.2106396, -21.4112075], [-45.211195, -21.409275], [-45.2114619, -21.4084168], [-45.2118449, -21.4071855], [-45.2119444, -21.4067964], [-45.2119653, -21.4064543], [-45.2119427, -21.4059332], [-45.2118334, -21.4055394], [-45.2117295, -21.4052241], [-45.2115834, -21.4049417], [-45.2112299, -21.4044179], [-45.2109806, -21.4041019], [-45.2107571, -21.4037733], [-45.2106249, -21.4034993], [-45.2105675, -21.403373], [-45.2104818, -21.4030357], [-45.2104421, -21.4027993], [-45.2104229, -21.402465], [-45.2104398, -21.4021859], [-45.2104818, -21.4016923], [-45.2105995, -21.4005448], [-45.2106024, -21.3999979], [-45.2105678, -21.3997165], [-45.2104908, -21.3993813], [-45.2104114, -21.3991769], [-45.2103213, -21.3989777], [-45.2102443, -21.3988051], [-45.2100324, -21.3984872], [-45.209837, -21.3982644], [-45.2096475, -21.3980902], [-45.20944, -21.3979114], [-45.2091125, -21.3977119], [-45.2086137, -21.3975173], [-45.2079675, -21.3973408], [-45.2067042, -21.3970256], [-45.2054988, -21.3967237], [-45.2046628, -21.3965069], [-45.2040912, -21.3963354], [-45.2033624, -21.3960701], [-45.2018365, -21.3952997], [-45.2014369, -21.3950852], [-45.2009629, -21.3947845], [-45.2000402, -21.3941319], [-45.1997905, -21.3939444], [-45.199279, -21.3936719], [-45.1986482, -21.3934332], [-45.1984665, -21.3933587], [-45.1980248, -21.3931777], [-45.1975308, -21.3929262], [-45.1957566, -21.3919911], [-45.195301, -21.3916857], [-45.1950053, -21.3914722], [-45.194789, -21.3912015], [-45.1945738, -21.3909496], [-45.1943879, -21.3906502], [-45.1942764, -21.3904325], [-45.1941101, -21.3898554], [-45.1939405, -21.3893627], [-45.1938821, -21.3890412], [-45.1938379, -21.3886866], [-45.1938459, -21.3884131], [-45.1938935, -21.3880516], [-45.1939774, -21.3877275], [-45.1942174, -21.3871643], [-45.1944273, -21.3867441], [-45.1955505, -21.3844483], [-45.1957409, -21.3840043], [-45.1959005, -21.3835404], [-45.1960064, -21.38305], [-45.1960299, -21.3827587], [-45.1960306, -21.382424], [-45.1960232, -21.3821549], [-45.1959662, -21.3817721], [-45.195869, -21.3814337], [-45.1956792, -21.3809892], [-45.1950744, -21.3799014], [-45.1944669, -21.3789073], [-45.1940283, -21.3781755], [-45.193454, -21.3772093], [-45.1928639, -21.3762626], [-45.1922802, -21.3752634], [-45.1919848, -21.3748077], [-45.1918081, -21.3745211], [-45.191615, -21.3742279], [-45.1912335, -21.3737215], [-45.1908465, -21.3732775], [-45.1905294, -21.3729928], [-45.1902363, -21.3727262], [-45.1899701, -21.3725239], [-45.1894578, -21.3721161], [-45.1891138, -21.3718032], [-45.1889127, -21.371585], [-45.1888268, -21.3714754], [-45.1886981, -21.3712469], [-45.188629, -21.3710908], [-45.188574, -21.3709147], [-45.1885372, -21.3707623], [-45.1885124, -21.3705962], [-45.188509, -21.3703957], [-45.1885479, -21.3701541], [-45.1885831, -21.3699983], [-45.188623, -21.3698775], [-45.1887598, -21.3695527], [-45.1889268, -21.369223], [-45.1892704, -21.3686123], [-45.1894491, -21.368272], [-45.189604, -21.3679342], [-45.18971, -21.3676341], [-45.1903651, -21.3657823], [-45.1911758, -21.3635285], [-45.1912747, -21.3632394], [-45.1914413, -21.3627304], [-45.1915198, -21.3624032], [-45.1915486, -21.3622327], [-45.1915674, -21.3620685], [-45.1915707, -21.3619505], [-45.1915667, -21.3617438], [-45.191556, -21.3616101], [-45.1915308, -21.3614646], [-45.1914547, -21.3612236], [-45.1913823, -21.3609888], [-45.1912194, -21.3605479], [-45.1910263, -21.360122], [-45.1908781, -21.359889], [-45.1907714, -21.3597279], [-45.1906628, -21.3596111], [-45.1905334, -21.3594844], [-45.1904087, -21.3593807], [-45.1902055, -21.3592383], [-45.1899534, -21.3590791], [-45.1892895, -21.3587078], [-45.1888909, -21.3584686], [-45.1880235, -21.3579781], [-45.1876044, -21.3577433], [-45.1871243, -21.3575234], [-45.1857376, -21.3569364], [-45.1839784, -21.3562279], [-45.1836857, -21.3560846], [-45.1830018, -21.3557773], [-45.1824439, -21.3554676], [-45.1821595, -21.3552602], [-45.181945, -21.3550504], [-45.1817465, -21.3548306], [-45.181556, -21.3545658], [-45.1814649, -21.3543684], [-45.1813522, -21.3541386], [-45.1812771, -21.3539213], [-45.1812074, -21.353664], [-45.1811323, -21.3533292], [-45.1810384, -21.3528271], [-45.180907, -21.3522001], [-45.1807568, -21.3516205], [-45.1805502, -21.3510285], [-45.1804081, -21.3506787], [-45.1802981, -21.3504964], [-45.1801881, -21.350334], [-45.1800433, -21.3501816], [-45.1798314, -21.3499892], [-45.1796302, -21.3498369], [-45.1794264, -21.3497094], [-45.1788551, -21.3493722], [-45.1786539, -21.3492098], [-45.1784366, -21.3490025], [-45.1783079, -21.3488401], [-45.1781872, -21.3486477], [-45.1781067, -21.3484903], [-45.1777259, -21.3477534], [-45.1775059, -21.3473437], [-45.1773611, -21.3471114], [-45.1772028, -21.3468815], [-45.1770687, -21.3467091], [-45.1765591, -21.3460821], [-45.1761916, -21.3456449], [-45.1760602, -21.3454251], [-45.1759636, -21.3452452], [-45.1758778, -21.3450254], [-45.1758295, -21.344758], [-45.1758188, -21.3445182], [-45.1758242, -21.3441859], [-45.1758805, -21.3436788], [-45.1759449, -21.3431841], [-45.1761192, -21.3414016], [-45.1762158, -21.3406322], [-45.1763901, -21.3394042], [-45.1764129, -21.3391194], [-45.1764371, -21.3387734], [-45.1764505, -21.3383787], [-45.1764451, -21.3381089], [-45.1764049, -21.3378653], [-45.1763485, -21.3376192], [-45.1762627, -21.3373656], [-45.1760953, -21.3370175], [-45.1755359, -21.3360408], [-45.1752502, -21.3355418], [-45.1750799, -21.3352932], [-45.174876, -21.3350546], [-45.1747151, -21.3348947], [-45.1745434, -21.3347523], [-45.1743704, -21.3346224], [-45.1742081, -21.3345249], [-45.1739989, -21.3344113], [-45.173775, -21.3343176], [-45.1735738, -21.3342489], [-45.1730575, -21.3341127], [-45.1726967, -21.3340328], [-45.1724017, -21.3339753], [-45.1720959, -21.3338903], [-45.1717941, -21.3337417], [-45.171589, -21.333603], [-45.1713422, -21.3334032], [-45.1711518, -21.3332033], [-45.1709828, -21.3329709], [-45.1708192, -21.3326186], [-45.1705241, -21.3318216], [-45.1702371, -21.3310271], [-45.1701379, -21.3307348], [-45.1700654, -21.3305237], [-45.1697919, -21.3296785], [-45.1696712, -21.3293319], [-45.1694633, -21.328771], [-45.1692152, -21.3282975], [-45.1689832, -21.3279565], [-45.1685782, -21.3274031], [-45.1678178, -21.3263424], [-45.1673915, -21.3257741], [-45.1669782, -21.3252231], [-45.1667181, -21.3248308], [-45.1664874, -21.3242911], [-45.1662353, -21.323589], [-45.1656264, -21.3220399], [-45.1655057, -21.3217326], [-45.1654547, -21.3215152], [-45.1654172, -21.3213128], [-45.1653904, -21.3210729], [-45.1654011, -21.3208705], [-45.1654413, -21.3205557], [-45.1655164, -21.3203071], [-45.1656479, -21.3200772], [-45.1658021, -21.3198398], [-45.1661468, -21.319525], [-45.1664807, -21.3192652], [-45.1670453, -21.3188066], [-45.1672478, -21.3185718], [-45.1674047, -21.3183431], [-45.1675348, -21.3180421], [-45.1676126, -21.3178047], [-45.1676461, -21.3175685], [-45.1676407, -21.3173074], [-45.167622, -21.3171475], [-45.1675442, -21.3167502], [-45.1674047, -21.316288], [-45.167225, -21.3156883], [-45.1670024, -21.3149274], [-45.1666617, -21.3137717], [-45.166533, -21.3133819], [-45.1664338, -21.3130796], [-45.1663399, -21.3127697], [-45.166246, -21.3125723], [-45.1661226, -21.3123924], [-45.1660153, -21.312235], [-45.1658598, -21.3120976], [-45.1656345, -21.3119027], [-45.1654293, -21.3117664], [-45.1652297, -21.311676], [-45.1650133, -21.3116088], [-45.1647963, -21.3115491], [-45.1646206, -21.3115128], [-45.164262, -21.3114733], [-45.1638487, -21.3113846], [-45.1634648, -21.3112924], [-45.1631151, -21.3111542], [-45.1628812, -21.3110093], [-45.1626371, -21.3108407], [-45.1623219, -21.3105146], [-45.1620738, -21.3101872], [-45.1618029, -21.3097899], [-45.1614797, -21.3093114], [-45.1612826, -21.3090553], [-45.1610278, -21.3088029], [-45.160615, -21.3083768], [-45.1596429, -21.3074867], [-45.158945, -21.3069025], [-45.158415, -21.3065129], [-45.1577911, -21.3060521], [-45.1572417, -21.3056318], [-45.156697, -21.3052063], [-45.1564683, -21.305022], [-45.1561713, -21.3047507], [-45.1559679, -21.3045492], [-45.1554367, -21.303977], [-45.1550383, -21.3035359], [-45.154617, -21.3030346], [-45.1542109, -21.3026019], [-45.1533035, -21.301686], [-45.1528704, -21.3013196], [-45.1518441, -21.3003792], [-45.1511973, -21.299805], [-45.1510848, -21.2996981], [-45.1509708, -21.2995844], [-45.1507804, -21.2993207], [-45.1505725, -21.2989908], [-45.1504317, -21.298696], [-45.1503459, -21.2984436], [-45.1502439, -21.2980862], [-45.149923, -21.2969208], [-45.1498336, -21.2966867], [-45.1494205, -21.2954572], [-45.1490557, -21.2944076], [-45.148294, -21.2919085], [-45.1480258, -21.2910338], [-45.1478273, -21.2905515], [-45.1476502, -21.2902141], [-45.1474518, -21.2898592], [-45.1471621, -21.2894693], [-45.1469207, -21.2891844], [-45.1467276, -21.2889795], [-45.1464969, -21.2887696], [-45.1462179, -21.2885146], [-45.1459613, -21.2883134], [-45.1457574, -21.2881817], [-45.1454133, -21.2879948], [-45.1451134, -21.2878626], [-45.1447814, -21.2877231], [-45.1444681, -21.2876241], [-45.1442002, -21.2875467], [-45.1438337, -21.2874636], [-45.1428842, -21.2872974], [-45.1425624, -21.2872291], [-45.1422119, -21.2870806], [-45.1419028, -21.2868936], [-45.1415088, -21.2865345], [-45.1408844, -21.2859044], [-45.1406806, -21.2856852], [-45.1405284, -21.2855034], [-45.140397, -21.2853022], [-45.1401805, -21.28486], [-45.1400816, -21.2844294], [-45.1400497, -21.2840464], [-45.1399805, -21.2813283], [-45.1399477, -21.2795662], [-45.1399115, -21.2790014], [-45.1398812, -21.2787], [-45.1398321, -21.2784267], [-45.1397981, -21.2782701], [-45.1397605, -21.2781327], [-45.1396855, -21.277875], [-45.1394495, -21.2772466], [-45.1391787, -21.2767062], [-45.1391121, -21.2765799], [-45.1390377, -21.2764643], [-45.1388919, -21.2762431], [-45.1364906, -21.2729266], [-45.1363783, -21.2727439], [-45.1363186, -21.2726465], [-45.1362671, -21.2725571], [-45.1361798, -21.272364], [-45.1361077, -21.2721739], [-45.1360416, -21.2719504], [-45.135989, -21.2717417], [-45.1359585, -21.2715304], [-45.1359417, -21.271338], [-45.1359344, -21.2710868], [-45.1359526, -21.2708657], [-45.1359706, -21.2707131], [-45.1359974, -21.2705481], [-45.136074, -21.2702727], [-45.1362989, -21.2696867], [-45.1366582, -21.2687922], [-45.1370635, -21.2678875], [-45.1372962, -21.2673659], [-45.1374579, -21.2669951], [-45.1376784, -21.266537], [-45.137876, -21.2660984], [-45.1379528, -21.2659274], [-45.1385681, -21.2645379], [-45.139046, -21.2634453], [-45.1394769, -21.2624582], [-45.1395661, -21.2622321], [-45.1396418, -21.2620302], [-45.1397377, -21.2617509], [-45.139801, -21.26151], [-45.1398363, -21.2613622], [-45.1398651, -21.2612222], [-45.1398859, -21.2610985], [-45.1398975, -21.2609837], [-45.1399282, -21.2606548], [-45.1399396, -21.2604823], [-45.1399413, -21.2603218], [-45.1399362, -21.260138], [-45.1399255, -21.2599624], [-45.1398958, -21.2596325], [-45.1398517, -21.2593587], [-45.1398052, -21.2591144], [-45.1393019, -21.2567828], [-45.1390444, -21.2556142], [-45.1387896, -21.2544711], [-45.1387507, -21.2542718], [-45.1387332, -21.2541468], [-45.1387204, -21.2540265], [-45.1384892, -21.2514633], [-45.138261, -21.2489324], [-45.1382169, -21.2486485], [-45.1381782, -21.2484165], [-45.1381364, -21.2482047], [-45.138092, -21.2480173], [-45.1379546, -21.2475316], [-45.1378776, -21.2473135], [-45.1377761, -21.2470692], [-45.1367032, -21.2448791], [-45.1359252, -21.2432909], [-45.1357497, -21.2428604], [-45.1356916, -21.2426874], [-45.1356355, -21.242487], [-45.1355634, -21.2421301], [-45.135532, -21.2418737], [-45.1355127, -21.2416244], [-45.1355039, -21.2413799], [-45.1355071, -21.2411764], [-45.1355742, -21.2387051], [-45.1355662, -21.2381477], [-45.1355481, -21.2378974], [-45.1355285, -21.237679], [-45.1355153, -21.2375274], [-45.1354958, -21.2373937], [-45.1354483, -21.2371518], [-45.1349303, -21.2346265], [-45.1342119, -21.2310612], [-45.1341127, -21.2306624], [-45.1340682, -21.2305027], [-45.134017, -21.2303546], [-45.1339864, -21.2302696], [-45.1339468, -21.2301808], [-45.1338647, -21.2300107], [-45.1337832, -21.2298333], [-45.133692, -21.2296786], [-45.1335727, -21.229497], [-45.1334283, -21.229303], [-45.133289, -21.229137], [-45.1331314, -21.2289745], [-45.1327989, -21.228647], [-45.1321291, -21.2279906], [-45.131388, -21.2272749], [-45.1311478, -21.2270353], [-45.1310487, -21.2269174], [-45.1309589, -21.2268043], [-45.1307947, -21.2265829], [-45.1307242, -21.2264818], [-45.1306577, -21.2263688], [-45.1305274, -21.2261371], [-45.1304233, -21.2258904], [-45.1303299, -21.2256629], [-45.1302843, -21.2255292], [-45.1302186, -21.2253092], [-45.1301236, -21.2248402], [-45.1300872, -21.2246427], [-45.1298538, -21.2235365], [-45.1297519, -21.2230464], [-45.1295982, -21.2222441], [-45.1295299, -21.2220478], [-45.1294451, -21.221796], [-45.1293687, -21.2215885], [-45.1292605, -21.2213358], [-45.1291379, -21.2210813], [-45.1290156, -21.2208761], [-45.1287165, -21.2204461], [-45.1282417, -21.2198211], [-45.1257621, -21.2165567], [-45.1255944, -21.216318], [-45.125455, -21.2160879], [-45.1253236, -21.2158354], [-45.1252299, -21.2155981], [-45.1250526, -21.2151803], [-45.1249413, -21.2148327], [-45.1248314, -21.2144176], [-45.1248005, -21.2143214], [-45.124303, -21.2125635], [-45.1234375, -21.2095801], [-45.1231308, -21.2085227], [-45.1229568, -21.2079684], [-45.1227815, -21.20741], [-45.1226279, -21.2070036], [-45.1225247, -21.2067236], [-45.1223248, -21.2062972], [-45.1208898, -21.2034052], [-45.1198619, -21.2013758], [-45.1196988, -21.2010477], [-45.1194809, -21.2005963], [-45.1193771, -21.2003576], [-45.1193117, -21.2001696], [-45.1191946, -21.1997511], [-45.1191347, -21.1994196], [-45.1191202, -21.1989705], [-45.1191732, -21.1985852], [-45.1193663, -21.1974737], [-45.1193878, -21.1972511], [-45.1193918, -21.1970148], [-45.1193596, -21.1967647], [-45.1193006, -21.1965384], [-45.1192081, -21.1963058], [-45.1191156, -21.196117], [-45.1173131, -21.1931461], [-45.1168276, -21.1923146], [-45.1166815, -21.1920107], [-45.1165621, -21.1917306], [-45.1164807, -21.191493], [-45.1164025, -21.1911867], [-45.1163475, -21.1907953], [-45.1162939, -21.1902326], [-45.1161772, -21.189151], [-45.1161638, -21.1888721], [-45.1161839, -21.1886208], [-45.1162067, -21.1883357], [-45.1162831, -21.1880281], [-45.1163703, -21.1877868], [-45.1165849, -21.1874466], [-45.1168062, -21.1871515], [-45.1174488, -21.1863165], [-45.1184763, -21.1851072], [-45.118905, -21.1845643], [-45.1198378, -21.1834747], [-45.1201442, -21.1830537], [-45.120348, -21.1827374], [-45.1204674, -21.1825348], [-45.1206739, -21.1821221], [-45.1209301, -21.1815594], [-45.1214451, -21.1804489], [-45.121888, -21.179446], [-45.1220258, -21.1792022], [-45.1221733, -21.1789934], [-45.1223503, -21.1787858], [-45.1225153, -21.1786232], [-45.1227124, -21.1784631], [-45.1228975, -21.1783393], [-45.123037, -21.178263], [-45.1232743, -21.178148], [-45.1236042, -21.1779854], [-45.1238912, -21.1778204], [-45.1241326, -21.1776628], [-45.1242842, -21.1775527], [-45.1244076, -21.1774414], [-45.1245604, -21.1772776], [-45.1246555, -21.1771512], [-45.1248016, -21.1769058], [-45.1248783, -21.1767562], [-45.1249279, -21.1766148], [-45.1249708, -21.1764548], [-45.1249976, -21.1762647], [-45.1250003, -21.1760946], [-45.1250057, -21.1759145], [-45.1250144, -21.1746777], [-45.1250218, -21.1745214], [-45.1250379, -21.1743301], [-45.1250553, -21.1741788], [-45.1250821, -21.1740493], [-45.1251257, -21.1738674], [-45.1251968, -21.1736567], [-45.1252974, -21.1734234], [-45.1253785, -21.1732709], [-45.1261309, -21.1719903], [-45.1264521, -21.1714894], [-45.1265366, -21.1713393], [-45.1266667, -21.1710486], [-45.1267122, -21.1708929], [-45.1267498, -21.170679], [-45.1267599, -21.170442], [-45.1267572, -21.1702026], [-45.1267485, -21.1699899], [-45.1266874, -21.1695929], [-45.1265144, -21.16871], [-45.1262234, -21.167091], [-45.1261553, -21.1666383], [-45.1261014, -21.1664488], [-45.1260236, -21.1662187], [-45.1258824, -21.1659366], [-45.1257218, -21.1656559], [-45.1255609, -21.1654346], [-45.1254614, -21.1653293], [-45.1253182, -21.1651807], [-45.1251244, -21.1650131], [-45.1248086, -21.1647824], [-45.1235203, -21.1639346], [-45.1227172, -21.1633978], [-45.1208719, -21.1621641], [-45.12003, -21.1615818], [-45.1193784, -21.1611311], [-45.1186247, -21.1606114], [-45.1182713, -21.16031], [-45.118105, -21.1601299], [-45.1179072, -21.1598698], [-45.1177409, -21.1595809], [-45.1176276, -21.1593426], [-45.1175131, -21.1590511], [-45.1172816, -21.158222], [-45.1172005, -21.1579956], [-45.1171113, -21.1577824], [-45.1170382, -21.1576579], [-45.1169396, -21.1575041], [-45.116837, -21.157364], [-45.1167224, -21.1572308], [-45.1165856, -21.1570982], [-45.1164253, -21.1569675], [-45.1161678, -21.1568006], [-45.115459, -21.1563885], [-45.1140705, -21.1556202], [-45.1137325, -21.1554091], [-45.113378, -21.1551306], [-45.1130948, -21.1548337], [-45.1128095, -21.1544462], [-45.1126152, -21.154078], [-45.1123859, -21.1535405], [-45.1107196, -21.1497134], [-45.1105117, -21.1492358], [-45.1098666, -21.1477577], [-45.1097862, -21.1475768], [-45.1093972, -21.146702], [-45.1089071, -21.1456231], [-45.1087857, -21.1453311], [-45.1086586, -21.1450996], [-45.1085081, -21.1448258], [-45.1083733, -21.1446088], [-45.1082169, -21.144399], [-45.1081225, -21.1442598], [-45.1079569, -21.1440509], [-45.1078389, -21.1439102], [-45.1076102, -21.143665], [-45.1074164, -21.1434536], [-45.1045901, -21.1405029], [-45.1043668, -21.140234], [-45.1042608, -21.1400789], [-45.1041354, -21.1398569], [-45.1040831, -21.1397424], [-45.1039658, -21.1394378], [-45.1039336, -21.1393159], [-45.103892, -21.1390676], [-45.1038753, -21.1389256], [-45.1038659, -21.1387342], [-45.1038692, -21.1384847], [-45.103892, -21.1382764], [-45.1039363, -21.1379606], [-45.1042916, -21.1358243], [-45.1043272, -21.1355633], [-45.1043332, -21.1354438], [-45.1043238, -21.1351761], [-45.1043037, -21.1350029], [-45.1042622, -21.134794], [-45.1042045, -21.1345851], [-45.104118, -21.1343551], [-45.1040476, -21.1341992], [-45.1039289, -21.1339777], [-45.1037613, -21.1336807], [-45.1035806, -21.1333744], [-45.103263, -21.1328363], [-45.1016678, -21.1302043], [-45.1015354, -21.1299874], [-45.1014009, -21.1297671], [-45.1005602, -21.1284022], [-45.099806, -21.1271528], [-45.0978094, -21.1238453], [-45.0974882, -21.12332], [-45.0971235, -21.1228318], [-45.0969572, -21.1226373], [-45.0964576, -21.1220956], [-45.0959627, -21.1214175], [-45.0959038, -21.1213279], [-45.0958353, -21.1212105], [-45.0955416, -21.1206435], [-45.0951024, -21.1197587], [-45.0949408, -21.1193252], [-45.0947873, -21.1188436], [-45.0946793, -21.1182775], [-45.0945533, -21.117633], [-45.094521, -21.1174762], [-45.0943977, -21.1169895], [-45.0943467, -21.1168031], [-45.0943098, -21.1166649], [-45.0941429, -21.1161275], [-45.0938371, -21.1150016], [-45.0936252, -21.114296], [-45.0933557, -21.1133092], [-45.0931686, -21.112654], [-45.0929372, -21.1118437], [-45.0923499, -21.1097997], [-45.0922537, -21.1094403], [-45.0921607, -21.1091465], [-45.0920534, -21.1088963], [-45.0919166, -21.1085635], [-45.0917262, -21.1082232], [-45.091576, -21.1079655], [-45.0914365, -21.1077453], [-45.0911696, -21.1073036], [-45.0909068, -21.1068995], [-45.0908081, -21.106753], [-45.0904213, -21.1061338], [-45.090212, -21.105791], [-45.0897748, -21.1051117], [-45.0895214, -21.1047063], [-45.089276, -21.1043259], [-45.0888965, -21.1037954], [-45.0887561, -21.1036283], [-45.0884538, -21.1033075], [-45.0881782, -21.1030207], [-45.0879692, -21.1027915], [-45.0876197, -21.1024279], [-45.0872979, -21.1020888], [-45.08698, -21.1017485], [-45.086641, -21.1013992], [-45.0860909, -21.1008101], [-45.0855195, -21.1002057], [-45.0852969, -21.0999893], [-45.0849849, -21.0997194], [-45.0848007, -21.0995739], [-45.0846278, -21.0994426], [-45.0842669, -21.0991748], [-45.0835431, -21.098623], [-45.0831131, -21.0983113], [-45.0825772, -21.0979311], [-45.082089, -21.0975683], [-45.081102, -21.0968401], [-45.0801216, -21.0961144], [-45.0796241, -21.0957678], [-45.0791281, -21.0954035], [-45.0782816, -21.0948006], [-45.0778283, -21.094474], [-45.0774386, -21.0941957], [-45.0771105, -21.0939735], [-45.0767223, -21.0937308], [-45.0761828, -21.0934509], [-45.0756678, -21.093219], [-45.0751888, -21.0930048], [-45.0747913, -21.0928326], [-45.0744642, -21.0926764], [-45.0742033, -21.0925408], [-45.0739808, -21.0924038], [-45.0733675, -21.0919661], [-45.07315, -21.0917868], [-45.0728603, -21.091568], [-45.072654, -21.0914044], [-45.0721212, -21.0910074], [-45.0720086, -21.090923], [-45.0716901, -21.0906949], [-45.0713783, -21.0905088], [-45.071041, -21.0903392], [-45.0705488, -21.0901584], [-45.0685385, -21.0895409], [-45.0676674, -21.0892244], [-45.0673174, -21.0890304], [-45.0670546, -21.0888265], [-45.0668353, -21.08862], [-45.0665852, -21.0883541], [-45.0634865, -21.0839964], [-45.0625578, -21.0828302], [-45.0621169, -21.0823028], [-45.0617116, -21.0817997], [-45.0614474, -21.081476], [-45.0612221, -21.0811271], [-45.0604067, -21.079954], [-45.0600077, -21.0794259], [-45.0596926, -21.0790912], [-45.0593995, -21.0788353], [-45.0589402, -21.0784861], [-45.0561688, -21.076569], [-45.0554071, -21.0760516], [-45.0545152, -21.0754603], [-45.0542792, -21.0753032], [-45.0535282, -21.0747958], [-45.0530568, -21.0744385], [-45.052747, -21.0741019], [-45.0524405, -21.0737121], [-45.0521576, -21.0732562], [-45.0519075, -21.0727297], [-45.0517593, -21.0721453], [-45.0516607, -21.0714889], [-45.0516471, -21.0713218], [-45.0516446, -21.0711201], [-45.0516674, -21.0707193], [-45.0517864, -21.0699881], [-45.0520161, -21.0687552], [-45.0525445, -21.0655958], [-45.0525391, -21.0651203], [-45.0524781, -21.0647755], [-45.052344, -21.0644501], [-45.0521871, -21.064146], [-45.0491763, -21.059048], [-45.0489798, -21.0587632], [-45.0487237, -21.0584253], [-45.0484233, -21.058135], [-45.0481175, -21.0579072], [-45.0477581, -21.0577057], [-45.0472404, -21.0574929], [-45.0451657, -21.0568058], [-45.0436865, -21.0563127], [-45.0429086, -21.0560361], [-45.0427274, -21.0559758], [-45.0401191, -21.0551087], [-45.0396927, -21.0550036], [-45.0390784, -21.0549072], [-45.0384294, -21.0548534], [-45.0378349, -21.0548306], [-45.0372599, -21.0548571], [-45.0358555, -21.0550022], [-45.0341433, -21.0551817], [-45.0337221, -21.0552146], [-45.033054, -21.0552265], [-45.0325965, -21.0551941], [-45.0280025, -21.0548899], [-45.0273344, -21.0548171], [-45.0267001, -21.0547157], [-45.0260107, -21.0545693], [-45.0240323, -21.0541179], [-45.0210229, -21.0534678], [-45.0206671, -21.0533933], [-45.0180243, -21.0527991], [-45.0174089, -21.0526881], [-45.0170455, -21.0526631], [-45.0167596, -21.0526716], [-45.0163038, -21.0527232], [-45.0159256, -21.0528033], [-45.0152086, -21.053044], [-45.0147864, -21.053146], [-45.0143952, -21.0532183], [-45.0139543, -21.0532759], [-45.0135819, -21.0532958], [-45.0130694, -21.0532987], [-45.0127388, -21.0532711], [-45.0124409, -21.0532301], [-45.0120831, -21.0531719], [-45.0113528, -21.0529881], [-45.010977, -21.0528782], [-45.0101392, -21.0526024], [-45.0096962, -21.0524555], [-45.0092854, -21.0523292], [-45.0088032, -21.0522006], [-45.0085941, -21.0521671], [-45.0083576, -21.0521493], [-45.0070813, -21.0521492], [-45.0058107, -21.0521618], [-45.0051946, -21.0521521], [-45.0048814, -21.052119], [-45.0045862, -21.0520749], [-45.0043354, -21.0520009], [-45.0040814, -21.0519112], [-45.0035238, -21.0516453], [-45.002423, -21.0510499], [-45.0020571, -21.0508288], [-45.0018839, -21.0506921], [-45.0017458, -21.0505481], [-45.001479, -21.0501995], [-45.0013099, -21.0498614], [-45.0012462, -21.0496936], [-45.0011876, -21.0495039], [-45.0005485, -21.0463327], [-45.0004011, -21.0455623], [-45.0002298, -21.0447446], [-45.0002068, -21.0444804], [-45.0001952, -21.044137], [-45.0002629, -21.0432859], [-45.000324, -21.0428379], [-45.0004131, -21.0423897], [-45.0005921, -21.0417775], [-45.0008188, -21.0411205], [-45.001141, -21.0403298], [-45.0015334, -21.0393746], [-45.0016596, -21.0389625], [-45.0017901, -21.038426], [-45.0018922, -21.0378023], [-45.0019043, -21.0373139], [-45.0019403, -21.0363679], [-45.0020605, -21.0325036], [-45.0020427, -21.0320459], [-45.0020148, -21.0316621], [-45.0019508, -21.0312622], [-45.0018502, -21.0307972], [-45.0017367, -21.0304589], [-45.0015955, -21.0301387], [-45.0013953, -21.0296595], [-45.0010919, -21.0291594], [-44.9991561, -21.0261825], [-44.9988587, -21.0258103], [-44.9985433, -21.0254612], [-44.9981795, -21.0251153], [-44.9978612, -21.0248406], [-44.9956815, -21.0232085], [-44.9911027, -21.0197516], [-44.9906, -21.0193168], [-44.9899834, -21.0187385], [-44.9895105, -21.0182049], [-44.9890605, -21.0176532], [-44.9879295, -21.016136], [-44.9875803, -21.0156626], [-44.9870788, -21.0149868], [-44.9865328, -21.0142519], [-44.9854295, -21.012778], [-44.9852379, -21.0125389], [-44.9850245, -21.0122953], [-44.9848376, -21.0120952], [-44.9846802, -21.0119428], [-44.9843738, -21.0116681], [-44.9838598, -21.011292], [-44.9806109, -21.0095568], [-44.9791367, -21.0087829], [-44.9785044, -21.0085396], [-44.9779769, -21.0082617], [-44.9764609, -21.0074465], [-44.9732444, -21.0056496], [-44.9725965, -21.0052094], [-44.9719552, -21.0046927], [-44.9707889, -21.0037414], [-44.969039, -21.0024585], [-44.9684016, -21.001922], [-44.9677642, -21.0013854], [-44.9675508, -21.0012065], [-44.9667476, -21.0005103], [-44.9666291, -21.0004086], [-44.966576, -21.0003625], [-44.9655846, -20.9994461], [-44.9650044, -20.9989438], [-44.9646123, -20.9985447], [-44.9639935, -20.9978465], [-44.963521, -20.9973958], [-44.9625891, -20.9965407], [-44.9597112, -20.9939618], [-44.9583788, -20.992753], [-44.9577292, -20.9921637], [-44.9559005, -20.9904951], [-44.9552125, -20.9898578], [-44.954788, -20.9894515], [-44.9542589, -20.9889531], [-44.9537802, -20.9885093], [-44.9535616, -20.9883277], [-44.953355, -20.9881724], [-44.9531096, -20.9880435], [-44.9527918, -20.9879258], [-44.9524713, -20.9878469], [-44.9519777, -20.9877893], [-44.9513662, -20.9877793], [-44.9503402, -20.9877592], [-44.9499232, -20.987743], [-44.9495892, -20.9877167], [-44.9493966, -20.9876851], [-44.9491824, -20.9876295], [-44.9487256, -20.9874537], [-44.9484198, -20.9872897], [-44.9481811, -20.9871031], [-44.948006, -20.9869366], [-44.9478216, -20.98675], [-44.9469633, -20.9859161], [-44.9461738, -20.9851526], [-44.9451686, -20.984247], [-44.9447425, -20.9838788], [-44.9444877, -20.983671], [-44.9443965, -20.9835921], [-44.9443053, -20.9835057], [-44.9439727, -20.9831714], [-44.9438345, -20.9829835], [-44.9437165, -20.9827932], [-44.9436072, -20.9825784], [-44.943506, -20.982365], [-44.942771, -20.9806388], [-44.9425444, -20.9800935], [-44.942468, -20.9799201], [-44.9423808, -20.9797629], [-44.9422232, -20.9795219], [-44.9420629, -20.9792802], [-44.9418665, -20.9790172], [-44.9417719, -20.9788814], [-44.9417022, -20.978773], [-44.9414655, -20.9783761], [-44.9413937, -20.9782578], [-44.941324, -20.9781488], [-44.9407936, -20.9774207], [-44.9406306, -20.9771809], [-44.9397898, -20.9760044], [-44.9397227, -20.9759155], [-44.9396476, -20.9758272], [-44.939478, -20.975625], [-44.939248, -20.9754528], [-44.9391199, -20.9753657], [-44.9390079, -20.9752962], [-44.9389174, -20.9752437], [-44.9387933, -20.9751641], [-44.9384829, -20.9750183], [-44.9383655, -20.9749757], [-44.9381751, -20.9749206], [-44.9380383, -20.9748968], [-44.9370687, -20.9747377], [-44.9363811, -20.9746529], [-44.9355037, -20.9744747], [-44.9348532, -20.9742519], [-44.9345461, -20.9741304], [-44.9342296, -20.9739851], [-44.9338876, -20.9737923], [-44.9335375, -20.9735869], [-44.9332479, -20.9733565], [-44.9329823, -20.9731349], [-44.9327812, -20.9729207], [-44.9326444, -20.9727604], [-44.9324794, -20.9725388], [-44.932348, -20.9723272], [-44.9322253, -20.9721337], [-44.9321555, -20.9719978], [-44.9320999, -20.9718776], [-44.9319792, -20.9715345], [-44.9317002, -20.9704212], [-44.931322, -20.968792], [-44.9312523, -20.968504], [-44.9312027, -20.9683387], [-44.9309747, -20.967452], [-44.9300829, -20.9638792], [-44.9300114, -20.9636234], [-44.9299072, -20.9633256], [-44.9298388, -20.9631666], [-44.9297355, -20.9629838], [-44.9296309, -20.9628272], [-44.9294881, -20.9626475], [-44.929301, -20.9624478], [-44.9291454, -20.9623087], [-44.9290046, -20.9622023], [-44.9287874, -20.9620545], [-44.9285902, -20.9619518], [-44.9280826, -20.9617314], [-44.9264525, -20.9611516], [-44.9258225, -20.9609277], [-44.9252093, -20.9607032], [-44.9249739, -20.9606174], [-44.9247603, -20.9605429], [-44.9239299, -20.9603], [-44.9232526, -20.9601309], [-44.9229965, -20.9600683], [-44.9227785, -20.96], [-44.9225391, -20.9598892], [-44.9222924, -20.9597264], [-44.9220456, -20.9595035], [-44.9218176, -20.9591904], [-44.9216513, -20.9588986], [-44.9211504, -20.9576982], [-44.9209285, -20.9573556], [-44.9206643, -20.9570663], [-44.9204068, -20.9568422], [-44.920148, -20.956653], [-44.9198663, -20.9565053], [-44.9193795, -20.9562836], [-44.9189812, -20.9560945], [-44.9186768, -20.955963], [-44.9183965, -20.955854], [-44.917962, -20.9557369], [-44.9177574, -20.9556918], [-44.9170929, -20.9555848], [-44.9165659, -20.9555234], [-44.9150571, -20.9553881], [-44.914583, -20.9553261], [-44.9143101, -20.9552785], [-44.9133774, -20.9550988], [-44.9130937, -20.9550362], [-44.9128704, -20.9549903], [-44.9127172, -20.9549567], [-44.9123628, -20.9548884], [-44.9120142, -20.9548208], [-44.9111357, -20.9546179], [-44.910765, -20.9545386], [-44.9101071, -20.9544112], [-44.9098898, -20.9543812], [-44.9096766, -20.9543774], [-44.9094312, -20.9544037], [-44.909218, -20.9544538], [-44.9087794, -20.9545903], [-44.908542, -20.954688], [-44.9084415, -20.9547294], [-44.9068925, -20.9554871], [-44.9056399, -20.956102], [-44.9033573, -20.9571816], [-44.903069, -20.9573106], [-44.9027753, -20.957422], [-44.9024712, -20.957518], [-44.9018303, -20.9576936], [-44.9014221, -20.9577627], [-44.9009458, -20.9578193], [-44.9004545, -20.9578403], [-44.8998946, -20.9578115], [-44.8998526, -20.9578052], [-44.8993313, -20.9577439], [-44.8983329, -20.9576099], [-44.8977911, -20.9575172], [-44.8974317, -20.9574308], [-44.8971601, -20.9573369], [-44.8969039, -20.9572285], [-44.8966592, -20.9570939], [-44.8964822, -20.9569674], [-44.8963387, -20.9568371], [-44.8959092, -20.9563976], [-44.8956413, -20.9561145], [-44.8954435, -20.9559035], [-44.8953241, -20.955777], [-44.8951907, -20.955643], [-44.8945241, -20.9549391], [-44.8939998, -20.9543812], [-44.8936591, -20.9540167], [-44.8930027, -20.9532766], [-44.8922879, -20.9525126], [-44.8919016, -20.9521394], [-44.8914805, -20.9518162], [-44.8910473, -20.9515144], [-44.8904814, -20.951205], [-44.8895721, -20.9506991], [-44.8889464, -20.9503106], [-44.8885998, -20.9500954], [-44.8875524, -20.9494904], [-44.8868966, -20.9491435], [-44.8864836, -20.9489707], [-44.8860651, -20.9488655], [-44.8855193, -20.9488066], [-44.8848515, -20.9487402], [-44.8841769, -20.9486288], [-44.8836914, -20.9484772], [-44.8832341, -20.9482555], [-44.8828666, -20.9479812], [-44.8823865, -20.9475717], [-44.8820552, -20.9472097], [-44.8817924, -20.9468077], [-44.8816261, -20.9464507], [-44.8814558, -20.9459585], [-44.8812063, -20.9452346], [-44.8809984, -20.9448049], [-44.8807463, -20.9444292], [-44.8803748, -20.9440409], [-44.8796453, -20.9433458], [-44.8788191, -20.942583], [-44.8782948, -20.9420419], [-44.8776095, -20.9413092], [-44.8770596, -20.9407756], [-44.8765647, -20.9402846], [-44.8762482, -20.9398813], [-44.8760015, -20.9394818], [-44.8757413, -20.9389181], [-44.8755053, -20.9383094], [-44.875339, -20.9377595], [-44.875229, -20.9371633], [-44.8751807, -20.9363817], [-44.8752156, -20.9355513], [-44.8752505, -20.934955], [-44.8752156, -20.9345041], [-44.875111, -20.9339154], [-44.8749392, -20.9329148], [-44.8747214, -20.9317916], [-44.8746456, -20.9314866], [-44.8745819, -20.9311302], [-44.8743922, -20.9302127], [-44.8742285, -20.9294286], [-44.8741615, -20.9290854], [-44.8739469, -20.9281684], [-44.8738491, -20.9275028], [-44.8738262, -20.9273467], [-44.8737511, -20.9258435], [-44.8737296, -20.9249015], [-44.8736425, -20.9241199], [-44.8735258, -20.923709], [-44.8733515, -20.9233457], [-44.8730993, -20.923], [-44.8727721, -20.9226818], [-44.8723698, -20.9223912], [-44.871549, -20.9218325], [-44.8701301, -20.9208404], [-44.8692691, -20.9201288], [-44.8688346, -20.9196478], [-44.8681614, -20.9187509], [-44.8672977, -20.9175608], [-44.8667479, -20.9167916], [-44.8660371, -20.9158471], [-44.8650393, -20.9144415], [-44.8648918, -20.9141759], [-44.8646396, -20.9136698], [-44.8642346, -20.91261], [-44.8639879, -20.9119811], [-44.8636472, -20.9112946], [-44.8633012, -20.9107659], [-44.8629499, -20.9103099], [-44.8623517, -20.9097311], [-44.8616731, -20.9091323], [-44.8609597, -20.9084808], [-44.8605439, -20.9080173], [-44.8600879, -20.9073783], [-44.8589909, -20.9056745], [-44.8580843, -20.9042513], [-44.8574603, -20.903308], [-44.8568639, -20.902362], [-44.8563811, -20.9016053], [-44.8557696, -20.9006481], [-44.8552197, -20.8997811], [-44.8547852, -20.8991021], [-44.8541495, -20.8980146], [-44.8540074, -20.8976362], [-44.8538196, -20.8969922], [-44.8535836, -20.8961277], [-44.85342, -20.8954211], [-44.8531437, -20.8942835], [-44.8529425, -20.8934816], [-44.852685, -20.8924993], [-44.8524919, -20.8916598], [-44.8521808, -20.890472], [-44.8518777, -20.8892943], [-44.851698, -20.8884999], [-44.8516095, -20.8877982], [-44.8515934, -20.8872419], [-44.851639, -20.8864676], [-44.8517302, -20.8853499], [-44.8517677, -20.8846182], [-44.8518133, -20.8840017], [-44.8518162, -20.8839071], [-44.8518321, -20.8833927], [-44.8517919, -20.8827788], [-44.8517033, -20.88227], [-44.8515746, -20.8816385], [-44.851411, -20.8808491], [-44.8512125, -20.8802426], [-44.8508853, -20.879546], [-44.8505929, -20.8790147], [-44.8503837, -20.8786939], [-44.850094, -20.8783255], [-44.8499358, -20.8781902], [-44.849005, -20.8773356], [-44.8484777, -20.876907], [-44.8482452, -20.8767167], [-44.8479666, -20.8765461], [-44.8476802, -20.8764007], [-44.8473651, -20.8762786], [-44.8469385, -20.8761781], [-44.846149, -20.8760078], [-44.8456068, -20.8758908], [-44.8452306, -20.8757607], [-44.8449858, -20.8756653], [-44.8446263, -20.8754598], [-44.8444989, -20.8753682], [-44.8444262, -20.8752856], [-44.8441925, -20.8750387], [-44.8439035, -20.8746039], [-44.843764, -20.8741779], [-44.8437345, -20.8738445], [-44.8437318, -20.8735062], [-44.8438552, -20.8727694], [-44.8440376, -20.8720225], [-44.8441073, -20.8715589], [-44.8441234, -20.871208], [-44.844043, -20.8708521], [-44.8439008, -20.8704612], [-44.843705, -20.8700953], [-44.8435789, -20.8698622], [-44.8430264, -20.8690878], [-44.842498, -20.8683559], [-44.8415592, -20.8668973], [-44.8412843, -20.8664173], [-44.8411194, -20.8660727], [-44.8410188, -20.8657344], [-44.8409839, -20.8655539], [-44.8409665, -20.8653333], [-44.8409879, -20.8648471], [-44.8411194, -20.8641604], [-44.8412226, -20.8635651], [-44.8412521, -20.8633333], [-44.8412548, -20.8631102], [-44.8412105, -20.8627756], [-44.8410952, -20.8624536], [-44.8409906, -20.862228], [-44.8408672, -20.8620212], [-44.8407546, -20.8618784], [-44.8406084, -20.8617092], [-44.8404059, -20.861555], [-44.840249, -20.8614485], [-44.8400532, -20.8613395], [-44.8396884, -20.8611603], [-44.8387389, -20.8606966], [-44.837603, -20.8601866], [-44.8373696, -20.8600662], [-44.8372234, -20.859951], [-44.8370907, -20.8598194], [-44.8369525, -20.8596514], [-44.8367728, -20.8593995], [-44.8366615, -20.8591664], [-44.8365784, -20.8589196], [-44.8365328, -20.8586263], [-44.8365301, -20.8583456], [-44.8365475, -20.8581551], [-44.8365945, -20.857927], [-44.8367313, -20.8574408], [-44.8368707, -20.8569821], [-44.8369914, -20.8565084], [-44.8370343, -20.8562377], [-44.837037, -20.8559494], [-44.8370209, -20.8555534], [-44.8369512, -20.8552426], [-44.8368841, -20.8550245], [-44.8367769, -20.8547551], [-44.836628, -20.8544656], [-44.8360138, -20.8531848], [-44.8357134, -20.8526009], [-44.8355337, -20.8521132], [-44.8352104, -20.851454], [-44.8349959, -20.8510392], [-44.8347062, -20.8505329], [-44.8339109, -20.8489324], [-44.8337634, -20.8485827], [-44.8336628, -20.848381], [-44.8335287, -20.848094], [-44.8334429, -20.847931], [-44.833294, -20.847713], [-44.8331545, -20.8475262], [-44.8329681, -20.8473182], [-44.8327844, -20.8471176], [-44.8324223, -20.8468043], [-44.8319703, -20.8464697], [-44.8313212, -20.846031], [-44.8306359, -20.845571], [-44.8299989, -20.8451111], [-44.8285398, -20.8440708], [-44.8279108, -20.8434717], [-44.8272443, -20.8426921], [-44.8246345, -20.8394535], [-44.8243582, -20.8390098], [-44.8242134, -20.8386563], [-44.8241141, -20.8382126], [-44.8240954, -20.8377063], [-44.8241705, -20.83725], [-44.8243046, -20.8368038], [-44.8249443, -20.8352634], [-44.8250838, -20.834752], [-44.8251267, -20.8343685], [-44.8251133, -20.8339147], [-44.8250261, -20.8334748], [-44.8248491, -20.8329784], [-44.8246345, -20.8325748], [-44.8243341, -20.8321787], [-44.8239532, -20.8318253], [-44.8235643, -20.8315495], [-44.8231378, -20.8313439], [-44.8225987, -20.831171], [-44.821381, -20.8309228], [-44.819667, -20.8306119], [-44.8191561, -20.8304603], [-44.8186532, -20.8302284], [-44.8182696, -20.8299977], [-44.817524, -20.8294888], [-44.817068, -20.8292707], [-44.8166227, -20.8291479], [-44.8160729, -20.8290928], [-44.8152253, -20.8290551], [-44.8146138, -20.8290677], [-44.8133075, -20.829188], [-44.8124291, -20.8291993], [-44.8111966, -20.8291454], [-44.810809, -20.8291155], [-44.8105797, -20.8290978], [-44.8099145, -20.8290063], [-44.8093459, -20.8288997], [-44.8085976, -20.8286916], [-44.8078828, -20.8284159], [-44.8072752, -20.8281326], [-44.8065202, -20.827739], [-44.8046869, -20.826824], [-44.8041961, -20.8266134], [-44.8028523, -20.8259215], [-44.8024111, -20.8256708], [-44.8019765, -20.8253737], [-44.8016238, -20.825024], [-44.801416, -20.8247181], [-44.8012725, -20.824406], [-44.8011652, -20.8240036], [-44.8010659, -20.8233393], [-44.8007897, -20.821459], [-44.8007038, -20.8208122], [-44.8005509, -20.8199924], [-44.8004168, -20.8196063], [-44.8001942, -20.8191876], [-44.7999099, -20.818809], [-44.7995639, -20.8184706], [-44.7991321, -20.8181773], [-44.7987002, -20.8179817], [-44.7981665, -20.8178288], [-44.7954199, -20.8173023], [-44.794756, -20.8171744], [-44.794229, -20.8170491], [-44.7937408, -20.816856], [-44.7932634, -20.8165727], [-44.7928959, -20.8162831], [-44.7926036, -20.8159534], [-44.7922897, -20.8155047], [-44.7920899, -20.8150484], [-44.7919853, -20.814666], [-44.7919263, -20.8142461], [-44.7918069, -20.8131229], [-44.7916541, -20.811596], [-44.7915924, -20.8110319], [-44.7915374, -20.8105781], [-44.7915263, -20.8104875], [-44.7914111, -20.8093795], [-44.7914019, -20.8092906], [-44.791355, -20.8089283], [-44.7912893, -20.8083065], [-44.7911847, -20.8073487], [-44.7911042, -20.806569], [-44.7909714, -20.8057961], [-44.7904347, -20.8033354], [-44.7900541, -20.8016558], [-44.7896558, -20.7997903], [-44.7895324, -20.7990745], [-44.7894573, -20.7984125], [-44.7894246, -20.797783], [-44.7894198, -20.7974008], [-44.7894516, -20.7964945], [-44.7894734, -20.7956418], [-44.7894439, -20.7948845], [-44.7893487, -20.7940533], [-44.7891811, -20.7932471], [-44.7889772, -20.792545], [-44.7886594, -20.7917351], [-44.788006, -20.7902745], [-44.7873056, -20.7888181], [-44.7863898, -20.7872652], [-44.7856715, -20.7858801], [-44.7854919, -20.7853093], [-44.7853078, -20.7844446], [-44.7850828, -20.7834527], [-44.7848678, -20.7827289], [-44.7844577, -20.7817598], [-44.78394, -20.7807993], [-44.7830147, -20.7790138], [-44.7826794, -20.7783117], [-44.7824809, -20.777765], [-44.782269, -20.7771581], [-44.7821215, -20.7766866], [-44.782033, -20.7762628], [-44.7819176, -20.7755882], [-44.781813, -20.7750616], [-44.7817326, -20.7745926], [-44.7817111, -20.774219], [-44.7817084, -20.7739356], [-44.7817487, -20.7736497], [-44.7818318, -20.773276], [-44.7819525, -20.7728422], [-44.782041, -20.7725688], [-44.7821188, -20.7722829], [-44.7821778, -20.7719619], [-44.7822127, -20.7716434], [-44.7822207, -20.7713149], [-44.7822019, -20.7710515], [-44.7821483, -20.7706001], [-44.7820625, -20.7702139], [-44.7819069, -20.7697474], [-44.7817031, -20.7692007], [-44.781467, -20.7685813], [-44.7811666, -20.7677436], [-44.7808287, -20.7669436], [-44.7806194, -20.7665273], [-44.780421, -20.7662238], [-44.7802171, -20.7659228], [-44.7798872, -20.7655191], [-44.7791898, -20.7647378], [-44.7778031, -20.7632142], [-44.7775966, -20.7629258], [-44.7774088, -20.7626399], [-44.7772586, -20.762369], [-44.7770709, -20.7620028], [-44.7768751, -20.7615614], [-44.7767195, -20.761105], [-44.7766256, -20.7607589], [-44.776521, -20.7602974], [-44.7763976, -20.7597707], [-44.7761375, -20.75877], [-44.775888, -20.7577868], [-44.7757995, -20.7573428], [-44.7757271, -20.7570293], [-44.7755742, -20.7565076], [-44.7754079, -20.7559333], [-44.7751746, -20.7551131], [-44.7750525, -20.7546692], [-44.7749747, -20.7544021], [-44.7747239, -20.7534552], [-44.7745067, -20.7527103], [-44.7741714, -20.7513233], [-44.7738576, -20.7500567], [-44.7736403, -20.749096], [-44.7733748, -20.74803], [-44.7732031, -20.7473552], [-44.7730985, -20.7469489], [-44.7729966, -20.746515], [-44.7729108, -20.7461437], [-44.7726399, -20.7451078], [-44.7725138, -20.7445459], [-44.7723475, -20.743969], [-44.7720149, -20.7427425], [-44.771634, -20.7411647], [-44.7713712, -20.7401262], [-44.7713363, -20.739908], [-44.7712746, -20.739607], [-44.7711727, -20.739163], [-44.7711164, -20.7388344], [-44.7711003, -20.7385911], [-44.7711217, -20.7383126], [-44.7711915, -20.7380016], [-44.771331, -20.7376906], [-44.7716389, -20.7372282], [-44.7720936, -20.7368458], [-44.772403, -20.7366107], [-44.7725552, -20.736499], [-44.7728654, -20.7362192], [-44.7730673, -20.7359899], [-44.7732836, -20.73568], [-44.7733873, -20.7354905], [-44.7734687, -20.7352799], [-44.7735032, -20.735062], [-44.7735344, -20.7347118], [-44.7735257, -20.7344234], [-44.773335, -20.7326314], [-44.7732969, -20.7323172], [-44.7731281, -20.7306517], [-44.7730341, -20.7300347], [-44.7729537, -20.729558], [-44.772892, -20.7293373], [-44.7727847, -20.7290337], [-44.7726614, -20.7287903], [-44.7724842, -20.7284548], [-44.7722358, -20.7281663], [-44.7718458, -20.7277999], [-44.7714376, -20.7275056], [-44.7711566, -20.7273254], [-44.7703653, -20.7267408], [-44.770014, -20.7264699], [-44.769735, -20.7261815], [-44.769507, -20.7258503], [-44.7693086, -20.7254564], [-44.7682208, -20.7225955], [-44.7679997, -20.7221334], [-44.7675835, -20.721466], [-44.7669069, -20.7205522], [-44.7664309, -20.7199002], [-44.7662401, -20.7196087], [-44.766097, -20.7192877], [-44.7660336, -20.7190668], [-44.7659894, -20.7188619], [-44.7658969, -20.717903], [-44.7658121, -20.7171763], [-44.7657681, -20.7169971], [-44.7656885, -20.7168155], [-44.7655159, -20.7165254], [-44.7653089, -20.7162893], [-44.7648608, -20.7159483], [-44.7628241, -20.7144736], [-44.7611619, -20.7132819], [-44.7594333, -20.7120821], [-44.7591247, -20.7118361], [-44.7589473, -20.7116888], [-44.7585857, -20.7113694], [-44.7581291, -20.7109526], [-44.7570359, -20.7098284], [-44.7568041, -20.7095868], [-44.755172, -20.7078197], [-44.7547871, -20.7073731], [-44.7544733, -20.7070169], [-44.7539364, -20.7062497], [-44.7533668, -20.7053062], [-44.7530615, -20.7049044], [-44.75288, -20.7047337], [-44.7527412, -20.7046005], [-44.7517041, -20.7039181], [-44.7502953, -20.703017], [-44.7497643, -20.7026208], [-44.7494669, -20.7023328], [-44.7491694, -20.7019704], [-44.748965, -20.7016309], [-44.7487924, -20.7012336], [-44.748708, -20.7009201], [-44.7486663, -20.7006666], [-44.7486582, -20.7004057], [-44.748684, -20.7000422], [-44.7487435, -20.6994682], [-44.7487818, -20.6987685], [-44.7487577, -20.698173], [-44.7486295, -20.6973621], [-44.7484328, -20.6967686], [-44.7482344, -20.6962305], [-44.7480386, -20.6958366], [-44.7478348, -20.6954929], [-44.747152, -20.6942844], [-44.7466141, -20.6933316], [-44.7460512, -20.6925023], [-44.7456432, -20.6920106], [-44.745224, -20.6915848], [-44.7447664, -20.6911269], [-44.7442541, -20.6907606], [-44.7437981, -20.690457], [-44.7431236, -20.6899176], [-44.742626, -20.6894859], [-44.7423631, -20.6891847], [-44.7419501, -20.6887457], [-44.7411149, -20.6875056], [-44.7404332, -20.6864846], [-44.7394024, -20.6848498], [-44.7392666, -20.6845872], [-44.7388859, -20.6838214], [-44.7384216, -20.6826803], [-44.738298, -20.6822125], [-44.7381154, -20.6815215], [-44.7379896, -20.6804778], [-44.7379677, -20.6797079], [-44.7379978, -20.678173], [-44.7381509, -20.6771472], [-44.738828, -20.6742867], [-44.7389057, -20.6738827], [-44.7389191, -20.6737974], [-44.7389513, -20.6731223], [-44.7389272, -20.6726179], [-44.7388843, -20.6722189], [-44.738793, -20.6717307], [-44.7387636, -20.671653], [-44.7387394, -20.671579], [-44.7383183, -20.6706153], [-44.7379187, -20.6696466], [-44.7376692, -20.6688536], [-44.7376022, -20.6684345], [-44.7375941, -20.6680806], [-44.7374708, -20.6660203], [-44.737393, -20.6647177], [-44.7373822, -20.6644166], [-44.7373429, -20.6633147], [-44.7373045, -20.6622407], [-44.7372562, -20.6613623], [-44.7371543, -20.6604789], [-44.7369719, -20.6594549], [-44.7361002, -20.6550503], [-44.7359419, -20.6541342], [-44.7358936, -20.6538581], [-44.7353706, -20.6510145], [-44.735325, -20.6506355], [-44.7353223, -20.6502666], [-44.7353491, -20.6499428], [-44.7354055, -20.6496316], [-44.7373527, -20.6416097], [-44.7374278, -20.6409521], [-44.7374386, -20.6403497], [-44.7373796, -20.6398226], [-44.7372669, -20.6392202], [-44.7370899, -20.6386579], [-44.7368753, -20.6381358], [-44.7364354, -20.6373326], [-44.7361289, -20.6368365], [-44.7354417, -20.635686], [-44.7351694, -20.6351137], [-44.7349843, -20.6345238], [-44.7349015, -20.6339165], [-44.7349149, -20.633333], [-44.7350031, -20.6327541], [-44.7355979, -20.6299697], [-44.7357313, -20.6293453], [-44.7358158, -20.6286926], [-44.7358118, -20.6282458], [-44.7357756, -20.6277676], [-44.7356965, -20.6273509], [-44.735557, -20.6269003], [-44.7353317, -20.6264133], [-44.734704, -20.6254431], [-44.7339101, -20.6243009], [-44.7336459, -20.6238315], [-44.7334729, -20.6234461], [-44.733379, -20.6231223], [-44.73332, -20.6227533], [-44.7333522, -20.6222701], [-44.7334655, -20.6218063], [-44.7335225, -20.6216362], [-44.7356495, -20.6166003], [-44.7358212, -20.6161234], [-44.7359312, -20.615669], [-44.7359633, -20.615207], [-44.7359285, -20.6147401], [-44.7358561, -20.6143284], [-44.7356887, -20.6136072], [-44.7352619, -20.6117564], [-44.7351681, -20.6113698], [-44.7348851, -20.6103367], [-44.7346582, -20.6096569], [-44.7344452, -20.6090186], [-44.7342548, -20.6085642], [-44.7341287, -20.6083019], [-44.733886, -20.6079404], [-44.7336338, -20.6076642], [-44.7333509, -20.6074407], [-44.7329311, -20.6072135], [-44.7324322, -20.6070403], [-44.7319427, -20.6069248], [-44.731468, -20.6068934], [-44.731008, -20.6069248], [-44.7304474, -20.6070642], [-44.7286382, -20.607491], [-44.7281943, -20.6075299], [-44.727615, -20.6075048], [-44.7270879, -20.6074106], [-44.7266547, -20.6072851], [-44.7262028, -20.6070868], [-44.7256945, -20.6068307], [-44.7253478, -20.6066279], [-44.7251339, -20.6064918], [-44.7238988, -20.6056231], [-44.7234763, -20.6053155], [-44.723133, -20.6050908], [-44.7225952, -20.6047054], [-44.722099, -20.6043301], [-44.7217074, -20.6040313], [-44.7213104, -20.6037677], [-44.7206305, -20.603292], [-44.7201718, -20.6029254], [-44.7197749, -20.6026794], [-44.719457, -20.6025275], [-44.7190265, -20.6023818], [-44.7186336, -20.6022927], [-44.7182447, -20.6022538], [-44.7176009, -20.6022337], [-44.7168177, -20.6022425], [-44.7158173, -20.6022287], [-44.7149952, -20.6021509], [-44.7146451, -20.602068], [-44.7142589, -20.6019462], [-44.7139572, -20.6018169], [-44.7134542, -20.6015408], [-44.7132169, -20.6013964], [-44.7129929, -20.6012294], [-44.7127689, -20.6010537], [-44.712604, -20.6008867], [-44.712152, -20.6005101], [-44.711806, -20.6002553], [-44.7115244, -20.6000369], [-44.7109705, -20.599546], [-44.7105025, -20.5990966], [-44.7096884, -20.5984187], [-44.7083929, -20.5972638], [-44.7075628, -20.5965281], [-44.7058341, -20.5950506], [-44.7051059, -20.5944303], [-44.7045292, -20.5939646], [-44.7041228, -20.5937123], [-44.7027931, -20.5928981], [-44.7026081, -20.592787], [-44.701912, -20.5923708], [-44.7013243, -20.5919915], [-44.7012911, -20.5919709], [-44.7011976, -20.5919143], [-44.7011198, -20.591861], [-44.699783, -20.5910294], [-44.6992868, -20.5907093], [-44.698466, -20.5902071], [-44.6977218, -20.5897778], [-44.6972255, -20.5894758], [-44.6970311, -20.5893471], [-44.6968108, -20.5891902], [-44.696496, -20.5889291], [-44.6962519, -20.5887106], [-44.696103, -20.5885336], [-44.6960038, -20.5884131], [-44.695572, -20.5878067], [-44.6951535, -20.5872305], [-44.6948263, -20.5867308], [-44.6945943, -20.5864144], [-44.6942805, -20.5860315], [-44.693502, -20.5851501], [-44.6928254, -20.5844075], [-44.6915869, -20.5829832], [-44.6913012, -20.5826429], [-44.6910913, -20.582395], [-44.6906528, -20.5819411], [-44.6904825, -20.5817804], [-44.6903376, -20.5816486], [-44.6899085, -20.5812933], [-44.689478, -20.5809694], [-44.6889134, -20.5805174], [-44.6884654, -20.5801181], [-44.6880578, -20.5797364], [-44.6877037, -20.5794037], [-44.6873832, -20.5791463], [-44.6868132, -20.5787308], [-44.6857511, -20.5780729], [-44.6850644, -20.5776184], [-44.6847224, -20.5773371], [-44.6842839, -20.5769165], [-44.6840116, -20.5766378], [-44.6832311, -20.5757878], [-44.6797754, -20.5721377], [-44.6793307, -20.5716908], [-44.6789067, -20.5713379], [-44.6748513, -20.5683074], [-44.6743221, -20.567912], [-44.6741667, -20.5677959], [-44.6727052, -20.566724], [-44.6699569, -20.5646274], [-44.6686891, -20.5637446], [-44.6686238, -20.5637013], [-44.6684796, -20.5635992], [-44.668316, -20.5634778], [-44.6680042, -20.5632464], [-44.6676992, -20.5630396], [-44.6671704, -20.5627392], [-44.6667597, -20.5625446], [-44.66648, -20.5624292], [-44.6655765, -20.5621024], [-44.6650657, -20.5618837], [-44.664596, -20.5616121], [-44.6641956, -20.561254], [-44.6639149, -20.5609201], [-44.663743, -20.5606149], [-44.6636161, -20.560355], [-44.6622414, -20.557271], [-44.6619373, -20.5566123], [-44.6610973, -20.5547174], [-44.6607779, -20.5539969], [-44.6606499, -20.5536817], [-44.6605553, -20.5533602], [-44.6598721, -20.551407], [-44.6594574, -20.5502363], [-44.659056, -20.5490418], [-44.6587589, -20.5482241], [-44.6585923, -20.5478981], [-44.6583751, -20.5475365], [-44.65819, -20.5472765], [-44.6579057, -20.5469299], [-44.6576254, -20.5467001], [-44.6573465, -20.5464967], [-44.6570407, -20.5463108], [-44.6566169, -20.5461049], [-44.65624, -20.5459718], [-44.6559021, -20.5458826], [-44.6555614, -20.5458273], [-44.6545106, -20.545728], [-44.6535431, -20.5456365], [-44.6517637, -20.545494], [-44.6513674, -20.5454623], [-44.6500468, -20.5453376], [-44.6492086, -20.5452271], [-44.6488908, -20.5451542], [-44.6486521, -20.5450864], [-44.6484429, -20.5450098], [-44.6479815, -20.5447913], [-44.6476074, -20.5445452], [-44.647083, -20.5441747], [-44.6466794, -20.5438658], [-44.6453127, -20.5427644], [-44.6423636, -20.5405153], [-44.6418057, -20.540082], [-44.6412626, -20.539606], [-44.6408777, -20.5391828], [-44.6405759, -20.5388173], [-44.6403037, -20.538418], [-44.6402098, -20.5382723], [-44.6400234, -20.5378955], [-44.6398652, -20.5375263], [-44.6397606, -20.5372425], [-44.6396586, -20.5369662], [-44.6395326, -20.5364739], [-44.6394655, -20.5361147], [-44.6394199, -20.5357053], [-44.6390779, -20.5326773], [-44.6387346, -20.5300663], [-44.6386608, -20.5296455], [-44.6385294, -20.5292273], [-44.6383524, -20.5288279], [-44.638048, -20.5283243], [-44.6376497, -20.5278658], [-44.6373385, -20.5275946], [-44.6368517, -20.5272743], [-44.6364507, -20.5270708], [-44.6359532, -20.5268824], [-44.6352251, -20.5266797], [-44.6345289, -20.526463], [-44.6339393, -20.5262757], [-44.6319922, -20.52566], [-44.6314326, -20.5254861], [-44.6307188, -20.5252761], [-44.62952, -20.5248424], [-44.629033, -20.5245921], [-44.6286335, -20.5243081], [-44.628447, -20.5241432], [-44.6282039, -20.5239167], [-44.6279481, -20.5235981], [-44.6276155, -20.5230844], [-44.6268591, -20.5217003], [-44.6266178, -20.5213499], [-44.6262851, -20.5209253], [-44.6259418, -20.5206076], [-44.6256884, -20.520384], [-44.6254268, -20.5201792], [-44.6251667, -20.5200173], [-44.62494, -20.5198778], [-44.6247321, -20.5197723], [-44.6243016, -20.5195651], [-44.6234085, -20.519246], [-44.622345, -20.5188893], [-44.6209415, -20.5184176], [-44.6191183, -20.5178092], [-44.6187463, -20.5176748], [-44.618028, -20.5174349], [-44.617804, -20.5173532], [-44.6175264, -20.5172389], [-44.6172354, -20.5171008], [-44.6169269, -20.5169337], [-44.6167304, -20.5168119], [-44.6165206, -20.5166693], [-44.6163227, -20.5165236], [-44.6159412, -20.5162316], [-44.615099, -20.5155533], [-44.6137391, -20.514409], [-44.6132697, -20.5140391], [-44.613092, -20.5138796], [-44.61298, -20.5137659], [-44.6127883, -20.5135248], [-44.612689, -20.5133477], [-44.6125066, -20.512996], [-44.6122706, -20.512378], [-44.6121137, -20.5118442], [-44.6120842, -20.511711], [-44.6120607, -20.5115446], [-44.6120413, -20.5113392], [-44.612052, -20.5110126], [-44.6120815, -20.5105881], [-44.6121204, -20.5101849], [-44.6121351, -20.5099638], [-44.6121378, -20.5097503], [-44.6121204, -20.509533], [-44.6120882, -20.5093458], [-44.6120252, -20.5091448], [-44.6119326, -20.5089275], [-44.6117945, -20.5086851], [-44.6115853, -20.5083811], [-44.6102817, -20.5065503], [-44.6097151, -20.5057181], [-44.6092451, -20.5049959], [-44.6090238, -20.5045977], [-44.60884, -20.5042246], [-44.6086456, -20.5037485], [-44.6085437, -20.5033999], [-44.6084377, -20.5029019], [-44.6083888, -20.5026475], [-44.6083586, -20.5023165], [-44.6083345, -20.5018718], [-44.6083438, -20.5014736], [-44.6083532, -20.5011759], [-44.6083653, -20.500892], [-44.6083868, -20.500323], [-44.6083888, -20.4999606], [-44.6083841, -20.4998192], [-44.6083814, -20.4996095], [-44.6083573, -20.4993777], [-44.608307, -20.4991108], [-44.6082292, -20.4988652], [-44.6081514, -20.4986698], [-44.6079455, -20.4982628], [-44.6077229, -20.4979036], [-44.6075962, -20.4977264], [-44.6074527, -20.4975368], [-44.6071368, -20.4971624], [-44.6066017, -20.4965952], [-44.6061699, -20.4961468], [-44.6055215, -20.4954838], [-44.6049857, -20.4949238], [-44.6048255, -20.4947379], [-44.6045224, -20.4943554], [-44.60434, -20.4940702], [-44.6034032, -20.4926369], [-44.6032054, -20.4923681], [-44.6030143, -20.4921419], [-44.6026951, -20.4917896], [-44.602394, -20.4915107], [-44.6019897, -20.4911665], [-44.6016289, -20.49087], [-44.6013084, -20.490652], [-44.6007653, -20.4903059], [-44.6000505, -20.4899341], [-44.5997308, -20.4897746], [-44.59924, -20.4895188], [-44.5988126, -20.4892966], [-44.5984852, -20.4891307], [-44.5966474, -20.4882343], [-44.5962491, -20.4880296], [-44.5949355, -20.4873248], [-44.594458, -20.4870679], [-44.5935897, -20.4866508], [-44.5934932, -20.4866061], [-44.5932115, -20.4864756], [-44.5929131, -20.4863078], [-44.592659, -20.4861345], [-44.592254, -20.4858292], [-44.5919274, -20.4855647], [-44.5916169, -20.4852519], [-44.5913064, -20.4848939], [-44.5910449, -20.4845245], [-44.590703, -20.4840189], [-44.5899861, -20.4829567], [-44.589451, -20.4821627], [-44.5887563, -20.4811501], [-44.5883305, -20.4806111], [-44.5880368, -20.4803033], [-44.5877284, -20.4800495], [-44.5859836, -20.4787329], [-44.5855793, -20.4784125], [-44.5853218, -20.4781625], [-44.5851541, -20.4779759], [-44.5849543, -20.4776995], [-44.5848222, -20.4774965], [-44.584621, -20.477087], [-44.5844977, -20.4767227], [-44.5844051, -20.476342], [-44.5843555, -20.4759984], [-44.5840863, -20.473521], [-44.5840779, -20.4734435], [-44.583976, -20.4726432], [-44.5838861, -20.47176], [-44.583803, -20.4712788], [-44.5836796, -20.4707787], [-44.583571, -20.4704445], [-44.5833725, -20.4699746], [-44.5832182, -20.4696781], [-44.5828897, -20.4691479], [-44.5826389, -20.4688182], [-44.5823747, -20.4685134], [-44.5820367, -20.4681812], [-44.5815861, -20.4678161], [-44.5808338, -20.4673034], [-44.5784627, -20.4657882], [-44.5778337, -20.4653924], [-44.5769539, -20.4648131], [-44.576451, -20.4644174], [-44.5760514, -20.4640467], [-44.5752078, -20.4631232], [-44.5722326, -20.4596785], [-44.5710585, -20.458351], [-44.5707232, -20.4579854], [-44.5704161, -20.457572], [-44.570054, -20.4569877], [-44.5697401, -20.4563167], [-44.569547, -20.4557902], [-44.5694384, -20.4553278], [-44.5693177, -20.4548302], [-44.5690843, -20.4535718], [-44.5688242, -20.4524842], [-44.5684594, -20.4505975], [-44.5683642, -20.4502098], [-44.568222, -20.4498429], [-44.5681201, -20.4496431], [-44.5679042, -20.4493114], [-44.5676702, -20.4490324], [-44.5663016, -20.4475923], [-44.5659435, -20.4471525], [-44.5657799, -20.4469339], [-44.565623, -20.4466826], [-44.5654446, -20.4463785], [-44.5652676, -20.4460291], [-44.5650825, -20.4455793], [-44.5649846, -20.4452814], [-44.5646064, -20.4437421], [-44.5642792, -20.4422743], [-44.5641893, -20.4418533], [-44.5640391, -20.4414085], [-44.5637662, -20.4408204], [-44.5634363, -20.4402586], [-44.5630641, -20.4397359], [-44.5626135, -20.4392244], [-44.5622085, -20.4388574], [-44.5617472, -20.4385119], [-44.5608594, -20.4379338], [-44.5588383, -20.4366369], [-44.5582442, -20.4362278], [-44.5559978, -20.4346387], [-44.5550711, -20.4340041], [-44.5537743, -20.4331633], [-44.5528691, -20.4325639], [-44.5514093, -20.4316045], [-44.5512148, -20.4314763], [-44.5508822, -20.4312513], [-44.550445, -20.4309396], [-44.5500507, -20.4306104], [-44.549527, -20.4300793], [-44.5489993, -20.4295208], [-44.5487116, -20.4292461], [-44.5484173, -20.4290357], [-44.5478808, -20.4286662], [-44.5467818, -20.4280132], [-44.5446695, -20.4266948], [-44.5427839, -20.4255462], [-44.5413959, -20.4246815], [-44.5404176, -20.4240758], [-44.5379044, -20.4224765], [-44.537447, -20.4222145], [-44.5370682, -20.4220246], [-44.536529, -20.4217896], [-44.5358994, -20.4215], [-44.5341781, -20.4208671], [-44.5329979, -20.4204423], [-44.5325728, -20.4202764], [-44.5322, -20.420079], [-44.5318508, -20.41983], [-44.5315395, -20.4195469], [-44.5312766, -20.4192603], [-44.5310667, -20.4189874], [-44.5305482, -20.4181754], [-44.5302493, -20.4177099], [-44.5300488, -20.4173881], [-44.5298624, -20.4170576], [-44.528918, -20.4150257], [-44.5283094, -20.4137677], [-44.5277528, -20.4127478], [-44.5272566, -20.4118353], [-44.526729, -20.4109738], [-44.5252953, -20.4084662], [-44.5250941, -20.4081344], [-44.5248742, -20.4078327], [-44.5245872, -20.4075311], [-44.5242466, -20.4072998], [-44.5238657, -20.4071238], [-44.523466, -20.4070107], [-44.5220793, -20.4067995], [-44.5215563, -20.406704], [-44.5210011, -20.4065305], [-44.5205666, -20.4063194], [-44.5200274, -20.4060102], [-44.5155186, -20.40327], [-44.5148266, -20.4028879], [-44.5142365, -20.4026365], [-44.513684, -20.4025209], [-44.5131368, -20.4024857], [-44.5090657, -20.4024886], [-44.5085761, -20.402454], [-44.5081193, -20.402329], [-44.507713, -20.4021285], [-44.5074389, -20.4018876], [-44.5071861, -20.4015713], [-44.5070038, -20.4012601], [-44.505039, -20.397635], [-44.5047228, -20.3970919], [-44.5042849, -20.3965844], [-44.5038801, -20.3961628], [-44.5033146, -20.3957204], [-44.5026165, -20.3952961], [-44.5019647, -20.3950398], [-44.5014551, -20.3948662], [-44.5010447, -20.3947481], [-44.4992638, -20.394371], [-44.4989429, -20.3942935], [-44.498495, -20.3941873], [-44.4980241, -20.3940246], [-44.4975562, -20.3938102], [-44.4969664, -20.3934973], [-44.4956305, -20.3927763], [-44.4944231, -20.3921208], [-44.4937433, -20.3917423], [-44.49353, -20.3916235], [-44.4934044, -20.3915438], [-44.4932706, -20.3914549], [-44.4931028, -20.3913163], [-44.492947, -20.3911842], [-44.4926413, -20.390904], [-44.4925707, -20.3908192], [-44.4924799, -20.390693], [-44.4923525, -20.3904685], [-44.4921292, -20.3900458], [-44.491994, -20.3897694], [-44.4916902, -20.3891034], [-44.4914012, -20.3884416], [-44.4910306, -20.387601], [-44.4907429, -20.3869504], [-44.4905876, -20.3866794], [-44.4904456, -20.3864944], [-44.4902661, -20.3862901], [-44.4900538, -20.3861008], [-44.4898953, -20.3859903], [-44.4896486, -20.385864], [-44.4893979, -20.3857437], [-44.489148, -20.3856624], [-44.4889519, -20.385617], [-44.4886797, -20.3856035], [-44.4882646, -20.3855931], [-44.4874658, -20.3856296], [-44.4867606, -20.3856564], [-44.4861902, -20.3856623], [-44.4858925, -20.3856455], [-44.4854081, -20.3855421], [-44.4850842, -20.3854448], [-44.4849239, -20.3853873], [-44.4845884, -20.3852208], [-44.4843246, -20.385092], [-44.4838214, -20.3848107], [-44.4832456, -20.3844338], [-44.4830485, -20.384308], [-44.4828445, -20.3841719], [-44.4819149, -20.3835249], [-44.4817875, -20.3834413], [-44.481525, -20.3832521], [-44.4812815, -20.3830534], [-44.4809704, -20.3827869], [-44.4804669, -20.3823023], [-44.4790534, -20.380861], [-44.4778798, -20.3796478], [-44.4772079, -20.3789576], [-44.4760426, -20.3777439], [-44.4742348, -20.3758901], [-44.473823, -20.3754878], [-44.4734354, -20.3751622], [-44.473076, -20.3749019], [-44.4726951, -20.3746857], [-44.4720755, -20.3743878], [-44.4711073, -20.3739427], [-44.4705333, -20.373636], [-44.4701631, -20.3733921], [-44.4698587, -20.3731431], [-44.4696133, -20.3728678], [-44.4694604, -20.3726415], [-44.4692525, -20.3722581], [-44.4691171, -20.371818], [-44.4690473, -20.3713315], [-44.469038, -20.3708801], [-44.4692338, -20.3692784], [-44.4692686, -20.3689163], [-44.4693156, -20.3680765], [-44.4693196, -20.3674215], [-44.4693276, -20.3667476], [-44.4692177, -20.3660158], [-44.4691131, -20.3656399], [-44.4689494, -20.3651496], [-44.4688167, -20.3648378], [-44.4686128, -20.3644229], [-44.4683312, -20.3639816], [-44.4672835, -20.3626595], [-44.4671322, -20.3624829], [-44.4669968, -20.3622968], [-44.4668372, -20.3619963], [-44.4667581, -20.3617574], [-44.4666763, -20.3614091], [-44.4666186, -20.3610571], [-44.4665475, -20.3608371], [-44.4664375, -20.3606095], [-44.4662592, -20.3603455], [-44.4659829, -20.3600776], [-44.4654143, -20.3597155], [-44.4650857, -20.3595043], [-44.4646995, -20.3592176], [-44.4642127, -20.3588128], [-44.4639163, -20.3586003], [-44.4636464, -20.35846], [-44.4630509, -20.3582086], [-44.4561523, -20.3558448], [-44.4553265, -20.3555336], [-44.4548303, -20.3553174], [-44.4541758, -20.3549703], [-44.4499365, -20.3528357], [-44.4489046, -20.352316], [-44.4475877, -20.3516482], [-44.446558, -20.3511277], [-44.4461423, -20.3509039], [-44.4456273, -20.3505518], [-44.4451713, -20.3501646], [-44.4447958, -20.3497723], [-44.4443345, -20.3492844], [-44.4435861, -20.3483993], [-44.4416523, -20.3460868], [-44.441368, -20.3456995], [-44.4412124, -20.3453675], [-44.4410837, -20.3450054], [-44.44103, -20.3446583], [-44.440979, -20.3442572], [-44.4408691, -20.3422138], [-44.4408557, -20.3418366], [-44.4408396, -20.341531], [-44.4408423, -20.3412141], [-44.4408718, -20.3407162], [-44.440963, -20.3402044], [-44.4410971, -20.3397517], [-44.4413063, -20.3393166], [-44.4416258, -20.3388112], [-44.4418695, -20.3385168], [-44.4421083, -20.3382754], [-44.442347, -20.3380667], [-44.4426501, -20.3378353], [-44.4429451, -20.3376466], [-44.4432536, -20.3374681], [-44.4453162, -20.3365589], [-44.4458687, -20.336232], [-44.4463676, -20.3358949], [-44.446888, -20.3354825], [-44.4476121, -20.3348286], [-44.4487378, -20.3338396], [-44.4524034, -20.3306191], [-44.4548277, -20.3284892], [-44.4551764, -20.3281219], [-44.4555037, -20.3276843], [-44.4557773, -20.327297], [-44.4560455, -20.3268191], [-44.4562225, -20.3264317], [-44.4563942, -20.3259941], [-44.4565202, -20.3255653], [-44.4566463, -20.3250748], [-44.4567107, -20.3245013], [-44.4567268, -20.3239807], [-44.456716, -20.3234651], [-44.4566329, -20.3229067], [-44.4564854, -20.3222628], [-44.4563244, -20.3217715], [-44.456024, -20.3211435], [-44.4557129, -20.3205298], [-44.4500481, -20.310701], [-44.4481655, -20.3074241], [-44.4469903, -20.3053248], [-44.4468871, -20.3051462], [-44.4466014, -20.3047009], [-44.4462474, -20.3042355], [-44.4455473, -20.3035098], [-44.4450672, -20.3031224], [-44.4446541, -20.3028105], [-44.4421476, -20.3010854], [-44.4417882, -20.3008301], [-44.4415066, -20.3005483], [-44.4412893, -20.3002163], [-44.4410962, -20.299776], [-44.4409808, -20.2994591], [-44.4408199, -20.2989522], [-44.4406938, -20.2986679], [-44.4405329, -20.2984012], [-44.4403559, -20.2981849], [-44.4392079, -20.2971698], [-44.4386043, -20.2965839], [-44.4380492, -20.2959938], [-44.4377595, -20.295629], [-44.4375193, -20.2952568], [-44.4373812, -20.2950078], [-44.4371706, -20.2945776], [-44.4370526, -20.2942216], [-44.4368662, -20.2936166], [-44.4365376, -20.2921399], [-44.4361246, -20.2902933], [-44.4355519, -20.2877649], [-44.4353682, -20.2869926], [-44.4352555, -20.2866127], [-44.4351241, -20.2863208], [-44.4349283, -20.2860416], [-44.4347043, -20.2857648], [-44.4344763, -20.2855573], [-44.4341652, -20.2853384], [-44.4336945, -20.2850768], [-44.4329113, -20.2846604], [-44.4312069, -20.2837922], [-44.4304973, -20.2834075], [-44.4301996, -20.2832439], [-44.4299018, -20.2830653], [-44.4295585, -20.282854], [-44.4293, -20.2826675], [-44.429132, -20.2825219], [-44.4290167, -20.2824061], [-44.4287404, -20.2820363], [-44.4286305, -20.2818489], [-44.4285326, -20.2816514], [-44.428255, -20.2808689], [-44.4280471, -20.280216], [-44.4278017, -20.2793128], [-44.4274262, -20.277968], [-44.4272813, -20.2774975], [-44.4269621, -20.2766144], [-44.4266108, -20.2757062], [-44.4257793, -20.2735675], [-44.4251838, -20.2720428], [-44.4244147, -20.270208], [-44.4243128, -20.2699683], [-44.4242209, -20.269728], [-44.4237042, -20.2685115], [-44.4236523, -20.2683646], [-44.423625, -20.2682983], [-44.4235477, -20.2681026], [-44.4231682, -20.267032], [-44.4227967, -20.266067], [-44.4225284, -20.2652291], [-44.422228, -20.2643384], [-44.4215307, -20.2625167], [-44.4209003, -20.2608962], [-44.4202586, -20.2592305], [-44.4201212, -20.2589398], [-44.419975, -20.258663], [-44.419696, -20.2582164], [-44.4194479, -20.2578855], [-44.4192421, -20.257637], [-44.4189544, -20.2573432], [-44.4187023, -20.2571092], [-44.4184434, -20.2569016], [-44.4181068, -20.2566588], [-44.4174966, -20.2563065], [-44.4166276, -20.2559115], [-44.4152248, -20.2553126], [-44.4144899, -20.2549829], [-44.4139615, -20.2547288], [-44.4134646, -20.2544727], [-44.4131662, -20.2542997], [-44.4128484, -20.2540745], [-44.4125587, -20.2538292], [-44.412328, -20.2535864], [-44.4119565, -20.2531334], [-44.4117808, -20.2528717], [-44.4116078, -20.2525521], [-44.4114268, -20.2521394], [-44.4113758, -20.2519734], [-44.4112846, -20.2516311], [-44.4112176, -20.2512235], [-44.4111773, -20.2508359], [-44.4111854, -20.2504081], [-44.4112551, -20.2498847], [-44.4114389, -20.2491411], [-44.4116776, -20.2483195], [-44.4118452, -20.2477395], [-44.4118881, -20.247547], [-44.4119324, -20.2472513], [-44.4120128, -20.2460509], [-44.4120812, -20.2450317], [-44.412151, -20.244312], [-44.4122811, -20.2430223], [-44.4123361, -20.2425089], [-44.4123467, -20.2422686], [-44.4123374, -20.241915], [-44.4122757, -20.2414331], [-44.4121979, -20.2411185], [-44.4120544, -20.2407259], [-44.4118841, -20.2403723], [-44.4116896, -20.2400288], [-44.4115837, -20.2398741], [-44.4114509, -20.2397206], [-44.4111411, -20.239372], [-44.4109648, -20.2392034], [-44.410779, -20.239043], [-44.4105725, -20.2388813], [-44.4092079, -20.2379407], [-44.4088513, -20.2376878], [-44.4085461, -20.2374713], [-44.4078554, -20.2368881], [-44.4075758, -20.2366459], [-44.4072358, -20.2363326], [-44.4069052, -20.2360475], [-44.4066974, -20.235894], [-44.4065324, -20.2357915], [-44.4059832, -20.2354813], [-44.4050753, -20.2350346], [-44.4045255, -20.2347565], [-44.4044698, -20.2347228], [-44.4039763, -20.2344199], [-44.4031569, -20.2338983], [-44.4026184, -20.2335397], [-44.4020109, -20.2331678], [-44.4017185, -20.2330087], [-44.4013926, -20.2328533], [-44.4010627, -20.2327129], [-44.4001924, -20.2324279], [-44.3996894, -20.2322681], [-44.3990296, -20.2320366], [-44.398754, -20.2319107], [-44.398516, -20.231773], [-44.3981854, -20.2315301], [-44.397954, -20.2313042], [-44.3977656, -20.2310922], [-44.3975812, -20.2308361], [-44.3971226, -20.2299836], [-44.396338, -20.2284672], [-44.3960282, -20.2278361], [-44.395593, -20.2270119], [-44.3954985, -20.2268105], [-44.3953691, -20.2265047], [-44.3952752, -20.2262531], [-44.3952209, -20.2260593], [-44.3951887, -20.2259045], [-44.3951264, -20.225488], [-44.3950894, -20.2244951], [-44.3950492, -20.2223727], [-44.3950291, -20.2213483], [-44.395017, -20.2209884], [-44.394962, -20.2198571], [-44.3949164, -20.2194821], [-44.3948568, -20.2191637], [-44.3947864, -20.2188799], [-44.394718, -20.2186571], [-44.3943311, -20.2176787], [-44.3929772, -20.2145576], [-44.3926768, -20.2138768], [-44.3923698, -20.2131799], [-44.3916226, -20.2114791], [-44.3914828, -20.2111823], [-44.3913478, -20.2109268], [-44.3912501, -20.2107568], [-44.3905799, -20.2098136], [-44.3903037, -20.2094424], [-44.3900846, -20.2091175], [-44.3899283, -20.2088772], [-44.389794, -20.2086251], [-44.3896919, -20.2083624], [-44.3896312, -20.2081568], [-44.389594, -20.2079768], [-44.3895436, -20.2076198], [-44.3895021, -20.2072837], [-44.3894471, -20.2067556], [-44.3893207, -20.2062389], [-44.3891323, -20.2056561], [-44.3890142, -20.2053716], [-44.3887206, -20.2046944], [-44.3885649, -20.2043383], [-44.3882699, -20.2036574], [-44.3881385, -20.2033541], [-44.3878434, -20.202711], [-44.3872406, -20.2013775], [-44.3870267, -20.2008973], [-44.3863347, -20.199258], [-44.3860079, -20.1985178], [-44.3854751, -20.1973543], [-44.3849544, -20.1960718], [-44.3843608, -20.1946837], [-44.383971, -20.1937845], [-44.3836401, -20.1929445], [-44.3829673, -20.1914662], [-44.3828685, -20.1912335], [-44.382404, -20.1901441], [-44.3822184, -20.1897187], [-44.3804999, -20.1857519], [-44.3794042, -20.1831806], [-44.3785686, -20.1812746], [-44.378444, -20.1809985], [-44.3779527, -20.1798327], [-44.3775961, -20.1790198], [-44.3773709, -20.1785626], [-44.3770978, -20.1780659], [-44.3766776, -20.1774089], [-44.3764268, -20.1770346], [-44.3760069, -20.1762392], [-44.3759036, -20.1760302], [-44.3758124, -20.1757407], [-44.3757521, -20.1753492], [-44.3756984, -20.1742244], [-44.375677, -20.1740564], [-44.3756206, -20.1737945], [-44.375504, -20.1735314], [-44.3753082, -20.1732532], [-44.3737994, -20.1717225], [-44.3735392, -20.1714543], [-44.3725924, -20.1705178], [-44.3721525, -20.1700759], [-44.3706331, -20.1685678], [-44.3704051, -20.1682871], [-44.3702079, -20.1679698], [-44.3700135, -20.1675821], [-44.3698204, -20.1672095], [-44.3696702, -20.16693], [-44.3695307, -20.1666958], [-44.3693523, -20.166478], [-44.369072, -20.1662099], [-44.3687958, -20.1659581], [-44.3683881, -20.1656006], [-44.3680568, -20.1653085], [-44.3675794, -20.1648868], [-44.3673272, -20.164674], [-44.3671234, -20.1645331], [-44.3669061, -20.1644197], [-44.3667144, -20.1643555], [-44.3665239, -20.1643165], [-44.3663201, -20.1643002], [-44.3661055, -20.1643127], [-44.3658386, -20.1643568], [-44.3652459, -20.164484], [-44.3647359, -20.1645792], [-44.3643875, -20.1646199], [-44.3639866, -20.1646413], [-44.3636218, -20.1646325], [-44.3632704, -20.1646149], [-44.3629298, -20.1645746], [-44.3626428, -20.1645242], [-44.3623933, -20.1644651], [-44.3618877, -20.1643153], [-44.3614599, -20.1641894], [-44.3608484, -20.1640018], [-44.3604434, -20.1638558], [-44.3599176, -20.1636405], [-44.3590419, -20.1632376], [-44.3586275, -20.1630475], [-44.3583821, -20.1629481], [-44.3581554, -20.1628738], [-44.3579543, -20.1628297], [-44.3577638, -20.1628083], [-44.3575989, -20.1628083], [-44.3574138, -20.162826], [-44.3571469, -20.1628738], [-44.3568626, -20.1629493], [-44.3564281, -20.1630878], [-44.3559077, -20.1632603], [-44.3557253, -20.1633069], [-44.3554638, -20.1633421], [-44.3551916, -20.1633509], [-44.3549274, -20.1633434], [-44.3545452, -20.1633144], [-44.3535568, -20.1632301], [-44.3516038, -20.1630795], [-44.3511911, -20.1630299], [-44.350951, -20.1629846], [-44.350656, -20.1629059], [-44.3499814, -20.1626321], [-44.3494631, -20.1624206], [-44.3491848, -20.1623211], [-44.3489219, -20.1622494], [-44.3486322, -20.1622091], [-44.3483379, -20.1622104], [-44.3475714, -20.1623274], [-44.3473049, -20.1623687], [-44.3471148, -20.1623954], [-44.346929, -20.1624042], [-44.346691, -20.1624023], [-44.3465039, -20.1623841], [-44.3462873, -20.1623457], [-44.346003, -20.1622846], [-44.3454444, -20.1621468], [-44.3445942, -20.1619479], [-44.3434368, -20.1616791], [-44.3429527, -20.1615626], [-44.3427093, -20.1615343], [-44.3424665, -20.1615375], [-44.3422325, -20.1615859], [-44.3419831, -20.1616596], [-44.3414386, -20.161883], [-44.3410578, -20.1620612], [-44.3408166, -20.1622042], [-44.3406359, -20.1623551], [-44.340424, -20.1626038], [-44.3399774, -20.1632993], [-44.3398494, -20.1634548], [-44.3397132, -20.1635838], [-44.3395563, -20.1637072], [-44.3393069, -20.1638482], [-44.339046, -20.1639577], [-44.3373777, -20.1645368], [-44.3367903, -20.1647414], [-44.336447, -20.1648704], [-44.3361211, -20.1650706], [-44.3358207, -20.1653299], [-44.3354901, -20.1657057], [-44.3344367, -20.1670628], [-44.3342691, -20.1672428], [-44.3340986, -20.1674031], [-44.3339111, -20.1675097], [-44.3336816, -20.1676018], [-44.3335068, -20.1676454], [-44.3333551, -20.1676578], [-44.3331772, -20.1676473], [-44.3329831, -20.1676293], [-44.332794, -20.1675752], [-44.33261, -20.1674803], [-44.3324351, -20.1673494], [-44.3322542, -20.1671634], [-44.3314634, -20.1662514], [-44.3313213, -20.1660123], [-44.3312167, -20.1657429], [-44.3311322, -20.1654294], [-44.3310343, -20.1649535], [-44.3309377, -20.1646275], [-44.3308385, -20.164421], [-44.3306896, -20.1642208], [-44.3300526, -20.1635007], [-44.3299265, -20.1632955], [-44.3298554, -20.1630929], [-44.3298112, -20.1628209], [-44.3296657, -20.1598334], [-44.3296306, -20.1591985], [-44.3295725, -20.1584298], [-44.3295188, -20.1581855], [-44.3294276, -20.1579388], [-44.3293083, -20.1577587], [-44.3291651, -20.1575931], [-44.3289042, -20.1573837], [-44.3285935, -20.1571872], [-44.3281895, -20.1570003], [-44.3277432, -20.1567919], [-44.3274696, -20.1566156], [-44.3272698, -20.1564028], [-44.3271196, -20.1561259], [-44.3265577, -20.1543734], [-44.3262801, -20.1536457], [-44.3257906, -20.1524647], [-44.3257007, -20.1521412], [-44.3256672, -20.1518931], [-44.3256524, -20.1514789], [-44.325643, -20.1510244], [-44.3255974, -20.1507877], [-44.325527, -20.1505926], [-44.3254211, -20.1504182], [-44.3252909, -20.1502515], [-44.3251496, -20.1501185], [-44.32501, -20.150009], [-44.3247982, -20.1498428], [-44.3244355, -20.1495384], [-44.3241892, -20.1492804], [-44.324064, -20.1490892], [-44.3239856, -20.1488137], [-44.3239977, -20.1484327], [-44.3240562, -20.1479981], [-44.324086, -20.147518], [-44.3240646, -20.1472713], [-44.3239841, -20.1470472], [-44.3238143, -20.1468396], [-44.3234352, -20.1464536], [-44.3232841, -20.1462976], [-44.3223555, -20.1453426], [-44.3214214, -20.1443849], [-44.3200493, -20.1433531], [-44.3196755, -20.1430178], [-44.3194054, -20.1427194], [-44.3192048, -20.1424198], [-44.3190356, -20.1421671], [-44.3173896, -20.1390913], [-44.3171874, -20.1387368], [-44.3170067, -20.1384831], [-44.3169052, -20.1383618], [-44.3166046, -20.1380496], [-44.3163157, -20.1378206], [-44.3153558, -20.137245], [-44.3147178, -20.1368353], [-44.3141574, -20.1363611], [-44.313297, -20.1354619], [-44.3128794, -20.1349899], [-44.312641, -20.1347508], [-44.3123794, -20.1345014], [-44.3120101, -20.1342473], [-44.3115601, -20.1340079], [-44.3111712, -20.1338493], [-44.3108037, -20.1337385], [-44.3103585, -20.1336856], [-44.3096289, -20.1336378], [-44.3089718, -20.1336101], [-44.3085909, -20.1335824], [-44.3082744, -20.1335219], [-44.3079391, -20.1333985], [-44.3077084, -20.1332726], [-44.3072605, -20.1330208], [-44.3068823, -20.1328445], [-44.3066195, -20.1327387], [-44.3055895, -20.1325247], [-44.3052442, -20.1324492], [-44.3048343, -20.1323024], [-44.3045817, -20.1321772], [-44.3043414, -20.1319962], [-44.3041571, -20.1317992], [-44.3039262, -20.1315011], [-44.3037223, -20.1311908], [-44.3035677, -20.130709], [-44.3034873, -20.1304376], [-44.3033786, -20.1299775], [-44.3031841, -20.1290229], [-44.3028706, -20.1276248], [-44.3027777, -20.1273087], [-44.3026526, -20.1269926], [-44.3019956, -20.1257764], [-44.3012038, -20.1243902], [-44.3006198, -20.1233672], [-44.3005108, -20.1230975], [-44.3004448, -20.1227673], [-44.3004682, -20.1224348], [-44.3006232, -20.1221461], [-44.3008148, -20.1219469], [-44.3011012, -20.121721], [-44.3016626, -20.1214095], [-44.3020196, -20.1211788], [-44.3022688, -20.1208952], [-44.3023721, -20.1206849], [-44.3024037, -20.1203716], [-44.3023158, -20.1199116], [-44.3020729, -20.1186466], [-44.3020899, -20.1184769], [-44.3021283, -20.1183071], [-44.3022636, -20.1180891], [-44.3024038, -20.117904], [-44.3026337, -20.1177311], [-44.3028266, -20.1175967], [-44.3032005, -20.1173068], [-44.3037192, -20.1168998], [-44.3039136, -20.1167156], [-44.3040814, -20.1165239], [-44.3044328, -20.1159881], [-44.3050719, -20.1150137], [-44.3052801, -20.1147532], [-44.3054832, -20.1145826], [-44.3059597, -20.1143312], [-44.3066236, -20.1139877], [-44.3073823, -20.113603], [-44.3079958, -20.1132776], [-44.3085142, -20.1130094], [-44.3088415, -20.11282], [-44.3112763, -20.1109741], [-44.3117001, -20.1106908], [-44.3122761, -20.1103557], [-44.3124583, -20.1102676], [-44.3128872, -20.1100614], [-44.313199, -20.1099141], [-44.3133965, -20.1097983], [-44.313565, -20.1096774], [-44.3137816, -20.1094409], [-44.3140151, -20.1091456], [-44.3142416, -20.1088652], [-44.3144835, -20.1086843], [-44.3147066, -20.1085896], [-44.3149272, -20.1085559], [-44.3152199, -20.1085646], [-44.3154822, -20.1086034], [-44.3197002, -20.1104602], [-44.3205587, -20.1107293], [-44.321465, -20.1109305], [-44.3218011, -20.1109849], [-44.3221224, -20.1109703], [-44.3225418, -20.1108727], [-44.3230358, -20.1107394], [-44.3233541, -20.1107204], [-44.3237346, -20.1107783], [-44.3243568, -20.1109154], [-44.3248911, -20.1110377], [-44.325255, -20.1110769], [-44.3255992, -20.1110396], [-44.3259094, -20.1109396], [-44.3261184, -20.1108461], [-44.3263155, -20.1107382], [-44.3265684, -20.1105291], [-44.3267348, -20.1103242], [-44.3268373, -20.1101447], [-44.3269237, -20.1099126], [-44.3269942, -20.10955], [-44.3269899, -20.1093084], [-44.326892, -20.1089299], [-44.3267781, -20.1086989], [-44.3266206, -20.1084287], [-44.326342, -20.1081691], [-44.3260453, -20.108017], [-44.3256846, -20.1078373], [-44.3253079, -20.107738], [-44.3248232, -20.1075777], [-44.3242857, -20.1073671], [-44.3238483, -20.1070441], [-44.3232275, -20.106544], [-44.3228858, -20.106277], [-44.32247, -20.1059478], [-44.3221843, -20.1057437], [-44.3218169, -20.1055435], [-44.3214347, -20.1053849], [-44.3205737, -20.1051279], [-44.3199594, -20.1049429], [-44.3196349, -20.104803], [-44.3193385, -20.1046016], [-44.3191373, -20.1043861], [-44.3190072, -20.1041519], [-44.3189228, -20.1038849], [-44.318898, -20.1036264], [-44.3189115, -20.1032987], [-44.3190504, -20.1026522], [-44.3192141, -20.1018349], [-44.3192635, -20.1014137], [-44.3192755, -20.1011533], [-44.3192634, -20.1010009], [-44.3192372, -20.1008488], [-44.3192031, -20.1007301], [-44.3191593, -20.1005961], [-44.319081, -20.1004153], [-44.3190152, -20.1002947], [-44.3189523, -20.1001999], [-44.3188636, -20.1000878], [-44.3187135, -20.0999367], [-44.3185746, -20.0998258], [-44.3181516, -20.0995365], [-44.317364, -20.099025], [-44.3168923, -20.0987327], [-44.3166832, -20.0985766], [-44.3165986, -20.0984934], [-44.3164903, -20.0983645], [-44.3164089, -20.0982423], [-44.3163289, -20.0980935], [-44.3162741, -20.0979808], [-44.3162078, -20.0978265], [-44.3161587, -20.0976836], [-44.3161011, -20.0974606], [-44.3160098, -20.0968716], [-44.3159482, -20.0965148], [-44.3158811, -20.0962264], [-44.3158194, -20.0959795], [-44.3157551, -20.0957629], [-44.3156964, -20.0955817], [-44.3149839, -20.0938045], [-44.3148162, -20.0934003], [-44.3141723, -20.0918663], [-44.3131727, -20.089328], [-44.3130527, -20.0890599], [-44.3129549, -20.0888735], [-44.3128784, -20.0887463], [-44.3127899, -20.0886178], [-44.3126848, -20.0884746], [-44.3064974, -20.0803085], [-44.3054168, -20.078896], [-44.304395, -20.077639], [-44.3029448, -20.0757614], [-44.3022046, -20.0748167], [-44.3015015, -20.0738782], [-44.2999515, -20.0718011], [-44.299171, -20.0707808], [-44.2982722, -20.0696688], [-44.2963225, -20.0670371], [-44.2953354, -20.0657219], [-44.2948258, -20.0650568], [-44.2943555, -20.0644649], [-44.2936081, -20.063452], [-44.2928496, -20.0624632], [-44.2924896, -20.0620134], [-44.2921274, -20.0615569], [-44.2914098, -20.0607472], [-44.2911665, -20.0604973], [-44.2906657, -20.0600104], [-44.2901479, -20.0595837], [-44.2897133, -20.0592099], [-44.2878842, -20.057705], [-44.2860521, -20.0562156], [-44.2859408, -20.0561362], [-44.2854195, -20.0557123], [-44.2850924, -20.0554472], [-44.2839736, -20.0545405], [-44.2828195, -20.0535757], [-44.2817471, -20.0526266], [-44.2813645, -20.0522542], [-44.2809346, -20.0518369], [-44.2805371, -20.0514297], [-44.2799676, -20.0508191], [-44.2797584, -20.0506052], [-44.2795167, -20.0504177], [-44.2792719, -20.0502661], [-44.279002, -20.0501445], [-44.2786691, -20.0500229], [-44.2779668, -20.0498603], [-44.2777451, -20.0497925], [-44.277249, -20.0496407], [-44.2768855, -20.0494863], [-44.2765241, -20.0492933], [-44.2760119, -20.0489148], [-44.275853, -20.0487751], [-44.2754146, -20.0483069], [-44.2749695, -20.0476819], [-44.2742844, -20.0462043], [-44.2742099, -20.0460829], [-44.2740105, -20.0457932], [-44.2738913, -20.0456445], [-44.2737659, -20.0455148], [-44.2735212, -20.0453085], [-44.2733691, -20.045208], [-44.2732169, -20.0451173], [-44.2729968, -20.045011], [-44.2726035, -20.0448323], [-44.2720869, -20.044636], [-44.270714, -20.0441509], [-44.2701046, -20.0439356], [-44.2691914, -20.0436453], [-44.2673561, -20.0430115], [-44.267229, -20.0429643], [-44.264727, -20.0420358], [-44.26392, -20.0417671], [-44.2614644, -20.0409452], [-44.2607593, -20.0406866], [-44.2600791, -20.0404302], [-44.258128, -20.0397442], [-44.256833, -20.0392737], [-44.2559097, -20.0389528], [-44.2555147, -20.038803], [-44.2548555, -20.0386334], [-44.2545008, -20.0385583], [-44.2540399, -20.0384924], [-44.2534664, -20.0384387], [-44.252413, -20.0383354], [-44.2521023, -20.0382904], [-44.2517916, -20.0382453], [-44.2511758, -20.0381379], [-44.2499569, -20.0378864], [-44.2496111, -20.0377736], [-44.248122, -20.0372881], [-44.2472015, -20.0369353], [-44.2463163, -20.0365204], [-44.2455169, -20.0361244], [-44.2447138, -20.0356785], [-44.243943, -20.0352242], [-44.2431722, -20.0347699], [-44.2403943, -20.0331372], [-44.2369181, -20.0310942], [-44.2363244, -20.0306486], [-44.2360519, -20.0303974], [-44.2359065, -20.030229], [-44.235761, -20.0300606], [-44.2352431, -20.0294288], [-44.2350153, -20.0291615], [-44.2347464, -20.0288858], [-44.2343712, -20.0285273], [-44.2330309, -20.0274101], [-44.2326013, -20.02705], [-44.2321681, -20.0266238], [-44.2317808, -20.0262062], [-44.2313021, -20.025612], [-44.2302851, -20.0241811], [-44.2301175, -20.0238888], [-44.2297885, -20.0232489], [-44.2296283, -20.0228317], [-44.229475, -20.0224202], [-44.2294354, -20.0223043], [-44.2291608, -20.0215011], [-44.2288742, -20.0206986], [-44.2287059, -20.0202273], [-44.2286316, -20.0200192], [-44.2284505, -20.0196833], [-44.2282331, -20.0193333], [-44.2280173, -20.0190758], [-44.2279168, -20.018988], [-44.2277681, -20.0188581], [-44.2274714, -20.0186525], [-44.2268813, -20.0183738], [-44.2261568, -20.0180865], [-44.2258455, -20.0179551], [-44.2248095, -20.0175178], [-44.2239913, -20.0171955], [-44.2237059, -20.0170714], [-44.223449, -20.01695], [-44.2232265, -20.0168132], [-44.2230318, -20.0166745], [-44.2229048, -20.0165529], [-44.222651, -20.0162606], [-44.2224233, -20.0158903], [-44.2221898, -20.0155092], [-44.2216321, -20.0146229], [-44.2207859, -20.0133031], [-44.2204196, -20.012714], [-44.2201669, -20.0123908], [-44.2193869, -20.0115186], [-44.2192927, -20.0114071], [-44.2182909, -20.0102838], [-44.2170249, -20.0088642], [-44.2156821, -20.0072945], [-44.213828, -20.0052402], [-44.2131045, -20.004373], [-44.2128706, -20.0040053], [-44.212638, -20.0036314], [-44.2124501, -20.0032586], [-44.2123854, -20.0031093], [-44.2113234, -20.0006583], [-44.2108636, -19.9995839], [-44.2105028, -19.9990541], [-44.210119, -19.9986186], [-44.209564, -19.9979868], [-44.209139, -19.9973557], [-44.2089107, -19.99697], [-44.2086784, -19.9965774], [-44.2085343, -19.9963324], [-44.2084251, -19.9961495], [-44.2079203, -19.9952009], [-44.2077315, -19.9947802], [-44.20764, -19.9945313], [-44.2071512, -19.9932742], [-44.206774, -19.9922783], [-44.2065166, -19.9916841], [-44.2059218, -19.9907473], [-44.2053952, -19.990138], [-44.2050659, -19.989817], [-44.2046751, -19.9894255], [-44.2043418, -19.9891774], [-44.2039629, -19.9889295], [-44.2033261, -19.9886248], [-44.2026102, -19.9883221], [-44.2019184, -19.9881288], [-44.2012224, -19.9879944], [-44.2008035, -19.987969], [-44.2003448, -19.9879655], [-44.1999881, -19.9879831], [-44.1994516, -19.9880346], [-44.1990654, -19.988084], [-44.1985264, -19.9881354], [-44.1975689, -19.9881986], [-44.1971451, -19.988254], [-44.1968554, -19.988317], [-44.1965202, -19.9884154], [-44.195863, -19.9887153], [-44.1952849, -19.9890268], [-44.1950583, -19.9891489], [-44.1945541, -19.9893883], [-44.1942939, -19.9894992], [-44.1937709, -19.9896883], [-44.1933981, -19.9897967], [-44.1929662, -19.9898849], [-44.1926163, -19.9899435], [-44.1925237, -19.9899567], [-44.1920087, -19.9900008], [-44.1914079, -19.9900084], [-44.1909224, -19.9899655], [-44.1904691, -19.9898824], [-44.1899809, -19.9897588], [-44.1895518, -19.9896076], [-44.1886452, -19.9891892], [-44.187811, -19.9888035], [-44.1857374, -19.9879135], [-44.1856007, -19.9878526], [-44.1852629, -19.987702], [-44.1849898, -19.9875943], [-44.1846808, -19.987465], [-44.1840318, -19.9873189], [-44.1834953, -19.9872281], [-44.1824681, -19.9871046], [-44.1796149, -19.9869886], [-44.178178, -19.9869342], [-44.1768026, -19.9868772], [-44.1765958, -19.9868671], [-44.172407, -19.9867216], [-44.1706583, -19.9866509], [-44.1703069, -19.9866106], [-44.1699126, -19.9865324], [-44.169513, -19.9864064], [-44.1690906, -19.9862157], [-44.168703, -19.9859628], [-44.1680814, -19.9855102], [-44.1676194, -19.9851738], [-44.1668986, -19.9846328], [-44.1663936, -19.9842537], [-44.1660167, -19.983984], [-44.1656198, -19.9837004], [-44.1635048, -19.9821262], [-44.1617855, -19.9808886], [-44.1613564, -19.9805684], [-44.1610453, -19.980276], [-44.1607448, -19.9798928], [-44.1605678, -19.9795803], [-44.1604283, -19.9792122], [-44.160364, -19.9788341], [-44.1603452, -19.9783728], [-44.1603774, -19.9759906], [-44.1603962, -19.9744832], [-44.1603854, -19.9735278], [-44.160305, -19.972716], [-44.1601762, -19.9716396], [-44.1599921, -19.9702527], [-44.159886, -19.9692784], [-44.1598347, -19.9688075], [-44.1597068, -19.967896], [-44.1595057, -19.9670717], [-44.1592696, -19.9663633], [-44.1589478, -19.9655944], [-44.158642, -19.9650246], [-44.1582343, -19.9643969], [-44.1578646, -19.9638963], [-44.1575532, -19.9635403], [-44.1572231, -19.9631843], [-44.1566947, -19.9626851], [-44.1564077, -19.9624633], [-44.1560273, -19.9621696], [-44.1546576, -19.9611763], [-44.1539687, -19.9606595], [-44.1521149, -19.9592619], [-44.1512316, -19.9586381], [-44.1509859, -19.9584476], [-44.1502313, -19.9578623], [-44.1495393, -19.9573655], [-44.1491818, -19.9571122], [-44.148783, -19.9568729], [-44.1483383, -19.9566522], [-44.1479909, -19.9565047], [-44.1476074, -19.9563735], [-44.1472802, -19.9562689], [-44.1470844, -19.9562171], [-44.1469395, -19.9561807], [-44.1466203, -19.9561202], [-44.1462529, -19.9560672], [-44.1458881, -19.956037], [-44.1454697, -19.9560193], [-44.1451639, -19.9560244], [-44.1447964, -19.9560445], [-44.142559, -19.9563258], [-44.1423152, -19.9563565], [-44.1417365, -19.9564309], [-44.1403896, -19.9566232], [-44.1393381, -19.9567479], [-44.1389117, -19.9567706], [-44.1387105, -19.9567732], [-44.1385093, -19.9567757], [-44.138248, -19.9567683], [-44.1376966, -19.9567278], [-44.137187, -19.956695], [-44.1367874, -19.9566496], [-44.1361088, -19.9565462], [-44.1361053, -19.9565457], [-44.1338825, -19.9562336], [-44.1334473, -19.9561713], [-44.1333469, -19.9561569], [-44.1315758, -19.9559033], [-44.1310072, -19.9558655], [-44.130511, -19.9558605], [-44.1300041, -19.9558882], [-44.1294622, -19.9559437], [-44.1288171, -19.9560831], [-44.1275568, -19.9563908], [-44.1274294, -19.9564242], [-44.1271801, -19.9564896], [-44.1269643, -19.9565462], [-44.1267059, -19.9566046], [-44.1261497, -19.9567303], [-44.1242064, -19.9571952], [-44.121781, -19.9577755], [-44.1214523, -19.9578416], [-44.1210244, -19.9578474], [-44.1206193, -19.9577988], [-44.1201976, -19.9576803], [-44.119871, -19.9575015], [-44.119625, -19.9573267], [-44.1185058, -19.9563058], [-44.1180421, -19.9558852], [-44.1177232, -19.9556459], [-44.1173945, -19.9554885], [-44.1170968, -19.9553992], [-44.1167785, -19.9553525], [-44.1164905, -19.95537], [-44.1155594, -19.9554434], [-44.1153556, -19.9554595], [-44.1149614, -19.9554905], [-44.1148141, -19.9554981], [-44.1143909, -19.9555329], [-44.1128033, -19.9556692], [-44.1121832, -19.9557139], [-44.1110462, -19.9557936], [-44.1106617, -19.9558169], [-44.108332, -19.9559821], [-44.1073037, -19.9560478], [-44.1066245, -19.9560912], [-44.1060672, -19.9561228], [-44.1053757, -19.956162], [-44.1051959, -19.9561698], [-44.1049997, -19.9561783], [-44.1044292, -19.956188], [-44.1039372, -19.956188], [-44.1032822, -19.9561526], [-44.1005797, -19.9559067], [-44.099653, -19.9558255], [-44.0988046, -19.9557541], [-44.0978546, -19.9556626], [-44.0978145, -19.9556582], [-44.097475, -19.9556302], [-44.0972026, -19.955622], [-44.096944, -19.9556304], [-44.0966546, -19.9556518], [-44.0962701, -19.9557237], [-44.0960077, -19.9558001], [-44.0957223, -19.9558908], [-44.0955664, -19.9559462], [-44.0954928, -19.9559724], [-44.0951952, -19.9561161], [-44.0946405, -19.9564634], [-44.0939448, -19.9569011], [-44.0937619, -19.9570234], [-44.0929854, -19.9575598], [-44.0925761, -19.9578416], [-44.0908252, -19.9589841], [-44.090666, -19.9590734], [-44.0903849, -19.95919], [-44.0901409, -19.9592502], [-44.0898577, -19.9593066], [-44.0896056, -19.9593377], [-44.0892355, -19.9593765], [-44.0888386, -19.9594212], [-44.0884658, -19.9594728], [-44.0870188, -19.9595816], [-44.0857256, -19.9596571], [-44.0851172, -19.9596871], [-44.0847939, -19.9597031], [-44.0829654, -19.9597547], [-44.0824091, -19.9597453], [-44.0821203, -19.959703], [-44.0818378, -19.9596346], [-44.0815446, -19.9595323], [-44.0811025, -19.9593389], [-44.0809933, -19.9592528], [-44.0806551, -19.9589018], [-44.0802282, -19.9584454], [-44.0799842, -19.9581806], [-44.0799601, -19.9581544], [-44.0797886, -19.9579931], [-44.0795674, -19.957828], [-44.0793813, -19.957723], [-44.0791085, -19.9576375], [-44.0788459, -19.9575929], [-44.0785669, -19.9575948], [-44.0782527, -19.9576434], [-44.0779937, -19.9577178], [-44.0770785, -19.9580592], [-44.0759457, -19.9584653], [-44.0752689, -19.9586905], [-44.0748278, -19.9588185], [-44.0744812, -19.9588935], [-44.0744222, -19.9589063], [-44.0740542, -19.9589614], [-44.0736542, -19.9589893], [-44.0731542, -19.9590065], [-44.0702959, -19.9590046], [-44.0687813, -19.9590036], [-44.0677665, -19.959003], [-44.0662318, -19.959011], [-44.0646941, -19.959019], [-44.0641442, -19.959021], [-44.0635778, -19.9589899], [-44.0628729, -19.9588908], [-44.0611634, -19.9586499], [-44.0601127, -19.9584943], [-44.0583665, -19.9582632], [-44.0576944, -19.9581749], [-44.0567583, -19.9581705], [-44.0564431, -19.9582045], [-44.0559697, -19.9583211], [-44.055534, -19.9585028], [-44.0553193, -19.958611], [-44.0551309, -19.9587212], [-44.054933, -19.9588442], [-44.0548042, -19.9589273], [-44.0543523, -19.9592211], [-44.0539822, -19.9594783], [-44.0536123, -19.9597311], [-44.0531534, -19.9600569], [-44.052688, -19.9603771], [-44.0522059, -19.9607208], [-44.0517774, -19.9610262], [-44.0510881, -19.9615216], [-44.0504242, -19.9620158], [-44.0490657, -19.9630254], [-44.048658, -19.9633091], [-44.0484568, -19.9634439], [-44.0482334, -19.9635772], [-44.0479055, -19.9637495], [-44.0478481, -19.9637757], [-44.0475492, -19.9639122], [-44.0471485, -19.9640599], [-44.0467864, -19.9641691], [-44.0465027, -19.9642383], [-44.0462132, -19.9642935], [-44.0459145, -19.9643189], [-44.0456137, -19.964349], [-44.0454394, -19.9643528], [-44.0452888, -19.9643522], [-44.044966, -19.9643402], [-44.0446066, -19.9643061], [-44.0442766, -19.9642582], [-44.0439615, -19.9641927], [-44.0436624, -19.9641133], [-44.0433685, -19.9640128], [-44.0428952, -19.9638088], [-44.041921, -19.9633718], [-44.0391028, -19.9620804], [-44.0385093, -19.9617651], [-44.0371814, -19.9611496], [-44.0366441, -19.9609006], [-44.035662, -19.9604561], [-44.0349697, -19.9601428], [-44.0347624, -19.960045], [-44.0341111, -19.9597378], [-44.0339665, -19.9596822], [-44.0336423, -19.9595383], [-44.033425, -19.9594395], [-44.0330648, -19.9592822], [-44.0321012, -19.9588158], [-44.0312344, -19.9584169], [-44.0307047, -19.9581715], [-44.0299641, -19.9578229], [-44.0299122, -19.9577983], [-44.0298716, -19.9577791], [-44.0295878, -19.9576447], [-44.0295318, -19.9576194], [-44.026578, -19.9562865], [-44.0255125, -19.9557514], [-44.0216615, -19.9539758], [-44.02146, -19.9538828], [-44.020503, -19.9534411], [-44.0163199, -19.9515189], [-44.0163033, -19.9515119], [-44.0158103, -19.9513022], [-44.0150791, -19.9509837], [-44.014374, -19.9506693], [-44.0130656, -19.9500268], [-44.0122563, -19.9496384], [-44.0110177, -19.949085], [-44.0104956, -19.9488504], [-44.0103439, -19.9487773], [-44.0092485, -19.9482498], [-44.0089504, -19.9482278], [-44.0086091, -19.94812], [-44.0084131, -19.9480232], [-44.0080346, -19.9478387], [-44.0079372, -19.9478556], [-44.0078613, -19.9478803], [-44.0077634, -19.9479445], [-44.0076925, -19.9480614], [-44.0076727, -19.9482008], [-44.0077354, -19.9487165], [-44.007783, -19.9487973], [-44.0078537, -19.9488413], [-44.0079246, -19.9488578], [-44.0080147, -19.9488513], [-44.0080875, -19.9488194], [-44.0081326, -19.9487802], [-44.008167, -19.9487118], [-44.0081861, -19.9486359], [-44.0081847, -19.9485073], [-44.0081725, -19.9482347], [-44.0081574, -19.948144], [-44.0080171, -19.9468975], [-44.0079624, -19.9463186], [-44.0079313, -19.9455154], [-44.0078594, -19.9438903], [-44.0078402, -19.9435278], [-44.0078275, -19.9431681], [-44.007804, -19.9426116], [-44.0077852, -19.9422103], [-44.0077677, -19.9418157], [-44.0077405, -19.9410255], [-44.0076629, -19.9393118], [-44.007647, -19.9390145], [-44.0076403, -19.9387144], [-44.0076135, -19.9381256], [-44.0075827, -19.9373566], [-44.0075512, -19.9366079], [-44.0075347, -19.9362668], [-44.0073724, -19.9331646], [-44.0073578, -19.9327643], [-44.0073462, -19.9324282], [-44.0073225, -19.9316606], [-44.0072903, -19.9309167], [-44.007234, -19.9303695], [-44.0071642, -19.9299308], [-44.0068974, -19.929086], [-44.0061638, -19.9268141], [-44.0055443, -19.925073], [-44.0052414, -19.9245126], [-44.0051137, -19.9243353], [-44.004989, -19.9241666], [-44.0047898, -19.9239323], [-44.0045034, -19.9236381], [-44.0041239, -19.9233505], [-44.0033153, -19.922763], [-44.0023416, -19.922062], [-44.0001792, -19.9205052], [-43.9996111, -19.9200875], [-43.9975593, -19.9185883], [-43.9967465, -19.9179251], [-43.9960733, -19.9172594], [-43.99557, -19.9167137], [-43.9951962, -19.9162771], [-43.994574, -19.9156252], [-43.9939544, -19.9149443], [-43.9937237, -19.9145636], [-43.9935869, -19.9141475], [-43.9935547, -19.9138814], [-43.9935507, -19.9136406], [-43.9935574, -19.9134691], [-43.9936074, -19.9132058], [-43.9936815, -19.9129713], [-43.9940619, -19.9120169], [-43.9941829, -19.9116361], [-43.9942644, -19.9111577], [-43.9942668, -19.9107839], [-43.9942224, -19.9104425], [-43.994136, -19.9101476], [-43.9940051, -19.9098225], [-43.9937704, -19.9094719], [-43.9935333, -19.9091607], [-43.9931682, -19.9088557], [-43.992171, -19.9081579], [-43.9903449, -19.9069059], [-43.9874728, -19.9049804], [-43.9867526, -19.904491], [-43.9853995, -19.9035693], [-43.9847209, -19.9031103], [-43.9841637, -19.902708], [-43.9839229, -19.9025189], [-43.9837048, -19.9023298], [-43.9835125, -19.9021507], [-43.9833271, -19.9019673], [-43.983019, -19.9015719], [-43.9827103, -19.901102], [-43.9794643, -19.8952245], [-43.9792894, -19.8948934], [-43.9790988, -19.8945654], [-43.9789139, -19.8942818], [-43.9787051, -19.8940041], [-43.9784727, -19.8937395], [-43.9782291, -19.8934789], [-43.9779778, -19.893254], [-43.9777001, -19.8930197], [-43.97718, -19.8926641], [-43.9758213, -19.8919349], [-43.9751253, -19.8915755], [-43.9744464, -19.8912109], [-43.9738127, -19.8908075], [-43.9732571, -19.8904153], [-43.9727291, -19.8900019], [-43.97181, -19.8893068], [-43.9713541, -19.8889587], [-43.9709018, -19.8886109], [-43.9705038, -19.888308], [-43.9701057, -19.8880016], [-43.9694962, -19.8875129], [-43.9690568, -19.8871654], [-43.9686179, -19.8868391], [-43.9679852, -19.8863583], [-43.9673537, -19.8858797], [-43.9665556, -19.8852636], [-43.9657575, -19.8846691], [-43.9652472, -19.8843303], [-43.9646458, -19.8840786], [-43.964316, -19.8839555], [-43.9622554, -19.8832736], [-43.9603472, -19.8826813], [-43.95848, -19.8820635], [-43.9582157, -19.8819729], [-43.9567752, -19.8815073], [-43.955578, -19.8810997], [-43.9544543, -19.8807257], [-43.9541332, -19.8805678], [-43.9539011, -19.8804215], [-43.9537109, -19.8802659], [-43.9535462, -19.8801161], [-43.9532952, -19.879888], [-43.9524901, -19.8788758], [-43.9518866, -19.8781267], [-43.9517497, -19.8779552], [-43.9510384, -19.8770384], [-43.9509692, -19.876952], [-43.9507353, -19.8766643], [-43.9499084, -19.8756033], [-43.9497418, -19.8752654], [-43.9495559, -19.8746341], [-43.9493328, -19.8739288], [-43.9490744, -19.8732849], [-43.9489596, -19.8730746], [-43.948854, -19.8728812], [-43.9478606, -19.8713749], [-43.9476469, -19.8710996], [-43.9473955, -19.8708367], [-43.9471262, -19.8706221], [-43.9469014, -19.870495], [-43.9465533, -19.8703366], [-43.9461676, -19.8702486], [-43.9457325, -19.8702224], [-43.944793, -19.8701985], [-43.943973, -19.8700934], [-43.943515, -19.8700059], [-43.943175, -19.8699124], [-43.9413086, -19.8693989], [-43.9408806, -19.8692719], [-43.9376484, -19.8683636], [-43.9370784, -19.8682029], [-43.9364595, -19.8680194], [-43.9359192, -19.8678511], [-43.9353195, -19.8676652], [-43.9343974, -19.8674282], [-43.9312658, -19.8667502], [-43.9308688, -19.8666493], [-43.9304933, -19.8665384], [-43.9300333, -19.866341], [-43.9294404, -19.8660479], [-43.9281115, -19.8652846], [-43.9278569, -19.8651547], [-43.9277129, -19.8650769], [-43.9275482, -19.86499], [-43.9252406, -19.863896], [-43.923238, -19.8626817], [-43.9230602, -19.8625692], [-43.922451, -19.8622025], [-43.9222435, -19.8620927], [-43.9215924, -19.8617807], [-43.9209607, -19.8614729], [-43.9196853, -19.8608788], [-43.9171342, -19.8596728], [-43.9167456, -19.859504], [-43.9163586, -19.8593263], [-43.9156313, -19.8590762], [-43.9148071, -19.8588519], [-43.9140434, -19.8587119], [-43.9129644, -19.8586121], [-43.9107469, -19.8583949], [-43.9069304, -19.8580599], [-43.9051543, -19.8578688], [-43.9049253, -19.8578352], [-43.9045219, -19.8577569], [-43.9021822, -19.8572928], [-43.9016799, -19.8571967], [-43.9010444, -19.8570642], [-43.8997122, -19.8567898], [-43.8995139, -19.8567489], [-43.8992867, -19.8567392], [-43.8989489, -19.8567247], [-43.8984862, -19.8567587], [-43.8972203, -19.8570917], [-43.897073, -19.8571092], [-43.8968021, -19.8571415], [-43.8964708, -19.8571213], [-43.896171, -19.8570238], [-43.895866, -19.8569245], [-43.8947368, -19.8564427], [-43.893393, -19.8558347], [-43.8924369, -19.8554093], [-43.8922986, -19.8553478], [-43.8918561, -19.8551207], [-43.8915637, -19.8549315], [-43.8912999, -19.8547246], [-43.8912249, -19.8546592], [-43.8910043, -19.8544669], [-43.8908646, -19.8543451], [-43.8901214, -19.8536948], [-43.8894431, -19.8531158], [-43.8893643, -19.8530436], [-43.8887492, -19.85248], [-43.8884064, -19.8520337], [-43.8882042, -19.8516772], [-43.8881077, -19.8513012], [-43.8880366, -19.8510351], [-43.8879508, -19.8501685], [-43.8879287, -19.8499136], [-43.8878911, -19.8494788], [-43.8877657, -19.8480291], [-43.8876799, -19.8475245], [-43.8876236, -19.8472798], [-43.8874573, -19.8468559], [-43.8873231, -19.8465734], [-43.8869637, -19.8459578], [-43.8868672, -19.8457043], [-43.8866455, -19.8452433], [-43.8864957, -19.844955], [-43.8862637, -19.8445311], [-43.8860384, -19.8441085], [-43.8858002, -19.8435444], [-43.8855864, -19.8428982], [-43.8854831, -19.8424531], [-43.8854158, -19.8420848], [-43.8853534, -19.8416962], [-43.8853438, -19.8412917], [-43.8852798, -19.8397454], [-43.8852611, -19.8394502], [-43.8852148, -19.8392576], [-43.8851368, -19.8390611], [-43.8850578, -19.838912], [-43.8849293, -19.8387554], [-43.8847755, -19.8386038], [-43.8846208, -19.8384917], [-43.8844535, -19.838407], [-43.8842053, -19.8383214], [-43.8825847, -19.8379252], [-43.8823461, -19.8379005], [-43.8820236, -19.8379007], [-43.8817871, -19.837924], [-43.8815519, -19.8379773], [-43.8812648, -19.8380683], [-43.8784048, -19.8392794], [-43.8771628, -19.839785], [-43.876364, -19.8401102], [-43.8749041, -19.8407044], [-43.8746753, -19.8407975], [-43.8744719, -19.8408803], [-43.8740454, -19.8410075], [-43.8737612, -19.8411257], [-43.8732429, -19.8411781], [-43.8726971, -19.841173], [-43.8726287, -19.8411831], [-43.8719799, -19.8412621], [-43.870552, -19.8413816], [-43.8701503, -19.8414153], [-43.8689195, -19.8415183], [-43.8670177, -19.8416906], [-43.8665034, -19.8417362], [-43.8659157, -19.8417856], [-43.8655982, -19.841812], [-43.8654372, -19.8418256], [-43.8653245, -19.8418359], [-43.8652228, -19.8418443], [-43.8646692, -19.8418923], [-43.8641191, -19.8419371], [-43.863934, -19.8419455], [-43.863668, -19.8419513], [-43.8634183, -19.8419392], [-43.8630895, -19.8418854], [-43.8628822, -19.841836], [-43.8627689, -19.8418], [-43.8626347, -19.8417549], [-43.8624312, -19.8416697], [-43.8623555, -19.8416355], [-43.8622108, -19.8415566], [-43.862031, -19.8414365], [-43.8619904, -19.8414055], [-43.8619601, -19.8413835], [-43.8618792, -19.8413192], [-43.8616625, -19.8411238], [-43.8615538, -19.8410097], [-43.8614559, -19.8409068], [-43.8612883, -19.8406704], [-43.8610746, -19.8402687], [-43.8610076, -19.8400415], [-43.8609248, -19.8397311], [-43.8608883, -19.8395067], [-43.8608927, -19.8392568], [-43.86092, -19.8389823], [-43.8610066, -19.8385142], [-43.8615477, -19.8360003], [-43.8615729, -19.8357536], [-43.8615664, -19.8355214], [-43.8615106, -19.8352991], [-43.8614439, -19.8351531], [-43.8613008, -19.8349439], [-43.8611684, -19.8348202], [-43.8609413, -19.8346848], [-43.8607646, -19.8345991], [-43.8606206, -19.8345354], [-43.8602463, -19.8344087], [-43.8599887, -19.8343507], [-43.8597684, -19.8343436], [-43.8594039, -19.8343562], [-43.8587539, -19.8343994], [-43.8587165, -19.8344012], [-43.8576245, -19.8344833], [-43.8569003, -19.8345279], [-43.8561908, -19.8345485], [-43.85446, -19.8344288], [-43.8521614, -19.8342968], [-43.8517577, -19.8343061], [-43.851323, -19.8343299], [-43.8510593, -19.834353], [-43.8502387, -19.8344376], [-43.8501182, -19.8344176], [-43.8498044, -19.8343696], [-43.8495194, -19.8343137], [-43.8492022, -19.8342107], [-43.848906, -19.8340873], [-43.8486997, -19.8339613], [-43.8483064, -19.8337162], [-43.848069, -19.8336026], [-43.84778, -19.8335229], [-43.8473467, -19.8334223], [-43.8465666, -19.8330003], [-43.8463391, -19.8328824], [-43.8460872, -19.8327289], [-43.8460347, -19.8326886], [-43.8458406, -19.8325396], [-43.8455383, -19.8322575], [-43.8451503, -19.8317437], [-43.845095, -19.8316664], [-43.8443667, -19.830587], [-43.8441779, -19.8303573], [-43.8440366, -19.830212], [-43.8438328, -19.8300574], [-43.8436077, -19.8299255], [-43.8433715, -19.8298071], [-43.8402632, -19.8286068], [-43.8392095, -19.8280038], [-43.8391451, -19.8278841], [-43.8390871, -19.8278158], [-43.8390072, -19.8277573], [-43.8385112, -19.8275891], [-43.8378932, -19.8272754], [-43.8376316, -19.8271026], [-43.8375575, -19.8270387], [-43.8374663, -19.8269845], [-43.8373459, -19.8269683], [-43.8373076, -19.8269631], [-43.8370292, -19.8269579], [-43.8367991, -19.8268387], [-43.8358713, -19.8263512], [-43.8312389, -19.8239727], [-43.8305931, -19.8236909], [-43.8304425, -19.8236301], [-43.8302453, -19.8235577], [-43.8299434, -19.8234516], [-43.8289507, -19.8231561], [-43.8283718, -19.8230314], [-43.8275568, -19.822851], [-43.8271706, -19.8227703], [-43.8270566, -19.8227788], [-43.826706, -19.8228096], [-43.8264013, -19.8229177], [-43.825947, -19.8231508], [-43.8256162, -19.8233837], [-43.8252139, -19.8237117], [-43.8248446, -19.8240218], [-43.8243639, -19.8243609], [-43.8238489, -19.824535], [-43.8238146, -19.8245466], [-43.8227932, -19.8246839], [-43.8216638, -19.8247902], [-43.8207333, -19.8248777], [-43.8201668, -19.8248777], [-43.8197376, -19.8247808], [-43.8193686, -19.8245709], [-43.8191025, -19.8242963], [-43.8189944, -19.8241013], [-43.8187229, -19.8236113], [-43.8185655, -19.8233274], [-43.8184778, -19.8231692], [-43.8181664, -19.8228277], [-43.8181175, -19.822799], [-43.8179063, -19.8226749], [-43.817833, -19.8226473], [-43.8176204, -19.8225673], [-43.8168471, -19.8224012], [-43.8162432, -19.8222916], [-43.8158436, -19.8222875], [-43.815708, -19.8223191], [-43.815487, -19.8223705], [-43.815204, -19.8225221], [-43.8146407, -19.8229032], [-43.8144161, -19.8230125], [-43.8141415, -19.8230529], [-43.8138497, -19.8230448], [-43.8135516, -19.8229347], [-43.8132367, -19.8226635], [-43.8127645, -19.8220202], [-43.8125993, -19.8217952], [-43.8118943, -19.8208347], [-43.8117268, -19.8205971], [-43.8116136, -19.8203671], [-43.8115333, -19.8201394], [-43.8114987, -19.8199126], [-43.8114869, -19.8196037], [-43.8115151, -19.8190075], [-43.8115054, -19.8188325], [-43.8114636, -19.8186603], [-43.8114162, -19.8185176], [-43.8113405, -19.8183855], [-43.811099, -19.8180577], [-43.8109572, -19.8178528], [-43.8107769, -19.8174733], [-43.8103048, -19.8160037], [-43.8102294, -19.8158362], [-43.8101418, -19.8156807], [-43.8100489, -19.8155595], [-43.8099383, -19.8154622], [-43.8098054, -19.8153839], [-43.8096611, -19.8153254], [-43.8094991, -19.8152961], [-43.8093435, -19.8152931], [-43.8091157, -19.8153018], [-43.8088886, -19.8153416], [-43.805786, -19.8159824], [-43.8055392, -19.8160251], [-43.8052908, -19.8160517], [-43.804754, -19.8160471], [-43.8022453, -19.8159391], [-43.8020399, -19.8158954], [-43.8018505, -19.815826], [-43.8016747, -19.8157236], [-43.8015244, -19.8156161], [-43.8013846, -19.8154545], [-43.8012497, -19.815285], [-43.8006575, -19.8144049], [-43.8004, -19.8141707], [-43.8000567, -19.8139607], [-43.798435, -19.8132382], [-43.7981537, -19.8130932], [-43.7977674, -19.8128409], [-43.7968804, -19.8121978], [-43.7954387, -19.811153], [-43.7946917, -19.8106773], [-43.7941172, -19.8103189], [-43.7934992, -19.8100524], [-43.7930958, -19.8099127], [-43.792721, -19.8098155], [-43.7920471, -19.809678], [-43.7912927, -19.8095928], [-43.7896632, -19.8094648], [-43.7876871, -19.8093083], [-43.7871634, -19.8092397], [-43.7867316, -19.8091878], [-43.7862481, -19.8090736], [-43.7845261, -19.8085349], [-43.7841379, -19.8084421], [-43.7838247, -19.8084036], [-43.7836249, -19.8083879], [-43.7833331, -19.8083888], [-43.7829543, -19.8084426], [-43.7826358, -19.8085341], [-43.7816134, -19.8089836], [-43.7812918, -19.8090895], [-43.7809159, -19.809172], [-43.7805524, -19.8092011], [-43.7756404, -19.8093712], [-43.7751677, -19.8094026], [-43.774524, -19.8094366], [-43.7732649, -19.8095001], [-43.7731294, -19.8095038], [-43.7727208, -19.809515], [-43.7726025, -19.809519], [-43.7720002, -19.8095039], [-43.7714598, -19.8094812], [-43.7712776, -19.8094692], [-43.7706625, -19.8094124], [-43.770461, -19.8094022], [-43.770147, -19.809372], [-43.7687373, -19.8092591], [-43.7684168, -19.8092528], [-43.7681639, -19.809284], [-43.7677294, -19.8094076], [-43.7671451, -19.8096165], [-43.7667849, -19.809649], [-43.7665507, -19.8095957], [-43.7663344, -19.8095011], [-43.7661299, -19.8093442], [-43.765896, -19.8091238], [-43.7654872, -19.8086768], [-43.765296, -19.8085147], [-43.7651217, -19.8084062], [-43.7647797, -19.8082636], [-43.764459, -19.8081279], [-43.7640283, -19.8079262], [-43.7636787, -19.8076743], [-43.7634212, -19.8074535], [-43.7630618, -19.8070611], [-43.7626717, -19.8065846], [-43.7621002, -19.8058864], [-43.7619835, -19.8056845], [-43.7619111, -19.805489], [-43.7618937, -19.8051773], [-43.7619155, -19.8035723], [-43.7619326, -19.8023156], [-43.7618279, -19.8000228], [-43.761781, -19.7998424], [-43.7617005, -19.7996418], [-43.7615839, -19.79945], [-43.7613612, -19.7992594], [-43.76114, -19.7991547], [-43.7608516, -19.7991005], [-43.7605351, -19.7991434], [-43.7602676, -19.7992491], [-43.7600184, -19.7994161], [-43.7595575, -19.7998475], [-43.7593938, -19.8000165], [-43.7591323, -19.8001667], [-43.7588198, -19.8002588], [-43.7585557, -19.800279], [-43.7582673, -19.8002714], [-43.7580112, -19.8002121], [-43.7578945, -19.8001616], [-43.7577711, -19.8000998], [-43.7575713, -19.7999768], [-43.7567639, -19.7993142], [-43.7567129, -19.7992216], [-43.7559016, -19.7985862], [-43.7556803, -19.7984229], [-43.7554644, -19.798279], [-43.7553142, -19.7981869], [-43.7551492, -19.7981163], [-43.7550353, -19.7980759], [-43.7548958, -19.7980431], [-43.7546831, -19.7980305], [-43.7545123, -19.7980406], [-43.7543881, -19.7980536], [-43.7542461, -19.7980719], [-43.7540134, -19.7981591], [-43.7539107, -19.7982045], [-43.7538202, -19.7982588], [-43.7537074, -19.7983314], [-43.7535983, -19.798421], [-43.7535238, -19.7984866], [-43.7534581, -19.798556], [-43.7534158, -19.7986114], [-43.7532999, -19.7987548], [-43.7531866, -19.7989444], [-43.7530866, -19.7991497], [-43.7530493, -19.79936], [-43.7527895, -19.7998929], [-43.7525317, -19.8003375], [-43.7524214, -19.8004632], [-43.7522671, -19.8005855], [-43.7521264, -19.8006601], [-43.7519278, -19.8007291], [-43.7517003, -19.8007802], [-43.7513866, -19.800773], [-43.7510924, -19.8007206], [-43.7507828, -19.8005985], [-43.7501018, -19.8003205], [-43.7497747, -19.8001552], [-43.7495895, -19.800026], [-43.7495475, -19.7999967], [-43.749332, -19.7997725], [-43.7491421, -19.7994877], [-43.7490086, -19.7991734], [-43.7488662, -19.7987416], [-43.7487914, -19.7985377], [-43.7484298, -19.7975527], [-43.7482211, -19.7970054], [-43.7480003, -19.7964263], [-43.7475063, -19.7952232], [-43.7472271, -19.7945432], [-43.7469543, -19.7939564], [-43.7467325, -19.7935738], [-43.7464904, -19.793252], [-43.7462496, -19.7929818], [-43.7459557, -19.7926646], [-43.7458838, -19.792587], [-43.7456452, -19.7923481], [-43.7454296, -19.7921322], [-43.7452605, -19.7919629], [-43.744893, -19.7915545], [-43.7447239, -19.791287], [-43.7446031, -19.791096], [-43.7445876, -19.7910673], [-43.7445372, -19.7909741], [-43.7443402, -19.7906099], [-43.744109, -19.7900713], [-43.7440027, -19.7896632], [-43.7439644, -19.7895163], [-43.7437067, -19.7885073], [-43.7435492, -19.7880535], [-43.7433596, -19.7876873], [-43.7430876, -19.7874354], [-43.7428097, -19.7872706], [-43.7424589, -19.7871641], [-43.7419056, -19.78715], [-43.7417326, -19.7871756], [-43.7413314, -19.787235], [-43.7382622, -19.7876921], [-43.7380094, -19.7877297], [-43.7372785, -19.7878466], [-43.7367454, -19.7879445], [-43.7363577, -19.7879614], [-43.7360495, -19.7879089], [-43.7356973, -19.7877704], [-43.7354279, -19.7875438], [-43.7351568, -19.7872269], [-43.7348934, -19.786805], [-43.7346765, -19.7865508], [-43.7343775, -19.7863444], [-43.7341135, -19.7862623], [-43.73379, -19.7862823], [-43.7335524, -19.7863671], [-43.7332777, -19.7865611], [-43.7330331, -19.7868575], [-43.7322821, -19.787916], [-43.7321406, -19.7880655], [-43.7319199, -19.7882134], [-43.7316933, -19.7882966], [-43.7314219, -19.7883125], [-43.7310635, -19.7882527], [-43.7309336, -19.7882188], [-43.7307202, -19.7881631], [-43.7303515, -19.7880491], [-43.7298646, -19.7878986], [-43.7296576, -19.7878347], [-43.7291322, -19.7876723], [-43.728454, -19.7874627], [-43.7266553, -19.7869133], [-43.7265575, -19.7868845], [-43.7258587, -19.7866783], [-43.7253604, -19.7865178], [-43.7249516, -19.7863421], [-43.7246791, -19.7861606], [-43.724373, -19.7858776], [-43.7235419, -19.7851147], [-43.7232902, -19.7849732], [-43.7229842, -19.7849187], [-43.7226283, -19.7849542], [-43.722346, -19.7850832], [-43.7220954, -19.7853248], [-43.7216529, -19.7858894], [-43.7214377, -19.7861426], [-43.721213, -19.7863278], [-43.7209973, -19.7864307], [-43.7207081, -19.7864942], [-43.7188732, -19.7867517], [-43.7181197, -19.7868764], [-43.7177409, -19.7869415], [-43.7174931, -19.7869349], [-43.7172601, -19.7868721], [-43.7163941, -19.7865344], [-43.7162012, -19.7864692], [-43.716, -19.7864221], [-43.7157126, -19.7864201], [-43.7154395, -19.7864834], [-43.714981, -19.7865963], [-43.7145894, -19.7866369], [-43.7142439, -19.7866038], [-43.7138907, -19.7864888], [-43.7131998, -19.7861099], [-43.7127441, -19.78591], [-43.7124445, -19.7858199], [-43.7120711, -19.7858073], [-43.7117272, -19.7858406], [-43.7113227, -19.7859859], [-43.7110197, -19.7861753], [-43.7108189, -19.7863497], [-43.7106278, -19.7866081], [-43.7103109, -19.7871986], [-43.7101501, -19.7874266], [-43.7098985, -19.7876749], [-43.7096034, -19.7878819], [-43.709263, -19.7880414], [-43.7076009, -19.7884727], [-43.7053171, -19.7890427], [-43.7049568, -19.7890856], [-43.7046178, -19.7890392], [-43.7043442, -19.788929], [-43.7039649, -19.788604], [-43.7035139, -19.7880987], [-43.7032472, -19.7878328], [-43.7028459, -19.7876074], [-43.7025423, -19.7874766], [-43.7017465, -19.7871336], [-43.7011575, -19.7868545], [-43.7007806, -19.7867611], [-43.7005521, -19.7867755], [-43.7003225, -19.7868307], [-43.7001176, -19.7869335], [-43.6997627, -19.7872891], [-43.699326, -19.7878761], [-43.6990632, -19.7882043], [-43.6988407, -19.7883779], [-43.6985968, -19.7884836], [-43.698137, -19.7885669], [-43.6971331, -19.7886686], [-43.6968555, -19.7886926], [-43.6965215, -19.788661], [-43.6961983, -19.7886005], [-43.6953695, -19.7883455], [-43.6944372, -19.7880696], [-43.6935121, -19.7877959], [-43.6931575, -19.787691], [-43.692801, -19.787578], [-43.6924888, -19.78749], [-43.6922152, -19.787413], [-43.6920141, -19.7873878], [-43.6918008, -19.7873991], [-43.6915809, -19.7874445], [-43.6910874, -19.7876174], [-43.6908473, -19.787683], [-43.6906368, -19.7877058], [-43.6904463, -19.7877095], [-43.6902411, -19.7876641], [-43.6900413, -19.7875821], [-43.6898589, -19.7874534], [-43.6894995, -19.7870723], [-43.6893104, -19.7868641], [-43.6891424, -19.7867355], [-43.6890569, -19.7866836], [-43.688833, -19.7865839], [-43.6885393, -19.7865158], [-43.6878674, -19.7864539], [-43.6872102, -19.7864047], [-43.6867999, -19.7864009], [-43.6866195, -19.7864091], [-43.6864317, -19.7864382], [-43.6862406, -19.7864893], [-43.6860059, -19.7865744], [-43.6856834, -19.7867322], [-43.6854427, -19.7868477], [-43.6852247, -19.7869335], [-43.6850041, -19.7869865], [-43.6847151, -19.7870205], [-43.6844771, -19.7870338], [-43.6841143, -19.7870363], [-43.6838709, -19.7870256], [-43.6836704, -19.7870287], [-43.683486, -19.7870571], [-43.6833049, -19.7871089], [-43.6831172, -19.7871713], [-43.6829482, -19.7872679], [-43.6827993, -19.7873941], [-43.6826867, -19.7875303], [-43.6825915, -19.7876931], [-43.6825392, -19.7878875], [-43.6825284, -19.788025], [-43.6825298, -19.7882433], [-43.6825529, -19.7884506], [-43.6825621, -19.7886605], [-43.6825728, -19.7889521], [-43.6825354, -19.7892227], [-43.6824617, -19.7894994], [-43.6822884, -19.7899646], [-43.6821972, -19.7901072], [-43.6820336, -19.7903122], [-43.6817773, -19.790606], [-43.6815494, -19.7908731], [-43.6814415, -19.7910391], [-43.6813181, -19.7912858], [-43.6812035, -19.7915244], [-43.6810485, -19.7917602], [-43.6809198, -19.7919382], [-43.6807508, -19.792139], [-43.6805999, -19.7923243], [-43.680435, -19.7925578], [-43.6802807, -19.7928467], [-43.680215, -19.793113], [-43.6801574, -19.7935622], [-43.6800192, -19.7941894], [-43.67992, -19.7944543], [-43.6797819, -19.7947193], [-43.6796008, -19.7949881], [-43.6795217, -19.7950872], [-43.679411, -19.7952058], [-43.6792997, -19.7953074], [-43.679175, -19.7954052], [-43.6791354, -19.7954253], [-43.6787452, -19.7956317], [-43.6783429, -19.795778], [-43.6779901, -19.7958424], [-43.6776415, -19.7958689], [-43.6773236, -19.7958638], [-43.6769964, -19.7958007], [-43.6766168, -19.7956973], [-43.6738649, -19.7948014], [-43.6735109, -19.7946562], [-43.6731769, -19.7944771], [-43.6729811, -19.7943319], [-43.6728269, -19.7941666], [-43.6726177, -19.7938575], [-43.6722838, -19.793316], [-43.6721054, -19.7928884], [-43.6720034, -19.7924745], [-43.6719489, -19.7920437], [-43.6719565, -19.791682], [-43.6719954, -19.7913097], [-43.6721059, -19.7902449], [-43.6721429, -19.7893109], [-43.672106, -19.7890434], [-43.6720142, -19.7887468], [-43.6718237, -19.788391], [-43.6716414, -19.7881752], [-43.6714388, -19.787972], [-43.6712162, -19.7877916], [-43.6692488, -19.7864022], [-43.6690034, -19.786175], [-43.6688317, -19.7860299], [-43.668471, -19.7855744], [-43.6679399, -19.7848374], [-43.6676247, -19.7844411], [-43.6674504, -19.7842519], [-43.6672063, -19.7840613], [-43.6669636, -19.7839212], [-43.6667369, -19.7838304], [-43.666403, -19.7837244], [-43.6642693, -19.7829457], [-43.6610279, -19.7816636], [-43.6603922, -19.781415], [-43.6584329, -19.7807353], [-43.657935, -19.7805213], [-43.6575705, -19.7802963], [-43.6572666, -19.780051], [-43.6569981, -19.7797466], [-43.656806, -19.7794755], [-43.6566864, -19.7792394], [-43.6564414, -19.7785901], [-43.6562905, -19.7782729], [-43.6561454, -19.7780405], [-43.6559083, -19.7777896], [-43.6555005, -19.7774734], [-43.6548127, -19.7770943], [-43.6533934, -19.7763435], [-43.6530504, -19.7761572], [-43.652921, -19.7760761], [-43.6525957, -19.7758547], [-43.6524467, -19.7757533], [-43.6522879, -19.7756408], [-43.6520905, -19.7754913], [-43.6519834, -19.7754003], [-43.6514999, -19.7749398], [-43.6511334, -19.7745506], [-43.6507375, -19.7740545], [-43.6502082, -19.7732521], [-43.6496888, -19.7722929], [-43.6492772, -19.7716123], [-43.6488499, -19.7710386], [-43.648499, -19.7706144], [-43.6481854, -19.7702971], [-43.6462272, -19.7685742], [-43.6459685, -19.7683566], [-43.6453138, -19.7677976], [-43.6438692, -19.766381], [-43.6433517, -19.7658442], [-43.6430175, -19.7654919], [-43.6421644, -19.7645219], [-43.6410726, -19.7631686], [-43.6405738, -19.762542], [-43.63996, -19.761783], [-43.6398318, -19.7616303], [-43.6388731, -19.7604693], [-43.6387039, -19.7602656], [-43.6371494, -19.7583466], [-43.6369388, -19.7580967], [-43.6366496, -19.7578079], [-43.636332, -19.7575554], [-43.6359859, -19.7573661], [-43.6357237, -19.7572802], [-43.6353974, -19.7572173], [-43.6350603, -19.7571775], [-43.633039, -19.7569981], [-43.6324938, -19.7568981], [-43.6320607, -19.7567483], [-43.6316201, -19.7564774], [-43.6313801, -19.7562633], [-43.6311858, -19.7560288], [-43.6308308, -19.7554981], [-43.6307348, -19.7552986], [-43.6303931, -19.7545576], [-43.6293979, -19.7524363], [-43.6291713, -19.7520059], [-43.6290009, -19.7516664], [-43.6288319, -19.7514215], [-43.6286294, -19.7512069], [-43.628388, -19.7510201], [-43.6281627, -19.7508762], [-43.6278764, -19.7507506], [-43.627405, -19.7505796], [-43.6266661, -19.7503411], [-43.6262396, -19.7501416], [-43.6260344, -19.7500078], [-43.6258547, -19.7498576], [-43.6256026, -19.74958], [-43.6252713, -19.7491193], [-43.6249414, -19.7486509], [-43.6246061, -19.7482407], [-43.6244023, -19.7480413], [-43.624067, -19.7477813], [-43.6238725, -19.7476664], [-43.6230227, -19.7472608], [-43.622666, -19.7471668], [-43.6222632, -19.7471106], [-43.6220561, -19.7471037], [-43.6216923, -19.7470732], [-43.6210968, -19.7470491], [-43.6204436, -19.7470338], [-43.6199007, -19.7469773], [-43.619464, -19.7468903], [-43.6191412, -19.7467818], [-43.6188042, -19.7466825], [-43.6185666, -19.7465626], [-43.6175895, -19.7458753], [-43.615271, -19.743907], [-43.6141191, -19.7429291], [-43.6134585, -19.7423837], [-43.6130418, -19.7421239], [-43.6128773, -19.7420372], [-43.6125366, -19.7419011], [-43.6122094, -19.741789], [-43.6115658, -19.7415889], [-43.6111644, -19.7414742], [-43.6106519, -19.7413233], [-43.6102928, -19.741236], [-43.6098419, -19.741155], [-43.6094488, -19.7411157], [-43.6089378, -19.741125], [-43.608467, -19.7411163], [-43.6081132, -19.7410776], [-43.6077284, -19.7409841], [-43.6074281, -19.7408557], [-43.6071205, -19.7406433], [-43.6068711, -19.740433], [-43.606579, -19.740031], [-43.6063456, -19.7395614], [-43.6060797, -19.7388813], [-43.6058962, -19.7384882], [-43.6057364, -19.7382785], [-43.6055886, -19.7381072], [-43.6053572, -19.7379141], [-43.6050575, -19.7377223], [-43.6047379, -19.7375872], [-43.604389, -19.7375001], [-43.6040636, -19.7374588], [-43.6036967, -19.7374592], [-43.6034114, -19.7374654], [-43.603098, -19.737467], [-43.6027664, -19.7374532], [-43.6024679, -19.7374401], [-43.6021695, -19.7373662], [-43.6018701, -19.7372773], [-43.6015769, -19.7371738], [-43.6012995, -19.737069], [-43.6009651, -19.7368652], [-43.6007098, -19.7366819], [-43.6004868, -19.7364989], [-43.6002637, -19.7362684], [-43.6000452, -19.7360262], [-43.5998555, -19.7357912], [-43.5997154, -19.735568], [-43.5995792, -19.7353589], [-43.5994347, -19.7350894], [-43.5993304, -19.7348992], [-43.5992174, -19.7346928], [-43.5989472, -19.7342154], [-43.5988211, -19.7340082], [-43.5985881, -19.7336244], [-43.5984313, -19.7333789], [-43.5982523, -19.7331292], [-43.5979018, -19.7327691], [-43.5977049, -19.7326109], [-43.5974392, -19.7324128], [-43.597144, -19.7322412], [-43.5968372, -19.7320884], [-43.5965427, -19.731934], [-43.5962773, -19.7317708], [-43.5960084, -19.7315957], [-43.5957482, -19.7314093], [-43.5955594, -19.7312726], [-43.5953996, -19.7311063], [-43.5952072, -19.7308971], [-43.5950645, -19.7306891], [-43.5949275, -19.7304776], [-43.5948175, -19.7302757], [-43.5947377, -19.7300883], [-43.594662, -19.7298995], [-43.5944259, -19.7292127], [-43.5943508, -19.7289906], [-43.5942566, -19.7288001], [-43.5941342, -19.7285732], [-43.5939736, -19.7283492], [-43.5938155, -19.7281607], [-43.5936384, -19.7279538], [-43.5934703, -19.7277854], [-43.5932975, -19.7276322], [-43.5931071, -19.7274902], [-43.592907, -19.7273591], [-43.5927004, -19.7272354], [-43.5924866, -19.7271346], [-43.592261, -19.7270446], [-43.5920448, -19.7269858], [-43.5918269, -19.7269329], [-43.5915362, -19.7268792], [-43.5908277, -19.7267278], [-43.5907129, -19.7267033], [-43.5889154, -19.7263193], [-43.5887196, -19.726278], [-43.5876989, -19.7260797], [-43.5867214, -19.7258897], [-43.5855393, -19.7255446], [-43.5854378, -19.7255051], [-43.5844693, -19.7251291], [-43.5831269, -19.7245739], [-43.581831, -19.7241128], [-43.5812328, -19.7240124], [-43.580483, -19.7239543], [-43.5796657, -19.7239258], [-43.5778777, -19.7238332], [-43.5769775, -19.7237579], [-43.5765908, -19.7237974], [-43.5758501, -19.7240304], [-43.5754085, -19.7241504], [-43.5749948, -19.7241917], [-43.5739698, -19.724083], [-43.5731192, -19.7239682], [-43.5726631, -19.7238867], [-43.5724246, -19.723868], [-43.5721861, -19.7238961], [-43.5717947, -19.7239899], [-43.5714306, -19.7241264], [-43.5706524, -19.7245538], [-43.5697865, -19.7249955], [-43.5691139, -19.7253386], [-43.5670154, -19.7264433], [-43.5656278, -19.7270439], [-43.5648282, -19.727285], [-43.5628619, -19.7279174], [-43.5626002, -19.7280356], [-43.562352, -19.7281458], [-43.5620583, -19.7283221], [-43.5615152, -19.7287476], [-43.5610244, -19.7292191], [-43.560732, -19.7295814], [-43.5603833, -19.7301318], [-43.5601178, -19.730773], [-43.5598281, -19.7316289], [-43.5594928, -19.7327625], [-43.5593634, -19.7332827], [-43.5591944, -19.7339625], [-43.5590248, -19.7349416], [-43.5589343, -19.7355004], [-43.558663, -19.736373], [-43.5585103, -19.7366923], [-43.5582955, -19.7370488], [-43.557559, -19.7386753], [-43.557426, -19.7389883], [-43.557357, -19.7391507], [-43.5570145, -19.7396962], [-43.556695, -19.7400439], [-43.5564725, -19.7402717], [-43.5557814, -19.740965], [-43.5552154, -19.7414599], [-43.5547023, -19.741796], [-43.5526553, -19.7428251], [-43.5513722, -19.7434689], [-43.5506582, -19.7439482], [-43.5498195, -19.7445685], [-43.5493675, -19.7449715], [-43.543699, -19.7496246], [-43.5434318, -19.7498538], [-43.543177, -19.7501038], [-43.542906, -19.7503411], [-43.5422872, -19.7508417], [-43.5420382, -19.7510159], [-43.5412285, -19.7515826], [-43.5404384, -19.7521107], [-43.5398894, -19.7524103], [-43.5396802, -19.7525093], [-43.5391669, -19.7526012], [-43.5386729, -19.7525907], [-43.5383527, -19.7525087], [-43.5380378, -19.7524195], [-43.5373737, -19.752197], [-43.5369091, -19.7520425], [-43.5366337, -19.7519625], [-43.5361402, -19.751922], [-43.5358337, -19.7519483], [-43.5353522, -19.7520376], [-43.5350884, -19.7521526], [-43.5313109, -19.7542463], [-43.5310488, -19.7543426], [-43.5307556, -19.7544171], [-43.5304557, -19.754451], [-43.530139, -19.7544526], [-43.5295729, -19.7544103], [-43.5290233, -19.7542116], [-43.5284469, -19.7539099], [-43.5277087, -19.7535041], [-43.5262728, -19.7526452], [-43.5259243, -19.7524452], [-43.5257748, -19.752353], [-43.5253047, -19.7520837], [-43.5248878, -19.7517918], [-43.524499, -19.751467], [-43.5238623, -19.7508206], [-43.52317, -19.7500827], [-43.5226832, -19.7494269], [-43.5224236, -19.7490605], [-43.5221154, -19.7486543], [-43.5215857, -19.7479023], [-43.5214016, -19.7475506], [-43.521265, -19.7471179], [-43.5211822, -19.7466478], [-43.5211509, -19.746214], [-43.5211231, -19.7458295], [-43.5209223, -19.7436752], [-43.5208004, -19.7433772], [-43.5206189, -19.743126], [-43.5203755, -19.7427828], [-43.5200492, -19.7424461], [-43.519672, -19.7421486], [-43.5179307, -19.7407265], [-43.5172518, -19.7401438], [-43.5163519, -19.739402], [-43.5154483, -19.7386701], [-43.5146274, -19.7381428], [-43.5141484, -19.7379515], [-43.5135047, -19.7377429], [-43.5129431, -19.7376636], [-43.5121754, -19.7376406], [-43.5116503, -19.7377053], [-43.5110252, -19.7378486], [-43.5104914, -19.7380442], [-43.5101784, -19.7381869], [-43.5097532, -19.7383852], [-43.5084172, -19.7389806], [-43.5074791, -19.739532], [-43.5072353, -19.7396997], [-43.5068444, -19.7400668], [-43.5058445, -19.7414009], [-43.5056161, -19.7417249], [-43.5052779, -19.7421663], [-43.5050545, -19.7423963], [-43.5048341, -19.7426098], [-43.5045046, -19.7428231], [-43.5041515, -19.7430074], [-43.5038274, -19.7431239], [-43.5034333, -19.7431954], [-43.5029969, -19.7432312], [-43.5026045, -19.7431848], [-43.502058, -19.7430646], [-43.5013517, -19.7428764], [-43.5012642, -19.742861], [-43.50108, -19.7428285], [-43.5008336, -19.7428087], [-43.5004847, -19.7428194], [-43.500197, -19.742879], [-43.4999321, -19.7429558], [-43.499294, -19.7432618], [-43.4986792, -19.7436662], [-43.4980721, -19.7440604], [-43.4978843, -19.7441824], [-43.4972951, -19.7444651], [-43.4968579, -19.7446749], [-43.4961028, -19.7450409], [-43.4958366, -19.74518], [-43.4950434, -19.7455825], [-43.494265, -19.7459326], [-43.494034, -19.7460416], [-43.4939638, -19.7460747], [-43.4935118, -19.7463259], [-43.4932932, -19.7464572], [-43.4931109, -19.74663], [-43.4929445, -19.7468094], [-43.4928305, -19.7469823], [-43.4923669, -19.7477299], [-43.4921707, -19.7480463], [-43.4920138, -19.7482332], [-43.4917764, -19.7484238], [-43.4916061, -19.7485209], [-43.4913862, -19.7486295], [-43.49113, -19.7487469], [-43.4908377, -19.7488302], [-43.4904642, -19.7488731], [-43.4901094, -19.7488844], [-43.4895975, -19.7488769], [-43.4891995, -19.7488848], [-43.4886919, -19.7489122], [-43.4882574, -19.7489892], [-43.4878725, -19.7490927], [-43.4875211, -19.7492076], [-43.4871925, -19.749354], [-43.4868103, -19.7495332], [-43.4862464, -19.7497945], [-43.4856503, -19.7501025], [-43.4850039, -19.7504117], [-43.484348, -19.7507278], [-43.4839739, -19.7509103], [-43.4837411, -19.7510345], [-43.4834683, -19.7511723], [-43.4830699, -19.7513897], [-43.4820946, -19.7518913], [-43.4813622, -19.752192], [-43.4809011, -19.7523016], [-43.4803368, -19.7523677], [-43.4797831, -19.7523869], [-43.4790538, -19.7523874], [-43.4781339, -19.7523697], [-43.477032, -19.7524354], [-43.4765061, -19.7525411], [-43.4760746, -19.752664], [-43.4755449, -19.7529341], [-43.4752883, -19.7530719], [-43.4748431, -19.7534261], [-43.473778, -19.7546561], [-43.4733639, -19.755169], [-43.472997, -19.7555665], [-43.4725026, -19.7561532], [-43.4713984, -19.7573937], [-43.4709159, -19.7577936], [-43.4704685, -19.7580951], [-43.4700365, -19.758321], [-43.4696498, -19.7584739], [-43.46924, -19.7585945], [-43.4688689, -19.7586831], [-43.4676123, -19.7588809], [-43.465535, -19.7592899], [-43.4644541, -19.7594918], [-43.4634818, -19.7596521], [-43.4628515, -19.7598049], [-43.4622172, -19.7600118], [-43.4616539, -19.7603122], [-43.4611201, -19.7607439], [-43.4609605, -19.7609029], [-43.4605636, -19.7613447], [-43.4603222, -19.7617107], [-43.4600754, -19.7621903], [-43.4598903, -19.7627393], [-43.4597073, -19.7633527], [-43.4594437, -19.7642235], [-43.4592694, -19.764765], [-43.4591018, -19.7652862], [-43.4588939, -19.7658214], [-43.4586431, -19.7662694], [-43.4583568, -19.7666007], [-43.4580879, -19.7668134], [-43.4577982, -19.7669793], [-43.457556, -19.7670967], [-43.4573543, -19.7671522], [-43.4571324, -19.7671913], [-43.4564405, -19.7672236], [-43.4556384, -19.7672797], [-43.4548196, -19.7674084], [-43.4542409, -19.7675586], [-43.4537816, -19.767729], [-43.4534061, -19.767905], [-43.4531734, -19.7680249], [-43.4523478, -19.7685297], [-43.4511378, -19.7692758], [-43.4496, -19.7702361], [-43.4488879, -19.7707194], [-43.4482737, -19.7712205], [-43.4468958, -19.7723967], [-43.4459163, -19.7732241], [-43.4456573, -19.7734361], [-43.4450752, -19.773973], [-43.4440405, -19.774876], [-43.4416737, -19.7769085], [-43.4410535, -19.777448], [-43.4389718, -19.7792254], [-43.4375797, -19.7805341], [-43.4373471, -19.780776], [-43.4355278, -19.7826126], [-43.4351216, -19.7830291], [-43.4346883, -19.7834455], [-43.434241, -19.7837925], [-43.4338629, -19.7840215], [-43.4324446, -19.78472], [-43.4319136, -19.7849951], [-43.431471, -19.7852772], [-43.4312839, -19.7854349], [-43.431127, -19.7856059], [-43.4309875, -19.7857952], [-43.4308246, -19.7860779], [-43.4306261, -19.7865423], [-43.430445, -19.7871303], [-43.4301273, -19.7881916], [-43.4300407, -19.7884831], [-43.4299328, -19.7888057], [-43.4298496, -19.7890282], [-43.429682, -19.789403], [-43.4294151, -19.7898422], [-43.4287888, -19.7907053], [-43.4286238, -19.7909299], [-43.4280183, -19.7917076], [-43.427382, -19.7925893], [-43.427099, -19.7930171], [-43.4267423, -19.7936871], [-43.4263654, -19.7945704], [-43.4260744, -19.7952481], [-43.4257606, -19.7959459], [-43.4254763, -19.7965099], [-43.4252121, -19.7969049], [-43.4249719, -19.7971777], [-43.4247569, -19.7973642], [-43.424433, -19.7975468], [-43.4241343, -19.7976581], [-43.4237674, -19.7977163], [-43.4234243, -19.7977401], [-43.4216608, -19.7976254], [-43.4201293, -19.7974866], [-43.4190027, -19.7974121], [-43.4180184, -19.7973806], [-43.417494, -19.7974247], [-43.4170299, -19.7975594], [-43.4166766, -19.7977093], [-43.416397, -19.7978998], [-43.4161493, -19.7981346], [-43.4150359, -19.7994013], [-43.4143963, -19.7999989], [-43.4134494, -19.8007022], [-43.4120277, -19.8017591], [-43.4110473, -19.802472], [-43.4105325, -19.8027241], [-43.4102796, -19.8028308], [-43.4098963, -19.8029965], [-43.4095288, -19.8031106], [-43.4092087, -19.8031503], [-43.4076342, -19.8037151], [-43.40703, -19.8039331], [-43.4067598, -19.8040064], [-43.4063776, -19.8040833], [-43.4055454, -19.804195], [-43.4037699, -19.8044201], [-43.4035888, -19.8044616], [-43.4034493, -19.8045079], [-43.4032421, -19.8046164], [-43.4030557, -19.8047578], [-43.402935, -19.8048833], [-43.4027888, -19.8050719], [-43.4026788, -19.8052631], [-43.4023315, -19.805964], [-43.4016851, -19.8073059], [-43.4013283, -19.8081702], [-43.4005665, -19.8099001], [-43.3997005, -19.8116449], [-43.3995527, -19.8119617], [-43.3993757, -19.8122734], [-43.3992545, -19.812459], [-43.398963, -19.8129052], [-43.3978667, -19.8142774], [-43.3976223, -19.8145997], [-43.3968933, -19.8154756], [-43.3960974, -19.8162625], [-43.3955374, -19.8167613], [-43.3952908, -19.8169836], [-43.3940409, -19.8181102], [-43.3931865, -19.8187925], [-43.3929682, -19.8189257], [-43.3927173, -19.8190199], [-43.3918534, -19.8192203], [-43.3916482, -19.8192897], [-43.3914256, -19.8193931], [-43.391207, -19.8195357], [-43.3898833, -19.8206926], [-43.3895776, -19.8209462], [-43.3892852, -19.8211342], [-43.3890411, -19.8212478], [-43.3885972, -19.8214029], [-43.3879401, -19.8216351], [-43.3877242, -19.8217373], [-43.3875508, -19.8218486], [-43.3873073, -19.8221177], [-43.3864473, -19.8238198], [-43.3861242, -19.8242756], [-43.3842641, -19.8266791], [-43.3839557, -19.8270096], [-43.383674, -19.8272493], [-43.3834273, -19.8273931], [-43.3827192, -19.8276366], [-43.3824281, -19.8277565], [-43.382231, -19.8278814], [-43.3820446, -19.828063], [-43.3818716, -19.8282826], [-43.3814149, -19.8290523], [-43.3812515, -19.8293277], [-43.380914, -19.8298406], [-43.3806217, -19.8302481], [-43.3802646, -19.8306172], [-43.3800703, -19.8307441], [-43.3797649, -19.830924], [-43.3795622, -19.8310568], [-43.3792949, -19.8311633], [-43.378987, -19.8312432], [-43.3789279, -19.8312585], [-43.3782819, -19.8313362], [-43.3776926, -19.8313879], [-43.3772313, -19.8314302], [-43.3768994, -19.831471], [-43.3765554, -19.8315043], [-43.3763541, -19.8315561], [-43.375856, -19.8317259], [-43.3755589, -19.8318829], [-43.375335, -19.8320616], [-43.3752069, -19.8321664], [-43.3750642, -19.832302], [-43.3747583, -19.8326247], [-43.3746145, -19.8327988], [-43.3743994, -19.8331129], [-43.3741545, -19.8334875], [-43.3739308, -19.8338083], [-43.3736683, -19.8341683], [-43.373461, -19.8344807], [-43.3733157, -19.8346965], [-43.3731254, -19.8349305], [-43.3729546, -19.8351012], [-43.3728298, -19.8352228], [-43.3727365, -19.8353072], [-43.3724769, -19.8354537], [-43.372162, -19.8355731], [-43.3717744, -19.8356136], [-43.3712728, -19.8356097], [-43.3709095, -19.8355884], [-43.3704695, -19.8355378], [-43.3701387, -19.8354749], [-43.3697761, -19.8353284], [-43.3687758, -19.8348307], [-43.3683492, -19.8346484], [-43.3678718, -19.8345538], [-43.3675312, -19.8345185], [-43.3667178, -19.834443], [-43.3661388, -19.8344874], [-43.365666, -19.8346047], [-43.3649321, -19.8348402], [-43.3642149, -19.8350985], [-43.3640255, -19.8351392], [-43.363855, -19.8351548], [-43.3634426, -19.8350855], [-43.3625422, -19.8348572], [-43.3619886, -19.8346973], [-43.3615651, -19.8345071], [-43.3611087, -19.8341613], [-43.3606759, -19.8337411], [-43.3599955, -19.8331478], [-43.3599536, -19.8331135], [-43.3590765, -19.8323307], [-43.3579429, -19.8312626], [-43.3578198, -19.8311729], [-43.357604, -19.8310463], [-43.3572677, -19.830927], [-43.3571484, -19.8309084], [-43.357061, -19.8308947], [-43.3568544, -19.8308927], [-43.3562273, -19.8309955], [-43.3559875, -19.8310371], [-43.3559224, -19.8310484], [-43.3554804, -19.8311229], [-43.3551246, -19.8311785], [-43.3543113, -19.8313085], [-43.3540876, -19.8313613], [-43.3539476, -19.8313943], [-43.3536387, -19.8314958], [-43.3530068, -19.8317601], [-43.3522772, -19.8320947], [-43.3518863, -19.8323041], [-43.3518367, -19.8323346], [-43.3515627, -19.8325918], [-43.3514055, -19.8328004], [-43.3513432, -19.8330098], [-43.3512923, -19.8334536], [-43.3511361, -19.8339521], [-43.3510651, -19.8341817], [-43.3509618, -19.8343873], [-43.3508062, -19.8345627], [-43.3506869, -19.8346674], [-43.3505286, -19.8347595], [-43.3503529, -19.8348402], [-43.3498177, -19.8350269], [-43.3491401, -19.8352685], [-43.3487402, -19.8354098], [-43.3479241, -19.8357001], [-43.3475744, -19.8358245], [-43.3473192, -19.8359154], [-43.3469335, -19.8360348], [-43.3466667, -19.8361169], [-43.3464891, -19.8361715], [-43.3450662, -19.8366628], [-43.3441649, -19.8369518], [-43.3437839, -19.837144], [-43.3434025, -19.8373914], [-43.3418259, -19.8385473], [-43.3415841, -19.838657], [-43.3412979, -19.8387063], [-43.3409802, -19.838714], [-43.3406528, -19.8386953], [-43.3399575, -19.8384969], [-43.3384966, -19.8379873], [-43.3382528, -19.8378821], [-43.3380571, -19.8377769], [-43.337723, -19.8374269], [-43.337303, -19.8369358], [-43.3370408, -19.8367176], [-43.3367878, -19.8366249], [-43.3365253, -19.8365864], [-43.3363184, -19.8366173], [-43.3360923, -19.8367205], [-43.3357468, -19.8369837], [-43.3352069, -19.8374395], [-43.3350345, -19.8376132], [-43.3349148, -19.8378457], [-43.3347615, -19.8383688], [-43.3346818, -19.8386421], [-43.3345339, -19.8390878], [-43.3342317, -19.839733], [-43.3340051, -19.8400177], [-43.3336957, -19.8402498], [-43.3328999, -19.840633], [-43.3311185, -19.8413985], [-43.3305953, -19.841522], [-43.3302805, -19.8415078], [-43.330026, -19.8414432], [-43.3296661, -19.8413162], [-43.3291932, -19.8410992], [-43.3287693, -19.8409499], [-43.32832, -19.8408982], [-43.3269238, -19.8411057], [-43.3265617, -19.8410963], [-43.3263098, -19.8410217], [-43.3260847, -19.8409156], [-43.3254585, -19.8405989], [-43.3250854, -19.8405796], [-43.3246936, -19.8405844], [-43.3243937, -19.840589], [-43.3240889, -19.8405301], [-43.3237798, -19.8403296], [-43.3234539, -19.8399163], [-43.3230007, -19.8393568], [-43.3226958, -19.8392078], [-43.3223621, -19.8391707], [-43.3219657, -19.8392858], [-43.3217519, -19.8394671], [-43.3215864, -19.8396757], [-43.3214458, -19.8400402], [-43.3214494, -19.8404695], [-43.3214383, -19.8411925], [-43.3213313, -19.8414775], [-43.3211394, -19.841758], [-43.3209309, -19.8420498], [-43.3206694, -19.8423251], [-43.3203603, -19.8425287], [-43.3201335, -19.8425894], [-43.3198779, -19.8425733], [-43.3194492, -19.842376], [-43.3190197, -19.8420718], [-43.3183755, -19.8416462], [-43.318111, -19.8415102], [-43.3178657, -19.8414194], [-43.3174527, -19.8413144], [-43.3168002, -19.8412264], [-43.3167451, -19.841223], [-43.3162027, -19.8411899], [-43.3158488, -19.8412888], [-43.3155412, -19.8415391], [-43.3153731, -19.8418454], [-43.3153272, -19.842201], [-43.3152935, -19.8427951], [-43.315257, -19.8431624], [-43.3151756, -19.8433383], [-43.3150638, -19.8434942], [-43.3149239, -19.8436199], [-43.3147523, -19.8437107], [-43.3146082, -19.8437621], [-43.3143638, -19.8437936], [-43.3142045, -19.8437675], [-43.3140876, -19.8437443], [-43.3138661, -19.8436521], [-43.3135536, -19.8434381], [-43.3132008, -19.8432048], [-43.3129789, -19.8431424], [-43.3127571, -19.8431267], [-43.3124593, -19.8431794], [-43.3121614, -19.8432508], [-43.3116952, -19.8435153], [-43.3113855, -19.8438067], [-43.3110138, -19.844005], [-43.3106486, -19.844133], [-43.3101578, -19.8442082], [-43.3096671, -19.8442036], [-43.3090625, -19.844225], [-43.3087678, -19.8442384], [-43.3084992, -19.844215], [-43.3081891, -19.8441404], [-43.3078241, -19.8440526], [-43.3073796, -19.8440053], [-43.3069513, -19.8441387], [-43.3066699, -19.8443647], [-43.3064742, -19.8447253], [-43.3063924, -19.8450821], [-43.3064481, -19.8453845], [-43.3068044, -19.8460079], [-43.306889, -19.8462961], [-43.3068692, -19.8465889], [-43.3067597, -19.8468537], [-43.3065481, -19.8471098], [-43.3062147, -19.847278], [-43.3046112, -19.8476974], [-43.304399, -19.8477634], [-43.3042165, -19.8478638], [-43.3040617, -19.8479848], [-43.3039001, -19.8481935], [-43.3036845, -19.8484743], [-43.3029679, -19.8495619], [-43.3026065, -19.8500907], [-43.3024427, -19.8502841], [-43.3022388, -19.8504586], [-43.3019455, -19.850602], [-43.3016255, -19.850695], [-43.3011679, -19.8507409], [-43.3007436, -19.8507835], [-43.3001939, -19.8508154], [-43.299479, -19.8508569], [-43.2980496, -19.8509707], [-43.2962421, -19.851102], [-43.2945422, -19.8511959], [-43.2936229, -19.8512646], [-43.2930408, -19.8513037], [-43.2927378, -19.8513138], [-43.2925098, -19.8513012], [-43.2922831, -19.8512798], [-43.2920431, -19.8512167], [-43.2917628, -19.8511095], [-43.2913859, -19.850943], [-43.2911137, -19.8508181], [-43.2908776, -19.8507197], [-43.2907958, -19.8506894], [-43.2905652, -19.8506327], [-43.2903063, -19.8506087], [-43.2901029, -19.8506138], [-43.2899027, -19.8506188], [-43.2890578, -19.8506844], [-43.2880573, -19.850784], [-43.2853496, -19.8510325], [-43.2851176, -19.8510489], [-43.2848802, -19.8510502], [-43.2846308, -19.851025], [-43.2844833, -19.8509909], [-43.2843304, -19.8509493], [-43.2840649, -19.8508471], [-43.2837926, -19.850726], [-43.2833249, -19.8505026], [-43.2826714, -19.8502], [-43.2819154, -19.8498607], [-43.2816991, -19.8497636], [-43.2814524, -19.8496879], [-43.2812767, -19.8496639], [-43.2810822, -19.8496576], [-43.2808153, -19.8496702], [-43.2801408, -19.849756], [-43.2793616, -19.8498556], [-43.2786655, -19.849925], [-43.2784188, -19.8499439], [-43.2781653, -19.8499414], [-43.2774532, -19.8498821], [-43.2766257, -19.8497913], [-43.2752784, -19.8496481], [-43.2747039, -19.849587], [-43.274425, -19.8495743], [-43.2742453, -19.8495731], [-43.2740173, -19.8495907], [-43.2738456, -19.8496399], [-43.2736163, -19.8497484], [-43.2734393, -19.8498556], [-43.2732797, -19.8500095], [-43.2730879, -19.8502378], [-43.2729833, -19.8504359], [-43.2729256, -19.8506112], [-43.2728787, -19.8508395], [-43.2728049, -19.8514299], [-43.2727781, -19.8515384], [-43.2727432, -19.8516418], [-43.2726949, -19.8517604], [-43.2726292, -19.8518626], [-43.2725085, -19.8520152], [-43.2723637, -19.8521312], [-43.2721961, -19.8522309], [-43.2720204, -19.8522788], [-43.2718433, -19.8523015], [-43.2716368, -19.8522763], [-43.2713605, -19.8522006], [-43.2709247, -19.8520669], [-43.2703078, -19.8518499], [-43.2700717, -19.8517276], [-43.2699336, -19.8516141], [-43.2698129, -19.8514665], [-43.2697003, -19.8512747], [-43.2695876, -19.8510704], [-43.2694173, -19.8507664], [-43.2692617, -19.850557], [-43.2691491, -19.8504334], [-43.269027, -19.8503413], [-43.2688996, -19.8502833], [-43.2687441, -19.8502341], [-43.2685643, -19.8502126], [-43.2684007, -19.8502139], [-43.2682532, -19.8502416], [-43.2681191, -19.8502908], [-43.267981, -19.8503627], [-43.2678469, -19.8504662], [-43.2677315, -19.8505746], [-43.2657185, -19.8528982], [-43.2655723, -19.8530861], [-43.2654423, -19.8532753], [-43.2653336, -19.8534456], [-43.2652344, -19.85366], [-43.2651901, -19.8538707], [-43.2651204, -19.8542302], [-43.2650761, -19.8544472], [-43.2650185, -19.8546275], [-43.2649273, -19.8547751], [-43.264816, -19.8549], [-43.2646202, -19.8550514], [-43.264415, -19.8551371], [-43.2641964, -19.8551788], [-43.263735, -19.85518], [-43.2631114, -19.8551548], [-43.2626233, -19.8551409], [-43.2622974, -19.8551157], [-43.2620439, -19.8550665], [-43.2618052, -19.8549908], [-43.2615329, -19.8548584], [-43.2609522, -19.8545455], [-43.2607175, -19.8544396], [-43.2605016, -19.8543702], [-43.2601771, -19.854321], [-43.2595226, -19.8542529], [-43.2586375, -19.8541104], [-43.258439, -19.8540624], [-43.2581064, -19.8539854], [-43.2575673, -19.8538669], [-43.2573259, -19.8538076], [-43.2572105, -19.8537685], [-43.2570228, -19.8537029], [-43.2567847, -19.8535516], [-43.2567445, -19.8535244], [-43.256658, -19.8534531], [-43.256483, -19.8532911], [-43.2562906, -19.8530585], [-43.2562208, -19.85296], [-43.2561759, -19.8528969], [-43.2561443, -19.8528484], [-43.2561101, -19.852798], [-43.2559607, -19.8525275], [-43.2558265, -19.8522511], [-43.2556937, -19.8519812], [-43.255569, -19.8517339], [-43.2554658, -19.8515396], [-43.2553894, -19.8514148], [-43.2551185, -19.8510805], [-43.2550192, -19.8509417], [-43.2549199, -19.850803], [-43.2547563, -19.8505254], [-43.2545618, -19.8501432], [-43.2543956, -19.8498291], [-43.2542092, -19.8494772], [-43.2540308, -19.849148], [-43.2539463, -19.849008], [-43.2538283, -19.8488364], [-43.2537009, -19.8486812], [-43.2535533, -19.84854], [-43.2533884, -19.8484088], [-43.2532576, -19.8483214], [-43.2531618, -19.8482725], [-43.2530344, -19.848217], [-43.2528158, -19.8481754], [-43.2526025, -19.8481578], [-43.2523491, -19.8481502], [-43.2504997, -19.848125], [-43.2497366, -19.8481388], [-43.2494898, -19.8481464], [-43.2492712, -19.8481754], [-43.2490821, -19.8482246], [-43.248881, -19.8483154], [-43.2487442, -19.8483974], [-43.2486074, -19.8485021], [-43.2484666, -19.8486283], [-43.2483485, -19.8487998], [-43.2482372, -19.8490256], [-43.2481836, -19.8491959], [-43.2481648, -19.8493221], [-43.2481581, -19.849428], [-43.2481594, -19.8496399], [-43.248193, -19.8499868], [-43.2482386, -19.8502744], [-43.24826, -19.850528], [-43.2482493, -19.8506793], [-43.2482278, -19.8508282], [-43.2481849, -19.8509833], [-43.2481273, -19.8511246], [-43.2478134, -19.8518007], [-43.2477357, -19.8519811], [-43.2476968, -19.8521666], [-43.2476981, -19.8523772], [-43.247737, -19.8526371], [-43.2477812, -19.8528452], [-43.2478429, -19.8531164], [-43.2478537, -19.8533081], [-43.2478322, -19.8534835], [-43.2477893, -19.8536348], [-43.2477236, -19.8537774], [-43.2476471, -19.8538896], [-43.2475144, -19.8540158], [-43.2473548, -19.8541167], [-43.2471221, -19.8542491], [-43.2469357, -19.8543324], [-43.2467178, -19.8544068], [-43.246538, -19.8544232], [-43.246361, -19.8544093], [-43.2462122, -19.8543702], [-43.2459882, -19.8542781], [-43.245728, -19.8541444], [-43.2455631, -19.8540738], [-43.2453579, -19.8540372], [-43.2452318, -19.8540296], [-43.2450521, -19.8540511], [-43.2448818, -19.8541091], [-43.2447785, -19.8541652], [-43.2446229, -19.8542769], [-43.2444862, -19.8544131], [-43.2443829, -19.8545481], [-43.2443172, -19.8546767], [-43.2442515, -19.8548558], [-43.2441911, -19.8550576], [-43.2440288, -19.8556606], [-43.2439671, -19.8558599], [-43.2439148, -19.8559703], [-43.2438572, -19.8560693], [-43.2437392, -19.8562169], [-43.2436547, -19.8562825], [-43.2435367, -19.8563588], [-43.2434374, -19.8563985], [-43.2433315, -19.8564288], [-43.2431866, -19.8564521], [-43.2429975, -19.8564502], [-43.2428503, -19.8564269], [-43.2426663, -19.8563827], [-43.242439, -19.8563045], [-43.2420614, -19.8561626], [-43.2418951, -19.8561147], [-43.2417087, -19.8560706], [-43.2415089, -19.8560542], [-43.2412903, -19.8560542], [-43.2410409, -19.8560819], [-43.2404991, -19.856203], [-43.2400994, -19.856307], [-43.2398781, -19.8563607], [-43.2396347, -19.8564357], [-43.2394409, -19.8565045], [-43.2393001, -19.8565688], [-43.2391338, -19.8566596], [-43.2389058, -19.8567933], [-43.2385343, -19.8570204], [-43.2381521, -19.8572821], [-43.2379154, -19.8574297], [-43.2377096, -19.8575476], [-43.2375325, -19.8576441], [-43.2372858, -19.8577274], [-43.237033, -19.857757], [-43.2366239, -19.8577406], [-43.2363316, -19.8577374], [-43.2361854, -19.8577595], [-43.2360721, -19.8577948], [-43.2358461, -19.8579071], [-43.2354813, -19.8581707], [-43.2353271, -19.8582779], [-43.2350461, -19.8584829], [-43.2348745, -19.8585996], [-43.234794, -19.8586463], [-43.2346313, -19.8587312], [-43.2344923, -19.8587526], [-43.2343601, -19.8587787], [-43.2341214, -19.8587945], [-43.2339122, -19.8587938], [-43.2330237, -19.8587989], [-43.2327575, -19.858814], [-43.2325289, -19.8588487], [-43.2320897, -19.858937], [-43.231802, -19.8590114], [-43.2315472, -19.8591003], [-43.2312085, -19.8592486], [-43.2300089, -19.8597568], [-43.2295851, -19.859936], [-43.2284056, -19.8604449], [-43.2277425, -19.8607237], [-43.2275467, -19.8608038], [-43.2273495, -19.8608851], [-43.2271034, -19.860952], [-43.226921, -19.8609671], [-43.2267152, -19.8609608], [-43.2265449, -19.8609255], [-43.2263745, -19.8608568], [-43.2262398, -19.8607641], [-43.2260849, -19.860619], [-43.2259782, -19.8604733], [-43.2258877, -19.860315], [-43.2257824, -19.8600665], [-43.2256456, -19.859748], [-43.225476, -19.8593034], [-43.2253882, -19.8590537], [-43.2253519, -19.8588657], [-43.22536, -19.8586664], [-43.2254016, -19.8585359], [-43.2254807, -19.8583738], [-43.2255719, -19.8582477], [-43.2256624, -19.8581587], [-43.2258582, -19.8579765], [-43.2262149, -19.8576832], [-43.2263095, -19.8576082], [-43.2264074, -19.8575281], [-43.2265831, -19.8573553], [-43.2266652, -19.8572573], [-43.2267217, -19.8571548], [-43.2267317, -19.8571341], [-43.2267631, -19.8570689], [-43.2268035, -19.8569476], [-43.2268289, -19.8568581], [-43.2268895, -19.8564831], [-43.2269633, -19.8559305], [-43.2270223, -19.8555143], [-43.2270384, -19.8552532], [-43.227035, -19.8550268], [-43.2270119, -19.8548953], [-43.2269888, -19.8548123], [-43.2268902, -19.8546294], [-43.22675, -19.8544446], [-43.2266293, -19.8543399], [-43.2264791, -19.8542567], [-43.2262572, -19.8541892], [-43.2260104, -19.8541501], [-43.2256859, -19.8541444], [-43.2255343, -19.8541482], [-43.2253553, -19.854181], [-43.2251696, -19.8542504], [-43.2249818, -19.8543582], [-43.2248202, -19.8545112], [-43.2245775, -19.8547814], [-43.2244886, -19.8548744], [-43.2243884, -19.854965], [-43.2242998, -19.8550255], [-43.2242254, -19.8550671], [-43.224122, -19.8551116], [-43.2240155, -19.8551485], [-43.2238982, -19.8551769], [-43.2238077, -19.8551784], [-43.2236943, -19.8551718], [-43.2229313, -19.85504], [-43.222309, -19.8549195], [-43.221969, -19.8548653], [-43.2215278, -19.8548394], [-43.2212629, -19.8548445], [-43.2209907, -19.854876], [-43.2208043, -19.8549391], [-43.2206588, -19.8550198], [-43.2205511, -19.8550968], [-43.2204489, -19.8551807], [-43.220353, -19.855286], [-43.2202859, -19.8553938], [-43.2201813, -19.8556505], [-43.219905, -19.8563998], [-43.2198112, -19.8566647], [-43.2197025, -19.8568933], [-43.2196268, -19.8570134], [-43.2195101, -19.8571402], [-43.2193465, -19.85726], [-43.2191782, -19.8573433], [-43.2190018, -19.857395], [-43.2188308, -19.8574158], [-43.2186578, -19.8574171], [-43.2184634, -19.8573868], [-43.2182481, -19.8573288], [-43.217935, -19.8572026], [-43.2176547, -19.8570759], [-43.2174186, -19.8569125], [-43.2172758, -19.8567946], [-43.2171531, -19.8566464], [-43.2170257, -19.8564427], [-43.2169466, -19.8562093], [-43.2168956, -19.8559911], [-43.2168943, -19.8557981], [-43.2169208, -19.8556272], [-43.2170793, -19.8551056], [-43.2172058, -19.8546732], [-43.2174012, -19.8540057], [-43.2177097, -19.8530003], [-43.2178035, -19.8526825], [-43.2179537, -19.8521098], [-43.2179759, -19.8518771], [-43.2179611, -19.8516443], [-43.2179316, -19.8515431], [-43.2178921, -19.8514595], [-43.2177821, -19.8512836], [-43.2176755, -19.8511669], [-43.2174267, -19.8509865], [-43.2171793, -19.8508541], [-43.216968, -19.8507676], [-43.2167541, -19.8507418], [-43.2165791, -19.8507676], [-43.2164195, -19.8508162], [-43.2161808, -19.8509335], [-43.2160836, -19.8509852], [-43.2159502, -19.8510647], [-43.2156511, -19.8512363], [-43.2153272, -19.851423], [-43.2151817, -19.8514986], [-43.2150248, -19.8515693], [-43.2148779, -19.8516197], [-43.2146211, -19.8516809], [-43.2143938, -19.8517213], [-43.2141282, -19.8517534], [-43.2139197, -19.8517541], [-43.2136247, -19.8517377], [-43.213453, -19.8517099], [-43.2132498, -19.8516683], [-43.2130191, -19.851592], [-43.2128368, -19.8515125], [-43.2125638, -19.8513529], [-43.2123265, -19.8512041], [-43.211898, -19.8509133], [-43.2108834, -19.8501735], [-43.2105227, -19.8499326], [-43.2102558, -19.849802], [-43.2100017, -19.8497087], [-43.2097992, -19.8496589], [-43.2096885, -19.8496393], [-43.2095718, -19.849638], [-43.2087216, -19.8496639], [-43.2084011, -19.8496525], [-43.2080966, -19.8496084], [-43.2078552, -19.8495327], [-43.2075924, -19.8494318], [-43.2073081, -19.8492527], [-43.2071149, -19.8490887], [-43.2069916, -19.8489726], [-43.2063478, -19.8482889], [-43.2058998, -19.8478121], [-43.2053594, -19.8472306], [-43.2049075, -19.8468105], [-43.2042933, -19.846205], [-43.2038561, -19.8457635], [-43.2036844, -19.8455138], [-43.2035771, -19.845322], [-43.2031667, -19.8445525], [-43.2030648, -19.8443999], [-43.2027591, -19.8440284], [-43.2022896, -19.8434576], [-43.2020858, -19.8432002], [-43.2019195, -19.8430135], [-43.2017639, -19.8428319], [-43.201367, -19.8423677], [-43.2011658, -19.8421532], [-43.200856, -19.8418429], [-43.2007447, -19.8417218], [-43.2005274, -19.8415578], [-43.2002217, -19.8413635], [-43.1999239, -19.8412323], [-43.1997174, -19.8411591], [-43.1994009, -19.8410835], [-43.1989074, -19.8410254], [-43.1985346, -19.8409977], [-43.1982046, -19.8409371], [-43.1978828, -19.8408072], [-43.1976736, -19.8406646], [-43.1975207, -19.8405208], [-43.1968072, -19.8398699], [-43.1964102, -19.8395091], [-43.1962279, -19.8393729], [-43.1960562, -19.8392946], [-43.1958953, -19.8392366], [-43.1951684, -19.8390726], [-43.1946607, -19.8389971], [-43.1946427, -19.8389944], [-43.1941974, -19.8389767], [-43.1938434, -19.8389894], [-43.193382, -19.8390676], [-43.1930602, -19.8391382], [-43.1925588, -19.8393164], [-43.1924759, -19.8393459], [-43.1920674, -19.8394916], [-43.1918102, -19.8395368], [-43.1915957, -19.8395369], [-43.1914777, -19.8395167], [-43.1913543, -19.8394763], [-43.1912497, -19.8394309], [-43.1910217, -19.8392719], [-43.190807, -19.8390814], [-43.1907025, -19.8389868], [-43.1906194, -19.8388367], [-43.1905885, -19.8387736], [-43.1905657, -19.838698], [-43.1905402, -19.8384816], [-43.1905408, -19.8384344], [-43.1905231, -19.8383514], [-43.1904824, -19.8382759], [-43.1904217, -19.8382134], [-43.1903454, -19.8381684], [-43.1903141, -19.8381582], [-43.1902706, -19.8381495], [-43.1902296, -19.8381413], [-43.1899971, -19.8381088], [-43.1898241, -19.838047], [-43.1897275, -19.8379978], [-43.1896551, -19.8379537], [-43.1894915, -19.8378729], [-43.1893881, -19.8377694], [-43.1892648, -19.8376522], [-43.1891125, -19.8375412], [-43.1889631, -19.837439], [-43.1887968, -19.8373607], [-43.188652, -19.8373115], [-43.1884669, -19.8372775], [-43.1876265, -19.8372362], [-43.1867194, -19.8372258], [-43.1864968, -19.8372661], [-43.1863385, -19.8373267], [-43.1861776, -19.8373948], [-43.1860422, -19.8374945], [-43.1857941, -19.8377114], [-43.1856546, -19.8378376], [-43.1853434, -19.8380546], [-43.1850135, -19.8382123], [-43.1848499, -19.8382728], [-43.1845282, -19.8383758], [-43.1844314, -19.8384034], [-43.1828825, -19.8388456], [-43.1827082, -19.8388922], [-43.1826869, -19.8388962], [-43.1825872, -19.8389253], [-43.1822663, -19.8389685], [-43.1820705, -19.838978], [-43.1819538, -19.8389767], [-43.1818436, -19.8389695], [-43.1817696, -19.8389363], [-43.181575, -19.8388498], [-43.1814162, -19.8387809], [-43.1813617, -19.8387957], [-43.1813081, -19.8388153], [-43.1812417, -19.8388632], [-43.1811733, -19.8389465], [-43.1811324, -19.8390051], [-43.1811129, -19.8390524], [-43.1811049, -19.8390821], [-43.1810117, -19.8392221], [-43.1809594, -19.8392839], [-43.180901, -19.8393426], [-43.1808407, -19.8393867], [-43.1806844, -19.8394675], [-43.180317, -19.8395791], [-43.1798422, -19.8397097], [-43.1798047, -19.8397179], [-43.1796532, -19.8397614], [-43.1795906, -19.8397794], [-43.1789652, -19.8399708], [-43.1786379, -19.840102], [-43.1782919, -19.8402698], [-43.1773397, -19.8407637], [-43.1772606, -19.8408047], [-43.1766531, -19.8411074], [-43.1758962, -19.8414815], [-43.1756513, -19.8415931], [-43.1752892, -19.8417281], [-43.1750357, -19.8418126], [-43.174687, -19.8419274], [-43.1744362, -19.8419842], [-43.1739695, -19.8420725], [-43.1734532, -19.8421318], [-43.1728202, -19.842191], [-43.1724568, -19.842239], [-43.1719163, -19.8423361], [-43.1716266, -19.8424068], [-43.1711009, -19.8425594], [-43.1707791, -19.8426792], [-43.1704143, -19.842847], [-43.170079, -19.8430325], [-43.1696827, -19.8433039], [-43.169059, -19.8438021], [-43.1689248, -19.8439175], [-43.1686735, -19.844142], [-43.1680311, -19.8447147], [-43.1672253, -19.8454433], [-43.1671887, -19.8454764], [-43.1669611, -19.8456967], [-43.1667332, -19.8458825], [-43.1666365, -19.845968], [-43.166603, -19.8459969], [-43.1665025, -19.8460841], [-43.16634, -19.8462353], [-43.166002, -19.8465785], [-43.1657808, -19.8467803], [-43.1652269, -19.8472596], [-43.1650163, -19.8474236], [-43.1648058, -19.8475472], [-43.1645603, -19.8476494], [-43.1641231, -19.8477314], [-43.1638978, -19.8477629], [-43.1632608, -19.8478373], [-43.1629121, -19.8478865], [-43.1627069, -19.8479395], [-43.1625044, -19.8480203], [-43.1622885, -19.8481313], [-43.1620806, -19.8482612], [-43.161862, -19.84841], [-43.1615563, -19.8486396], [-43.1614141, -19.8487443], [-43.1610654, -19.8490181], [-43.1608654, -19.8491442], [-43.1606255, -19.849288], [-43.1604069, -19.8493914], [-43.1600972, -19.8494848], [-43.1598692, -19.849539], [-43.1596358, -19.8495769], [-43.1594594, -19.8495835], [-43.1590256, -19.8495996], [-43.158237, -19.8495844], [-43.1568892, -19.8494999], [-43.1565734, -19.8494775], [-43.1557184, -19.8494179], [-43.1552061, -19.8494066], [-43.1549513, -19.849423], [-43.1546456, -19.8494772], [-43.1541078, -19.8496677], [-43.1535459, -19.8499061], [-43.1530577, -19.8500865], [-43.15276, -19.850176], [-43.1525226, -19.8502252], [-43.1523053, -19.8502353], [-43.1517112, -19.850258], [-43.1514321, -19.8502442], [-43.1511024, -19.8502278], [-43.1502025, -19.8502101], [-43.1497452, -19.8501887], [-43.1495212, -19.8501685], [-43.14919, -19.850094], [-43.1487621, -19.8499616], [-43.1479964, -19.8496071], [-43.1477925, -19.8495188], [-43.1475297, -19.8494419], [-43.1472521, -19.8494053], [-43.1468377, -19.8493864], [-43.1460048, -19.8493826], [-43.1456065, -19.8493877], [-43.1451277, -19.8493914], [-43.1447107, -19.8493977], [-43.1443901, -19.849428], [-43.1441233, -19.8495024], [-43.1439261, -19.849568], [-43.1437089, -19.8496891], [-43.1434701, -19.8498619], [-43.1432368, -19.8501004], [-43.1428842, -19.8506008], [-43.1424817, -19.851141], [-43.1421264, -19.8515913], [-43.1417388, -19.8519622], [-43.1414826, -19.8521502], [-43.1413244, -19.8522485], [-43.141036, -19.8523823], [-43.1402086, -19.8527178], [-43.1390646, -19.8531265], [-43.1385563, -19.8533081], [-43.1381761, -19.8534538], [-43.1377061, -19.8536109], [-43.1373453, -19.853713], [-43.1370194, -19.8537635], [-43.1363878, -19.8538177], [-43.1339684, -19.8539073], [-43.1331034, -19.8539489], [-43.1327353, -19.8539742], [-43.1323671, -19.8539994], [-43.1316818, -19.8540914], [-43.1309214, -19.8542163], [-43.1294476, -19.8545266], [-43.1290425, -19.8546326], [-43.1288534, -19.8546944], [-43.1286965, -19.8547663], [-43.1283063, -19.8550627], [-43.1278785, -19.8553793], [-43.1276666, -19.8555067], [-43.1274037, -19.8556341], [-43.1266232, -19.8558763], [-43.1258557, -19.856134], [-43.1252116, -19.8563241], [-43.1244701, -19.856562], [-43.124291, -19.8566192], [-43.124169, -19.8566659], [-43.1240593, -19.8567134], [-43.1239926, -19.8567523], [-43.1239316, -19.8567952], [-43.1238759, -19.85684], [-43.1238275, -19.8568838], [-43.1237465, -19.8569743], [-43.1236609, -19.857085], [-43.1235769, -19.8572039], [-43.1235063, -19.8573113], [-43.1234334, -19.8574215], [-43.1233715, -19.8575268], [-43.1233335, -19.8575924], [-43.1232999, -19.8576611], [-43.1232726, -19.8577327], [-43.1232499, -19.8578022], [-43.1232349, -19.857868], [-43.1232261, -19.8579405], [-43.1232198, -19.8580266], [-43.1232201, -19.8580771], [-43.1232235, -19.8581316], [-43.1232342, -19.8582035], [-43.1232497, -19.8582795], [-43.1236204, -19.859641], [-43.1238767, -19.8606115], [-43.1240373, -19.8611758], [-43.1243285, -19.8621919], [-43.1244109, -19.8625039], [-43.1244754, -19.8627244], [-43.1245334, -19.8630069], [-43.1245497, -19.8631641], [-43.1245547, -19.8633112], [-43.1245498, -19.8634755], [-43.1245293, -19.8635833], [-43.1244865, -19.8637155], [-43.124389, -19.8638613], [-43.1242886, -19.8639817], [-43.1241702, -19.8640755], [-43.1240362, -19.8641454], [-43.123894, -19.8642028], [-43.1237452, -19.8642376], [-43.1235771, -19.8642538], [-43.123414, -19.8642309], [-43.1232908, -19.8642085], [-43.1231596, -19.8641427], [-43.123037, -19.8640746], [-43.122911, -19.8639701], [-43.1227771, -19.863848], [-43.1222889, -19.863373], [-43.1222174, -19.8633184], [-43.1220845, -19.8632168], [-43.1218778, -19.8630744], [-43.1214469, -19.8628152], [-43.1210969, -19.8626428], [-43.1203401, -19.8622449], [-43.1199539, -19.8620582], [-43.1195638, -19.8618929], [-43.118372, -19.8613551], [-43.1181286, -19.8612144], [-43.1178867, -19.8611001], [-43.1176494, -19.8610052], [-43.1170755, -19.8608482], [-43.1166807, -19.8607602], [-43.1159967, -19.860575], [-43.1155564, -19.8604374], [-43.1152681, -19.8603377], [-43.1149623, -19.8602154], [-43.114692, -19.8600842], [-43.1144188, -19.8599584], [-43.1141987, -19.8598776], [-43.1140229, -19.8598286], [-43.1138807, -19.8598035], [-43.1137942, -19.8597935], [-43.1136992, -19.8597877], [-43.1135642, -19.8597834], [-43.1134421, -19.8597868], [-43.1133258, -19.8597931], [-43.1122823, -19.8599448], [-43.1117892, -19.8600161], [-43.1112751, -19.860081], [-43.1109725, -19.8601107], [-43.1108089, -19.8601246], [-43.1106322, -19.8601332], [-43.1105158, -19.8601334], [-43.1103998, -19.8601283], [-43.1102718, -19.8601214], [-43.110205, -19.8601164], [-43.1101303, -19.8601098], [-43.1100056, -19.8600892], [-43.1099077, -19.8600691], [-43.1097863, -19.8600432], [-43.1094316, -19.8599675], [-43.1087783, -19.8598369], [-43.1081269, -19.8597048], [-43.1080502, -19.8596862], [-43.1079751, -19.8596661], [-43.1079154, -19.8596471], [-43.1078517, -19.8596251], [-43.1077901, -19.8596017], [-43.1077231, -19.8595726], [-43.1076784, -19.8595497], [-43.1076305, -19.8595216], [-43.1075735, -19.8594825], [-43.1075165, -19.859437], [-43.1074826, -19.8594046], [-43.1074481, -19.8593678], [-43.1074145, -19.8593258], [-43.1073815, -19.8592807], [-43.1073627, -19.859252], [-43.1073435, -19.8592214], [-43.1073262, -19.8591899], [-43.1073107, -19.8591572], [-43.1072945, -19.8591208], [-43.1072798, -19.8590839], [-43.107266, -19.8590423], [-43.1072536, -19.8589982], [-43.1072429, -19.8589528], [-43.1072335, -19.8589036], [-43.1072276, -19.8588552], [-43.1072239, -19.8588064], [-43.1072224, -19.8587566], [-43.1072238, -19.85871], [-43.1072268, -19.8586608], [-43.1072325, -19.8586159], [-43.1072409, -19.8585725], [-43.1072529, -19.8585277], [-43.1072773, -19.8584467], [-43.1072945, -19.8584019], [-43.1073176, -19.858355], [-43.1073508, -19.8583025], [-43.1073944, -19.8582464], [-43.1074394, -19.8581941], [-43.1074926, -19.8581387], [-43.1075641, -19.858072], [-43.1076413, -19.8580037], [-43.109386, -19.8565839], [-43.1102309, -19.8558738], [-43.1110796, -19.8551745], [-43.1112032, -19.8550614], [-43.1113198, -19.8549517], [-43.1114338, -19.8548432], [-43.1114865, -19.8547887], [-43.1115351, -19.8547335], [-43.1115968, -19.8546565], [-43.1116578, -19.8545746], [-43.1117021, -19.8545134], [-43.1117436, -19.8544459], [-43.1117778, -19.8543809], [-43.1118093, -19.8543109], [-43.1118388, -19.854234], [-43.1118633, -19.8541575], [-43.1118878, -19.8540814], [-43.1119072, -19.8540006], [-43.111926, -19.8538947], [-43.1119421, -19.8537826], [-43.1119475, -19.8537073], [-43.1119508, -19.8536273], [-43.1119515, -19.8535459], [-43.1119488, -19.8534595], [-43.1119381, -19.8533333], [-43.1119253, -19.8532341], [-43.1119046, -19.8531391], [-43.1118777, -19.8530457], [-43.1118462, -19.8529568], [-43.1118114, -19.8528717], [-43.1117691, -19.8527764], [-43.1117222, -19.8526799], [-43.1116645, -19.852574], [-43.111592, -19.8524556], [-43.1114566, -19.8522624], [-43.1113064, -19.8520555], [-43.1110175, -19.851648], [-43.110483, -19.8509051], [-43.1099419, -19.8501441], [-43.1095022, -19.8495238], [-43.1094235, -19.8494053], [-43.1093498, -19.8492817], [-43.1092706, -19.8491467], [-43.1092069, -19.8490077], [-43.1091674, -19.8488919], [-43.1091325, -19.8487532], [-43.1090855, -19.8485018], [-43.10904, -19.8482271], [-43.1090011, -19.8479711], [-43.1089722, -19.8477945], [-43.1089515, -19.8476847], [-43.1089313, -19.8475851], [-43.1089116, -19.8475028], [-43.1088904, -19.8474305], [-43.1088536, -19.8473214], [-43.108824, -19.8472419], [-43.1087907, -19.8471688], [-43.108767, -19.8471212], [-43.1087416, -19.8470729], [-43.1086846, -19.846977], [-43.1086242, -19.8468824], [-43.1085873, -19.8468266], [-43.108553, -19.8467762], [-43.1082621, -19.8463753], [-43.1079884, -19.846006], [-43.1078491, -19.8458241], [-43.1077719, -19.8457301], [-43.1077022, -19.8456525], [-43.1076319, -19.845587], [-43.1075889, -19.8455478], [-43.1075399, -19.8455062], [-43.107491, -19.8454677], [-43.1074253, -19.8454191], [-43.1071691, -19.8452577], [-43.1067881, -19.8450461], [-43.106005, -19.8446547], [-43.1056389, -19.8444693], [-43.1052599, -19.8442814], [-43.1052024, -19.8442555], [-43.10514, -19.8442283], [-43.1050609, -19.8441955], [-43.1049771, -19.8441649], [-43.1047806, -19.8440984], [-43.10473, -19.8440829], [-43.1046733, -19.8440675], [-43.1046116, -19.8440517], [-43.1045457, -19.8440356], [-43.1044587, -19.8440177], [-43.1044044, -19.8440095], [-43.1043508, -19.8440038], [-43.1042422, -19.8439931], [-43.1041617, -19.8439893], [-43.1040806, -19.8439874], [-43.1039974, -19.8439909], [-43.1039344, -19.843995], [-43.1036607, -19.8440273], [-43.1034127, -19.844058], [-43.1031445, -19.8440908], [-43.1028682, -19.8441224], [-43.102567, -19.844158], [-43.1023854, -19.8441741], [-43.1022392, -19.8441791], [-43.1021333, -19.8441716], [-43.1020383, -19.8441593], [-43.1018691, -19.8441173], [-43.1016907, -19.8440631], [-43.1015298, -19.843995], [-43.1013672, -19.8439048], [-43.1011999, -19.8437931], [-43.101028, -19.8436657], [-43.1009316, -19.8435761], [-43.1008354, -19.843471], [-43.1007546, -19.8433592], [-43.100705, -19.8432797], [-43.1006549, -19.8431793], [-43.1005749, -19.8429807], [-43.1004985, -19.8427701], [-43.1003954, -19.8424659], [-43.100363, -19.8423834], [-43.1003442, -19.8423364], [-43.1003248, -19.8422957], [-43.100301, -19.842251], [-43.1002772, -19.8422112], [-43.100251, -19.8421677], [-43.1002249, -19.8421292], [-43.1001947, -19.8420882], [-43.1001632, -19.842051], [-43.1001323, -19.8420182], [-43.1000958, -19.841985], [-43.1000552, -19.8419523], [-43.1000103, -19.8419198], [-43.0999637, -19.8418902], [-43.0999074, -19.8418602], [-43.0998531, -19.8418359], [-43.0997971, -19.8418139], [-43.0997314, -19.8417918], [-43.0996733, -19.8417791], [-43.099608, -19.8417672], [-43.0995302, -19.8417596], [-43.0994571, -19.8417571], [-43.0993719, -19.8417584], [-43.0992673, -19.8417647], [-43.099209, -19.84177], [-43.09914, -19.8417796], [-43.0990058, -19.8417994], [-43.098865, -19.8418227], [-43.0986196, -19.8418668], [-43.0983567, -19.8419198], [-43.0981582, -19.8419602], [-43.0980027, -19.8419917], [-43.0979155, -19.8420088], [-43.0978339, -19.8420209], [-43.0977559, -19.8420315], [-43.0976647, -19.8420397], [-43.0975279, -19.8420447], [-43.0974575, -19.8420428], [-43.0973806, -19.8420373], [-43.0973325, -19.8420305], [-43.0972812, -19.8420195], [-43.09719, -19.8419917], [-43.097093, -19.8419469], [-43.0969982, -19.8418908], [-43.096915, -19.8418353], [-43.0968267, -19.8417623], [-43.0967863, -19.841718], [-43.0967514, -19.8416764], [-43.0967065, -19.8416152], [-43.0966649, -19.8415578], [-43.0966477, -19.8415302], [-43.0966301, -19.841501], [-43.096614, -19.8414673], [-43.0965999, -19.8414329], [-43.096591, -19.8414043], [-43.0965845, -19.8413755], [-43.0965757, -19.8413181], [-43.09657, -19.841262], [-43.0965666, -19.8412047], [-43.096576, -19.8402448], [-43.0965744, -19.8401733], [-43.0965704, -19.8400932], [-43.096567, -19.8400525], [-43.0965603, -19.8400156], [-43.0965503, -19.8399781], [-43.0965364, -19.8399404], [-43.0965184, -19.8398967], [-43.096499, -19.8398548], [-43.0964758, -19.8398068], [-43.0964497, -19.8397614], [-43.0964249, -19.8397226], [-43.096396, -19.8396819], [-43.0963655, -19.8396457], [-43.096329, -19.8396075], [-43.0962897, -19.8395697], [-43.0962461, -19.839532], [-43.095818, -19.8392038], [-43.0954076, -19.8388822], [-43.0952293, -19.8387408], [-43.0950811, -19.838621], [-43.0949865, -19.8385377], [-43.0949, -19.8384596], [-43.0948176, -19.838375], [-43.0947431, -19.838288], [-43.0947056, -19.8382343], [-43.0946792, -19.8381898], [-43.0946556, -19.8381464], [-43.0946345, -19.8380933], [-43.0946157, -19.8380413], [-43.0946023, -19.8379928], [-43.0945941, -19.8379557], [-43.0945876, -19.8379196], [-43.0945842, -19.8378841], [-43.0945815, -19.8378477], [-43.0945795, -19.8377682], [-43.0945802, -19.837685], [-43.0945909, -19.8376011], [-43.0946063, -19.8375298], [-43.0946251, -19.8374759], [-43.0946459, -19.8374251], [-43.0946901, -19.8373349], [-43.0947277, -19.8372661], [-43.0947813, -19.8371904], [-43.0948524, -19.8371141], [-43.0949322, -19.8370378], [-43.0951247, -19.836899], [-43.095362, -19.8367495], [-43.0956637, -19.8365678], [-43.0961205, -19.8362815], [-43.0962053, -19.8362213], [-43.0962485, -19.8361856], [-43.096325, -19.8361156], [-43.0963819, -19.836057], [-43.0964056, -19.8360295], [-43.0964279, -19.8360004], [-43.0964524, -19.8359633], [-43.0964725, -19.8359258], [-43.0964912, -19.8358904], [-43.0965127, -19.8358456], [-43.0965342, -19.8357873], [-43.0965527, -19.8357182], [-43.0965657, -19.8356476], [-43.0965717, -19.8355769], [-43.0965717, -19.8355044], [-43.0965673, -19.8354323], [-43.09656, -19.8353732], [-43.0965489, -19.8353108], [-43.0965315, -19.8352294], [-43.0965115, -19.8351505], [-43.0963531, -19.8346245], [-43.0962928, -19.8344151], [-43.0962208, -19.8341278], [-43.0962036, -19.8340372], [-43.0961895, -19.8339458], [-43.0961774, -19.833836], [-43.0961709, -19.833725], [-43.0961734, -19.8335787], [-43.0961825, -19.8334062], [-43.096211, -19.832958], [-43.0962326, -19.8325749], [-43.0962351, -19.832442], [-43.096223, -19.83236], [-43.0961913, -19.8322567], [-43.0961318, -19.832119], [-43.0960507, -19.8319905], [-43.0959159, -19.8318541], [-43.0957005, -19.8317102], [-43.0952159, -19.8313798], [-43.0941832, -19.8306632], [-43.0937765, -19.8303738], [-43.0934349, -19.8301308], [-43.0932232, -19.8299905], [-43.0929896, -19.8298356], [-43.09259, -19.8295807], [-43.0922413, -19.8293966], [-43.0920374, -19.8293133], [-43.0918235, -19.8292546], [-43.0915402, -19.8292044], [-43.0913535, -19.8291745], [-43.0911801, -19.8291665], [-43.0909082, -19.8291669], [-43.0906306, -19.8291883], [-43.0902977, -19.8292051], [-43.0900434, -19.8292312], [-43.0898488, -19.8292376], [-43.0896759, -19.8292388], [-43.0895323, -19.829225], [-43.0894236, -19.8292048], [-43.0892723, -19.829161], [-43.0891165, -19.8290976], [-43.0889849, -19.8290431], [-43.0886082, -19.8288503], [-43.088208, -19.8286385], [-43.0881234, -19.828597], [-43.087935, -19.8284822], [-43.0874792, -19.8282185], [-43.0873593, -19.8281436], [-43.0873421, -19.828133], [-43.0870834, -19.8279874], [-43.0868589, -19.8278575], [-43.0868302, -19.8278409], [-43.0866979, -19.8277579], [-43.0866033, -19.8276884], [-43.0865094, -19.8276101], [-43.0863628, -19.8274796], [-43.0862527, -19.827352], [-43.0861804, -19.8272724], [-43.086081, -19.8271436], [-43.0858948, -19.8269002], [-43.0857202, -19.8266782], [-43.0856266, -19.8265693], [-43.08558, -19.8265151], [-43.0855248, -19.8264575], [-43.0853762, -19.8263119], [-43.0852793, -19.8262367], [-43.085175, -19.8261656], [-43.0850223, -19.8260749], [-43.0848719, -19.8260306], [-43.0847378, -19.8259928], [-43.0845447, -19.825941], [-43.0843301, -19.8258893], [-43.0841611, -19.8258212], [-43.084019, -19.825748], [-43.0838607, -19.8256345], [-43.0837588, -19.8255386], [-43.0836529, -19.8254175], [-43.0835447, -19.8252586], [-43.0832639, -19.8248649], [-43.082971, -19.824431], [-43.0827092, -19.8240939], [-43.0825773, -19.8239641], [-43.0824533, -19.823883], [-43.0822849, -19.8237925], [-43.0821529, -19.8237467], [-43.0820033, -19.8237193], [-43.0817975, -19.8237063], [-43.0815768, -19.8237067], [-43.0812715, -19.8237214], [-43.0807345, -19.823736], [-43.0802845, -19.8237575], [-43.0800546, -19.8237742], [-43.0797457, -19.8237917], [-43.0796014, -19.8238014], [-43.0793858, -19.8238113], [-43.0792222, -19.8238107], [-43.078673, -19.8238294], [-43.0784091, -19.8238253], [-43.0781865, -19.8238127], [-43.0779505, -19.8237748], [-43.0777788, -19.8237319], [-43.0776125, -19.8236562], [-43.0774972, -19.8235931], [-43.0774033, -19.82352], [-43.0769876, -19.8231289], [-43.0761641, -19.8223668], [-43.075677, -19.821892], [-43.0755392, -19.8217713], [-43.0753927, -19.8216649], [-43.0752307, -19.8215821], [-43.0750923, -19.8215312], [-43.0746567, -19.8213701], [-43.0742071, -19.8212133], [-43.0737555, -19.8210424], [-43.0734714, -19.8209615], [-43.0732808, -19.8209286], [-43.073069, -19.8208971], [-43.0727721, -19.820865], [-43.0722347, -19.8208352], [-43.0716161, -19.8208019], [-43.07109, -19.8207671], [-43.0708158, -19.8207368], [-43.0705525, -19.8206774], [-43.0702418, -19.8205829], [-43.0699655, -19.8204541], [-43.0697912, -19.8203532], [-43.0695981, -19.8202296], [-43.0692132, -19.8199334], [-43.0687478, -19.8195483], [-43.0682595, -19.8191436], [-43.0679539, -19.8188948], [-43.067628, -19.8186377], [-43.0674545, -19.8184707], [-43.0673732, -19.8183333], [-43.0673336, -19.8182627], [-43.0672867, -19.8181737], [-43.0671968, -19.8180154], [-43.0668669, -19.8173883], [-43.0667643, -19.8172192], [-43.0666128, -19.8169209], [-43.0665843, -19.8168393], [-43.0665692, -19.8168037], [-43.0665129, -19.8166326], [-43.0664787, -19.8164774], [-43.0664653, -19.8162661], [-43.0664807, -19.816126], [-43.0665752, -19.8156636], [-43.0666235, -19.8154113], [-43.0666423, -19.8151526], [-43.0666262, -19.8149394], [-43.0665886, -19.814788], [-43.0665337, -19.8146504], [-43.0664492, -19.8145016], [-43.0663472, -19.8143577], [-43.0661649, -19.8141824], [-43.0659369, -19.8140246], [-43.0655158, -19.8138202], [-43.0652831, -19.8137175], [-43.0649511, -19.8135689], [-43.0646153, -19.8134326], [-43.0644053, -19.8133061], [-43.0638548, -19.8130487], [-43.0636362, -19.8129411], [-43.0635054, -19.8128613], [-43.0633412, -19.8127544], [-43.0632037, -19.8126424], [-43.063024, -19.8124671], [-43.0629268, -19.8123333], [-43.0628268, -19.8121529], [-43.0627289, -19.8119371], [-43.0626954, -19.8118166], [-43.0626726, -19.8116722], [-43.0626592, -19.8114444], [-43.062678, -19.8112224], [-43.0627303, -19.8109725], [-43.0628403, -19.8106887], [-43.0628708, -19.8106199], [-43.0629268, -19.8105186], [-43.0631903, -19.8100527], [-43.06339, -19.8096932], [-43.0637492, -19.8090465], [-43.0638536, -19.8088774], [-43.0642296, -19.8082686], [-43.0643215, -19.8080932], [-43.0643852, -19.8079627], [-43.0644288, -19.807827], [-43.0644596, -19.8076649], [-43.0644502, -19.8075059], [-43.0644315, -19.807386], [-43.0644073, -19.8072763], [-43.0643423, -19.8070901], [-43.0642658, -19.8069476], [-43.0642055, -19.8068567], [-43.0640667, -19.8066744], [-43.0638863, -19.8065097], [-43.0634961, -19.8061804], [-43.0624996, -19.8053161], [-43.0619672, -19.8048467], [-43.0615644, -19.8044672], [-43.0614539, -19.8043504], [-43.0613756, -19.8042087], [-43.0613391, -19.8040921], [-43.0612542, -19.8037884], [-43.0610529, -19.8032296], [-43.0608905, -19.8029498], [-43.0607497, -19.8027842], [-43.0605541, -19.8026131], [-43.0602861, -19.8024824], [-43.0599947, -19.8023959], [-43.0597707, -19.8023812], [-43.0595575, -19.8024079], [-43.0592983, -19.802464], [-43.0568533, -19.8031026], [-43.0565158, -19.8031652], [-43.0563437, -19.8031799], [-43.0561051, -19.8031679], [-43.0558762, -19.8030962], [-43.0557579, -19.8030465], [-43.0550087, -19.8025864], [-43.0544503, -19.8022155], [-43.0543084, -19.8020858], [-43.0542214, -19.8019634], [-43.0541344, -19.8017959], [-43.054105, -19.8016634], [-43.054104, -19.801495], [-43.0541138, -19.8013745], [-43.0542742, -19.800723], [-43.0543857, -19.8004101], [-43.0545735, -19.7999979], [-43.0547544, -19.7996187], [-43.0552395, -19.7986102], [-43.0553315, -19.7982918], [-43.0553451, -19.7981096], [-43.0553471, -19.7980001], [-43.055308, -19.7978206], [-43.0552151, -19.7976237], [-43.0551026, -19.7974691], [-43.054907, -19.7972924], [-43.0544415, -19.797021], [-43.0539045, -19.7967302], [-43.0535202, -19.7965139], [-43.0533334, -19.7963621], [-43.0532444, -19.7962526], [-43.0531201, -19.796029], [-43.0530918, -19.7959222], [-43.0530703, -19.7957667], [-43.0530624, -19.7954575], [-43.0530673, -19.7952035], [-43.053081, -19.7951087], [-43.0531074, -19.7949974], [-43.053216, -19.7948189], [-43.0533373, -19.7946772], [-43.0534566, -19.7945861], [-43.0535779, -19.794518], [-43.0537461, -19.7944683], [-43.0539319, -19.7944499], [-43.0541207, -19.7944618], [-43.0546625, -19.7945537], [-43.0549745, -19.7945548], [-43.055039, -19.7945465], [-43.0552307, -19.7944719], [-43.0553588, -19.7943919], [-43.0555593, -19.7942051], [-43.0556669, -19.794044], [-43.055754, -19.7938407], [-43.0557784, -19.7936934], [-43.0557755, -19.7935784], [-43.0556757, -19.7926637], [-43.0556053, -19.791933], [-43.055572, -19.7917839], [-43.0554958, -19.7915851], [-43.0554028, -19.7914342], [-43.0552024, -19.7912447], [-43.0547691, -19.7910256], [-43.0544023, -19.7908913], [-43.0541031, -19.7907532], [-43.0539319, -19.7906262], [-43.053897, -19.7905865], [-43.0536904, -19.7903472], [-43.0535495, -19.7901587], [-43.05341, -19.7899379], [-43.0529203, -19.7891842], [-43.0525932, -19.7886029], [-43.0522194, -19.7879354], [-43.0520433, -19.7876667], [-43.0518125, -19.7874191], [-43.0515367, -19.7872314], [-43.0512238, -19.787086], [-43.0504521, -19.7868136], [-43.0498624, -19.7866203], [-43.0495279, -19.7865642], [-43.049165, -19.7865495], [-43.0487875, -19.7865771], [-43.0482946, -19.7866452], [-43.0474975, -19.7867593], [-43.0468686, -19.7868513], [-43.0465909, -19.7868605], [-43.0464266, -19.7868375], [-43.0462417, -19.7867749], [-43.0460882, -19.7866792], [-43.0459708, -19.7865872], [-43.0456794, -19.7863424], [-43.0449028, -19.7856678], [-43.044716, -19.7855022], [-43.0445419, -19.7853043], [-43.0444607, -19.7851782], [-43.0443991, -19.7849951], [-43.0443688, -19.7848074], [-43.0443717, -19.7843849], [-43.0443714, -19.7839997], [-43.0443942, -19.7834729], [-43.0443766, -19.7832382], [-43.0443355, -19.7830882], [-43.0443053, -19.7830176], [-43.0442632, -19.7829189], [-43.0440128, -19.7825766], [-43.0438583, -19.7823511], [-43.043781, -19.7822553], [-43.0436294, -19.7820419], [-43.0435492, -19.7818808], [-43.0435072, -19.7817004], [-43.0435091, -19.7814133], [-43.04356, -19.7809817], [-43.0436206, -19.7802657], [-43.043691, -19.7793987], [-43.0437365, -19.7788985], [-43.0437556, -19.7786882], [-43.0437577, -19.7778196], [-43.0438556, -19.7773539], [-43.0440246, -19.7770725], [-43.0443549, -19.7767413], [-43.0447251, -19.7764562], [-43.0449341, -19.776261], [-43.0450221, -19.776161], [-43.0451267, -19.77602], [-43.0451775, -19.7759293], [-43.0452175, -19.7758305], [-43.0452886, -19.7756286], [-43.0453155, -19.7755549], [-43.0453416, -19.7754063], [-43.0453471, -19.775333], [-43.0453502, -19.7752842], [-43.0454278, -19.7748051], [-43.0455018, -19.7743659], [-43.045522, -19.7742665], [-43.0455778, -19.7739687], [-43.0456582, -19.7737265], [-43.0457103, -19.7735956], [-43.0457801, -19.7734593], [-43.0458833, -19.7732751], [-43.0459906, -19.7731426], [-43.0463432, -19.7726957], [-43.0464582, -19.7725758], [-43.0466454, -19.7723595], [-43.04677, -19.7722105], [-43.0469165, -19.7719971], [-43.0470242, -19.7717822], [-43.0471098, -19.7715922], [-43.0471364, -19.7714092], [-43.0471352, -19.7709069], [-43.0471269, -19.77032], [-43.0470973, -19.76845], [-43.0470968, -19.7676614], [-43.0471839, -19.7669225], [-43.0472376, -19.7666523], [-43.0476096, -19.7649849], [-43.0480448, -19.7630357], [-43.0480767, -19.7627812], [-43.0480657, -19.7625267], [-43.0480331, -19.7623495], [-43.0479698, -19.7621839], [-43.0478477, -19.7619524], [-43.0477011, -19.7617498], [-43.0475649, -19.7616043], [-43.0474226, -19.7614819], [-43.0472669, -19.761398], [-43.047099, -19.7613373], [-43.0468917, -19.7612897], [-43.0465619, -19.7612911], [-43.0462063, -19.7613325], [-43.045204, -19.7616367], [-43.0446388, -19.7617485], [-43.0441759, -19.7617807], [-43.0436416, -19.7616988], [-43.0427903, -19.7615409], [-43.0426381, -19.7615263], [-43.042624, -19.761528], [-43.0422901, -19.7615688], [-43.0421596, -19.7615848], [-43.0417155, -19.7617262], [-43.0413077, -19.7619558], [-43.0405388, -19.7625042], [-43.0402935, -19.7626786], [-43.0400717, -19.7627732], [-43.0397723, -19.7628288], [-43.0394393, -19.7628769], [-43.0393165, -19.7628777], [-43.0389265, -19.7628085], [-43.0383809, -19.7626266], [-43.0378565, -19.762258], [-43.0373205, -19.761788], [-43.0357064, -19.7604292], [-43.0351609, -19.7600201], [-43.0348882, -19.7599078], [-43.0344876, -19.7598517], [-43.0341381, -19.7598717], [-43.0338313, -19.7599439], [-43.0334099, -19.7601648], [-43.0331239, -19.7604012], [-43.0325187, -19.7609105], [-43.0322246, -19.7611111], [-43.0319348, -19.7612073], [-43.0316536, -19.7612274], [-43.0313169, -19.7611552], [-43.0310612, -19.7610429], [-43.0305526, -19.7607228], [-43.0300114, -19.7603329], [-43.0293436, -19.7597013], [-43.0288703, -19.7591732], [-43.0285163, -19.7587203], [-43.0278768, -19.7576395], [-43.0274964, -19.7569893], [-43.0273769, -19.7567816], [-43.027275, -19.7564765], [-43.0272292, -19.7559632], [-43.0272333, -19.7554086], [-43.0272472, -19.7551907], [-43.0273167, -19.7546459], [-43.0273855, -19.7540076], [-43.0273834, -19.7537282], [-43.0272619, -19.7532483], [-43.0270655, -19.7528787], [-43.0266957, -19.7524629], [-43.0261749, -19.751935], [-43.0255615, -19.7511682], [-43.0252322, -19.7506647], [-43.0251682, -19.7505267], [-43.0247497, -19.7496195], [-43.0242312, -19.7485058], [-43.0241373, -19.7482887], [-43.023904, -19.7478015], [-43.0238309, -19.7476683], [-43.0236264, -19.7471817], [-43.0234829, -19.7468611], [-43.0233769, -19.746692], [-43.0232643, -19.7465342], [-43.023055, -19.7462704], [-43.0228445, -19.7460192], [-43.0225374, -19.7456695], [-43.0224207, -19.7455345], [-43.0223443, -19.7454184], [-43.0222879, -19.7453111], [-43.0222303, -19.7451646], [-43.0221069, -19.7447999], [-43.0219909, -19.7444319], [-43.0219272, -19.7441877], [-43.0218615, -19.7440274], [-43.0217978, -19.7439011], [-43.0217166, -19.7437882], [-43.0216241, -19.7436846], [-43.0215289, -19.7436026], [-43.0214015, -19.7435151], [-43.0203726, -19.7428358], [-43.020173, -19.7427026], [-43.0200677, -19.7426294], [-43.0199625, -19.7425423], [-43.0198961, -19.742471], [-43.0198304, -19.7423795], [-43.0197693, -19.7422728], [-43.0197217, -19.7421384], [-43.0197188, -19.742126], [-43.0196909, -19.7420084], [-43.0196667, -19.7418626], [-43.0196553, -19.7417496], [-43.0196272, -19.7414675], [-43.0195984, -19.7412358], [-43.0195414, -19.7408401], [-43.0194649, -19.7403642], [-43.0194233, -19.7400587], [-43.0193979, -19.7399148], [-43.019367, -19.7397697], [-43.0193201, -19.7395866], [-43.0192611, -19.7393771], [-43.0192128, -19.7391903], [-43.0190217, -19.738422], [-43.0189798, -19.7382474], [-43.0189281, -19.7380158], [-43.0188763, -19.7377991], [-43.0188401, -19.7376706], [-43.0186981, -19.7370848], [-43.0185801, -19.7365712], [-43.0184687, -19.7360966], [-43.0184057, -19.7358011], [-43.018325, -19.7354337], [-43.0182043, -19.7349312], [-43.0181319, -19.7346068], [-43.0180648, -19.7342875], [-43.0179843, -19.7339781], [-43.0179079, -19.733679], [-43.017853, -19.7334436], [-43.017806, -19.7332942], [-43.0177402, -19.733136], [-43.0176414, -19.732935], [-43.0175234, -19.7327238], [-43.0174072, -19.7325352], [-43.0172713, -19.7322982], [-43.0171528, -19.7320955], [-43.0170563, -19.7319433], [-43.0168894, -19.7316869], [-43.0166768, -19.731379], [-43.0164756, -19.7310344], [-43.0163924, -19.7308867], [-43.016316, -19.7307743], [-43.0162154, -19.7306544], [-43.0160853, -19.7305004], [-43.015974, -19.7303855], [-43.0155543, -19.7299992], [-43.0149829, -19.7295189], [-43.0143124, -19.728954], [-43.0138296, -19.7285822], [-43.0132824, -19.7281132], [-43.0127151, -19.7276487], [-43.0122927, -19.7272889], [-43.0120218, -19.7270945], [-43.011771, -19.7269341], [-43.0115101, -19.7267915], [-43.0112185, -19.726645], [-43.0108155, -19.7264525], [-43.0105848, -19.7263522], [-43.0103796, -19.7262764], [-43.0102126, -19.7262184], [-43.0099632, -19.726106], [-43.0097808, -19.7259722], [-43.009636, -19.7258598], [-43.009471, -19.7256326], [-43.0093557, -19.725317], [-43.0093047, -19.7249156], [-43.0092846, -19.7243677], [-43.0092618, -19.7238551], [-43.0092135, -19.7236279], [-43.0091196, -19.7234032], [-43.0089211, -19.7231456], [-43.0087468, -19.7229979], [-43.0085309, -19.7228528], [-43.0082734, -19.7226792], [-43.0080981, -19.7225563], [-43.0076994, -19.7222783], [-43.0072743, -19.7219968], [-43.0070141, -19.7218011], [-43.0061585, -19.721228], [-43.0056193, -19.7208404], [-43.0051184, -19.7204465], [-43.0048656, -19.7202584], [-43.004643, -19.7201057], [-43.0043896, -19.7198734], [-43.0042139, -19.7196575], [-43.0039169, -19.719248], [-43.0034038, -19.7184544], [-43.0028513, -19.7177373], [-43.0026072, -19.7174015], [-43.0021405, -19.7167526], [-43.0016524, -19.7160153], [-43.0015276, -19.7158032], [-43.0010811, -19.7149725], [-43.000558, -19.7140104], [-43.0002469, -19.7133969], [-43.0001718, -19.7131444], [-43.0001423, -19.7129626], [-43.0001316, -19.7126697], [-43.0002683, -19.7119803], [-43.000432, -19.7112392], [-43.0005232, -19.7108112], [-43.0005795, -19.7103769], [-43.0005607, -19.7099401], [-43.0004427, -19.7094654], [-43.000204, -19.7088922], [-42.9997051, -19.7077004], [-42.9988334, -19.7058962], [-42.9985021, -19.7051134], [-42.9982889, -19.7046917], [-42.997731, -19.7036573], [-42.9973635, -19.7029556], [-42.9969826, -19.7023471], [-42.9964489, -19.7015087], [-42.9960439, -19.7010188], [-42.9955235, -19.7005188], [-42.9951587, -19.7001173], [-42.9949817, -19.6997537], [-42.9949415, -19.6994582], [-42.9949227, -19.6992663], [-42.994979, -19.6989153], [-42.9954484, -19.6976956], [-42.9957649, -19.696746], [-42.995807, -19.6965781], [-42.9958467, -19.6961817], [-42.9958437, -19.6960037], [-42.9958414, -19.6958711], [-42.9957461, -19.6955138], [-42.9956281, -19.6952398], [-42.9954578, -19.6949443], [-42.9952995, -19.6947448], [-42.9950649, -19.6945289], [-42.9947443, -19.6943395], [-42.9934461, -19.6937852], [-42.9932302, -19.6936438], [-42.9930787, -19.6934821], [-42.9929499, -19.6932599], [-42.9928963, -19.6930579], [-42.9928963, -19.6928306], [-42.992954, -19.6922409], [-42.9929271, -19.6920187], [-42.9928547, -19.6918243], [-42.9925677, -19.691448], [-42.9923102, -19.6911828], [-42.992042, -19.6908848], [-42.9919307, -19.6906891], [-42.9918636, -19.6904681], [-42.9917939, -19.689905], [-42.9917416, -19.6897383], [-42.9916558, -19.6896158], [-42.9915015, -19.6894845], [-42.9907344, -19.688958], [-42.990548, -19.6887913], [-42.9903321, -19.6885173], [-42.9892659, -19.6866624], [-42.9889226, -19.6859818], [-42.9887684, -19.6857759], [-42.9885417, -19.6855411], [-42.9882762, -19.6853365], [-42.9870451, -19.6846875], [-42.9866642, -19.6845385], [-42.9862431, -19.6844652], [-42.9859588, -19.6844602], [-42.9856946, -19.6845359], [-42.985484, -19.6846496], [-42.984902, -19.6850903], [-42.9843347, -19.6855007], [-42.9840302, -19.6856055], [-42.9837875, -19.6856282], [-42.9835126, -19.6856244], [-42.9832417, -19.6855726], [-42.9830298, -19.6854931], [-42.9827884, -19.6853365], [-42.9825188, -19.6851016], [-42.9823378, -19.6848971], [-42.9822171, -19.6846041], [-42.982154, -19.6842645], [-42.9818362, -19.6818766], [-42.9817665, -19.6815155], [-42.9816297, -19.6811442], [-42.9814446, -19.6808285], [-42.9810879, -19.6803689], [-42.9805662, -19.6798126], [-42.9800096, -19.6792501], [-42.9798272, -19.6790076], [-42.9796931, -19.6787601], [-42.97961, -19.6784596], [-42.9794973, -19.678005], [-42.9793015, -19.67702], [-42.979154, -19.6764164], [-42.9789877, -19.67604], [-42.9788241, -19.6757774], [-42.9785854, -19.6755779], [-42.9782608, -19.6754188], [-42.9778799, -19.6753531], [-42.9765657, -19.6753682], [-42.9759944, -19.6753733], [-42.9756765, -19.6753556], [-42.9755035, -19.6753038], [-42.9751052, -19.6750866], [-42.9748517, -19.6748934], [-42.9737923, -19.6737405], [-42.9724914, -19.6722087], [-42.9722714, -19.671946], [-42.9720515, -19.6717793], [-42.9713535, -19.6714175], [-42.9710832, -19.6712085], [-42.9708566, -19.67099], [-42.9706755, -19.6707413], [-42.9702745, -19.6698863], [-42.9701042, -19.6696464], [-42.9698253, -19.6693989], [-42.969541, -19.6692625], [-42.9692245, -19.6691766], [-42.9683018, -19.6690566], [-42.9678271, -19.6689861], [-42.9671511, -19.66865], [-42.9668373, -19.6684479], [-42.966553, -19.6682257], [-42.9661453, -19.6677634], [-42.9650027, -19.6663819], [-42.9648554, -19.6661761], [-42.96478, -19.6659702], [-42.9647237, -19.665561], [-42.9647183, -19.6652352], [-42.9647827, -19.6647111], [-42.9647934, -19.6644358], [-42.9647505, -19.6641642], [-42.9644756, -19.6633194], [-42.9644025, -19.6630952], [-42.9641309, -19.6624781], [-42.9639767, -19.6620422], [-42.9637686, -19.6617632], [-42.9633718, -19.6614158], [-42.9627622, -19.661021], [-42.9622682, -19.6606645], [-42.96195, -19.6604093], [-42.9615664, -19.6599316], [-42.9614017, -19.6595946], [-42.9612833, -19.6593315], [-42.9611519, -19.65897], [-42.960981, -19.6584721], [-42.9608268, -19.6580884], [-42.96073, -19.657879], [-42.9606283, -19.657671], [-42.9605514, -19.6575504], [-42.9604371, -19.657382], [-42.9602802, -19.6572172], [-42.9601085, -19.6570689], [-42.9598227, -19.6568698], [-42.9585537, -19.6562803]]}}, {"type": "Feature", "properties": {"ref": "BR-381", "highway": "trunk", "name": "Rodovia Fern\u00e3o Dias"}, "geometry": {"type": "LineString", "coordinates": [[-44.2191082, -20.0118774], [-44.2190641, -20.0118926], [-44.2190173, -20.0118956], [-44.2189749, -20.0118874], [-44.2189361, -20.0118691], [-44.2188994, -20.011837], [-44.2188745, -20.0117961], [-44.2188638, -20.0117501], [-44.2188682, -20.0117031], [-44.2188873, -20.0116596], [-44.2189177, -20.0116248], [-44.2189574, -20.0115995], [-44.2190032, -20.011586], [-44.2190511, -20.0115854], [-44.2190972, -20.0115977], [-44.2191356, -20.0116201], [-44.2191662, -20.0116515], [-44.2191865, -20.0116895], [-44.2191952, -20.0117312], [-44.2191912, -20.0117751], [-44.2191744, -20.0118162], [-44.2191459, -20.0118513], [-44.2191082, -20.0118774]]}}, {"type": "Feature", "properties": {"ref": "BR-381", "highway": "trunk", "name": "Rodovia Fern\u00e3o Dias"}, "geometry": {"type": "LineString", "coordinates": [[-44.2188873, -20.0116596], [-44.2188943, -20.0115759], [-44.2188669, -20.0114598], [-44.218551, -20.0109824], [-44.2178587, -20.0099599], [-44.2176163, -20.0096012], [-44.2173001, -20.0092376], [-44.2170249, -20.0088642]]}}, {"type": "Feature", "properties": {"ref": "BR-381", "highway": "trunk", "name": "Rodovia Fern\u00e3o Dias"}, "geometry": {"type": "LineString", "coordinates": [[-44.2207859, -20.0133031], [-44.2203853, -20.01285], [-44.2199848, -20.0125079], [-44.2197679, -20.0123226], [-44.2196622, -20.0122431], [-44.219522, -20.0121377], [-44.2193378, -20.0120287], [-44.2190173, -20.0118956]]}}, {"type": "Feature", "properties": {"ref": "BR-381", "highway": "trunk", "name": "Rodovia Fern\u00e3o Dias"}, "geometry": {"type": "LineString", "coordinates": [[-46.5511547, -23.3608914], [-46.5512285, -23.3610196], [-46.5521534, -23.3627951], [-46.5523414, -23.36323], [-46.5524309, -23.3634528], [-46.5524947, -23.3636678], [-46.5525458, -23.3638828], [-46.5525841, -23.364129], [-46.5526054, -23.3643518], [-46.5526118, -23.364598], [-46.5525905, -23.364985], [-46.5525437, -23.365542], [-46.5524266, -23.3665855], [-46.5524074, -23.3667966], [-46.5524011, -23.3669627], [-46.5524138, -23.3671327], [-46.5524564, -23.3673497], [-46.5525416, -23.367551], [-46.5526565, -23.3677307], [-46.5528183, -23.3679203], [-46.5530099, -23.3680747], [-46.5532228, -23.3681978], [-46.5537337, -23.3684362], [-46.5546279, -23.3688447], [-46.5548535, -23.3689541], [-46.5550685, -23.3690733], [-46.5552431, -23.3692023], [-46.5553857, -23.369341], [-46.5555113, -23.3694837], [-46.5556093, -23.3696264], [-46.5556944, -23.3697788], [-46.5557751, -23.3699532], [-46.55581, -23.3700812], [-46.5558422, -23.3702363], [-46.5558958, -23.3705638], [-46.5559146, -23.3707288], [-46.5559387, -23.3708494], [-46.5559763, -23.3709996], [-46.5560594, -23.3711941], [-46.556164, -23.3713689], [-46.5562847, -23.3715117], [-46.5564376, -23.3716668], [-46.5566012, -23.3717801], [-46.5568319, -23.3719155], [-46.5570964, -23.3720415], [-46.5582995, -23.3726246], [-46.5584824, -23.3726894], [-46.5587968, -23.3727836], [-46.5589925, -23.3728573], [-46.5592042, -23.3729486], [-46.5593871, -23.3730516], [-46.5595379, -23.3731783], [-46.5596887, -23.3733491], [-46.5598427, -23.3735699], [-46.5600916, -23.3740338], [-46.5606444, -23.3749957], [-46.5607606, -23.3751692], [-46.5608617, -23.3752954], [-46.5610436, -23.3754735], [-46.561235, -23.375596], [-46.5614371, -23.3756976], [-46.5616152, -23.3757507], [-46.5618446, -23.3757963], [-46.5621462, -23.3758199], [-46.5628696, -23.3758331], [-46.5631022, -23.375864], [-46.5632995, -23.3759215], [-46.5634487, -23.3759818], [-46.5635963, -23.376054], [-46.5637342, -23.3761526], [-46.5638738, -23.3762557], [-46.5639813, -23.3763764], [-46.5640984, -23.3765325], [-46.564209, -23.3767284], [-46.5643807, -23.3770081], [-46.5645411, -23.3772923], [-46.5647079, -23.3775986], [-46.5648106, -23.3778297], [-46.5648571, -23.3779858], [-46.5648892, -23.3781669], [-46.5648972, -23.378373], [-46.5648924, -23.3785247], [-46.5648731, -23.3786778], [-46.5648362, -23.3788354], [-46.5647833, -23.379018], [-46.5646633, -23.3792565], [-46.5645339, -23.3794236], [-46.5644421, -23.3795431], [-46.564347, -23.3796236], [-46.563582, -23.3802949], [-46.5634476, -23.3804428], [-46.5633617, -23.3805792], [-46.563292, -23.3807186], [-46.5632303, -23.380909], [-46.5632041, -23.3810481], [-46.563196, -23.3812132], [-46.5632121, -23.3813727], [-46.5632485, -23.3815156], [-46.5633031, -23.3816621], [-46.5633738, -23.3818161], [-46.563485, -23.3819552], [-46.5635982, -23.3820721], [-46.5637174, -23.382176], [-46.5638447, -23.3822669], [-46.5639882, -23.3823559], [-46.5641479, -23.3824376], [-46.5643136, -23.3825285], [-46.5645117, -23.3826546], [-46.5646632, -23.382777], [-46.5647865, -23.3829143], [-46.5649037, -23.3830905], [-46.5649745, -23.3832334], [-46.5650088, -23.3833818], [-46.5650371, -23.3835691], [-46.5650371, -23.3837973], [-46.5649967, -23.383994], [-46.5649199, -23.3842462], [-46.564833, -23.3845412], [-46.5647966, -23.3847156], [-46.564792, -23.384867], [-46.5648047, -23.38504], [-46.564848, -23.3852223], [-46.5649098, -23.3853889], [-46.5650211, -23.3855495], [-46.5651459, -23.3856944], [-46.5652918, -23.3858193], [-46.565407, -23.3859009], [-46.565561, -23.3859725], [-46.5657367, -23.3860403], [-46.5659429, -23.3860753], [-46.5662195, -23.3860883], [-46.5666034, -23.3860883], [-46.5670642, -23.386092], [-46.5678322, -23.386092], [-46.5682041, -23.3860994], [-46.5684871, -23.3861217], [-46.5687296, -23.386181], [-46.5690181, -23.3863297], [-46.5691785, -23.3864711], [-46.5693197, -23.3866301], [-46.5694352, -23.3868215], [-46.569509, -23.3870011], [-46.5695443, -23.387222], [-46.5695443, -23.3874575], [-46.5695187, -23.3877098], [-46.5695186, -23.3877108], [-46.5694769, -23.3879758], [-46.5694416, -23.3882614], [-46.5693903, -23.3886413], [-46.569371, -23.3888238], [-46.5693614, -23.3889681], [-46.5693807, -23.3891242], [-46.569432, -23.3892891], [-46.5695314, -23.3894864], [-46.5696983, -23.3897013], [-46.5699228, -23.3898898], [-46.570202, -23.3901077], [-46.5705517, -23.3903727], [-46.570757, -23.3905817], [-46.5709174, -23.3907967], [-46.5710553, -23.3910411], [-46.5712037, -23.3914414], [-46.5713299, -23.3918019], [-46.5714532, -23.3921273], [-46.5719218, -23.3934442], [-46.5721937, -23.3941425], [-46.572418, -23.3945914], [-46.572705, -23.3950718], [-46.5730526, -23.3955726], [-46.5733745, -23.3959635], [-46.5738392, -23.3964309], [-46.5741715, -23.3967172], [-46.5745903, -23.397014], [-46.5751314, -23.3973599], [-46.5756725, -23.3977163], [-46.5758903, -23.3978904], [-46.5760634, -23.3980528], [-46.5761945, -23.3981989], [-46.5763436, -23.3984116], [-46.576479, -23.3986639], [-46.5765595, -23.3988664], [-46.5766139, -23.3990793], [-46.5766561, -23.3993279], [-46.5766762, -23.3995513], [-46.5766779, -23.3996084], [-46.5766635, -23.3997501], [-46.576587, -23.4000609], [-46.5765468, -23.4001944], [-46.5764737, -23.4003766], [-46.5763463, -23.4006055], [-46.5760664, -23.4010115], [-46.5758303, -23.4013512], [-46.5756533, -23.4016909], [-46.5755718, -23.4019729], [-46.5755256, -23.4021914], [-46.5755138, -23.4026115], [-46.5755862, -23.403019], [-46.5756825, -23.4032572], [-46.5757955, -23.4034879], [-46.5760396, -23.4038325], [-46.5763185, -23.4041008], [-46.576518, -23.4042504], [-46.5767141, -23.4043691], [-46.576931, -23.4044695], [-46.5771661, -23.4045512], [-46.5774018, -23.4046111], [-46.5776542, -23.4046448], [-46.5781853, -23.4046546], [-46.5787486, -23.4046398], [-46.5789427, -23.4046566], [-46.5791187, -23.4046989], [-46.5794353, -23.4048589], [-46.5796155, -23.4049862], [-46.5797303, -23.405105], [-46.5799204, -23.4053914], [-46.5800347, -23.405718], [-46.5802409, -23.4063883], [-46.5804303, -23.4070177], [-46.5813942, -23.4102897], [-46.5814371, -23.4104607], [-46.5815216, -23.4108706], [-46.5815962, -23.4112889], [-46.5816628, -23.4121071], [-46.5816547, -23.4125811], [-46.5816161, -23.4129777], [-46.5815499, -23.4134769], [-46.5814427, -23.4139689], [-46.5813312, -23.4143933], [-46.5811872, -23.4148099], [-46.5807676, -23.4157597], [-46.5805155, -23.4163304], [-46.5801108, -23.4171839], [-46.5797009, -23.4180582], [-46.5790614, -23.4194147], [-46.578838, -23.4198065], [-46.5787629, -23.4199225], [-46.5785675, -23.4202243], [-46.5778474, -23.4211212], [-46.5776822, -23.4213252], [-46.5773713, -23.4217092], [-46.5771805, -23.4219501], [-46.576855, -23.4223469], [-46.5759318, -23.4234693], [-46.5751219, -23.4243314], [-46.5738991, -23.4255857], [-46.5738223, -23.4256748], [-46.5730301, -23.4265948], [-46.572068, -23.4277871], [-46.571402, -23.4286646], [-46.5708935, -23.4294138], [-46.5708075, -23.4295487], [-46.5704388, -23.430137], [-46.5697632, -23.4313594], [-46.5697399, -23.4314106], [-46.5694117, -23.4321321], [-46.5691224, -23.4329171], [-46.5690252, -23.43319], [-46.5689353, -23.4334791], [-46.5687922, -23.433909], [-46.5685723, -23.4347458], [-46.5682829, -23.4362766], [-46.5681535, -23.4371706], [-46.5680934, -23.4378574], [-46.5680721, -23.438177], [-46.5680404, -23.4386334], [-46.5680405, -23.4386958], [-46.5680403, -23.4387226], [-46.5680305, -23.4400343], [-46.5680489, -23.4411719], [-46.5680918, -23.4416493], [-46.5681512, -23.4421407], [-46.5681995, -23.4425616], [-46.5683278, -23.4432366], [-46.5687892, -23.4451092], [-46.5691516, -23.4465972], [-46.5694337, -23.4477552], [-46.5697449, -23.4491262], [-46.5701704, -23.4510004], [-46.5702805, -23.4515182], [-46.5702998, -23.4516062], [-46.5704224, -23.4521058], [-46.5705303, -23.4525334], [-46.5707231, -23.4533599], [-46.570892, -23.4540428], [-46.5710302, -23.4545767], [-46.5711093, -23.4549138], [-46.5712039, -23.4553314], [-46.5712912, -23.4559683], [-46.5713367, -23.4562857], [-46.571394, -23.4566859], [-46.57146, -23.4574154], [-46.5715069, -23.4579331], [-46.5715666, -23.4605638], [-46.5715867, -23.4617627], [-46.5716112, -23.4629602], [-46.5716243, -23.4640189], [-46.5716484, -23.4652749], [-46.5716763, -23.4658211], [-46.5716659, -23.4661336], [-46.5716552, -23.4664425], [-46.5716132, -23.4667049], [-46.5715238, -23.4670368], [-46.5714553, -23.4672287], [-46.5713594, -23.4674266], [-46.5712391, -23.4676321], [-46.5710735, -23.4678694], [-46.5708902, -23.4680903], [-46.5707071, -23.4682735], [-46.5705123, -23.4684378], [-46.5703198, -23.4685805], [-46.5700882, -23.4687246], [-46.5675169, -23.4701355], [-46.5666438, -23.470621], [-46.5663608, -23.4707784], [-46.5643662, -23.4718403], [-46.5635267, -23.4723349], [-46.5630868, -23.4726473], [-46.5627412, -23.4729295], [-46.5624431, -23.4731812], [-46.5620277, -23.473579], [-46.5614269, -23.4741891], [-46.5610406, -23.4747402], [-46.5608901, -23.4750116], [-46.5607671, -23.4753011], [-46.560705, -23.4754618], [-46.5606329, -23.4756603], [-46.5604827, -23.4763492], [-46.5602651, -23.4775062], [-46.560236, -23.4777662], [-46.5602168, -23.478013], [-46.5601689, -23.4789275], [-46.5599432, -23.482679], [-46.5598685, -23.4837173], [-46.5597961, -23.4847234], [-46.559603, -23.4871047], [-46.559458, -23.4889206], [-46.5594404, -23.4892973], [-46.5594028, -23.4904252], [-46.5593961, -23.4916736], [-46.5594297, -23.4924238], [-46.5594524, -23.4926883], [-46.5594953, -23.4935111], [-46.5595785, -23.4949513], [-46.5595838, -23.4952145], [-46.5596574, -23.4961729], [-46.5597128, -23.4969138], [-46.5597149, -23.4974328], [-46.5596613, -23.4979468], [-46.5596184, -23.4983459], [-46.5595754, -23.4987449], [-46.5594752, -23.49956], [-46.5593902, -23.5002201], [-46.5591307, -23.5026317], [-46.559063, -23.5033939], [-46.5590411, -23.5036062], [-46.5588743, -23.5051579], [-46.5588639, -23.5052549], [-46.5588348, -23.5055261], [-46.5587549, -23.5065084], [-46.5587871, -23.5072758], [-46.5588073, -23.5076091], [-46.5588153, -23.5076992], [-46.5588261, -23.5077874], [-46.5588784, -23.5081637], [-46.5590829, -23.5090699], [-46.559173, -23.5094964], [-46.5592789, -23.5098538], [-46.5594117, -23.5103022], [-46.5594624, -23.510494], [-46.559583, -23.5108522], [-46.5596463, -23.5110577], [-46.5600593, -23.5123952], [-46.5602074, -23.5127715], [-46.5603608, -23.5131478], [-46.5605583, -23.5135488], [-46.5610078, -23.5144612], [-46.5611794, -23.5147662], [-46.5612526, -23.5148964], [-46.5612848, -23.5149751], [-46.5614003, -23.5152568], [-46.5614405, -23.5153984], [-46.5615409, -23.5157847], [-46.5615695, -23.5159267], [-46.5615918, -23.5160374], [-46.561635, -23.5165108], [-46.5616463, -23.5168848], [-46.5616189, -23.5173322], [-46.5615689, -23.5175524], [-46.5615266, -23.5177386], [-46.5615083, -23.5178194], [-46.5614878, -23.517901], [-46.5613934, -23.518245], [-46.5613156, -23.5184179], [-46.5612586, -23.5185447], [-46.5612119, -23.5186485], [-46.56097, -23.5190632], [-46.5609536, -23.5190914], [-46.5609151, -23.5191515], [-46.5608213, -23.5192902], [-46.5598547, -23.5207204], [-46.5590485, -23.521927], [-46.5589405, -23.5220842], [-46.5578927, -23.5236419]]}}, {"type": "Feature", "properties": {"ref": "BR-381", "highway": "trunk", "name": "Rodovia Fern\u00e3o Dias"}, "geometry": {"type": "LineString", "coordinates": [[-43.8726971, -19.841173], [-43.8729579, -19.8411377], [-43.873249, -19.8411197], [-43.8737543, -19.8410333], [-43.8745482, -19.8407911], [-43.8761807, -19.8401101], [-43.8763125, -19.8400551], [-43.8776635, -19.8394992], [-43.8780791, -19.8393261], [-43.878487, -19.8391562], [-43.8795757, -19.8387047], [-43.8812425, -19.8380061], [-43.8815319, -19.8379062], [-43.8817732, -19.8378516], [-43.8820185, -19.8378266], [-43.882346, -19.8378314], [-43.8826013, -19.8378646], [-43.8842283, -19.8382501], [-43.8844796, -19.8383414], [-43.884655, -19.8384318], [-43.8848463, -19.8385684], [-43.8850001, -19.8387226], [-43.8851264, -19.8388866], [-43.885211, -19.8390398], [-43.8852854, -19.8392533], [-43.8853236, -19.8394452], [-43.8853492, -19.8397437], [-43.8853966, -19.8412849], [-43.8854206, -19.8416758], [-43.8854903, -19.8420532], [-43.8855912, -19.8424418], [-43.8857401, -19.842844], [-43.8858694, -19.8431472], [-43.8860759, -19.8435837], [-43.8863602, -19.8440076], [-43.8865587, -19.8443911], [-43.8869798, -19.8452362], [-43.8871233, -19.845539], [-43.8874163, -19.8462934], [-43.8875837, -19.8468058], [-43.8877201, -19.8472621], [-43.887763, -19.8474892], [-43.8878274, -19.848024], [-43.88797, -19.8493993], [-43.888101, -19.850996], [-43.8881761, -19.851334], [-43.8882914, -19.8516393], [-43.8884658, -19.8519748], [-43.8888198, -19.8524264], [-43.8894555, -19.8530117], [-43.8895226, -19.8530647], [-43.8899758, -19.8534532], [-43.8901082, -19.8535649], [-43.8908967, -19.8542301], [-43.891154, -19.8544472], [-43.8916231, -19.8546645], [-43.892068, -19.8547954], [-43.8925015, -19.8549147], [-43.8936022, -19.8552469], [-43.8936431, -19.8552567], [-43.8938865, -19.855315], [-43.8941253, -19.8553722], [-43.8945472, -19.8554732], [-43.894887, -19.8555546], [-43.895272, -19.8556496], [-43.8957645, -19.8557711], [-43.8969185, -19.8560337], [-43.8982647, -19.8563401], [-43.8986801, -19.8564346], [-43.8992656, -19.8565679], [-43.8994783, -19.8566163], [-43.9008611, -19.8569115], [-43.9021523, -19.8571862], [-43.9031068, -19.857391], [-43.9038137, -19.8575233], [-43.9049327, -19.8577276], [-43.9051665, -19.8577593], [-43.9064818, -19.8578765], [-43.9107373, -19.8582686], [-43.9117042, -19.8583577], [-43.9140766, -19.8586134], [-43.9148742, -19.8587608], [-43.9157305, -19.8589849], [-43.9164525, -19.8592407], [-43.9196978, -19.8607548], [-43.9203249, -19.8610473], [-43.9210986, -19.8614112], [-43.9222768, -19.8619502], [-43.9228387, -19.8622665], [-43.9232762, -19.8625421], [-43.9251525, -19.8637003], [-43.9253997, -19.8638529], [-43.9274343, -19.8648265], [-43.9277983, -19.8650007], [-43.9280016, -19.8651], [-43.9296672, -19.8657816], [-43.9302465, -19.8660767], [-43.9308467, -19.8663786], [-43.9313705, -19.8666046], [-43.9319842, -19.8667919], [-43.932741, -19.8669551], [-43.9341887, -19.8672704], [-43.9358984, -19.8677043], [-43.9374383, -19.8681465], [-43.9382904, -19.8683951], [-43.9388495, -19.8685582], [-43.9409279, -19.8691645], [-43.9413468, -19.8692829], [-43.9434815, -19.8698832], [-43.9437877, -19.8699501], [-43.9441377, -19.8699993], [-43.9447841, -19.8700573], [-43.9457443, -19.8701054], [-43.9461854, -19.8701433], [-43.9466149, -19.8702357], [-43.9469385, -19.8703767], [-43.9472243, -19.8705298], [-43.9474868, -19.8707487], [-43.9477471, -19.8710225], [-43.9479597, -19.8713061], [-43.9484909, -19.8720502], [-43.9489682, -19.8728107], [-43.9490805, -19.8730162], [-43.9491985, -19.8732321], [-43.9494594, -19.8738936], [-43.9496817, -19.8746285], [-43.9498654, -19.8752123], [-43.9500338, -19.8755373], [-43.9506994, -19.8764064], [-43.9515292, -19.8774393], [-43.9519455, -19.8780004], [-43.9525303, -19.8787068], [-43.9528863, -19.8791526], [-43.9531063, -19.8794281], [-43.9534047, -19.879813], [-43.9535429, -19.8799617], [-43.9537628, -19.8801985], [-43.9539628, -19.8803518], [-43.9541925, -19.8804911], [-43.9544889, -19.8806235], [-43.9549137, -19.8807652], [-43.9584257, -19.8819195], [-43.9603965, -19.8825629], [-43.9622884, -19.8831783], [-43.9635084, -19.8835755], [-43.9643753, -19.8838565], [-43.964689, -19.8839726], [-43.9653213, -19.8842513], [-43.9658572, -19.8845602], [-43.9668772, -19.8853383], [-43.967465, -19.8857819], [-43.9687024, -19.8867178], [-43.9696088, -19.8874146], [-43.9702487, -19.8878726], [-43.9710737, -19.8885096], [-43.9728219, -19.8898857], [-43.9739407, -19.8907055], [-43.9745458, -19.8910933], [-43.9767642, -19.8922416], [-43.9772527, -19.8925007], [-43.9778158, -19.8928932], [-43.9783665, -19.8933739], [-43.9788506, -19.893915], [-43.9792581, -19.8944956], [-43.9800295, -19.8958979], [-43.9807342, -19.8971679], [-43.9823898, -19.9002179], [-43.9828738, -19.9010655], [-43.9831505, -19.9015044], [-43.9834839, -19.9019108], [-43.9837901, -19.9022127], [-43.9842149, -19.9025657], [-43.9868706, -19.9043725], [-43.9875733, -19.9048668], [-43.9905276, -19.9068966], [-43.9911303, -19.9073239], [-43.9916687, -19.9076908], [-43.9921665, -19.9080368], [-43.9932123, -19.9087636], [-43.9935951, -19.9090864], [-43.9938544, -19.9094115], [-43.9940619, -19.9096994], [-43.994257, -19.9100942], [-43.9943385, -19.9104332], [-43.9943903, -19.9107746], [-43.9943977, -19.9111531], [-43.9943187, -19.9116384], [-43.9941977, -19.912003], [-43.994017, -19.912454], [-43.9937976, -19.9130015], [-43.9937482, -19.9132244], [-43.9937143, -19.9134842], [-43.9937063, -19.9136607], [-43.9937116, -19.9138915], [-43.9937478, -19.9141121], [-43.9938873, -19.9145182], [-43.9940992, -19.9148889], [-43.9945444, -19.9154285], [-43.9952579, -19.9161977], [-43.9956629, -19.9166541], [-43.9961699, -19.9172039], [-43.9968431, -19.9178646], [-43.9976504, -19.9185076], [-44.0005687, -19.9206183], [-44.0034868, -19.9226988], [-44.0043326, -19.9233392], [-44.0046027, -19.9235637], [-44.0048978, -19.9238511], [-44.0051043, -19.9240932], [-44.0052867, -19.924363], [-44.0053411, -19.9244563], [-44.0056595, -19.9250161], [-44.0057829, -19.9253213], [-44.0060216, -19.9260273], [-44.0063757, -19.9270687], [-44.0070623, -19.9291012], [-44.0072769, -19.9299156], [-44.0073547, -19.9303645], [-44.0074057, -19.9309646], [-44.0074792, -19.9324273], [-44.0074905, -19.9327629], [-44.0075041, -19.9331628], [-44.0075379, -19.9342107], [-44.0075692, -19.9347519], [-44.0076331, -19.9360075], [-44.0076461, -19.9363019], [-44.0076485, -19.9363552], [-44.0077202, -19.9379795], [-44.0077368, -19.9383051], [-44.0077823, -19.9391996], [-44.0079792, -19.9399179], [-44.0080962, -19.9421576], [-44.0081097, -19.9426224], [-44.0081118, -19.9426765], [-44.0081436, -19.9431912], [-44.0081445, -19.9432361], [-44.0081689, -19.9440688], [-44.0081875, -19.9447191], [-44.0081939, -19.9449425], [-44.0082076, -19.9450493], [-44.0082478, -19.9451502], [-44.0083453, -19.9453109], [-44.0083868, -19.9453307], [-44.0085497, -19.9454078], [-44.0087229, -19.9454891], [-44.0088116, -19.9455438], [-44.0089008, -19.9456179], [-44.008949, -19.9456858], [-44.0089923, -19.9457963], [-44.0090117, -19.945857], [-44.0090887, -19.9467059], [-44.0090914, -19.9467866], [-44.0090874, -19.9468534], [-44.0090753, -19.9469265], [-44.0090458, -19.9470072], [-44.0090122, -19.947079], [-44.0089707, -19.9471358], [-44.0089358, -19.9471774], [-44.0088902, -19.9472165], [-44.008841, -19.9472503], [-44.0088004, -19.9472719], [-44.0087374, -19.9472971], [-44.0086716, -19.9473186], [-44.0085854, -19.9473353], [-44.0085134, -19.9473438], [-44.0084437, -19.9473413], [-44.0083733, -19.9473291], [-44.0082804, -19.9473096], [-44.0081194, -19.9472681], [-44.0079161, -19.9471747], [-44.0077251, -19.9469921], [-44.0076054, -19.946985], [-44.0075311, -19.9469965], [-44.007475, -19.9470259], [-44.0074427, -19.9470635], [-44.0074375, -19.947108], [-44.0074397, -19.9471505], [-44.0074484, -19.9471815], [-44.0074742, -19.9472183], [-44.0076701, -19.9473866], [-44.0079679, -19.9475229], [-44.0082444, -19.947646], [-44.0083255, -19.9476813], [-44.0084027, -19.9477193], [-44.0084573, -19.9477462], [-44.0090261, -19.9480261], [-44.009078, -19.9480516], [-44.0098265, -19.94842], [-44.0104041, -19.9486805], [-44.0105595, -19.9487506], [-44.0107405, -19.9488311], [-44.0109701, -19.9489396], [-44.0111017, -19.9490002], [-44.0115083, -19.9491828], [-44.0119435, -19.9493858], [-44.0122765, -19.9495398], [-44.0125454, -19.9496675], [-44.0126017, -19.9496942], [-44.0151223, -19.9508912], [-44.0158515, -19.951217], [-44.0163706, -19.9514376], [-44.0205431, -19.953372], [-44.0211077, -19.9536368], [-44.0214965, -19.9538155], [-44.025533, -19.9556801], [-44.0266153, -19.9562026], [-44.0293121, -19.957403], [-44.0298128, -19.9576259], [-44.0300343, -19.9577263], [-44.0307666, -19.9580694], [-44.0321395, -19.958717], [-44.0331761, -19.9591943], [-44.0334787, -19.9593275], [-44.0337063, -19.95943], [-44.0339913, -19.9595561], [-44.0348647, -19.9599613], [-44.0357059, -19.9603612], [-44.0359886, -19.9604956], [-44.0365914, -19.9607836], [-44.0372184, -19.9610622], [-44.0373028, -19.9611008], [-44.0385702, -19.9616691], [-44.0410982, -19.9628414], [-44.0424535, -19.9634807], [-44.0434058, -19.9638833], [-44.0440027, -19.964078], [-44.0446254, -19.964169], [-44.0453038, -19.9642232], [-44.045893, -19.9641725], [-44.046483, -19.9640963], [-44.0467494, -19.9640318], [-44.0470933, -19.963925], [-44.0474926, -19.9637767], [-44.0478323, -19.9636245], [-44.0481296, -19.9634641], [-44.0486754, -19.9630973], [-44.0489687, -19.9629119], [-44.0513507, -19.9611224], [-44.051662, -19.9608951], [-44.0530261, -19.9599476], [-44.0531829, -19.9598387], [-44.0534913, -19.9596245], [-44.0538093, -19.9594055], [-44.0547437, -19.958762], [-44.0553527, -19.9584144], [-44.0558556, -19.9582269], [-44.0564471, -19.9580967], [-44.0570372, -19.9580412], [-44.0577078, -19.958069], [-44.0612711, -19.9585547], [-44.06205, -19.9586653], [-44.0628853, -19.9587839], [-44.0635737, -19.9588927], [-44.0641463, -19.9589374], [-44.0652936, -19.9589219], [-44.0688993, -19.9589062], [-44.0692098, -19.9589012], [-44.0703065, -19.9588966], [-44.0706558, -19.9588947], [-44.0714641, -19.9588922], [-44.0731468, -19.9588869], [-44.0734515, -19.9588831], [-44.0738847, -19.9588519], [-44.0740542, -19.9588364], [-44.0743788, -19.9587917], [-44.0748026, -19.9587101], [-44.0752325, -19.9585877], [-44.0760568, -19.9582767], [-44.0777565, -19.9576609], [-44.0781844, -19.9575307], [-44.0785483, -19.9574802], [-44.0788583, -19.957484], [-44.0791271, -19.957521], [-44.0794165, -19.9576142], [-44.0796273, -19.9577211], [-44.0798701, -19.9578854], [-44.0799002, -19.9579057], [-44.0800006, -19.9579722], [-44.0800609, -19.9580186], [-44.0805385, -19.9585358], [-44.0807911, -19.9588092], [-44.0810992, -19.9591006], [-44.0813927, -19.9593105], [-44.0815973, -19.9594154], [-44.0818702, -19.9595164], [-44.0821369, -19.9595883], [-44.0824056, -19.9596311], [-44.082696, -19.9596291], [-44.0829637, -19.9596272], [-44.0836385, -19.9596077], [-44.0857946, -19.9595292], [-44.0873363, -19.9594294], [-44.0884358, -19.9593312], [-44.0892562, -19.959258], [-44.0898081, -19.9591842], [-44.0900872, -19.9591473], [-44.0903539, -19.9590851], [-44.090604, -19.9589802], [-44.090759, -19.9588986], [-44.0911702, -19.958625], [-44.0925325, -19.9577188], [-44.092932, -19.9574475], [-44.0937091, -19.956938], [-44.0946158, -19.9563245], [-44.0948001, -19.9562011], [-44.0951632, -19.9559711], [-44.0955515, -19.9558125], [-44.0959848, -19.9556887], [-44.0962618, -19.9556246], [-44.0966236, -19.9555449], [-44.0969399, -19.9555138], [-44.0971962, -19.9555157], [-44.0975093, -19.9555329], [-44.0978518, -19.9555609], [-44.0992818, -19.9556666], [-44.101175, -19.9558553], [-44.1025005, -19.9559623], [-44.1034263, -19.9560599], [-44.1042744, -19.9560923], [-44.1049991, -19.9560591], [-44.1060912, -19.9560021], [-44.1073029, -19.9559451], [-44.1076685, -19.9559204], [-44.1082989, -19.9558946], [-44.1106845, -19.9557368], [-44.1110462, -19.955712], [-44.113698, -19.9554811], [-44.1142533, -19.9554428], [-44.1148428, -19.9553956], [-44.1148629, -19.9553938], [-44.115413, -19.9553456], [-44.1155798, -19.955331], [-44.1164818, -19.955252], [-44.1164931, -19.955251], [-44.1168095, -19.9552437], [-44.1171216, -19.9552923], [-44.1174627, -19.9553836], [-44.1177438, -19.9555371], [-44.1181304, -19.9558305], [-44.1187142, -19.956352], [-44.1187981, -19.956427], [-44.1191581, -19.956784], [-44.1193907, -19.9569968], [-44.1196501, -19.9572066], [-44.1199368, -19.9574054], [-44.1200812, -19.9574866], [-44.120241, -19.9575598], [-44.1204152, -19.957624], [-44.1206089, -19.9576822], [-44.1208389, -19.9577236], [-44.1210575, -19.9577405], [-44.121248, -19.9577387], [-44.1214379, -19.9577211], [-44.1215859, -19.9577022], [-44.1217438, -19.9576735], [-44.1241637, -19.957076], [-44.1258439, -19.9566672], [-44.1259777, -19.9566366], [-44.1264099, -19.9565462], [-44.1271502, -19.9563647], [-44.127413, -19.9562966], [-44.1279843, -19.9561504], [-44.1287944, -19.9559286], [-44.1289405, -19.9559048], [-44.1294917, -19.9558151], [-44.1299987, -19.9557748], [-44.1304493, -19.955742], [-44.131093, -19.955742], [-44.1315919, -19.9557823], [-44.1319326, -19.9558327], [-44.1334678, -19.9560569], [-44.1337873, -19.9561036], [-44.13666, -19.9565233], [-44.1375813, -19.9566193], [-44.1379286, -19.9566345], [-44.1383377, -19.9566433], [-44.1388175, -19.9566179], [-44.1391498, -19.956602], [-44.1393202, -19.9565939], [-44.1398424, -19.9565513], [-44.1400305, -19.9565231], [-44.142564, -19.9562105], [-44.1445628, -19.9559639], [-44.1449284, -19.9559262], [-44.1455002, -19.9558873], [-44.1459187, -19.9558779], [-44.1464205, -19.9558683], [-44.1466586, -19.9558844], [-44.1468778, -19.9558986], [-44.1472721, -19.9559311], [-44.1476937, -19.9560025], [-44.1483772, -19.9561202], [-44.148699, -19.956216], [-44.1490692, -19.9563345], [-44.1494232, -19.956458], [-44.150134, -19.9567152], [-44.1515906, -19.9573431], [-44.1518019, -19.9574885], [-44.1520789, -19.9577359], [-44.1534028, -19.9589193], [-44.1539942, -19.9594552], [-44.1545888, -19.9599744], [-44.1551478, -19.9604625], [-44.156167, -19.9614558], [-44.1563426, -19.9616495], [-44.156756, -19.9621054], [-44.1573988, -19.9628867], [-44.157672, -19.9632188], [-44.1580977, -19.9637874], [-44.1584301, -19.9642507], [-44.1587071, -19.9646942], [-44.1588378, -19.9649036], [-44.1594869, -19.9663179], [-44.1597256, -19.9670465], [-44.1599214, -19.9678683], [-44.1600502, -19.9687935], [-44.1601096, -19.9692722], [-44.160399, -19.9716051], [-44.1604502, -19.9721825], [-44.1605517, -19.973074], [-44.1605973, -19.9736715], [-44.1605678, -19.9759906], [-44.1605517, -19.9770746], [-44.1605303, -19.9783552], [-44.1605571, -19.9788064], [-44.1606322, -19.9791669], [-44.1607609, -19.9795173], [-44.1609272, -19.9798374], [-44.1610801, -19.9800239], [-44.1612062, -19.9801777], [-44.16152, -19.9804474], [-44.1619518, -19.9807676], [-44.1665292, -19.9841081], [-44.1674587, -19.9847963], [-44.167763, -19.9850216], [-44.1680673, -19.9852469], [-44.1685313, -19.9856023], [-44.1689819, -19.9859401], [-44.1692421, -19.9860837], [-44.1695908, -19.9862501], [-44.1699448, -19.9863585], [-44.1703633, -19.9864492], [-44.170728, -19.9864871], [-44.1733959, -19.9865653], [-44.1746991, -19.9866116], [-44.1768314, -19.9866874], [-44.1796427, -19.9867874], [-44.182511, -19.9869206], [-44.183954, -19.9870971], [-44.1840005, -19.9871042], [-44.1847694, -19.9872987], [-44.1854802, -19.9875659], [-44.1858315, -19.9877171], [-44.1864833, -19.9880095], [-44.1879257, -19.9886518], [-44.1884306, -19.9888766], [-44.1894874, -19.9893782], [-44.1900212, -19.9895673], [-44.190504, -19.9896908], [-44.1909438, -19.989774], [-44.1914105, -19.9898067], [-44.1919658, -19.9898193], [-44.1924874, -19.9897866], [-44.1928911, -19.989721], [-44.1933337, -19.9896303], [-44.1937172, -19.9895194], [-44.1943744, -19.9892522], [-44.1946748, -19.9891161], [-44.1951777, -19.9888578], [-44.1956806, -19.9885994], [-44.1963619, -19.9882414], [-44.1967267, -19.9880473], [-44.1972122, -19.9878255], [-44.1976279, -19.9876554], [-44.1980834, -19.9875158], [-44.1990338, -19.9874083], [-44.1994022, -19.9873813], [-44.1997943, -19.9873842], [-44.2004141, -19.9874251], [-44.200901, -19.9874968], [-44.2011496, -19.9875528], [-44.2014641, -19.9876341], [-44.2019169, -19.9877928], [-44.2023572, -19.9879571], [-44.2038725, -19.9885047], [-44.2041724, -19.9886752], [-44.2046297, -19.9889154], [-44.2052494, -19.9893257], [-44.2054682, -19.9894974], [-44.2056966, -19.9896961], [-44.2062874, -19.99029], [-44.2067132, -19.9907798], [-44.2069668, -19.9911505], [-44.2071547, -19.9915337], [-44.2074715, -19.9922457], [-44.2081153, -19.9938422], [-44.208215, -19.9940936], [-44.2082382, -19.9941556], [-44.2085976, -19.9950411], [-44.2086941, -19.9952593], [-44.2090648, -19.9959742], [-44.2091413, -19.9961015], [-44.2092481, -19.9962792], [-44.2094777, -19.9966611], [-44.2096231, -19.9969028], [-44.2101082, -19.9977098], [-44.2104979, -19.998408], [-44.2105972, -19.9986292], [-44.2108774, -19.999291], [-44.2114563, -20.000631], [-44.2124959, -20.0030156], [-44.2126549, -20.0033802], [-44.2129745, -20.0039537], [-44.2132389, -20.0043594], [-44.2139719, -20.0052353], [-44.2145038, -20.0058204], [-44.218394, -20.010211], [-44.2193867, -20.0113381], [-44.2194804, -20.0114521], [-44.2202892, -20.0123822], [-44.2205425, -20.0126666], [-44.2209069, -20.0132104], [-44.2217531, -20.014576], [-44.2223214, -20.0154695], [-44.2225384, -20.0158283], [-44.2227668, -20.0161708], [-44.2230007, -20.0164268], [-44.223153, -20.0165675], [-44.223365, -20.0167131], [-44.2235764, -20.0168472], [-44.2237953, -20.0169573], [-44.2240425, -20.0170634], [-44.2248674, -20.0173948], [-44.2254121, -20.0176218], [-44.2265461, -20.0180943], [-44.2266495, -20.0181374], [-44.2270393, -20.0183251], [-44.227441, -20.018495], [-44.227746, -20.0186902], [-44.2280124, -20.0189235], [-44.2282795, -20.0192159], [-44.2284742, -20.0194947], [-44.2286228, -20.019757], [-44.2288045, -20.0201929], [-44.2288298, -20.0202535], [-44.2290705, -20.0209183], [-44.2295357, -20.0222661], [-44.2295774, -20.022387], [-44.2297189, -20.0227925], [-44.2300597, -20.023523], [-44.230259, -20.0238789], [-44.2304857, -20.0242204], [-44.2313813, -20.025554], [-44.2317596, -20.0260238], [-44.2321425, -20.0264263], [-44.2322995, -20.0265959], [-44.2325167, -20.0267996], [-44.2331029, -20.0272926], [-44.2332991, -20.0274281], [-44.2333919, -20.0274921], [-44.2345104, -20.0284119], [-44.2348583, -20.0287437], [-44.2352618, -20.0291727], [-44.235632, -20.0296268], [-44.2358957, -20.0299423], [-44.2360427, -20.0301034], [-44.2362918, -20.0303765], [-44.2369671, -20.0309647], [-44.2370173, -20.0310085], [-44.2373527, -20.0312199], [-44.2413893, -20.0335843], [-44.2432248, -20.0346594], [-44.243998, -20.0351188], [-44.2447711, -20.0355781], [-44.2455639, -20.0360338], [-44.2463603, -20.0364347], [-44.2472432, -20.0368398], [-44.2481559, -20.037195], [-44.2500028, -20.0377776], [-44.251209, -20.0380461], [-44.2518285, -20.03815], [-44.2521365, -20.0381916], [-44.2524444, -20.0382332], [-44.253483, -20.0383365], [-44.2540251, -20.0383833], [-44.254581, -20.0384767], [-44.2548772, -20.0385356], [-44.2555518, -20.0387055], [-44.2559164, -20.0388241], [-44.2568802, -20.0391634], [-44.2572239, -20.0392925], [-44.257405, -20.0393618], [-44.2592939, -20.0400516], [-44.261487, -20.0408222], [-44.2624274, -20.0411527], [-44.2648266, -20.0420061], [-44.2672951, -20.0428532], [-44.2674019, -20.0428872], [-44.2701068, -20.0438317], [-44.2707792, -20.0440699], [-44.2721157, -20.0445433], [-44.2726527, -20.0447408], [-44.2729791, -20.0448813], [-44.2732683, -20.0450265], [-44.2734266, -20.045123], [-44.2735726, -20.0452235], [-44.2737083, -20.045322], [-44.2738244, -20.0454275], [-44.2739735, -20.0455711], [-44.2740783, -20.045714], [-44.2742694, -20.0459779], [-44.2743769, -20.046154], [-44.2750624, -20.0476205], [-44.2755058, -20.0482288], [-44.2759864, -20.0487389], [-44.2762081, -20.0489297], [-44.2765537, -20.049196], [-44.2769552, -20.0493828], [-44.2773119, -20.0495504], [-44.2777359, -20.0496889], [-44.2777918, -20.0497028], [-44.2786987, -20.0499291], [-44.2790279, -20.0500437], [-44.2791953, -20.0501233], [-44.2793348, -20.0501896], [-44.2796013, -20.0503466], [-44.2798304, -20.0505162], [-44.2800412, -20.0507038], [-44.2804332, -20.0510998], [-44.2814058, -20.0521077], [-44.2826688, -20.053253], [-44.2837046, -20.0540826], [-44.2849895, -20.0551467], [-44.2852225, -20.0553375], [-44.2853275, -20.0554235], [-44.2860831, -20.0560111], [-44.2861747, -20.056084], [-44.2902621, -20.0594242], [-44.2912839, -20.0603802], [-44.2915208, -20.0606352], [-44.2922974, -20.061474], [-44.2930139, -20.0623662], [-44.2976959, -20.0685968], [-44.3000499, -20.0717367], [-44.3016174, -20.0738032], [-44.3044886, -20.0775797], [-44.3047621, -20.0779163], [-44.305526, -20.0788184], [-44.3065531, -20.0801692], [-44.3076622, -20.081628], [-44.3078478, -20.081872], [-44.3128064, -20.0883935], [-44.3129039, -20.0885309], [-44.3130085, -20.0886846], [-44.31308, -20.0888069], [-44.3131989, -20.0890297], [-44.3133173, -20.0892968], [-44.314379, -20.0918305], [-44.3149313, -20.0933434], [-44.3151264, -20.0937537], [-44.3156421, -20.0950213], [-44.3158892, -20.0956798], [-44.3159536, -20.0959014], [-44.3160394, -20.0962465], [-44.3160903, -20.0964972], [-44.316142, -20.0968376], [-44.3162298, -20.0974468], [-44.3162781, -20.0976386], [-44.3163291, -20.0977768], [-44.3163957, -20.0979368], [-44.3164417, -20.0980286], [-44.3165141, -20.0981483], [-44.3165929, -20.0982638], [-44.3166884, -20.098391], [-44.3167827, -20.0984947], [-44.3169559, -20.098637], [-44.3172383, -20.0988333], [-44.317748, -20.0991558], [-44.3182258, -20.0994706], [-44.3186448, -20.0997444], [-44.3188074, -20.0998687], [-44.318941, -20.0999872], [-44.3190555, -20.100108], [-44.3191421, -20.1002147], [-44.3192272, -20.1003712], [-44.3192981, -20.1005409], [-44.3193492, -20.1006873], [-44.3193848, -20.1008308], [-44.3194075, -20.1009856], [-44.3194149, -20.1011432], [-44.319401, -20.1014267], [-44.3193403, -20.1018599], [-44.3191712, -20.1026875], [-44.3190468, -20.1033058], [-44.3190161, -20.1036342], [-44.3190328, -20.1038763], [-44.3191058, -20.1040877], [-44.3192084, -20.1042747], [-44.3194002, -20.1045039], [-44.3195692, -20.1046418], [-44.3197529, -20.1047571], [-44.3199675, -20.1048503], [-44.3205743, -20.1050492], [-44.3212643, -20.1052413], [-44.3215909, -20.1053345], [-44.3218459, -20.1054403], [-44.3220878, -20.1055712], [-44.3223075, -20.1057129], [-44.3225253, -20.1058769], [-44.3230357, -20.106257], [-44.3239352, -20.1069771], [-44.3241075, -20.1071102], [-44.3242711, -20.1072185], [-44.3244493, -20.1073128], [-44.3246573, -20.1074099], [-44.3248474, -20.1074792], [-44.3249936, -20.1075281], [-44.3255664, -20.1077009], [-44.3258479, -20.1077917], [-44.3260427, -20.1078729], [-44.3262398, -20.1079741], [-44.3264347, -20.1081001], [-44.3265858, -20.108231], [-44.3267306, -20.1083971], [-44.3268649, -20.1085729], [-44.3269747, -20.108777], [-44.3270525, -20.1090213], [-44.3270894, -20.1092159], [-44.3270989, -20.1094039], [-44.3270928, -20.1096088], [-44.3270583, -20.1098638], [-44.3270077, -20.1100638], [-44.3269157, -20.1102863], [-44.3267984, -20.11046], [-44.3266689, -20.110624], [-44.3265268, -20.1107472], [-44.3263516, -20.1108888], [-44.326183, -20.1110029], [-44.3259555, -20.111105], [-44.3256927, -20.1111779], [-44.3254212, -20.1112169], [-44.3250858, -20.1112246], [-44.3247512, -20.1111678], [-44.3241908, -20.111063], [-44.3236843, -20.1109481], [-44.3234101, -20.1108858], [-44.323168, -20.1108637], [-44.322871, -20.1108983], [-44.3225565, -20.1109563], [-44.3221267, -20.1110444], [-44.3218041, -20.1110702], [-44.32144, -20.111033], [-44.3204992, -20.1108253], [-44.3196617, -20.1105702], [-44.3161836, -20.1090421], [-44.3156478, -20.1088179], [-44.3154184, -20.1087385], [-44.3152066, -20.1086983], [-44.314979, -20.1086747], [-44.3147653, -20.1087087], [-44.3145555, -20.1087948], [-44.3143404, -20.1089558], [-44.3141122, -20.1091907], [-44.3138299, -20.1095042], [-44.3136341, -20.1097051], [-44.3133707, -20.1099263], [-44.313055, -20.1100846], [-44.31255, -20.1103168], [-44.3121955, -20.1104994], [-44.3119705, -20.1106313], [-44.3117272, -20.1107683], [-44.3108875, -20.1113821], [-44.3092303, -20.1126697], [-44.3090576, -20.1127974], [-44.3088275, -20.1129462], [-44.3085855, -20.1130921], [-44.3082073, -20.1133011], [-44.3060371, -20.1144158], [-44.3054872, -20.1147295], [-44.3053588, -20.114835], [-44.3052542, -20.1149332], [-44.3051657, -20.1150516], [-44.3049271, -20.1154141], [-44.3042238, -20.1164896], [-44.3041223, -20.1166383], [-44.3039921, -20.116794], [-44.3037788, -20.116993], [-44.3032699, -20.1173939], [-44.302796, -20.1177707], [-44.3027173, -20.1178329], [-44.3025043, -20.1179931], [-44.3023788, -20.1181588], [-44.3022597, -20.1183507], [-44.3022303, -20.1184928], [-44.3022117, -20.1186449], [-44.3024515, -20.1198936], [-44.3024995, -20.1203356], [-44.3025169, -20.120547], [-44.3024807, -20.1207484], [-44.3022946, -20.1210564], [-44.301952, -20.1213914], [-44.3015924, -20.1216462], [-44.3011262, -20.121892], [-44.3008794, -20.1221237], [-44.3007488, -20.1223806], [-44.3007172, -20.1226491], [-44.3007767, -20.1230319], [-44.3010986, -20.123653], [-44.3025926, -20.1262928], [-44.3029753, -20.1270181], [-44.303136, -20.1274554], [-44.3032537, -20.1278625], [-44.303824, -20.1309679], [-44.3039535, -20.1313333], [-44.304241, -20.131739], [-44.3046013, -20.1320584], [-44.3049381, -20.1322578], [-44.305323, -20.1323714], [-44.3066805, -20.1326756], [-44.3069402, -20.1327689], [-44.3073227, -20.1329528], [-44.307808, -20.1332453], [-44.3080433, -20.1333448], [-44.3083038, -20.1334435], [-44.3085363, -20.1334886], [-44.310337, -20.1335949], [-44.3108171, -20.1336554], [-44.31119, -20.1337561], [-44.311603, -20.1339173], [-44.312059, -20.1341716], [-44.3124479, -20.1344386], [-44.3127096, -20.1346658], [-44.312936, -20.134908], [-44.3134145, -20.13542], [-44.3138981, -20.1359028], [-44.3142677, -20.1363093], [-44.3146373, -20.1366266], [-44.3149806, -20.1369033], [-44.3163711, -20.1377494], [-44.3167018, -20.1380108], [-44.3169483, -20.1382503], [-44.31716, -20.1385395], [-44.3172584, -20.138674], [-44.3175556, -20.1391985], [-44.3179966, -20.1399918], [-44.31884, -20.1415091], [-44.3194054, -20.1425078], [-44.3197037, -20.142885], [-44.3201324, -20.14327], [-44.3216016, -20.1443687], [-44.3224586, -20.1452502], [-44.3235646, -20.1464136], [-44.3236327, -20.1464819], [-44.3239267, -20.1467765], [-44.3240933, -20.1469942], [-44.3241993, -20.1472493], [-44.3242282, -20.1475087], [-44.3241788, -20.1480045], [-44.3241423, -20.1483641], [-44.3241439, -20.1487046], [-44.324213, -20.1489207], [-44.3243946, -20.149201], [-44.3246647, -20.1494456], [-44.3251278, -20.1497459], [-44.3254401, -20.1499447], [-44.3258293, -20.1502032], [-44.3259906, -20.1503647], [-44.3261418, -20.150596], [-44.3262016, -20.1507581], [-44.3262271, -20.1509262], [-44.3262253, -20.151102], [-44.3261822, -20.1513543], [-44.3261319, -20.1515394], [-44.3259984, -20.1519574], [-44.3259461, -20.1521538], [-44.3259387, -20.1523514], [-44.3259689, -20.1525642], [-44.3260494, -20.1528267], [-44.3265456, -20.1539699], [-44.3268105, -20.1547202], [-44.3271705, -20.1559263], [-44.3272906, -20.1562058], [-44.3274435, -20.1564173], [-44.3276708, -20.1566137], [-44.3279129, -20.1567535], [-44.3285043, -20.1570191], [-44.3288798, -20.1571941], [-44.3291292, -20.1573609], [-44.3293217, -20.1575403], [-44.32949, -20.1577537], [-44.3295939, -20.1579463], [-44.3296704, -20.1582145], [-44.3297146, -20.1585601], [-44.3297677, -20.1594642], [-44.3299238, -20.1626661], [-44.3300002, -20.163079], [-44.3300973, -20.1633178], [-44.3302148, -20.1634773], [-44.3307904, -20.1641383], [-44.3309117, -20.1642924], [-44.3310288, -20.1644923], [-44.3311123, -20.1646911], [-44.3311872, -20.1649963], [-44.3313213, -20.1656157], [-44.3314272, -20.1659115], [-44.3315452, -20.1661444], [-44.3317437, -20.1664151], [-44.3323928, -20.1671301], [-44.3325658, -20.1672837], [-44.3327243, -20.1673816], [-44.3328739, -20.1674561], [-44.3330215, -20.1675074], [-44.3332121, -20.1675349], [-44.333349, -20.1675434], [-44.3335437, -20.1675207], [-44.3337433, -20.1674623], [-44.3339175, -20.1673888], [-44.3340725, -20.1672911], [-44.3342429, -20.167138], [-44.3343918, -20.1669579], [-44.3355518, -20.1654791], [-44.3357529, -20.1652569], [-44.3359615, -20.1650731], [-44.336223, -20.1648918], [-44.3365771, -20.1647156], [-44.3370384, -20.1645393], [-44.3388945, -20.1638803], [-44.3391493, -20.1637777], [-44.3393645, -20.163682], [-44.3395362, -20.163575], [-44.3396757, -20.1634586], [-44.3398078, -20.163322], [-44.339954, -20.1631319], [-44.340371, -20.1624772], [-44.3405561, -20.1622645], [-44.340819, -20.1620561], [-44.3411053, -20.1619038], [-44.3420193, -20.1615205], [-44.34227, -20.1614512], [-44.3425007, -20.1614191], [-44.3427998, -20.161421], [-44.3430861, -20.1614726], [-44.3446331, -20.1618434], [-44.3455142, -20.162053], [-44.3461633, -20.162206], [-44.3465797, -20.1622796], [-44.3469036, -20.162296], [-44.3472462, -20.1622683], [-44.3475426, -20.1622211], [-44.3482185, -20.1621115], [-44.3484968, -20.1620914], [-44.3487677, -20.1621027], [-44.3491218, -20.1621808], [-44.3494007, -20.1622695], [-44.3497132, -20.1623923], [-44.3503556, -20.1626686], [-44.3507579, -20.1628083], [-44.3511415, -20.1628965], [-44.3516263, -20.1629531], [-44.3539021, -20.1631407], [-44.3546699, -20.1632036], [-44.354981, -20.16322], [-44.3552399, -20.1632175], [-44.3554799, -20.1632036], [-44.35572, -20.1631734], [-44.3558831, -20.1631376], [-44.3562055, -20.1630475], [-44.3563507, -20.1630019], [-44.3565944, -20.1629254], [-44.3570551, -20.1627832], [-44.3572851, -20.162734], [-44.3574151, -20.1627101], [-44.3575868, -20.162695], [-44.3577759, -20.1626976], [-44.357973, -20.162719], [-44.3581742, -20.1627592], [-44.3583593, -20.1628184], [-44.3585953, -20.1629154], [-44.3592498, -20.163215], [-44.3599632, -20.1635385], [-44.3604501, -20.1637412], [-44.360957, -20.16393], [-44.3614599, -20.1640811], [-44.3619561, -20.1642284], [-44.3623289, -20.1643341], [-44.3626334, -20.1644097], [-44.3629861, -20.1644726], [-44.3634059, -20.1645205], [-44.3637706, -20.1645331], [-44.3641421, -20.1645268], [-44.3643808, -20.1645079], [-44.3646839, -20.1644739], [-44.3650608, -20.1644084], [-44.3656495, -20.16428], [-44.3659727, -20.1642183], [-44.3661873, -20.1641906], [-44.3663938, -20.1641831], [-44.3665829, -20.1642007], [-44.3667854, -20.1642485], [-44.3669638, -20.164319], [-44.3671811, -20.1644273], [-44.3673661, -20.1645582], [-44.3676263, -20.1647798], [-44.3681842, -20.1652695], [-44.3686885, -20.1657126], [-44.3690304, -20.1660274], [-44.369359, -20.1663496], [-44.3694663, -20.1664705], [-44.3696152, -20.1666555], [-44.36976, -20.1668519], [-44.3698847, -20.1670735], [-44.3700242, -20.1673404], [-44.3703099, -20.1678767], [-44.3705298, -20.1682279], [-44.3707725, -20.1685275], [-44.3720426, -20.1698015], [-44.3726166, -20.1703894], [-44.3736599, -20.1713952], [-44.3738906, -20.171618], [-44.3752344, -20.1729989], [-44.3754785, -20.1732709], [-44.3756153, -20.1734723], [-44.3757413, -20.1737404], [-44.3757842, -20.1739355], [-44.3757896, -20.1739777], [-44.3758044, -20.1742188], [-44.3758446, -20.1752976], [-44.3758996, -20.175713], [-44.3759868, -20.1759584], [-44.3761048, -20.1761901], [-44.376535, -20.1769717], [-44.3767697, -20.1773376], [-44.3771962, -20.178005], [-44.3774403, -20.1784397], [-44.3775974, -20.1787593], [-44.377789, -20.179158], [-44.3780581, -20.1797805], [-44.3786035, -20.1810379], [-44.3791498, -20.1823405], [-44.3797008, -20.1835953], [-44.3802583, -20.1848797], [-44.3806115, -20.1857304], [-44.3823767, -20.1897799], [-44.3827615, -20.1906657], [-44.3829268, -20.1910288], [-44.3841177, -20.1938274], [-44.3844322, -20.194538], [-44.3850489, -20.1957236], [-44.3856193, -20.1969385], [-44.3859765, -20.1979032], [-44.3863855, -20.1990108], [-44.3865337, -20.1993934], [-44.3867525, -20.1998862], [-44.3870737, -20.200643], [-44.3876597, -20.2020892], [-44.3880513, -20.2029362], [-44.3886657, -20.2043023], [-44.3888251, -20.2046599], [-44.3890183, -20.2050959], [-44.3892678, -20.2056434], [-44.3894951, -20.2061882], [-44.3897317, -20.2066906], [-44.3900388, -20.2072318], [-44.3902481, -20.2076647], [-44.3904331, -20.2080787], [-44.3905995, -20.2084714], [-44.3910594, -20.2095173], [-44.39127, -20.2100295], [-44.3916194, -20.2108901], [-44.3916784, -20.2111112], [-44.3917712, -20.2114125], [-44.3924697, -20.2131454], [-44.393713, -20.2159524], [-44.3947434, -20.2183469], [-44.3949299, -20.2188012], [-44.3950479, -20.2191725], [-44.3950921, -20.2194607], [-44.395119, -20.2198042], [-44.3951726, -20.2209129], [-44.3951947, -20.2216743], [-44.3952256, -20.2224891], [-44.3952826, -20.2239678], [-44.395355, -20.2256408], [-44.3953778, -20.2258636], [-44.3954334, -20.2261631], [-44.3955347, -20.2264789], [-44.3956506, -20.2267259], [-44.3957473, -20.2269382], [-44.3961855, -20.22784], [-44.3965099, -20.2284598], [-44.3965797, -20.2285856], [-44.3971199, -20.2296841], [-44.3976241, -20.2306404], [-44.3979192, -20.231067], [-44.3981807, -20.2313426], [-44.3984462, -20.2315729], [-44.3986635, -20.23171], [-44.3989371, -20.231851], [-44.3992415, -20.2319793], [-44.4001565, -20.2322791], [-44.4007006, -20.2324462], [-44.4012827, -20.2326563], [-44.4016944, -20.2328539], [-44.4024668, -20.2332932], [-44.4035304, -20.2339902], [-44.4045818, -20.2345577], [-44.405014, -20.2347728], [-44.4067504, -20.2356474], [-44.4071326, -20.2359003], [-44.4074021, -20.2361331], [-44.4077153, -20.2364766], [-44.407948, -20.236722], [-44.4082517, -20.2370511], [-44.4086192, -20.2373732], [-44.4088063, -20.2374871], [-44.4089977, -20.2375652], [-44.4091449, -20.2376022], [-44.4093387, -20.2376337], [-44.4095171, -20.2376362], [-44.4097792, -20.2376003], [-44.410433, -20.2374783], [-44.410724, -20.2374518], [-44.410948, -20.2374757], [-44.4111465, -20.2375236], [-44.4113101, -20.2375965], [-44.4115971, -20.237779], [-44.411805, -20.2380093], [-44.4119243, -20.2382383], [-44.4120075, -20.2385101], [-44.4121067, -20.2391568], [-44.4122541, -20.2401303], [-44.4123749, -20.2409361], [-44.4124769, -20.2417892], [-44.4125171, -20.2421805], [-44.4125292, -20.2425215], [-44.4124983, -20.2429971], [-44.4123937, -20.2437533], [-44.4122167, -20.2448669], [-44.4121362, -20.2459641], [-44.4120992, -20.2467792], [-44.4120933, -20.246909], [-44.4120611, -20.247284], [-44.4119874, -20.2477193], [-44.4118653, -20.2481748], [-44.4115944, -20.2490216], [-44.4113933, -20.249735], [-44.4113289, -20.2500659], [-44.4113021, -20.2502949], [-44.4112954, -20.2507152], [-44.4113503, -20.251377], [-44.4113946, -20.2516588], [-44.4114804, -20.2519608], [-44.4115864, -20.2522552], [-44.4117956, -20.2526817], [-44.4120249, -20.2530541], [-44.4124004, -20.2535033], [-44.4126177, -20.2537449], [-44.4128524, -20.25395], [-44.4130844, -20.2541299], [-44.4132788, -20.254257], [-44.4139977, -20.2546432], [-44.4154394, -20.2552987], [-44.4172378, -20.2560763], [-44.4176549, -20.2562851], [-44.4181618, -20.2565707], [-44.4185078, -20.2568098], [-44.4188404, -20.2570765], [-44.4191435, -20.2573684], [-44.4194976, -20.2577559], [-44.419798, -20.258161], [-44.4201225, -20.2586718], [-44.4202808, -20.2590141], [-44.4203907, -20.2592481], [-44.4210237, -20.2608736], [-44.4216441, -20.2624732], [-44.4216634, -20.262523], [-44.4222924, -20.2641145], [-44.4223326, -20.2642101], [-44.4227296, -20.265121], [-44.4230971, -20.2659764], [-44.4234397, -20.2669238], [-44.4236872, -20.2675516], [-44.4239194, -20.2681868], [-44.4239649, -20.2683069], [-44.4240013, -20.2683969], [-44.4241297, -20.2686964], [-44.424524, -20.2696318], [-44.424701, -20.2701079], [-44.4248486, -20.270503], [-44.4251423, -20.2713949], [-44.4253179, -20.2719824], [-44.4258839, -20.2735197], [-44.4267288, -20.2756885], [-44.4272974, -20.2772], [-44.4276018, -20.2781806], [-44.4278982, -20.279226], [-44.4281115, -20.2799343], [-44.4286332, -20.2815382], [-44.4287887, -20.2818778], [-44.4290596, -20.2822476], [-44.4293493, -20.2825521], [-44.429639, -20.2827659], [-44.4299555, -20.2829722], [-44.4302639, -20.2831358], [-44.4305339, -20.2832823], [-44.4314656, -20.2837698], [-44.4329783, -20.2845497], [-44.4335517, -20.2848583], [-44.4339909, -20.2850906], [-44.4343328, -20.2852843], [-44.4345702, -20.2854504], [-44.4347848, -20.2856378], [-44.4349927, -20.2858692], [-44.4351321, -20.2860542], [-44.4352971, -20.2863359], [-44.4354138, -20.28658], [-44.4355479, -20.2869825], [-44.4356954, -20.2875863], [-44.4363108, -20.290276], [-44.4369449, -20.2930567], [-44.4370607, -20.2935562], [-44.4371895, -20.2940799], [-44.4372927, -20.2944128], [-44.437412, -20.2946833], [-44.437585, -20.2950443], [-44.437809, -20.2954354], [-44.4379887, -20.2957097], [-44.4381738, -20.2959612], [-44.43867, -20.296482], [-44.4391072, -20.296892], [-44.4397395, -20.2974612], [-44.4404605, -20.2981082], [-44.4406429, -20.298327], [-44.4408199, -20.2986038], [-44.4409406, -20.298927], [-44.4411141, -20.2994434], [-44.4412209, -20.2997628], [-44.4414087, -20.3001653], [-44.4416098, -20.3004798], [-44.4418812, -20.3007488], [-44.4422267, -20.300993], [-44.4447668, -20.3027187], [-44.4451691, -20.3030356], [-44.4456144, -20.303418], [-44.4459657, -20.3037375], [-44.4463466, -20.3041865], [-44.4466926, -20.3046267], [-44.446985, -20.3050808], [-44.4470909, -20.3052619], [-44.4480305, -20.3069036], [-44.4501661, -20.3106482], [-44.4528687, -20.3153356], [-44.4546618, -20.3184455], [-44.4553368, -20.3196161], [-44.4558148, -20.3204958], [-44.4561474, -20.3210944], [-44.4564371, -20.3217534], [-44.456598, -20.3222414], [-44.4567428, -20.3229054], [-44.4568233, -20.3234688], [-44.4568501, -20.323987], [-44.4568233, -20.3245001], [-44.4567402, -20.3250949], [-44.4566221, -20.3256042], [-44.4564854, -20.3260318], [-44.4563298, -20.3264544], [-44.4561581, -20.3268669], [-44.4558792, -20.3273347], [-44.4556217, -20.3277422], [-44.4554164, -20.3280127], [-44.4552837, -20.3281798], [-44.454935, -20.3285772], [-44.448971, -20.3337849], [-44.4476121, -20.3349744], [-44.4469577, -20.3355579], [-44.446432, -20.3359603], [-44.4459331, -20.3363225], [-44.4453913, -20.3366344], [-44.4433233, -20.3375901], [-44.4429961, -20.3377642], [-44.4427225, -20.3379528], [-44.4424677, -20.3381691], [-44.4422531, -20.3383678], [-44.4420734, -20.3386193], [-44.4418266, -20.3390054], [-44.4412312, -20.3407847], [-44.4410971, -20.3412311], [-44.4410515, -20.3415354], [-44.4410247, -20.3418397], [-44.4410166, -20.3422119], [-44.4411051, -20.3442578], [-44.4411453, -20.3446602], [-44.4412124, -20.3449997], [-44.4413251, -20.3453191], [-44.4415155, -20.3456586], [-44.4417837, -20.3460107], [-44.4444418, -20.3492184], [-44.4448709, -20.3497012], [-44.4452518, -20.3500784], [-44.4457131, -20.3504808], [-44.4461959, -20.3508178], [-44.4466171, -20.3510466], [-44.4485942, -20.3520459], [-44.4504981, -20.3530081], [-44.4548893, -20.3552281], [-44.4553815, -20.3554506], [-44.4561764, -20.355758], [-44.4617866, -20.3576573], [-44.4630834, -20.3580986], [-44.4636856, -20.3583564], [-44.4640397, -20.3585462], [-44.4642609, -20.3587046], [-44.4646096, -20.3589813], [-44.4648805, -20.3592176], [-44.4652225, -20.3594641], [-44.466054, -20.3599909], [-44.4663262, -20.3602248], [-44.4664697, -20.3603857], [-44.4666293, -20.3606573], [-44.4667541, -20.361042], [-44.4668654, -20.3616782], [-44.466915, -20.3618454], [-44.4669941, -20.3620227], [-44.4671752, -20.3623018], [-44.4673988, -20.3625727], [-44.4681314, -20.36349], [-44.468362, -20.3637879], [-44.4685887, -20.3641463], [-44.4688274, -20.3645826], [-44.469054, -20.3650955], [-44.4692136, -20.3654865], [-44.4693129, -20.3658285], [-44.4694027, -20.3662522], [-44.4694577, -20.3667312], [-44.4694698, -20.3673309], [-44.4694128, -20.3685901], [-44.4693638, -20.3691527], [-44.4691637, -20.370833], [-44.469158, -20.3711869], [-44.4691868, -20.3715138], [-44.4692512, -20.3718583], [-44.469392, -20.3722556], [-44.4695663, -20.3725875], [-44.4698292, -20.3729432], [-44.470084, -20.3731758], [-44.4704166, -20.373421], [-44.4708511, -20.3736762], [-44.4725463, -20.3744356], [-44.4729996, -20.3746757], [-44.473308, -20.3748668], [-44.4736564, -20.3751288], [-44.4740453, -20.3754934], [-44.474517, -20.3759781], [-44.476011, -20.3775132], [-44.4785665, -20.38014], [-44.4791968, -20.3808069], [-44.4794449, -20.3810584], [-44.4801959, -20.3818378], [-44.4805527, -20.3822074], [-44.4809832, -20.382621], [-44.4814083, -20.3830006], [-44.4818641, -20.3833117], [-44.4819778, -20.383393], [-44.4829806, -20.3840724], [-44.4831108, -20.3841656], [-44.4833116, -20.3842985], [-44.4838693, -20.384674], [-44.484364, -20.384987], [-44.4845044, -20.3850606], [-44.4846826, -20.385154], [-44.4850205, -20.3853019], [-44.485389, -20.3854126], [-44.4857341, -20.3854803], [-44.4860405, -20.3855213], [-44.4863468, -20.3855318], [-44.486924, -20.3855166], [-44.4881577, -20.3854507], [-44.4886249, -20.3854488], [-44.4889802, -20.3854813], [-44.4891888, -20.385529], [-44.489425, -20.3856072], [-44.4896805, -20.385715], [-44.4899574, -20.3858581], [-44.4901557, -20.3859754], [-44.490391, -20.3861845], [-44.4905752, -20.3863867], [-44.4907432, -20.3866281], [-44.4908826, -20.3868886], [-44.4912124, -20.3876224], [-44.4916278, -20.3885717], [-44.4918934, -20.3891805], [-44.4921784, -20.3898026], [-44.4922711, -20.3900106], [-44.4923739, -20.3901966], [-44.4924665, -20.3903598], [-44.4925785, -20.3905296], [-44.4927678, -20.3907767], [-44.492893, -20.3909294], [-44.4930915, -20.3911279], [-44.4932391, -20.3912509], [-44.4935241, -20.3914503], [-44.4938682, -20.3916603], [-44.4950489, -20.3922761], [-44.4970587, -20.3933822], [-44.4976058, -20.3936764], [-44.4980885, -20.3939005], [-44.4985487, -20.3940472], [-44.4990337, -20.3941643], [-44.4992833, -20.3942226], [-44.499967, -20.3943628], [-44.5011494, -20.3946123], [-44.5015892, -20.3947305], [-44.5020559, -20.3948964], [-44.5025736, -20.3951227], [-44.5033843, -20.3956086], [-44.5040093, -20.3960787], [-44.5044089, -20.3964961], [-44.5048453, -20.3970124], [-44.5051465, -20.3975394], [-44.5071162, -20.4012146], [-44.507312, -20.4015168], [-44.5075391, -20.4017968], [-44.5078044, -20.4020207], [-44.5081832, -20.4022118], [-44.5086029, -20.4023224], [-44.509059, -20.4023657], [-44.5131744, -20.4023901], [-44.5137323, -20.4024404], [-44.5143117, -20.4025422], [-44.5148964, -20.4027911], [-44.5156018, -20.4031732], [-44.5201455, -20.4059247], [-44.5206148, -20.4061887], [-44.5210547, -20.4063873], [-44.5215804, -20.4065708], [-44.5220954, -20.4066738], [-44.5234687, -20.4068737], [-44.5239113, -20.4069969], [-44.5243109, -20.4071779], [-44.5246864, -20.4074343], [-44.5250003, -20.4077561], [-44.5252095, -20.4080477], [-44.5254106, -20.4084071], [-44.5274451, -20.4118482], [-44.5277093, -20.4123362], [-44.5289464, -20.4145338], [-44.5295432, -20.4156292], [-44.5299737, -20.4164103], [-44.5302661, -20.4169916], [-44.5306067, -20.4175578], [-44.5309702, -20.4181737], [-44.5312411, -20.4186827], [-44.5315187, -20.4191063], [-44.5317453, -20.4193941], [-44.5319928, -20.4196675], [-44.5323388, -20.4199478], [-44.5326492, -20.4201519], [-44.5330187, -20.4203172], [-44.5342585, -20.4207891], [-44.5351115, -20.4211093], [-44.5358142, -20.4213648], [-44.5362561, -20.4215256], [-44.5369206, -20.421816], [-44.5374041, -20.4220586], [-44.537968, -20.4223727], [-44.5386185, -20.4227623], [-44.5396216, -20.4233945], [-44.540433, -20.4239123], [-44.5409455, -20.4242184], [-44.5421496, -20.4249731], [-44.5438273, -20.4260137], [-44.5455895, -20.4270945], [-44.546537, -20.4276688], [-44.5474637, -20.4282576], [-44.5480129, -20.4286051], [-44.5481354, -20.4286827], [-44.5484769, -20.4288992], [-44.5487995, -20.4291443], [-44.5491193, -20.4294239], [-44.5492065, -20.4295211], [-44.5496719, -20.4300403], [-44.5501473, -20.4305325], [-44.5504832, -20.4308183], [-44.5509251, -20.4311307], [-44.5512524, -20.43135], [-44.5515568, -20.4315434], [-44.5532794, -20.4326556], [-44.5541511, -20.433245], [-44.554988, -20.4338105], [-44.557351, -20.435492], [-44.5583455, -20.4361644], [-44.5592641, -20.4367669], [-44.5610109, -20.4378998], [-44.5618008, -20.4384063], [-44.5623077, -20.4387808], [-44.5627295, -20.4391609], [-44.5631801, -20.4396875], [-44.563563, -20.440226], [-44.5638447, -20.4407047], [-44.5639975, -20.4410089], [-44.5641987, -20.4414763], [-44.5643556, -20.4420205], [-44.5645273, -20.4428272], [-44.564703, -20.4435938], [-44.5648384, -20.4442334], [-44.5650825, -20.4452374], [-44.5651764, -20.4455328], [-44.5653266, -20.445911], [-44.5654848, -20.4462314], [-44.5656773, -20.4465845], [-44.5658483, -20.4468459], [-44.5660239, -20.4470897], [-44.5663109, -20.4474466], [-44.567813, -20.4489909], [-44.5680504, -20.4492724], [-44.5682395, -20.4495514], [-44.5683762, -20.4498109], [-44.5684902, -20.4501294], [-44.5685828, -20.4506019], [-44.5686767, -20.4510367], [-44.568735, -20.4513169], [-44.5692104, -20.4534254], [-44.5695028, -20.4550162], [-44.5696852, -20.4557148], [-44.569834, -20.4561471], [-44.5701975, -20.4569487], [-44.5704898, -20.4574187], [-44.57075, -20.4577692], [-44.5711309, -20.4582128], [-44.5719664, -20.4591338], [-44.5760903, -20.4638846], [-44.5765476, -20.4643181], [-44.577084, -20.4647264], [-44.5779222, -20.4652767], [-44.5785197, -20.4656537], [-44.5807265, -20.4670647], [-44.5814547, -20.4675472], [-44.5819268, -20.4678965], [-44.5822446, -20.4681767], [-44.5825799, -20.4685234], [-44.5827781, -20.4687523], [-44.5830546, -20.4691466], [-44.583341, -20.4696203], [-44.5835482, -20.4700173], [-44.5836702, -20.4703289], [-44.583811, -20.4707209], [-44.5839036, -20.4710878], [-44.5839934, -20.4715288], [-44.5840417, -20.4718705], [-44.5841295, -20.4728166], [-44.5842187, -20.4734781], [-44.5845379, -20.4762239], [-44.5846318, -20.4766624], [-44.5847867, -20.4770707], [-44.5849255, -20.4773578], [-44.5851313, -20.4776901], [-44.585311, -20.4779351], [-44.5856262, -20.4782686], [-44.5859414, -20.4785369], [-44.5877787, -20.4798931], [-44.5879805, -20.4800671], [-44.5883285, -20.4803994], [-44.5885847, -20.4806978], [-44.5888951, -20.4811092], [-44.5899933, -20.4827136], [-44.5912421, -20.4845346], [-44.5916229, -20.4850107], [-44.59201, -20.4854186], [-44.5922358, -20.4856156], [-44.5925429, -20.4858669], [-44.5928548, -20.4860949], [-44.5930888, -20.4862457], [-44.5934214, -20.486424], [-44.5945231, -20.4869712], [-44.5964952, -20.4880095], [-44.5967285, -20.4881326], [-44.5985806, -20.4890528], [-44.6009758, -20.490272], [-44.6014237, -20.4905547], [-44.6018864, -20.4908951], [-44.6022841, -20.4912268], [-44.6025194, -20.4914366], [-44.6028024, -20.4917079], [-44.603253, -20.4922198], [-44.6034542, -20.4924729], [-44.6043218, -20.4938106], [-44.6044466, -20.494003], [-44.6048221, -20.4945244], [-44.6050823, -20.4948372], [-44.6058789, -20.49566], [-44.6066862, -20.4964991], [-44.6076478, -20.4975355], [-44.6079066, -20.4978847], [-44.6080703, -20.4981699], [-44.6082003, -20.4984274], [-44.6083465, -20.498798], [-44.6084558, -20.4991861], [-44.6085121, -20.4995529], [-44.6085303, -20.4998607], [-44.6085343, -20.5002677], [-44.6084847, -20.5011508], [-44.6084672, -20.5019987], [-44.6085303, -20.5026645], [-44.6086147, -20.5031506], [-44.6087301, -20.5035752], [-44.6089567, -20.5041543], [-44.6091633, -20.5045776], [-44.6094757, -20.505129], [-44.6104749, -20.5066018], [-44.6116215, -20.5082046], [-44.6120352, -20.5088741], [-44.6121137, -20.5090506], [-44.6121834, -20.5092579], [-44.612229, -20.5094588], [-44.6122465, -20.5095958], [-44.6122599, -20.5097653], [-44.6122545, -20.510009], [-44.6122317, -20.5103796], [-44.6121727, -20.5112312], [-44.6121874, -20.5114849], [-44.6122102, -20.5116683], [-44.6122693, -20.5119095], [-44.612406, -20.5123328], [-44.6126327, -20.5129432], [-44.6127923, -20.5132673], [-44.6129224, -20.5134833], [-44.61309, -20.5136918], [-44.6132094, -20.5138187], [-44.6134856, -20.5140536], [-44.6152036, -20.5154717], [-44.6163127, -20.5163522], [-44.6166788, -20.5166197], [-44.6170892, -20.5168772], [-44.6174553, -20.5170568], [-44.6178389, -20.5172301], [-44.6182694, -20.5173846], [-44.6187012, -20.5175265], [-44.6190238, -20.5176319], [-44.6199662, -20.5179258], [-44.6208899, -20.5182626], [-44.6225663, -20.518819], [-44.6228848, -20.5189276], [-44.6236271, -20.519177], [-44.6242802, -20.5194068], [-44.6247509, -20.5196015], [-44.6250138, -20.5197384], [-44.6252055, -20.519859], [-44.6254604, -20.5200223], [-44.6257956, -20.5202659], [-44.6259807, -20.5204148], [-44.6261537, -20.5205686], [-44.6264407, -20.5208801], [-44.6267606, -20.5212802], [-44.6269289, -20.5215332], [-44.6272588, -20.522062], [-44.6277731, -20.5230706], [-44.627928, -20.5233229], [-44.6280769, -20.5235399], [-44.6281541, -20.5235962], [-44.6281898, -20.5236453], [-44.6283067, -20.5237805], [-44.6284577, -20.5239246], [-44.6286294, -20.5240829], [-44.6288681, -20.5242876], [-44.6290827, -20.5244408], [-44.6293241, -20.5245828], [-44.6297076, -20.5247724], [-44.6304868, -20.5250462], [-44.6345168, -20.5263009], [-44.6362737, -20.5268649], [-44.6368289, -20.5271085], [-44.6371816, -20.5273195], [-44.6376979, -20.5277415], [-44.6379581, -20.5279914], [-44.638284, -20.5284109], [-44.6385844, -20.5289434], [-44.6387655, -20.5294421], [-44.6388499, -20.529805], [-44.6391745, -20.5323344], [-44.6395205, -20.5355747], [-44.6395876, -20.5360544], [-44.6396559, -20.5364312], [-44.6397874, -20.5368883], [-44.6399336, -20.5373216], [-44.6400905, -20.5376946], [-44.6402085, -20.5379884], [-44.6403252, -20.5382019], [-44.6404217, -20.5383665], [-44.6406336, -20.5386704], [-44.6409729, -20.5391074], [-44.641103, -20.5392456], [-44.6412492, -20.539395], [-44.6414383, -20.5395796], [-44.6417481, -20.5398471], [-44.64242, -20.5403796], [-44.6434017, -20.5411507], [-44.6455769, -20.5428008], [-44.6460825, -20.5432027], [-44.6474853, -20.5442978], [-44.6478742, -20.5445866], [-44.648121, -20.5447323], [-44.6484737, -20.5448905], [-44.6488023, -20.5450136], [-44.649218, -20.5451115], [-44.6496807, -20.5451819], [-44.6513812, -20.5453313], [-44.6530013, -20.5454669], [-44.6550156, -20.5456453], [-44.655595, -20.5457055], [-44.6559732, -20.5457759], [-44.6562856, -20.5458575], [-44.6566182, -20.5459768], [-44.656975, -20.5461438], [-44.657333, -20.5463535], [-44.6577032, -20.5466135], [-44.6579795, -20.5468609], [-44.6582034, -20.5470656], [-44.6583067, -20.5471899], [-44.6584079, -20.5473217], [-44.6585769, -20.5475647], [-44.658713, -20.5478184], [-44.6588418, -20.5480928], [-44.6590222, -20.5485279], [-44.6596129, -20.550254], [-44.6598295, -20.5507852], [-44.6606268, -20.5525533], [-44.6609727, -20.5532862], [-44.6610681, -20.5535267], [-44.6611577, -20.553749], [-44.6619518, -20.555999], [-44.6621443, -20.5565892], [-44.6624648, -20.5572773], [-44.663083, -20.5587107], [-44.6638119, -20.5603399], [-44.6639621, -20.5606388], [-44.6641412, -20.5609], [-44.6643846, -20.5611768], [-44.6646152, -20.561379], [-44.6649492, -20.5615893], [-44.6652556, -20.5617626], [-44.6658752, -20.5620188], [-44.6666215, -20.5623164], [-44.6670641, -20.5625041], [-44.667457, -20.5627025], [-44.6677575, -20.5628801], [-44.6680411, -20.5630698], [-44.6684428, -20.5633768], [-44.6686285, -20.5635193], [-44.6699186, -20.5644604], [-44.6712054, -20.5654103], [-44.6726511, -20.5664908], [-44.6744002, -20.5678218], [-44.6748831, -20.5681892], [-44.6759822, -20.5690118], [-44.6789873, -20.5712351], [-44.6793902, -20.5715783], [-44.6798694, -20.5720541], [-44.6833384, -20.5757413], [-44.6836884, -20.5761054], [-44.6839473, -20.5763854], [-44.6846071, -20.5770747], [-44.6850014, -20.5774275], [-44.6854198, -20.5777138], [-44.6861802, -20.5781947], [-44.6878392, -20.579184], [-44.6885097, -20.5795958], [-44.6888651, -20.5798432], [-44.6891011, -20.5800378], [-44.6894029, -20.5803083], [-44.6896295, -20.5805393], [-44.6899688, -20.580953], [-44.6913676, -20.5825325], [-44.6916734, -20.5828803], [-44.6924754, -20.5838294], [-44.6930688, -20.5844734], [-44.6936394, -20.5851225], [-44.6942309, -20.5857829], [-44.6947069, -20.5863403], [-44.6950838, -20.586786], [-44.69558, -20.5873359], [-44.6962224, -20.5880678], [-44.6967548, -20.5886918], [-44.6972644, -20.5891802], [-44.6979189, -20.589666], [-44.6983943, -20.5900144], [-44.6987309, -20.5902285], [-44.6996302, -20.5907557], [-44.7012082, -20.591707], [-44.7013069, -20.5917669], [-44.7013978, -20.591822], [-44.7014251, -20.5918348], [-44.7016512, -20.5919729], [-44.7019959, -20.5921945], [-44.7025149, -20.5925397], [-44.7028729, -20.592777], [-44.7030124, -20.5928648], [-44.7037956, -20.5933419], [-44.7045372, -20.593809], [-44.704721, -20.5939596], [-44.705181, -20.5943324], [-44.7054881, -20.5946262], [-44.7059078, -20.5949877], [-44.7064483, -20.5954284], [-44.7075963, -20.5963963], [-44.7087818, -20.5974483], [-44.7092539, -20.5978739], [-44.7101645, -20.5986472], [-44.7103174, -20.5987878], [-44.7106808, -20.5990916], [-44.7108807, -20.5992862], [-44.711397, -20.5997695], [-44.7120273, -20.6002729], [-44.7127193, -20.6008409], [-44.7130412, -20.6011227], [-44.7133859, -20.6013625], [-44.7137184, -20.6015646], [-44.7139719, -20.6016989], [-44.7144051, -20.6018822], [-44.7148168, -20.6020015], [-44.7151293, -20.6020592], [-44.7158133, -20.602127], [-44.7168499, -20.6021471], [-44.7177538, -20.6021396], [-44.718482, -20.602186], [-44.7188441, -20.6022488], [-44.7192572, -20.6023555], [-44.7195885, -20.6024785], [-44.7199559, -20.6026756], [-44.7202885, -20.6029003], [-44.7207606, -20.603248], [-44.721285, -20.6036208], [-44.7218737, -20.6040037], [-44.7225617, -20.6045209], [-44.7231196, -20.6049301], [-44.7245559, -20.6059319], [-44.7255175, -20.6065721], [-44.7260056, -20.6068483], [-44.7263999, -20.6070365], [-44.7268868, -20.6072186], [-44.7273964, -20.6073403], [-44.728024, -20.6074106], [-44.7283888, -20.6073943], [-44.7287013, -20.6073428], [-44.7304018, -20.6069298], [-44.7307853, -20.6068395], [-44.7313178, -20.6067554], [-44.7317348, -20.6067516], [-44.7322539, -20.6068495], [-44.7328533, -20.6070278], [-44.7331484, -20.6071608], [-44.7335775, -20.6074219], [-44.7338752, -20.6077056], [-44.7339812, -20.6078588], [-44.7341877, -20.6081437], [-44.7343956, -20.6085216], [-44.7345766, -20.6089935], [-44.7348046, -20.6096262], [-44.7350353, -20.6103517], [-44.7351614, -20.6108488], [-44.7352861, -20.6113459], [-44.735384, -20.6117325], [-44.7357991, -20.613406], [-44.7358239, -20.6135095], [-44.7360143, -20.6143058], [-44.7360787, -20.6147125], [-44.7361136, -20.6152121], [-44.7360599, -20.6156916], [-44.7359419, -20.6161736], [-44.7357541, -20.616638], [-44.7337371, -20.6214077], [-44.7335239, -20.6220165], [-44.7334622, -20.622511], [-44.7335199, -20.6230495], [-44.7336942, -20.6235817], [-44.7339624, -20.6241315], [-44.7347671, -20.6253289], [-44.735333, -20.6261999], [-44.7356898, -20.6269304], [-44.735848, -20.6274626], [-44.7359338, -20.62805], [-44.7359419, -20.6287303], [-44.7358319, -20.629388], [-44.7351324, -20.6328023], [-44.7350547, -20.6333395], [-44.7350396, -20.6339086], [-44.7351144, -20.6344799], [-44.7352767, -20.6350647], [-44.7355533, -20.6356319], [-44.7362365, -20.6367748], [-44.7367681, -20.637684], [-44.736988, -20.6381208], [-44.7372133, -20.6386228], [-44.7373956, -20.6391901], [-44.7375137, -20.6397925], [-44.7375566, -20.6403447], [-44.7375673, -20.6409421], [-44.7374815, -20.6416148], [-44.7363453, -20.6463231], [-44.7355396, -20.6496617], [-44.7354966, -20.6499478], [-44.7354564, -20.6502942], [-44.7354618, -20.6506681], [-44.7354966, -20.651017], [-44.7359201, -20.6532856], [-44.7360116, -20.6538305], [-44.736068, -20.6541217], [-44.7362135, -20.6548763], [-44.7364396, -20.6560488], [-44.7368306, -20.6580188], [-44.7370876, -20.6594208], [-44.7372147, -20.6601156], [-44.737279, -20.6604672], [-44.7373956, -20.6613448], [-44.737452, -20.6627125], [-44.7374948, -20.6639295], [-44.7375172, -20.6644025], [-44.7375309, -20.664693], [-44.7375851, -20.665844], [-44.7376679, -20.6667317], [-44.7377302, -20.6672289], [-44.7377899, -20.6675185], [-44.7379076, -20.6679495], [-44.7380647, -20.6684895], [-44.7382647, -20.6692702], [-44.7386134, -20.6705375], [-44.7387555, -20.6711222], [-44.7389746, -20.6720465], [-44.7390424, -20.6726033], [-44.739072, -20.6731273], [-44.7390319, -20.6738164], [-44.7390211, -20.6739655], [-44.7389326, -20.6742967], [-44.7384985, -20.6762159], [-44.7383563, -20.676858], [-44.7381321, -20.678132], [-44.7380637, -20.6791782], [-44.7380692, -20.6799124], [-44.7380993, -20.6804394], [-44.7382086, -20.68135], [-44.7384219, -20.6822172], [-44.7387664, -20.6832097], [-44.7391848, -20.6841846], [-44.7392378, -20.684291], [-44.7394903, -20.6847978], [-44.7411209, -20.6873744], [-44.7416913, -20.6882139], [-44.7420968, -20.6888043], [-44.7424221, -20.6891246], [-44.7427332, -20.6894709], [-44.7431382, -20.6898222], [-44.7434676, -20.6900575], [-44.7444123, -20.6907581], [-44.7448522, -20.6910918], [-44.7452996, -20.6915085], [-44.7457266, -20.6919399], [-44.7461999, -20.6925166], [-44.7462946, -20.6926341], [-44.7466923, -20.693231], [-44.7471866, -20.6941533], [-44.7479501, -20.6954452], [-44.7481245, -20.6957864], [-44.7483149, -20.6961778], [-44.7485252, -20.6966545], [-44.7486851, -20.6971988], [-44.748795, -20.6976808], [-44.7488645, -20.6981961], [-44.7488943, -20.6985991], [-44.748905, -20.6988275], [-44.748897, -20.6990733], [-44.7488501, -20.6995625], [-44.7487833, -20.7002143], [-44.7487708, -20.7005091], [-44.7487743, -20.7007445], [-44.7488084, -20.7009401], [-44.7489774, -20.7014243], [-44.7492445, -20.701898], [-44.7494656, -20.7021921], [-44.7497205, -20.7024549], [-44.7501012, -20.7027254], [-44.7527693, -20.7044658], [-44.7530249, -20.704691], [-44.7532695, -20.7049715], [-44.7534621, -20.7052606], [-44.7536525, -20.7055817], [-44.7540185, -20.706178], [-44.7545537, -20.7069566], [-44.7548863, -20.7073405], [-44.7552032, -20.7076857], [-44.7569005, -20.7095228], [-44.7571058, -20.7097471], [-44.7584742, -20.711136], [-44.7589391, -20.7115304], [-44.759509, -20.711991], [-44.764584, -20.7156214], [-44.7652875, -20.7161155], [-44.7655449, -20.7163692], [-44.7657781, -20.7166934], [-44.7658727, -20.7168917], [-44.7659555, -20.7171203], [-44.7660068, -20.7174386], [-44.7660361, -20.7178116], [-44.7660893, -20.7184938], [-44.7661284, -20.7188495], [-44.7661999, -20.7191647], [-44.7662785, -20.7193928], [-44.7664171, -20.7196564], [-44.7666478, -20.7199624], [-44.7671784, -20.7206577], [-44.7676339, -20.721288], [-44.7677963, -20.7215514], [-44.7681391, -20.7221075], [-44.7686144, -20.7232013], [-44.7694051, -20.7253084], [-44.7694883, -20.7255141], [-44.7696089, -20.7257575], [-44.769837, -20.7260811], [-44.7700986, -20.7263402], [-44.7704401, -20.726612], [-44.7714553, -20.7273384], [-44.771796, -20.7276057], [-44.7722165, -20.7279408], [-44.7723582, -20.728088], [-44.7724977, -20.7282636], [-44.7727472, -20.7286273], [-44.772945, -20.7290301], [-44.7730568, -20.7294232], [-44.7731173, -20.7297712], [-44.7732568, -20.7307697], [-44.7733712, -20.7316999], [-44.7736341, -20.7340739], [-44.773653, -20.7344778], [-44.7736484, -20.734782], [-44.7736236, -20.7350855], [-44.7735813, -20.7352875], [-44.7735222, -20.735484], [-44.7734043, -20.7357064], [-44.7732715, -20.7359145], [-44.7730503, -20.736193], [-44.7728297, -20.7364059], [-44.7724172, -20.7367332], [-44.7721512, -20.73694], [-44.7717199, -20.7373469], [-44.77152, -20.7376166], [-44.771343, -20.7379602], [-44.7712612, -20.7382851], [-44.7712263, -20.7385409], [-44.7712451, -20.7388193], [-44.7713819, -20.7394615], [-44.7715348, -20.7400974], [-44.7716877, -20.7407333], [-44.7719023, -20.7416513], [-44.7721329, -20.7425819], [-44.7723958, -20.7436279], [-44.7725621, -20.7441822], [-44.772723, -20.7448645], [-44.7730154, -20.7460911], [-44.7731254, -20.7464748], [-44.7733292, -20.7473377], [-44.7736833, -20.7487022], [-44.7739407, -20.7497757], [-44.7741741, -20.7507439], [-44.7743753, -20.7515465], [-44.774842, -20.7534302], [-44.775188, -20.7546341], [-44.7753556, -20.755241], [-44.77577, -20.7566757], [-44.7758585, -20.7569917], [-44.7759376, -20.7572877], [-44.7761133, -20.7582081], [-44.7764567, -20.7595199], [-44.7766203, -20.7601996], [-44.7768, -20.760967], [-44.7769582, -20.7613859], [-44.7771755, -20.76189], [-44.7773418, -20.7622311], [-44.7775805, -20.7626499], [-44.7779158, -20.7631039], [-44.7784817, -20.7637735], [-44.7791898, -20.764546], [-44.7796485, -20.76503], [-44.780024, -20.7654839], [-44.780311, -20.7658175], [-44.7805819, -20.7661862], [-44.7807938, -20.7665222], [-44.7809413, -20.7668107], [-44.7811827, -20.7673674], [-44.7814456, -20.7680696], [-44.7816977, -20.7686941], [-44.781931, -20.7693236], [-44.7821, -20.7697901], [-44.782218, -20.7702014], [-44.7822905, -20.7704948], [-44.7823414, -20.7708183], [-44.7823924, -20.7712597], [-44.7823817, -20.7715682], [-44.7823548, -20.771849], [-44.7822583, -20.7723406], [-44.7821027, -20.77294], [-44.7819659, -20.7734917], [-44.7818962, -20.7738553], [-44.7818667, -20.7741864], [-44.7818801, -20.7745475], [-44.7819632, -20.7751042], [-44.7820598, -20.7755832], [-44.7823253, -20.7769324], [-44.7825319, -20.7775618], [-44.7827169, -20.7780709], [-44.783138, -20.7789812], [-44.7836316, -20.7798966], [-44.7840822, -20.7807542], [-44.7844577, -20.7814488], [-44.7848627, -20.7822538], [-44.7849922, -20.7827052], [-44.7852046, -20.7833617], [-44.7853976, -20.7843691], [-44.7855502, -20.7850532], [-44.7857966, -20.7858699], [-44.787126, -20.7883354], [-44.7877321, -20.7894393], [-44.7883921, -20.7908579], [-44.7888123, -20.791774], [-44.7891241, -20.7926058], [-44.7893326, -20.7933474], [-44.7894734, -20.7940997], [-44.7895619, -20.7948946], [-44.7895968, -20.7955616], [-44.7895548, -20.7969855], [-44.7895458, -20.7977292], [-44.7895673, -20.7983611], [-44.7896531, -20.7991221], [-44.7897805, -20.7998292], [-44.7900534, -20.8010773], [-44.7905201, -20.8031787], [-44.7907273, -20.8041118], [-44.7916259, -20.8082739], [-44.7917372, -20.8087904], [-44.791811, -20.8092743], [-44.7918968, -20.8099036], [-44.791941, -20.8103712], [-44.7919759, -20.8109842], [-44.7919732, -20.811596], [-44.791925, -20.8125901], [-44.7919378, -20.8130178], [-44.7919437, -20.8132156], [-44.7919759, -20.8134989], [-44.7920202, -20.8139527], [-44.7921033, -20.8145632], [-44.7922361, -20.8150333], [-44.7924399, -20.8154595], [-44.7927243, -20.8158857], [-44.7930032, -20.8162092], [-44.7933304, -20.8164724], [-44.7938132, -20.8167457], [-44.7943684, -20.8169613], [-44.7950122, -20.8171092], [-44.7966376, -20.8174251], [-44.7975174, -20.8175893], [-44.7983314, -20.8177561], [-44.7987996, -20.8179036], [-44.799183, -20.8180795], [-44.799588, -20.8183502], [-44.799926, -20.8186398], [-44.8001862, -20.8189582], [-44.8004182, -20.819318], [-44.8005912, -20.8196953], [-44.8007229, -20.820158], [-44.8008549, -20.8209233], [-44.8010981, -20.8226281], [-44.8012403, -20.8236251], [-44.80131, -20.8240375], [-44.8014012, -20.8243609], [-44.8015299, -20.8246592], [-44.8017284, -20.8249412], [-44.8019671, -20.8251957], [-44.8023587, -20.825494], [-44.8028965, -20.8258024], [-44.8035362, -20.8260995], [-44.8041911, -20.8264472], [-44.8050959, -20.8268979], [-44.8070459, -20.8278744], [-44.8077393, -20.8281677], [-44.8085144, -20.8284259], [-44.8092802, -20.8285926], [-44.8099467, -20.8286741], [-44.8112194, -20.8287405], [-44.8124707, -20.8288007], [-44.813624, -20.8288596], [-44.8159294, -20.8289687], [-44.816545, -20.8290351], [-44.8169567, -20.8291166], [-44.8173738, -20.8292833], [-44.817768, -20.8295039], [-44.8186076, -20.8300504], [-44.8190716, -20.830286], [-44.8196, -20.8304665], [-44.8218986, -20.8309077], [-44.8227435, -20.8310933], [-44.82328, -20.8312687], [-44.8237976, -20.831547], [-44.8242214, -20.8318804], [-44.8245648, -20.8322414], [-44.8248222, -20.8326124], [-44.8249993, -20.8329759], [-44.8251481, -20.833362], [-44.825238, -20.8337054], [-44.8252755, -20.8341842], [-44.825246, -20.834668], [-44.8251146, -20.8352321], [-44.8244655, -20.8367988], [-44.8243113, -20.8372701], [-44.8242469, -20.8376411], [-44.8242456, -20.8380936], [-44.8243314, -20.838536], [-44.8244977, -20.8389509], [-44.824715, -20.8393143], [-44.8252179, -20.8399648], [-44.8278491, -20.843201], [-44.8283856, -20.8437562], [-44.8287919, -20.8440996], [-44.829948, -20.8449206], [-44.8308733, -20.8455773], [-44.8310636, -20.8457127], [-44.831745, -20.8461538], [-44.8324397, -20.8466577], [-44.8327401, -20.8469108], [-44.8328742, -20.8470487], [-44.8331317, -20.8473044], [-44.8333034, -20.8475099], [-44.8335341, -20.8478458], [-44.8338184, -20.8483847], [-44.8342636, -20.8493197], [-44.8346137, -20.8499538], [-44.8350348, -20.8505955], [-44.8353231, -20.8509991], [-44.8356181, -20.8514452], [-44.8357683, -20.8517185], [-44.8359219, -20.8520155], [-44.8364268, -20.8530219], [-44.8367581, -20.8536685], [-44.8369405, -20.8541172], [-44.8370853, -20.8545934], [-44.8371577, -20.855012], [-44.8371926, -20.8553178], [-44.837198, -20.8559143], [-44.8371577, -20.8563856], [-44.8370048, -20.8569721], [-44.8367688, -20.8577917], [-44.8367152, -20.858115], [-44.8367178, -20.8585611], [-44.8367983, -20.8588795], [-44.836978, -20.859278], [-44.8371685, -20.8595888], [-44.837375, -20.8598369], [-44.8375976, -20.8600099], [-44.8378363, -20.8601652], [-44.8382038, -20.8603457], [-44.8388556, -20.8606339], [-44.8395503, -20.8609648], [-44.8400572, -20.8611979], [-44.8403817, -20.8613884], [-44.8406392, -20.8615864], [-44.840835, -20.8617869], [-44.8410335, -20.8620425], [-44.8411569, -20.8622631], [-44.8412588, -20.8625288], [-44.8413487, -20.8628383], [-44.8413782, -20.8631879], [-44.8413768, -20.8633922], [-44.8413527, -20.863599], [-44.8412615, -20.8640626], [-44.8411623, -20.8645363], [-44.8411046, -20.8649073], [-44.8410912, -20.865188], [-44.8411153, -20.8655176], [-44.8411757, -20.8658208], [-44.8412722, -20.8661141], [-44.8413661, -20.8663371], [-44.8416403, -20.8667993], [-44.8430185, -20.868835], [-44.8436648, -20.8697895], [-44.8438914, -20.8701278], [-44.8440456, -20.8704399], [-44.8441757, -20.8708058], [-44.8442414, -20.8711379], [-44.8442361, -20.8714624], [-44.8441958, -20.8718296], [-44.8441006, -20.8721654], [-44.844, -20.8726378], [-44.8439263, -20.8730213], [-44.84387, -20.8733684], [-44.8438793, -20.8737794], [-44.8439276, -20.8741641], [-44.8440067, -20.8743871], [-44.8441382, -20.8746766], [-44.8443286, -20.8749435], [-44.8445633, -20.8751803], [-44.8449281, -20.8754685], [-44.8451802, -20.8755788], [-44.8456416, -20.8757517], [-44.8460063, -20.8758344], [-44.8467976, -20.8759948], [-44.8472804, -20.8761176], [-44.8477712, -20.876288], [-44.8480609, -20.8764133], [-44.8483332, -20.8765825], [-44.8485655, -20.8767675], [-44.8494033, -20.8774923], [-44.8497038, -20.8777629], [-44.8501503, -20.8782428], [-44.8506734, -20.8789069], [-44.8510408, -20.8795309], [-44.8513037, -20.8801224], [-44.851478, -20.8806186], [-44.8516041, -20.8812175], [-44.8517516, -20.8819518], [-44.8518562, -20.8825181], [-44.851934, -20.883097], [-44.8519313, -20.8836935], [-44.8519123, -20.8842436], [-44.8518884, -20.884543], [-44.8518589, -20.8850718], [-44.8517999, -20.8857784], [-44.8517624, -20.8864525], [-44.8517302, -20.8872068], [-44.8517489, -20.8880087], [-44.851824, -20.8885525], [-44.851993, -20.8892542], [-44.8522693, -20.8902465], [-44.8526368, -20.891735], [-44.8531142, -20.8936846], [-44.8533314, -20.8945065], [-44.8537767, -20.8963282], [-44.8539591, -20.8970348], [-44.8541415, -20.8976412], [-44.8543373, -20.8980898], [-44.8546189, -20.8986185], [-44.8550963, -20.8992975], [-44.8553632, -20.8996247], [-44.8558366, -20.9001695], [-44.8563436, -20.9007985], [-44.8567781, -20.9014474], [-44.8569015, -20.9016341], [-44.8570839, -20.9019072], [-44.8572931, -20.902248], [-44.8575425, -20.9026702], [-44.8577946, -20.9032014], [-44.8579717, -20.9036048], [-44.8582305, -20.9041649], [-44.858602, -20.9048051], [-44.8598385, -20.906777], [-44.8603052, -20.9074936], [-44.8606941, -20.9080198], [-44.8611742, -20.9085284], [-44.8618314, -20.9091072], [-44.8625234, -20.9097461], [-44.8631081, -20.9103049], [-44.8635936, -20.9109563], [-44.8639262, -20.9115251], [-44.8642802, -20.9123845], [-44.8646504, -20.9133366], [-44.8648113, -20.9137324], [-44.8650393, -20.9141959], [-44.8654872, -20.9148574], [-44.8659888, -20.9155464], [-44.8666057, -20.9164033], [-44.8672307, -20.9172426], [-44.8678637, -20.9181395], [-44.8682016, -20.918593], [-44.8687542, -20.9193522], [-44.8692691, -20.919971], [-44.8695937, -20.9202792], [-44.870173, -20.9207201], [-44.870511, -20.9209656], [-44.8711091, -20.9213765], [-44.8716683, -20.9217664], [-44.8718709, -20.9219077], [-44.8724315, -20.9222885], [-44.8729304, -20.9226618], [-44.8732147, -20.9229574], [-44.8734722, -20.9233107], [-44.8736733, -20.9237265], [-44.8737565, -20.9240372], [-44.8738182, -20.9244155], [-44.8738557, -20.9249065], [-44.873904, -20.9257634], [-44.8739523, -20.9263947], [-44.8741749, -20.9275371], [-44.8745155, -20.9291906], [-44.8747293, -20.9301983], [-44.874883, -20.9309956], [-44.8749829, -20.9314396], [-44.8750164, -20.9316676], [-44.875119, -20.9322069], [-44.8753095, -20.9331162], [-44.875339, -20.9333668], [-44.875398, -20.9337751], [-44.8754168, -20.9342461], [-44.8754007, -20.9347145], [-44.8753551, -20.9352556], [-44.8753041, -20.9359997], [-44.8753148, -20.936646], [-44.8753577, -20.9372071], [-44.8754624, -20.9377833], [-44.875626, -20.9383044], [-44.8758727, -20.9389382], [-44.8762295, -20.9396396], [-44.8765916, -20.9401281], [-44.876959, -20.9405239], [-44.8776698, -20.9412128], [-44.8784959, -20.9420795], [-44.8795822, -20.9431316], [-44.8805854, -20.944096], [-44.8809502, -20.9445043], [-44.8811755, -20.9448901], [-44.8813257, -20.9452358], [-44.8816636, -20.9462127], [-44.8818406, -20.9466361], [-44.8821035, -20.9470732], [-44.8823798, -20.9474101], [-44.8826909, -20.9477032], [-44.8830611, -20.9479938], [-44.8834687, -20.9482518], [-44.8839033, -20.9484396], [-44.8844558, -20.9485837], [-44.8857607, -20.9487102], [-44.8862918, -20.9487941], [-44.8867477, -20.9489481], [-44.8871662, -20.9491498], [-44.8879708, -20.949622], [-44.8896687, -20.9506264], [-44.8905954, -20.9511499], [-44.8911238, -20.9514568], [-44.8916039, -20.9517799], [-44.8920907, -20.9521719], [-44.892595, -20.9526879], [-44.8931942, -20.9533268], [-44.8932575, -20.9533943], [-44.8942264, -20.9544463], [-44.8945416, -20.9547801], [-44.8950304, -20.9553086], [-44.8954797, -20.9557751], [-44.8963299, -20.9566487], [-44.8965271, -20.956819], [-44.8967698, -20.9569962], [-44.8969924, -20.9571239], [-44.8972218, -20.9572317], [-44.897492, -20.9573199], [-44.8978045, -20.9573995], [-44.8983101, -20.9574846], [-44.8989679, -20.9575804], [-44.8995345, -20.9576512], [-44.8997477, -20.9576806], [-44.8999221, -20.9576985], [-44.9002674, -20.9577326], [-44.9004418, -20.9577314], [-44.9006456, -20.9577238], [-44.9010227, -20.9576976], [-44.9014009, -20.9576457], [-44.9016695, -20.9576017], [-44.9019307, -20.9575459], [-44.9025738, -20.9573644], [-44.9029295, -20.9572354], [-44.9031086, -20.9571634], [-44.9032561, -20.9571045], [-44.9034981, -20.9569862], [-44.9042295, -20.9566363], [-44.9042887, -20.956608], [-44.906942, -20.9553224], [-44.9087445, -20.9544826], [-44.9089725, -20.954395], [-44.9092099, -20.9543349], [-44.9095613, -20.9542653], [-44.9097336, -20.9542581], [-44.9098174, -20.9542572], [-44.909918, -20.9542606], [-44.9100273, -20.9542716], [-44.910429, -20.9543286], [-44.9107844, -20.9544062], [-44.912041, -20.9546893], [-44.9127589, -20.9548409], [-44.912917, -20.9548782], [-44.9132902, -20.9549573], [-44.9143463, -20.9551589], [-44.9146695, -20.9552228], [-44.9148097, -20.9552454], [-44.9149807, -20.9552654], [-44.9153522, -20.9552954], [-44.9163526, -20.9553831], [-44.916653, -20.9554057], [-44.9169427, -20.9554332], [-44.9176079, -20.9555397], [-44.9180652, -20.9556424], [-44.9185775, -20.9557901], [-44.9186949, -20.9558377], [-44.9190214, -20.9559805], [-44.9196531, -20.9562673], [-44.9198167, -20.9563425], [-44.9199696, -20.9564188], [-44.9202365, -20.956576], [-44.9204752, -20.9567489], [-44.9207025, -20.9569486], [-44.9208896, -20.9571477], [-44.9210425, -20.9573306], [-44.9211705, -20.9575078], [-44.9212527, -20.9576518], [-44.9213583, -20.9578735], [-44.9213871, -20.9579405], [-44.9214213, -20.9580232], [-44.9218391, -20.9590119], [-44.921933, -20.9591722], [-44.9220724, -20.9593619], [-44.9222159, -20.959511], [-44.9224037, -20.959655], [-44.9225821, -20.9597702], [-44.9227779, -20.9598704], [-44.9229522, -20.9599337], [-44.9231976, -20.9600069], [-44.923777, -20.9601509], [-44.9244113, -20.9603263], [-44.9252294, -20.9605849], [-44.9258557, -20.9608188], [-44.9273041, -20.96133], [-44.9279518, -20.961573], [-44.9285634, -20.9618354], [-44.9288678, -20.9619881], [-44.9291085, -20.9621315], [-44.9292775, -20.9622586], [-44.9294592, -20.9624346], [-44.9295913, -20.9625799], [-44.9297114, -20.9627395], [-44.9299166, -20.9630639], [-44.9299622, -20.9631585], [-44.9300192, -20.96329], [-44.930111, -20.963549], [-44.9301888, -20.9638178], [-44.9309975, -20.9669348], [-44.9314669, -20.9688183], [-44.9318853, -20.9706354], [-44.9320127, -20.9710874], [-44.932124, -20.9714468], [-44.9322246, -20.9716935], [-44.9323466, -20.9719415], [-44.9325766, -20.9723171], [-44.932749, -20.9725382], [-44.9329153, -20.9727304], [-44.9330883, -20.9729245], [-44.9333096, -20.9730998], [-44.9337682, -20.9734517], [-44.9342778, -20.9737372], [-44.9348518, -20.9739495], [-44.9351428, -20.9740365], [-44.9354827, -20.9741176], [-44.9355049, -20.9741229], [-44.9358791, -20.9742043], [-44.9374415, -20.9744704], [-44.9382676, -20.974615], [-44.9387417, -20.974744], [-44.9391353, -20.9749206], [-44.9392808, -20.9750145], [-44.9393559, -20.9750677], [-44.9394545, -20.9751522], [-44.9396764, -20.9753676], [-44.9397415, -20.9754403], [-44.9399829, -20.9757571], [-44.9408566, -20.9771063], [-44.9415641, -20.9781889], [-44.9417069, -20.9784387], [-44.9417853, -20.9785833], [-44.9419168, -20.9788062], [-44.9421877, -20.9792044], [-44.9424096, -20.9795488], [-44.9425082, -20.9797203], [-44.9426128, -20.9799244], [-44.9433437, -20.9816161], [-44.9436361, -20.982276], [-44.94386, -20.9827419], [-44.9439586, -20.982894], [-44.9441209, -20.98311], [-44.9442362, -20.9832452], [-44.9444394, -20.9834506], [-44.9447358, -20.9837311], [-44.9453688, -20.984272], [-44.9469848, -20.985727], [-44.9474013, -20.9861345], [-44.947937, -20.9866586], [-44.9480912, -20.9868164], [-44.9483112, -20.9869979], [-44.9485794, -20.9872045], [-44.9488691, -20.9873598], [-44.949034, -20.9874362], [-44.9492325, -20.9874975], [-44.9494793, -20.9875601], [-44.9497086, -20.9875965], [-44.9500881, -20.9876278], [-44.9520025, -20.9876922], [-44.952435, -20.9877392], [-44.9527945, -20.9878143], [-44.953112, -20.9879336], [-44.953457, -20.9881198], [-44.9537949, -20.9883803], [-44.9541269, -20.988677], [-44.954204, -20.9887484], [-44.954963, -20.9894421], [-44.9556866, -20.9901364], [-44.9595345, -20.9936206], [-44.9614349, -20.9953282], [-44.9629104, -20.9966341], [-44.9635414, -20.9972244], [-44.9640003, -20.9976052], [-44.9648979, -20.9983319], [-44.965812, -20.9991957], [-44.9668145, -21.0001158], [-44.9669093, -21.0001975], [-44.9669796, -21.0002666], [-44.9679292, -21.001114], [-44.968483, -21.0016281], [-44.9697542, -21.0027638], [-44.9720316, -21.0045884], [-44.9726336, -21.0050168], [-44.9730922, -21.0052776], [-44.9750104, -21.0062733], [-44.97664, -21.0071501], [-44.9781588, -21.0079673], [-44.9792625, -21.0085464], [-44.9808056, -21.0093121], [-44.9823551, -21.0101322], [-44.9831424, -21.0105361], [-44.9836413, -21.0108342], [-44.9840754, -21.011135], [-44.9845683, -21.0115526], [-44.9848479, -21.0118466], [-44.9851775, -21.0122587], [-44.9855101, -21.0126969], [-44.986961, -21.0146324], [-44.9875747, -21.015469], [-44.9879293, -21.0159305], [-44.9888284, -21.0170926], [-44.9891227, -21.0174992], [-44.9896319, -21.0181022], [-44.9900969, -21.0186421], [-44.990737, -21.0192698], [-44.9912506, -21.0197231], [-44.9929105, -21.0209855], [-44.9957306, -21.0231056], [-44.9965473, -21.0237278], [-44.9974993, -21.0244223], [-44.9982521, -21.0250231], [-44.9986167, -21.0253845], [-44.9989776, -21.02576], [-44.9992498, -21.0261254], [-45.0003152, -21.0277537], [-45.0010819, -21.0289329], [-45.0012997, -21.02929], [-45.001491, -21.0296252], [-45.0017588, -21.0301979], [-45.0019339, -21.0307034], [-45.0020502, -21.0311182], [-45.0021105, -21.0314478], [-45.0021752, -21.0320989], [-45.0021885, -21.032629], [-45.0021237, -21.0345917], [-45.0020605, -21.036678], [-45.0020502, -21.0371972], [-45.0019972, -21.0379183], [-45.0019177, -21.0384594], [-45.0018118, -21.038936], [-45.0016499, -21.0394291], [-45.001491, -21.0399043], [-45.0013114, -21.0403506], [-45.0011452, -21.040705], [-45.0009509, -21.0411788], [-45.000842, -21.0415167], [-45.0007596, -21.0419026], [-45.0006743, -21.0423888], [-45.0006183, -21.042923], [-45.0005389, -21.0442181], [-45.0005271, -21.0446988], [-45.0005315, -21.045174], [-45.0005345, -21.045483], [-45.0006331, -21.0462439], [-45.0010321, -21.0481622], [-45.0012764, -21.0493951], [-45.0013526, -21.0496745], [-45.0014775, -21.0499607], [-45.001637, -21.0502492], [-45.0017588, -21.0503969], [-45.0019398, -21.0505754], [-45.0021326, -21.050732], [-45.0025137, -21.0509792], [-45.0032215, -21.0513582], [-45.0041912, -21.051843], [-45.0046253, -21.0519817], [-45.0049741, -21.052038], [-45.0053994, -21.0520627], [-45.0070313, -21.052038], [-45.0083557, -21.0520394], [-45.0085941, -21.0520531], [-45.0088104, -21.0520888], [-45.0094343, -21.0522591], [-45.0112634, -21.0528586], [-45.0119963, -21.0530666], [-45.0124907, -21.053149], [-45.0130572, -21.0531957], [-45.0135487, -21.0531957], [-45.0139347, -21.0531748], [-45.0141536, -21.0531509], [-45.0143767, -21.0531174], [-45.0147682, -21.053033], [-45.0151883, -21.052937], [-45.0158958, -21.0527086], [-45.0163013, -21.0526178], [-45.0167532, -21.052568], [-45.0170634, -21.0525566], [-45.0174185, -21.0525823], [-45.0179443, -21.0526621], [-45.018353, -21.0527426], [-45.0189319, -21.0528594], [-45.0206865, -21.0532901], [-45.0210572, -21.0533668], [-45.023428, -21.0538785], [-45.0252939, -21.0543008], [-45.0267121, -21.0546168], [-45.0271225, -21.0546844], [-45.0276428, -21.0547508], [-45.0280224, -21.054782], [-45.0292106, -21.0548609], [-45.0298691, -21.0549072], [-45.0317694, -21.0550361], [-45.0322485, -21.05507], [-45.0325969, -21.0550969], [-45.0330757, -21.055115], [-45.033714, -21.0551087], [-45.0341526, -21.0550824], [-45.0354199, -21.0549335], [-45.0355983, -21.054911], [-45.0372743, -21.0547311], [-45.0378231, -21.0547162], [-45.0384751, -21.0547266], [-45.0390519, -21.0547845], [-45.0396004, -21.054872], [-45.0401176, -21.0549865], [-45.0408926, -21.0552444], [-45.0425941, -21.0558105], [-45.0437084, -21.0561813], [-45.0459409, -21.0568784], [-45.0472337, -21.0573578], [-45.0477353, -21.057548], [-45.0482771, -21.0578609], [-45.0485386, -21.0580736], [-45.0487773, -21.0583139], [-45.049128, -21.0587908], [-45.0513857, -21.0625704], [-45.0523996, -21.0643206], [-45.0525351, -21.0646316], [-45.0526186, -21.0649088], [-45.0526531, -21.065171], [-45.0526544, -21.0654588], [-45.0526206, -21.0657857], [-45.0519839, -21.0694904], [-45.0519209, -21.069944], [-45.0519007, -21.0704721], [-45.0519336, -21.070938], [-45.0519799, -21.071325], [-45.0519993, -21.0714883], [-45.0520851, -21.0719457], [-45.0522012, -21.0723243], [-45.0523664, -21.0727566], [-45.052631, -21.0732578], [-45.0528811, -21.0736545], [-45.0531054, -21.073957], [-45.053217, -21.07409], [-45.0535436, -21.0744879], [-45.0538621, -21.0748002], [-45.0540081, -21.074934], [-45.0540995, -21.0750117], [-45.0544388, -21.0752704], [-45.0552608, -21.0758341], [-45.057569, -21.0774106], [-45.0590371, -21.0784063], [-45.0599625, -21.0790348], [-45.0603182, -21.0793105], [-45.0606665, -21.0796427], [-45.0608768, -21.0799017], [-45.06109, -21.0802011], [-45.0613143, -21.0805509], [-45.0615607, -21.0809982], [-45.0616841, -21.0812034], [-45.0617981, -21.0813886], [-45.0623104, -21.082152], [-45.0628328, -21.0828915], [-45.0635764, -21.0839345], [-45.0661131, -21.0874876], [-45.0666784, -21.0882834], [-45.0671397, -21.0887633], [-45.0675756, -21.0890686], [-45.0679611, -21.0892375], [-45.0683816, -21.0893826], [-45.0703403, -21.089972], [-45.0708787, -21.0901503], [-45.0713924, -21.0903824], [-45.0717665, -21.0906095], [-45.0721454, -21.0908779], [-45.0728865, -21.0913958], [-45.0735588, -21.091884], [-45.0741263, -21.0923186], [-45.0743872, -21.0924828], [-45.074664, -21.0926282], [-45.0752132, -21.0928837], [-45.0757255, -21.0931151], [-45.0762369, -21.0933434], [-45.0766455, -21.0935421], [-45.0768066, -21.0936307], [-45.0772382, -21.0938997], [-45.0775548, -21.0941187], [-45.078346, -21.0946892], [-45.0791428, -21.0952621], [-45.0796334, -21.0956101], [-45.080112, -21.0959641], [-45.080599, -21.0963246], [-45.0810901, -21.0966869], [-45.0823873, -21.0976345], [-45.0831632, -21.0981989], [-45.0838378, -21.0986957], [-45.0844507, -21.0991536], [-45.0847672, -21.0993875], [-45.0850633, -21.099611], [-45.0852795, -21.0998042], [-45.0855021, -21.1000181], [-45.0859353, -21.1004673], [-45.0867984, -21.1013733], [-45.0874494, -21.1020563], [-45.0880946, -21.1027368], [-45.0882822, -21.1029352], [-45.0885947, -21.1032549], [-45.0888668, -21.1035594], [-45.0891492, -21.1039205], [-45.0894208, -21.1043197], [-45.0896381, -21.1046825], [-45.0898415, -21.1050283], [-45.0902835, -21.1057106], [-45.0907035, -21.1063719], [-45.0912595, -21.1072686], [-45.0918013, -21.1081481], [-45.091981, -21.1084659], [-45.0921393, -21.1087987], [-45.0923907, -21.109507], [-45.0934943, -21.1134666], [-45.0936992, -21.1141793], [-45.0941603, -21.1158223], [-45.0944356, -21.1167324], [-45.0945908, -21.1171878], [-45.0957508, -21.1195313], [-45.0960691, -21.1201763], [-45.0961712, -21.120382], [-45.096937, -21.1219017], [-45.0972978, -21.1226041], [-45.0975997, -21.123238], [-45.0982983, -21.1244325], [-45.1016031, -21.1299135], [-45.1019049, -21.1304139], [-45.1028228, -21.1319361], [-45.1038679, -21.1336544], [-45.1040032, -21.1338936], [-45.1041441, -21.1341691], [-45.1042202, -21.1343332], [-45.1042461, -21.1344122], [-45.1043507, -21.1347395], [-45.104407, -21.1349853], [-45.1044358, -21.135188], [-45.1044419, -21.1353769], [-45.1044365, -21.1355633], [-45.1044164, -21.1357615], [-45.1040503, -21.1379212], [-45.1040013, -21.1382683], [-45.1039785, -21.1384928], [-45.1039792, -21.1388011], [-45.1039899, -21.1390094], [-45.1040456, -21.1393271], [-45.1040945, -21.1395066], [-45.1041911, -21.1397374], [-45.104285, -21.13993], [-45.1044016, -21.1401183], [-45.1045243, -21.1402884], [-45.1046476, -21.1404388], [-45.1047717, -21.1405674], [-45.1064341, -21.142291], [-45.1073755, -21.1432679], [-45.1075452, -21.1434493], [-45.1077665, -21.1436857], [-45.1079463, -21.1438866], [-45.1080205, -21.1439811], [-45.108313, -21.1443538], [-45.1084739, -21.1445794], [-45.1085617, -21.1447145], [-45.1086838, -21.1449202], [-45.1087624, -21.1450753], [-45.1090044, -21.1455833], [-45.1091651, -21.1459264], [-45.1094529, -21.1465406], [-45.1103186, -21.1485163], [-45.1107795, -21.1495785], [-45.1110971, -21.1503105], [-45.1115792, -21.1514255], [-45.1121076, -21.1526582], [-45.1124617, -21.1534905], [-45.1126387, -21.1538645], [-45.1127373, -21.1540515], [-45.1128405, -21.1542453], [-45.1129317, -21.1544017], [-45.1130672, -21.1546043], [-45.1131926, -21.1547575], [-45.1133441, -21.1549307], [-45.113491, -21.1550614], [-45.1136767, -21.1552203], [-45.1138591, -21.155341], [-45.1141515, -21.1555255], [-45.1162476, -21.1567036], [-45.1164595, -21.1568381], [-45.1165996, -21.1569575], [-45.1167733, -21.1571401], [-45.1168719, -21.1572464], [-45.116998, -21.1573984], [-45.1170811, -21.1575285], [-45.1172179, -21.1577711], [-45.1173654, -21.1580563], [-45.1175037, -21.1583285], [-45.118003, -21.1592822], [-45.1182427, -21.1596748], [-45.1185556, -21.1601111], [-45.1187414, -21.1603457], [-45.1189239, -21.1605336], [-45.1194187, -21.1609566], [-45.1197432, -21.1612036], [-45.1205878, -21.1617767], [-45.1221077, -21.162808], [-45.1225501, -21.1630826], [-45.122866, -21.1632422], [-45.1232019, -21.1634083], [-45.1236746, -21.163639], [-45.123797, -21.1636993], [-45.12418, -21.1639174], [-45.1244847, -21.164117], [-45.1247281, -21.1643071], [-45.1250143, -21.164571], [-45.1253058, -21.1648679], [-45.1253919, -21.1649827], [-45.1256054, -21.1652673], [-45.1257065, -21.1654073], [-45.1258268, -21.1655886], [-45.1259913, -21.1659103], [-45.1261499, -21.1662883], [-45.1262625, -21.1666019], [-45.1263548, -21.1671042], [-45.1266995, -21.1689738], [-45.1268584, -21.1697805], [-45.126894, -21.1700181], [-45.1269121, -21.1703076], [-45.1268886, -21.1706196], [-45.126835, -21.170876], [-45.1267578, -21.1711186], [-45.1266445, -21.17138], [-45.1254952, -21.1732621], [-45.1253879, -21.1734409], [-45.1253088, -21.1736173], [-45.1252471, -21.1737948], [-45.1251827, -21.1740274], [-45.1251371, -21.1742951], [-45.1251103, -21.1746165], [-45.1251063, -21.1758445], [-45.1251076, -21.1761159], [-45.1250915, -21.1763247], [-45.125058, -21.1765123], [-45.1250084, -21.1767036], [-45.1249266, -21.1768837], [-45.1248233, -21.1770538], [-45.1247039, -21.1772314], [-45.1245819, -21.1773852], [-45.1244237, -21.177544], [-45.1242198, -21.1777128], [-45.1239838, -21.1778704], [-45.12345, -21.1781542], [-45.1231737, -21.1783006], [-45.1229498, -21.1784256], [-45.1227848, -21.1785369], [-45.122581, -21.178707], [-45.1223879, -21.1788983], [-45.1222175, -21.1791021], [-45.1220673, -21.1793335], [-45.1219104, -21.1796136], [-45.1214021, -21.1807628], [-45.1212171, -21.181193], [-45.1210548, -21.1815744], [-45.1209006, -21.181907], [-45.1206779, -21.182346], [-45.1205881, -21.1825273], [-45.1204017, -21.1828449], [-45.1202475, -21.1830787], [-45.1200838, -21.1833038], [-45.11923, -21.18435], [-45.1188914, -21.1847606], [-45.1182938, -21.1854912], [-45.1172426, -21.1867763], [-45.1169591, -21.1871328], [-45.1166613, -21.1875092], [-45.1165581, -21.1876767], [-45.1164521, -21.1878855], [-45.1163529, -21.1881494], [-45.1162925, -21.1883907], [-45.1162657, -21.1886871], [-45.1162671, -21.1889547], [-45.1164259, -21.1906012], [-45.1164521, -21.1908553], [-45.1164803, -21.1910704], [-45.1165272, -21.1913092], [-45.116597, -21.1915518], [-45.1166707, -21.1917519], [-45.1168156, -21.1920557], [-45.1169953, -21.1923908], [-45.1173238, -21.1929435], [-45.1191035, -21.1958744], [-45.1192537, -21.1961358], [-45.1193704, -21.1963858], [-45.1194388, -21.1965884], [-45.119479, -21.1968185], [-45.1194964, -21.1970173], [-45.1194898, -21.1972337], [-45.1194665, -21.1974847], [-45.1192687, -21.1985875], [-45.119247, -21.1987565], [-45.1192336, -21.1989557], [-45.1192309, -21.1991841], [-45.119246, -21.1994086], [-45.1192935, -21.1997247], [-45.1194072, -21.2001487], [-45.1195058, -21.2004345], [-45.1196493, -21.2007708], [-45.1197936, -21.2010355], [-45.1199207, -21.2012826], [-45.120479, -21.202368], [-45.1208748, -21.2031374], [-45.1223577, -21.2061042], [-45.1225711, -21.2066062], [-45.1229024, -21.2074255], [-45.1232711, -21.2086815], [-45.1249748, -21.2145401], [-45.125172, -21.2151915], [-45.1253101, -21.2155516], [-45.125396, -21.2157666], [-45.1254979, -21.2159679], [-45.1256695, -21.2162654], [-45.1266821, -21.2175832], [-45.1270415, -21.2180607], [-45.1279254, -21.2192391], [-45.1286627, -21.220202], [-45.129029, -21.2206911], [-45.1291953, -21.2209336], [-45.1293361, -21.2211687], [-45.1294474, -21.2213899], [-45.1295825, -21.2217175], [-45.1296624, -21.2219916], [-45.129725, -21.2222701], [-45.129953, -21.2234715], [-45.1301815, -21.2246473], [-45.1303043, -21.2252242], [-45.1303473, -21.2253605], [-45.1303916, -21.225528], [-45.1305293, -21.2258645], [-45.1306304, -21.2260939], [-45.1306933, -21.2262092], [-45.1307455, -21.2263072], [-45.130806, -21.2264061], [-45.1308705, -21.2264999], [-45.1311252, -21.2268109], [-45.1314117, -21.2271388], [-45.1324971, -21.2282044], [-45.1330349, -21.2287307], [-45.1332991, -21.2289945], [-45.1334184, -21.2291251], [-45.1335296, -21.2292603], [-45.133756, -21.2295882], [-45.1338764, -21.2297883], [-45.133975, -21.2299796], [-45.1340535, -21.2301602], [-45.1341258, -21.2303427], [-45.1341768, -21.2304902], [-45.1342217, -21.2306464], [-45.1343194, -21.2310439], [-45.1355678, -21.2371426], [-45.1356152, -21.2374012], [-45.135653, -21.2376402], [-45.1356782, -21.2378799], [-45.135691, -21.2381161], [-45.1356997, -21.2384262], [-45.1356968, -21.2387169], [-45.1356153, -21.2411692], [-45.135623, -21.2416135], [-45.1356407, -21.2418599], [-45.1356761, -21.2421324], [-45.1357104, -21.2422981], [-45.1357513, -21.2424771], [-45.1357976, -21.2426424], [-45.1358603, -21.2428273], [-45.136027, -21.2432469], [-45.1365564, -21.2443209], [-45.1378784, -21.2470359], [-45.1379648, -21.2472348], [-45.1380595, -21.2474611], [-45.1381405, -21.2477098], [-45.1381834, -21.247841], [-45.1382173, -21.2479838], [-45.1382965, -21.2483766], [-45.1383336, -21.2486222], [-45.1383635, -21.2489049], [-45.1385978, -21.2514445], [-45.1388292, -21.2540179], [-45.1388553, -21.2542031], [-45.1388927, -21.2544135], [-45.1394145, -21.2567541], [-45.139926, -21.2590984], [-45.1399738, -21.25938], [-45.1400166, -21.2596841], [-45.1400355, -21.2598362], [-45.1400462, -21.2600074], [-45.1400548, -21.2603023], [-45.1400556, -21.2604861], [-45.1400462, -21.2606548], [-45.140013, -21.2609878], [-45.1399338, -21.2614548], [-45.1399174, -21.261541], [-45.1398946, -21.2616347], [-45.1398464, -21.2617884], [-45.1397415, -21.2621002], [-45.139672, -21.2622783], [-45.1395959, -21.262476], [-45.1391655, -21.2634725], [-45.1390484, -21.2637569], [-45.1389264, -21.2640786], [-45.1386814, -21.2648181], [-45.1383265, -21.2658615], [-45.1380412, -21.2666089], [-45.1378308, -21.2670987], [-45.1375328, -21.2676869], [-45.1371885, -21.268365], [-45.1368249, -21.2690247], [-45.1365718, -21.2695351], [-45.1363553, -21.2699631], [-45.1362031, -21.2702722], [-45.1361556, -21.2704094], [-45.1361127, -21.2705619], [-45.1360805, -21.2707144], [-45.1360616, -21.2708866], [-45.1360497, -21.271098], [-45.1360495, -21.2713331], [-45.1360711, -21.2715429], [-45.1361015, -21.2717549], [-45.1361503, -21.2719522], [-45.1362109, -21.2721556], [-45.1362924, -21.2723478], [-45.1363855, -21.2725405], [-45.1364889, -21.2727139], [-45.1365965, -21.2728771], [-45.1389731, -21.2761812], [-45.1391329, -21.2764218], [-45.1392907, -21.2766857], [-45.1394293, -21.2769392], [-45.1395642, -21.2772232], [-45.1397963, -21.277829], [-45.1398745, -21.2781027], [-45.1399121, -21.2782457], [-45.1399351, -21.2783857], [-45.1399903, -21.278763], [-45.140023, -21.2789861], [-45.1400837, -21.2798522], [-45.140158, -21.2840394], [-45.1401978, -21.284409], [-45.140287, -21.2847935], [-45.1404862, -21.2852359], [-45.1406174, -21.2854279], [-45.1407602, -21.2856144], [-45.1410916, -21.2859618], [-45.1417689, -21.2866255], [-45.1419919, -21.286804], [-45.142242, -21.2869614], [-45.1426183, -21.2871147], [-45.1429224, -21.2872008], [-45.143985, -21.2873867], [-45.144176, -21.2874261], [-45.144492, -21.2874912], [-45.144857, -21.2876096], [-45.1451021, -21.2877199], [-45.1454455, -21.2879073], [-45.1457003, -21.2880398], [-45.1460114, -21.2882472], [-45.146277, -21.2884397], [-45.1465023, -21.2886396], [-45.1467356, -21.288857], [-45.1469636, -21.289072], [-45.1471943, -21.2893344], [-45.1473981, -21.2895843], [-45.1475698, -21.2898317], [-45.1477468, -21.2901416], [-45.1479265, -21.2905165], [-45.1481384, -21.2910463], [-45.1483959, -21.2918735], [-45.1488197, -21.293223], [-45.1491684, -21.2943876], [-45.1495278, -21.2954072], [-45.1499489, -21.2966593], [-45.1503405, -21.2979912], [-45.1504666, -21.2984161], [-45.1505792, -21.2987185], [-45.1506919, -21.2989584], [-45.1508608, -21.2992358], [-45.1510459, -21.2995019], [-45.1512579, -21.2997106], [-45.1518532, -21.3002676], [-45.1527719, -21.3011137], [-45.1536772, -21.3019459], [-45.1542713, -21.3024807], [-45.1556601, -21.3037306], [-45.1562609, -21.3042968], [-45.1569483, -21.3049363], [-45.1572016, -21.3051608], [-45.1581377, -21.3059929], [-45.1589336, -21.3067126], [-45.1600308, -21.3076859], [-45.1606697, -21.3082981], [-45.1610881, -21.3087267], [-45.1613496, -21.308999], [-45.1615615, -21.3092414], [-45.1619464, -21.3098049], [-45.1621838, -21.310161], [-45.1624346, -21.3104933], [-45.1627377, -21.3107969], [-45.1630703, -21.3110043], [-45.1633761, -21.31114], [-45.1638857, -21.3112742], [-45.1645549, -21.3113829], [-45.1648204, -21.3114416], [-45.1650924, -21.3115101], [-45.1653193, -21.3115868], [-45.1655315, -21.3116722], [-45.1657364, -21.3117934], [-45.1659308, -21.3119664], [-45.1661159, -21.3121538], [-45.1662031, -21.31227], [-45.1663533, -21.3125186], [-45.1664646, -21.3127547], [-45.1665477, -21.3130359], [-45.166643, -21.3133932], [-45.1667368, -21.3136955], [-45.1670922, -21.3149137], [-45.1673444, -21.3157545], [-45.1675576, -21.3164679], [-45.1676676, -21.3168464], [-45.1677279, -21.317135], [-45.1677521, -21.3173849], [-45.16774, -21.3176235], [-45.1676957, -21.3178809], [-45.1676314, -21.3180958], [-45.1675241, -21.3183269], [-45.1673846, -21.318548], [-45.1672317, -21.3187392], [-45.1670332, -21.3189366], [-45.1664874, -21.3193813], [-45.1662715, -21.3195487], [-45.166018, -21.3197961], [-45.16579, -21.3200422], [-45.1656532, -21.3202734], [-45.1655419, -21.3205557], [-45.1655205, -21.3207169], [-45.1655044, -21.320998], [-45.1655044, -21.3211566], [-45.1655298, -21.321369], [-45.1655513, -21.3215552], [-45.1656412, -21.3218113], [-45.1657216, -21.3220137], [-45.1658531, -21.322326], [-45.1663667, -21.3236515], [-45.1666711, -21.324451], [-45.1668575, -21.3248221], [-45.1670587, -21.3251281], [-45.1672894, -21.3254417], [-45.1686935, -21.3273568], [-45.1690945, -21.3279228], [-45.169352, -21.32831], [-45.1695585, -21.3287448], [-45.1697396, -21.3292282], [-45.1699104, -21.3296314], [-45.1701952, -21.3304874], [-45.1703227, -21.3309028], [-45.1705214, -21.3315506], [-45.1707239, -21.3321002], [-45.1708969, -21.3325412], [-45.1709975, -21.3327723], [-45.1711019, -21.3329814], [-45.1712792, -21.3332045], [-45.1715554, -21.3334631], [-45.1717646, -21.3336268], [-45.1719323, -21.3337092], [-45.1721308, -21.3337917], [-45.1723574, -21.3338704], [-45.1726176, -21.3339303], [-45.173032, -21.3340078], [-45.1734638, -21.3341202], [-45.1737615, -21.3342064], [-45.173948, -21.3342776], [-45.1741628, -21.3343785], [-45.1743838, -21.334495], [-45.174593, -21.3346374], [-45.1747727, -21.3347973], [-45.1749659, -21.3349821], [-45.1751509, -21.3351945], [-45.1752904, -21.3353894], [-45.1754111, -21.3355868], [-45.1759234, -21.3364987], [-45.1762119, -21.3369878], [-45.1763713, -21.3373131], [-45.1764786, -21.3376029], [-45.1765564, -21.3378653], [-45.1766101, -21.3382275], [-45.1766476, -21.3387622], [-45.1766476, -21.3395966], [-45.1766275, -21.34013], [-45.1766154, -21.3403561], [-45.1765926, -21.3405672], [-45.176543, -21.3410806], [-45.1764759, -21.3415003], [-45.1762989, -21.3425121], [-45.1761058, -21.3435889], [-45.1760106, -21.3440485], [-45.1759971, -21.344148], [-45.1759717, -21.3443209], [-45.1759583, -21.3446281], [-45.1759717, -21.3448255], [-45.1759905, -21.3449829], [-45.1760548, -21.3452052], [-45.1761675, -21.3454151], [-45.1763257, -21.3456499], [-45.176535, -21.3459247], [-45.1771706, -21.3466842], [-45.1774067, -21.3470039], [-45.1775917, -21.3472987], [-45.1781912, -21.3484266], [-45.1783495, -21.348694], [-45.1784836, -21.3488876], [-45.1786043, -21.3490175], [-45.1786982, -21.3491036], [-45.1789154, -21.349271], [-45.1792252, -21.3494634], [-45.1797536, -21.3497794], [-45.1799521, -21.3499368], [-45.1801881, -21.3501566], [-45.1803678, -21.3503964], [-45.1804832, -21.3506038], [-45.1805744, -21.3507961], [-45.1806924, -21.3511509], [-45.1808694, -21.3516805], [-45.1810016, -21.3521913], [-45.1811028, -21.3526248], [-45.1812181, -21.3532668], [-45.1813428, -21.3537639], [-45.1814809, -21.3541411], [-45.181607, -21.3544096], [-45.1817653, -21.3546619], [-45.1818819, -21.3548093], [-45.182063, -21.3550154], [-45.1822065, -21.3551516], [-45.1823594, -21.3552777], [-45.1825498, -21.3554163], [-45.1827697, -21.3555437], [-45.1830728, -21.3556986], [-45.1837166, -21.3559815], [-45.1840277, -21.3561195], [-45.18592, -21.3569039], [-45.1870841, -21.357386], [-45.187473, -21.3575634], [-45.1878177, -21.357747], [-45.1889241, -21.3583749], [-45.1900037, -21.3589866], [-45.1903356, -21.3591933], [-45.1904452, -21.3592686], [-45.1906038, -21.3593888], [-45.1907886, -21.3595549], [-45.1909063, -21.3596885], [-45.1910213, -21.3598433], [-45.19106, -21.3599196], [-45.1911302, -21.3600486], [-45.1912881, -21.3604211], [-45.1915506, -21.361128], [-45.1916132, -21.3613528], [-45.1916727, -21.3616026], [-45.1916921, -21.3618025], [-45.1917025, -21.3619786], [-45.1916941, -21.3621266], [-45.1916851, -21.3622237], [-45.1916646, -21.3623414], [-45.1915875, -21.3626561], [-45.1914909, -21.3629421], [-45.1912958, -21.3634942], [-45.1909689, -21.3644153], [-45.1905034, -21.3657249], [-45.1904409, -21.3659009], [-45.1900841, -21.3669094], [-45.1898065, -21.3677387], [-45.1896979, -21.3679985], [-45.1895598, -21.3683032], [-45.1893532, -21.3686979], [-45.1889992, -21.3693498], [-45.188849, -21.3696246], [-45.1887916, -21.3697482], [-45.1887256, -21.3699143], [-45.1886991, -21.3700089], [-45.1886585, -21.3701753], [-45.1886445, -21.370288], [-45.1886424, -21.3704263], [-45.1886552, -21.3706867], [-45.1886833, -21.3708535], [-45.1887584, -21.3710758], [-45.1888349, -21.3712581], [-45.1889521, -21.3714447], [-45.1890159, -21.3715329], [-45.1890884, -21.3716197], [-45.1891943, -21.3717333], [-45.1894793, -21.3719981], [-45.1897199, -21.372193], [-45.190054, -21.3724642], [-45.1905307, -21.3728452], [-45.1907295, -21.3730209], [-45.1909347, -21.3732146], [-45.1910802, -21.3733778], [-45.1913387, -21.3736803], [-45.1916539, -21.3741124], [-45.1918753, -21.3743374], [-45.192012, -21.3744833], [-45.192213, -21.37469], [-45.1922708, -21.3747487], [-45.1923141, -21.3748027], [-45.1926252, -21.3751797], [-45.1928195, -21.3754401], [-45.1929749, -21.3756903], [-45.1932317, -21.3761061], [-45.1937935, -21.3770519], [-45.1939529, -21.3773057], [-45.1942268, -21.3777567], [-45.1945346, -21.3783151], [-45.1946238, -21.3784824], [-45.1946962, -21.378637], [-45.1947589, -21.3787896], [-45.1947981, -21.3789073], [-45.1948947, -21.3791933], [-45.1949862, -21.379449], [-45.1950103, -21.3795049], [-45.1951813, -21.3798524], [-45.1952799, -21.3800353], [-45.1957992, -21.3809829], [-45.1958898, -21.381207], [-45.1959726, -21.381439], [-45.1960661, -21.3817653], [-45.1961221, -21.3821265], [-45.1961496, -21.3825114], [-45.1961385, -21.3828623], [-45.1961097, -21.3831233], [-45.1960695, -21.38335], [-45.195991, -21.3836291], [-45.195932, -21.3838164], [-45.1958294, -21.3840874], [-45.1956159, -21.3845735], [-45.194723, -21.3863795], [-45.1943656, -21.3870963], [-45.1941825, -21.3874884], [-45.194033, -21.3879173], [-45.1939814, -21.3881633], [-45.1939519, -21.3883781], [-45.1939599, -21.3888689], [-45.1940551, -21.3893309], [-45.1942476, -21.3899521], [-45.194388, -21.3903639], [-45.1945217, -21.390654], [-45.1946391, -21.3908892], [-45.1948759, -21.3911488], [-45.1950752, -21.3914006], [-45.1954368, -21.3916525], [-45.1958053, -21.391886], [-45.1975707, -21.3928383], [-45.1981213, -21.3931471], [-45.1989183, -21.3934454], [-45.1994453, -21.3936519], [-45.199869, -21.3938985], [-45.200155, -21.3940565], [-45.2005503, -21.3943608], [-45.2008926, -21.3946244], [-45.201428, -21.3949611], [-45.2018915, -21.395214], [-45.203488, -21.3959892], [-45.2041083, -21.3962085], [-45.2047019, -21.3963858], [-45.2055672, -21.3966358], [-45.2070797, -21.3970079], [-45.2083859, -21.397344], [-45.2088561, -21.3975006], [-45.209208, -21.397652], [-45.2095468, -21.3978447], [-45.2097839, -21.3980268], [-45.2099938, -21.3982625], [-45.2102236, -21.3985579], [-45.2104197, -21.3988877], [-45.2105444, -21.3991766], [-45.2106341, -21.3994516], [-45.2106431, -21.3994923], [-45.210695, -21.3997269], [-45.210726, -21.4000317], [-45.21072, -21.4002964], [-45.2106361, -21.4012574], [-45.2106309, -21.4013343], [-45.2106065, -21.4016992], [-45.2105512, -21.4022547], [-45.2105395, -21.402671], [-45.2105584, -21.4029725], [-45.2106707, -21.4033554], [-45.2109633, -21.4038592], [-45.2110823, -21.4040428], [-45.2113227, -21.4043398], [-45.2116823, -21.404866], [-45.2118373, -21.4052183], [-45.2119882, -21.4055928], [-45.2120703, -21.4059542], [-45.2120903, -21.406441], [-45.2120535, -21.4068164], [-45.2119503, -21.4072226], [-45.2115594, -21.4085212], [-45.2113173, -21.4093252], [-45.21075, -21.4112339], [-45.2106864, -21.4116367], [-45.2106624, -21.4120049], [-45.2107348, -21.4128806], [-45.2109381, -21.4136043], [-45.2110985, -21.4140385], [-45.2112436, -21.4143786], [-45.2114356, -21.4149413], [-45.2115319, -21.4152235], [-45.2117449, -21.4158817], [-45.211802, -21.4160956], [-45.2119783, -21.4168099], [-45.2120452, -21.4172264], [-45.2120875, -21.4177634], [-45.212197, -21.4183276], [-45.2122227, -21.4185744], [-45.2125629, -21.4196616], [-45.2128859, -21.4209061], [-45.2129903, -21.4217278], [-45.2129506, -21.4226628], [-45.2128146, -21.4233526], [-45.2126151, -21.4243301], [-45.2123322, -21.4253234], [-45.2120808, -21.425882], [-45.2111472, -21.4274444], [-45.2108504, -21.428041], [-45.2107478, -21.4284957], [-45.2107236, -21.4293603], [-45.210816, -21.4306108], [-45.2109035, -21.4317947], [-45.2109105, -21.432285], [-45.210855, -21.4325983], [-45.2107395, -21.4329262], [-45.2105899, -21.4332129], [-45.2103901, -21.4334738], [-45.2101901, -21.4336679], [-45.2098873, -21.433881], [-45.2095608, -21.4340389], [-45.2086004, -21.4343865], [-45.2082934, -21.4345105], [-45.2079368, -21.434745], [-45.2076975, -21.4350042], [-45.2074696, -21.435355], [-45.2073431, -21.4356641], [-45.2073023, -21.4359837], [-45.2072978, -21.4363685], [-45.2074044, -21.4367143], [-45.2075417, -21.4370121], [-45.2077013, -21.4372617], [-45.208132, -21.4376149], [-45.2092535, -21.4384765], [-45.2095051, -21.4387929], [-45.2096624, -21.4390854], [-45.2097791, -21.4393545], [-45.2098326, -21.4396639], [-45.2098218, -21.4401524], [-45.2097766, -21.4403935], [-45.2097154, -21.4405845], [-45.2090272, -21.4420817], [-45.2088287, -21.4426059], [-45.2087684, -21.4428007], [-45.2087161, -21.4430316], [-45.2086987, -21.4432076], [-45.2086893, -21.4434186], [-45.208696, -21.4435671], [-45.2087268, -21.4437469], [-45.2087872, -21.4439616], [-45.2088504, -21.4441226], [-45.208928, -21.4442948], [-45.209038, -21.4444858], [-45.2095755, -21.445387], [-45.2100304, -21.4461373], [-45.211544, -21.4485809], [-45.2116719, -21.448778], [-45.211814, -21.4490332], [-45.2119465, -21.4493214], [-45.2120085, -21.4494963], [-45.2120501, -21.4496698], [-45.212097, -21.4498782], [-45.2121265, -21.4500293], [-45.2121507, -21.4502252], [-45.2121604, -21.4503927], [-45.2121681, -21.4506097], [-45.212152, -21.4509479], [-45.2121225, -21.451235], [-45.2120367, -21.4516906], [-45.2118892, -21.452469], [-45.2113688, -21.4554202], [-45.211236, -21.4561029], [-45.2110456, -21.4570815], [-45.2109531, -21.4574759], [-45.2108565, -21.4578179], [-45.210717, -21.4581512], [-45.2105527, -21.4584296], [-45.2103724, -21.4586866], [-45.2101712, -21.4589238], [-45.2100451, -21.4590511], [-45.209852, -21.4591884], [-45.2095275, -21.4593881], [-45.2091667, -21.459604], [-45.2087644, -21.4598399], [-45.2077304, -21.4604315], [-45.2070209, -21.4608758], [-45.2067179, -21.4611355], [-45.2065744, -21.4612915], [-45.2064134, -21.4614812], [-45.2063034, -21.4616472], [-45.2061693, -21.4618706], [-45.2060071, -21.4622326], [-45.2059011, -21.4625995], [-45.2058609, -21.4628054], [-45.2058448, -21.4629926], [-45.2058448, -21.4631561], [-45.2058595, -21.4633771], [-45.2061103, -21.4648461], [-45.2061667, -21.4651706], [-45.2062149, -21.4655313], [-45.2062458, -21.4659194], [-45.2062659, -21.4664349], [-45.2062739, -21.4667581], [-45.2062632, -21.4670464], [-45.2062498, -21.4673397], [-45.2062123, -21.4676018], [-45.2061291, -21.4679912], [-45.2058823, -21.4688748], [-45.2056369, -21.4694889], [-45.2052413, -21.4704636], [-45.2049959, -21.4711688], [-45.204733, -21.4718776], [-45.2041081, -21.4735824], [-45.2039189, -21.4741103], [-45.2035488, -21.4749727], [-45.2032645, -21.4754694], [-45.202032, -21.4772678], [-45.2015707, -21.4779267], [-45.2014138, -21.47821], [-45.2013025, -21.4784596], [-45.2012207, -21.4789226], [-45.2012301, -21.4792159], [-45.2012663, -21.4794305], [-45.2014567, -21.4798898], [-45.2016726, -21.4802392], [-45.2029185, -21.4818178], [-45.2038988, -21.4830808], [-45.2042851, -21.483505], [-45.204674, -21.483842], [-45.2050611, -21.4842314], [-45.2053258, -21.4846107], [-45.2056262, -21.4851473], [-45.2060674, -21.4861494], [-45.2063276, -21.486822], [-45.2064335, -21.4872376], [-45.2066039, -21.4880125], [-45.2067058, -21.4882983], [-45.206864, -21.4885978], [-45.2071416, -21.4889871], [-45.2074159, -21.4892741], [-45.2076311, -21.4894563], [-45.2081144, -21.4897678], [-45.2084506, -21.4899804], [-45.2090058, -21.4903473], [-45.2095423, -21.4907033], [-45.2096986, -21.4908375], [-45.2100056, -21.4911796], [-45.2102087, -21.4915153], [-45.2103455, -21.4917911], [-45.2104086, -21.4920656], [-45.210422, -21.4922765], [-45.2104019, -21.4926196], [-45.2102785, -21.493417], [-45.2102061, -21.493865], [-45.2101913, -21.494157], [-45.2102168, -21.4944939], [-45.2103174, -21.4949494], [-45.2105923, -21.4957866], [-45.2109007, -21.4966219], [-45.2114539, -21.4980913], [-45.2116322, -21.4985558], [-45.2118874, -21.4990118], [-45.2120761, -21.4992424], [-45.2122714, -21.4994372], [-45.2128626, -21.4997209], [-45.2139266, -21.500207], [-45.2143695, -21.5004615], [-45.2146961, -21.5008487], [-45.2148436, -21.5010192], [-45.2149563, -21.5012558], [-45.2150498, -21.5015837], [-45.2151042, -21.5019081], [-45.215241, -21.5055015], [-45.2153704, -21.5083887], [-45.2155678, -21.509362], [-45.2158878, -21.5102949], [-45.2162762, -21.5109356], [-45.216897, -21.5117378], [-45.2198934, -21.5149938], [-45.2228601, -21.5182193], [-45.2230597, -21.5185448], [-45.2231924, -21.5188563], [-45.2232959, -21.5191646], [-45.2233663, -21.5195098], [-45.2234512, -21.5202243], [-45.2234898, -21.5205488], [-45.2236672, -21.5219355], [-45.2239094, -21.5225807], [-45.2241248, -21.5229124], [-45.2243367, -21.523148], [-45.2253377, -21.5240883], [-45.2260188, -21.5246867], [-45.2270088, -21.5256225], [-45.227784, -21.5263434], [-45.2281697, -21.5266852], [-45.2285176, -21.5270107], [-45.2291137, -21.5276119], [-45.2294811, -21.5280596], [-45.2297521, -21.5284535], [-45.2303602, -21.5294407], [-45.2320594, -21.5322422], [-45.2322998, -21.5326306], [-45.2336335, -21.5347907], [-45.2353569, -21.5375673], [-45.2377587, -21.5414584], [-45.2382633, -21.5422943], [-45.2392946, -21.5439827], [-45.2403806, -21.5455402], [-45.2404344, -21.5456255], [-45.2404897, -21.5457158], [-45.2410757, -21.5468146], [-45.2413559, -21.5473363], [-45.2422503, -21.5488081], [-45.2428318, -21.5497156], [-45.2432134, -21.550342], [-45.2432431, -21.5503848], [-45.243499, -21.5507536], [-45.2439523, -21.5514164], [-45.2443291, -21.5519416], [-45.2445008, -21.552211], [-45.2446416, -21.5524717], [-45.2447435, -21.5526937], [-45.2448092, -21.5529182], [-45.2448803, -21.5531877], [-45.2449206, -21.5534708], [-45.24493, -21.553961], [-45.2449179, -21.5542666], [-45.2448495, -21.5549451], [-45.2447999, -21.5553655], [-45.244773, -21.5556524], [-45.2447677, -21.5559941], [-45.2448173, -21.5568598], [-45.2448548, -21.5573836], [-45.2448629, -21.5576767], [-45.2448414, -21.557895], [-45.2447931, -21.5581756], [-45.244718, -21.5583852], [-45.2446175, -21.5586122], [-45.2444297, -21.5589365], [-45.244022, -21.5595202], [-45.243849, -21.5597784], [-45.2436854, -21.5600653], [-45.2435271, -21.5603995], [-45.2434507, -21.5606615], [-45.2433917, -21.5610144], [-45.2433877, -21.5612065], [-45.2434078, -21.561436], [-45.2434654, -21.5617198], [-45.2438182, -21.5627444], [-45.2438906, -21.5630138], [-45.2440046, -21.5635751], [-45.2440247, -21.5637235], [-45.2440864, -21.5641787], [-45.2441226, -21.5647537], [-45.2441186, -21.5651204], [-45.2440944, -21.5655694], [-45.2440448, -21.5660545], [-45.2439013, -21.5670941], [-45.2438477, -21.5674913], [-45.2437203, -21.568544], [-45.2435647, -21.5697475], [-45.2433796, -21.5707839], [-45.2433065, -21.5713121], [-45.243216, -21.5722593], [-45.2431503, -21.5726647], [-45.2430873, -21.5729652], [-45.2429974, -21.5732733], [-45.2428673, -21.5736499], [-45.2426849, -21.5741026], [-45.242524, -21.5744119], [-45.2423416, -21.5747137], [-45.2421471, -21.5749931], [-45.241899, -21.5752824], [-45.2414605, -21.5757376], [-45.2411279, -21.5760357], [-45.2408583, -21.5763088], [-45.2405687, -21.5766655], [-45.2404225, -21.576875], [-45.2403139, -21.5770671], [-45.2401569, -21.5775073], [-45.2400899, -21.5777405], [-45.2400188, -21.5782032], [-45.2399625, -21.5787469], [-45.239941, -21.5792333], [-45.2399062, -21.5804492], [-45.2398646, -21.5814407], [-45.239764, -21.5824396], [-45.2396956, -21.5828524], [-45.2396205, -21.5832003], [-45.2395602, -21.5834422], [-45.2393644, -21.5840508], [-45.2390546, -21.5848153], [-45.2383988, -21.5863317], [-45.2379656, -21.5872894], [-45.2378543, -21.5876348], [-45.2377523, -21.5880239], [-45.2376062, -21.5887447], [-45.2375726, -21.5890203], [-45.2375579, -21.5893383], [-45.2375378, -21.5897573], [-45.2375042, -21.5904057], [-45.2374224, -21.5920368], [-45.2374037, -21.5925655], [-45.2374131, -21.5931716], [-45.2374426, -21.5935033], [-45.2375257, -21.5939659], [-45.2376638, -21.5945308], [-45.237802, -21.594961], [-45.2380005, -21.5954623], [-45.2385034, -21.5966768], [-45.2386375, -21.5970185], [-45.23919, -21.5983726], [-45.2392852, -21.5986071], [-45.2394368, -21.5989637], [-45.2397519, -21.5999313], [-45.2400885, -21.600677], [-45.2402683, -21.6011383], [-45.2404292, -21.601672], [-45.2405834, -21.6022755], [-45.2406357, -21.6026172], [-45.2406652, -21.6030835], [-45.2407242, -21.6041384], [-45.2407866, -21.6047581], [-45.2408101, -21.6049763], [-45.2408409, -21.6058105], [-45.2409187, -21.6066484], [-45.2409281, -21.6069875], [-45.2409871, -21.6077506], [-45.2410153, -21.6080049], [-45.2410662, -21.6088279], [-45.2411179, -21.6096302], [-45.241136, -21.6099613], [-45.2411963, -21.6107879], [-45.2412406, -21.6116644], [-45.2414109, -21.6135795], [-45.2414525, -21.6142179], [-45.2414806, -21.6146082], [-45.2415356, -21.6149972], [-45.241595, -21.6152429], [-45.2416456, -21.6154323], [-45.2417475, -21.6157253], [-45.2419232, -21.6160706], [-45.2421579, -21.616416], [-45.2424113, -21.6167252], [-45.2425803, -21.616891], [-45.2427748, -21.6170643], [-45.243353, -21.6175253], [-45.2435794, -21.6177014], [-45.2439187, -21.6179845], [-45.2445544, -21.6184682], [-45.2451941, -21.6189544], [-45.2455241, -21.6191764], [-45.2458231, -21.6193434], [-45.2462808, -21.6195043], [-45.2466509, -21.6195656], [-45.2470402, -21.6196116], [-45.2474967, -21.6196149], [-45.2479321, -21.6195641], [-45.2509559, -21.6190437], [-45.25131, -21.6189481], [-45.2518455, -21.6188035], [-45.2555675, -21.6174889], [-45.2561785, -21.6171825], [-45.2565791, -21.616929], [-45.2568925, -21.6167004], [-45.2571936, -21.6164319], [-45.2576176, -21.6159763], [-45.2585022, -21.614943], [-45.2588909, -21.6145729], [-45.259156, -21.6144], [-45.2594304, -21.6142715], [-45.2598299, -21.6141649], [-45.2602917, -21.6141058], [-45.2606555, -21.6141637], [-45.2609257, -21.6142509], [-45.2610873, -21.6143031], [-45.2615302, -21.6145706], [-45.2618496, -21.6148828], [-45.2620511, -21.6151888], [-45.2621803, -21.6154423], [-45.262283, -21.6157773], [-45.2623744, -21.6166515], [-45.2624549, -21.6180099], [-45.2625478, -21.6188159], [-45.2626685, -21.6192607], [-45.2628401, -21.6196368], [-45.263012, -21.6199966], [-45.2634973, -21.620701], [-45.2640025, -21.6212615], [-45.264405, -21.6216816], [-45.2651025, -21.6224095], [-45.2652256, -21.622538], [-45.2658152, -21.6231511], [-45.2665944, -21.6239529], [-45.2680925, -21.6254908], [-45.2685723, -21.6258965], [-45.2720325, -21.6284452], [-45.2736112, -21.629479], [-45.2760356, -21.6311918], [-45.2775444, -21.6322505], [-45.278445, -21.6328825], [-45.2793047, -21.6334847], [-45.2797886, -21.6337655], [-45.2802187, -21.6340151], [-45.2811441, -21.6345895], [-45.2816386, -21.6349178], [-45.2821321, -21.6353021], [-45.2825735, -21.6357056], [-45.2830534, -21.6361975], [-45.2861557, -21.6401627], [-45.2878346, -21.642328], [-45.2882754, -21.6427177], [-45.2886491, -21.642968], [-45.289052, -21.6431437], [-45.2894667, -21.6432705], [-45.2897949, -21.6433403], [-45.2914986, -21.6436095], [-45.2918135, -21.6436769], [-45.2921315, -21.6437556], [-45.292522, -21.6439048], [-45.2929501, -21.6441233], [-45.2933196, -21.6443597], [-45.2952986, -21.6457417], [-45.2989719, -21.6483662], [-45.2995591, -21.6490208], [-45.2999056, -21.6494811], [-45.3001793, -21.6498856], [-45.300525, -21.650658], [-45.30073, -21.6514197], [-45.3012533, -21.6540227], [-45.3013689, -21.6545978], [-45.3017355, -21.6559543], [-45.3018472, -21.6565534], [-45.3021261, -21.6575749], [-45.3022192, -21.6579092], [-45.3023936, -21.6582482], [-45.3028042, -21.6589847], [-45.3033549, -21.6597504], [-45.3036797, -21.660118], [-45.3040203, -21.660462], [-45.3043703, -21.6607757], [-45.3047639, -21.661074], [-45.3051272, -21.6613374], [-45.3055507, -21.6616059], [-45.3058939, -21.6618049], [-45.306279, -21.6619969], [-45.3070803, -21.6623061], [-45.3075301, -21.6624955], [-45.3078864, -21.6627378], [-45.3081255, -21.6629547], [-45.3083742, -21.6632142], [-45.3085435, -21.6634552], [-45.3089842, -21.6641388], [-45.3093006, -21.6645908], [-45.3095584, -21.6648572], [-45.3097546, -21.6650684], [-45.3100603, -21.6652712], [-45.3103445, -21.6654302], [-45.3106203, -21.6655528], [-45.3110216, -21.6656708], [-45.3111732, -21.6657234], [-45.313333, -21.6664762], [-45.3144541, -21.6668057], [-45.3149623, -21.6669409], [-45.3155851, -21.6670637], [-45.3164562, -21.6671649], [-45.3176515, -21.6673043], [-45.3206689, -21.6676393], [-45.3224619, -21.6678395], [-45.3232072, -21.6679901], [-45.3239113, -21.668188], [-45.3264253, -21.6689256], [-45.3272577, -21.6691707], [-45.3290937, -21.669731], [-45.3296016, -21.6698874], [-45.3300844, -21.6700719], [-45.3304545, -21.6702239], [-45.3308828, -21.6704466], [-45.3313947, -21.6707467], [-45.3324226, -21.6713433], [-45.3333936, -21.6719389], [-45.3340214, -21.6723088], [-45.3341418, -21.6723818], [-45.3347193, -21.6727323], [-45.3355294, -21.6732193], [-45.3357868, -21.6733536], [-45.3359641, -21.6734625], [-45.3360535, -21.6735117], [-45.3362982, -21.6736792], [-45.3376743, -21.6745184], [-45.3382875, -21.6749077], [-45.3386781, -21.6752235], [-45.3392256, -21.6758187], [-45.339756, -21.676463], [-45.3403747, -21.6773866], [-45.3413452, -21.6789493], [-45.3419499, -21.6800276], [-45.3424469, -21.68113], [-45.3429745, -21.682323], [-45.3434929, -21.6832375], [-45.3438658, -21.6838119], [-45.3441751, -21.6842446], [-45.3446931, -21.6848821], [-45.3454813, -21.6857462], [-45.3462711, -21.6866162], [-45.3470121, -21.6873681], [-45.347372, -21.6877469], [-45.3476505, -21.6880585], [-45.3479043, -21.6883263], [-45.3486646, -21.6889315], [-45.3494162, -21.6895706], [-45.3502867, -21.690499], [-45.3506652, -21.6910335], [-45.351074, -21.691666], [-45.3514014, -21.6921506], [-45.3517844, -21.6925814], [-45.3523999, -21.6931965], [-45.3527142, -21.6934428], [-45.3531178, -21.6937151], [-45.3534087, -21.6938929], [-45.3538081, -21.6940925], [-45.3541681, -21.6942559], [-45.3545765, -21.6943865], [-45.3552993, -21.6945839], [-45.3601705, -21.6957423], [-45.3629159, -21.6964581], [-45.3631384, -21.6965138], [-45.3644758, -21.6968298], [-45.3653547, -21.6970661], [-45.3657634, -21.6972226], [-45.3660892, -21.6974219], [-45.3664193, -21.6976712], [-45.3666863, -21.697963], [-45.3668737, -21.6982253], [-45.3670332, -21.6985179], [-45.3671872, -21.6989505], [-45.3672771, -21.6994192], [-45.3674527, -21.7005578], [-45.367535, -21.7011489], [-45.3676705, -21.7018317], [-45.3677756, -21.7021897], [-45.3679351, -21.702555], [-45.3681023, -21.7028012], [-45.3683817, -21.7031327], [-45.3687701, -21.7034586], [-45.3700917, -21.7042975], [-45.3711493, -21.7049916], [-45.3713662, -21.7051388], [-45.3720838, -21.7056312], [-45.3729908, -21.7063852], [-45.3736237, -21.7069641], [-45.3742485, -21.7075956], [-45.3746371, -21.708057], [-45.3748477, -21.70839], [-45.3750571, -21.7087108], [-45.3753273, -21.7092682], [-45.3755998, -21.7100549], [-45.3757438, -21.710666], [-45.3758264, -21.7110914], [-45.3758747, -21.7114416], [-45.3759545, -21.7120103], [-45.3760645, -21.7127131], [-45.3761557, -21.7131354], [-45.3762576, -21.7135964], [-45.3763649, -21.7139752], [-45.3765419, -21.7145035], [-45.3767243, -21.7150118], [-45.3769523, -21.7156198], [-45.3772312, -21.7162976], [-45.3775424, -21.717085], [-45.3778455, -21.7178226], [-45.3779547, -21.7180596], [-45.3782719, -21.71861], [-45.3785064, -21.7189852], [-45.3789024, -21.7196763], [-45.3795599, -21.7208035], [-45.3798577, -21.7213431], [-45.3801302, -21.7218185], [-45.3813259, -21.7237648], [-45.3815612, -21.7241574], [-45.3821257, -21.7250992], [-45.3828962, -21.7264291], [-45.3830463, -21.7267132], [-45.3831723, -21.7269897], [-45.3833011, -21.7273311], [-45.3834191, -21.7277871], [-45.3835103, -21.7282081], [-45.3835202, -21.7283307], [-45.3835425, -21.7285495], [-45.3835666, -21.7287987], [-45.3835747, -21.7290802], [-45.3835559, -21.7294016], [-45.3835478, -21.7295711], [-45.3835344, -21.729748], [-45.3835076, -21.7299074], [-45.3834298, -21.7302239], [-45.3833608, -21.7304625], [-45.383226, -21.7308891], [-45.3831753, -21.7310037], [-45.382813, -21.7317467], [-45.3826761, -21.7320253], [-45.3824777, -21.7323715], [-45.382259, -21.7327529], [-45.3821636, -21.7329863], [-45.3820807, -21.7331963], [-45.3820012, -21.7334481], [-45.3819158, -21.7338671], [-45.3818822, -21.7341107], [-45.3818823, -21.7344173], [-45.3819332, -21.7347535], [-45.3819856, -21.7349697], [-45.3820351, -21.7351023], [-45.3821162, -21.7353112], [-45.3822282, -21.7355309], [-45.3823221, -21.7357184], [-45.382411, -21.7358676], [-45.3825649, -21.7360806], [-45.3828703, -21.7364162], [-45.3831466, -21.7366724], [-45.3838554, -21.7372848], [-45.3842399, -21.7376113], [-45.384393, -21.7377641], [-45.3846154, -21.7379825], [-45.3847843, -21.7381793], [-45.384921, -21.7383716], [-45.3851303, -21.7386801], [-45.3852824, -21.7389425], [-45.3854442, -21.7392606], [-45.3855887, -21.7395822], [-45.3858416, -21.740236], [-45.3861676, -21.7410962], [-45.3862932, -21.7414034], [-45.3869282, -21.7430799], [-45.3870721, -21.7434637], [-45.3872055, -21.7438672], [-45.3873336, -21.7443438], [-45.3874581, -21.7449435], [-45.3877841, -21.7467247], [-45.3880234, -21.7478574], [-45.3881928, -21.7484067], [-45.3883369, -21.7487029], [-45.3884834, -21.7489657], [-45.3886548, -21.7492086], [-45.3888573, -21.7494568], [-45.3891201, -21.7497405], [-45.3893881, -21.7499819], [-45.3896579, -21.7501653], [-45.3899242, -21.750331], [-45.3904101, -21.7505694], [-45.3910753, -21.7508366], [-45.3919543, -21.7511955], [-45.3936638, -21.7518892], [-45.3948909, -21.7523912], [-45.3953402, -21.7525693], [-45.3988767, -21.7539669], [-45.4007511, -21.7547147], [-45.4012182, -21.7549011], [-45.4018651, -21.7551657], [-45.4036966, -21.755915], [-45.4046045, -21.7562762], [-45.4052335, -21.7565801], [-45.406183, -21.7571419], [-45.4069273, -21.7577223], [-45.4073714, -21.7581406], [-45.407799, -21.7585431], [-45.4081263, -21.7588807], [-45.4087459, -21.7594673], [-45.4100561, -21.760754], [-45.4106542, -21.7613178], [-45.4108454, -21.7615116], [-45.4140566, -21.7646301], [-45.4144771, -21.7650037], [-45.4149391, -21.7653587], [-45.4157162, -21.7658668], [-45.4161541, -21.7661134], [-45.416877, -21.7664547], [-45.417915, -21.7669379], [-45.4201829, -21.767991], [-45.4205429, -21.7681722], [-45.4216875, -21.7687221], [-45.4223762, -21.7690665], [-45.4226397, -21.7692097], [-45.4233136, -21.7696683], [-45.4234165, -21.7697424], [-45.4236891, -21.7699557], [-45.4238343, -21.7700747], [-45.4242128, -21.7703938], [-45.4243556, -21.7705339], [-45.4245934, -21.770764], [-45.4253672, -21.7715132], [-45.425741, -21.7718762], [-45.4265068, -21.7726172], [-45.426841, -21.7729501], [-45.4272057, -21.7733129], [-45.4276322, -21.7737694], [-45.4277882, -21.7739598], [-45.4280266, -21.7742939], [-45.428199, -21.7745452], [-45.4295101, -21.7765433], [-45.4301812, -21.7775609], [-45.4302444, -21.7776549], [-45.4337046, -21.7828935], [-45.4350177, -21.7848623], [-45.4352481, -21.7851899], [-45.4354989, -21.7855281], [-45.4356891, -21.7857603], [-45.435926, -21.7860486], [-45.4363216, -21.7864795], [-45.4365704, -21.7867068], [-45.4367837, -21.7868861], [-45.4369479, -21.7870182], [-45.437353, -21.7872958], [-45.4376214, -21.7874534], [-45.4379524, -21.7876345], [-45.4382019, -21.7877466], [-45.4384218, -21.7878437], [-45.4385512, -21.7878954], [-45.4387034, -21.7879577], [-45.4390997, -21.7880828], [-45.4394196, -21.7881719], [-45.4396248, -21.7882285], [-45.4397971, -21.7882777], [-45.4406521, -21.7885106], [-45.4415265, -21.7887519], [-45.4431174, -21.7891868], [-45.4439908, -21.7894278], [-45.4448424, -21.7896644], [-45.4455558, -21.7898487], [-45.4463377, -21.7900709], [-45.4468004, -21.7902135], [-45.4470061, -21.7902933], [-45.4471571, -21.7903518], [-45.4476326, -21.7905554], [-45.4479316, -21.7907085], [-45.4482809, -21.7909159], [-45.4484244, -21.7909956], [-45.4488777, -21.7913088], [-45.4491272, -21.7915011], [-45.4493542, -21.7916977], [-45.4497481, -21.7920391], [-45.4501753, -21.792432], [-45.4505213, -21.7927526], [-45.4508921, -21.7930982], [-45.4514768, -21.7936442], [-45.4521821, -21.7942807], [-45.4527207, -21.7947917], [-45.4533926, -21.7954256], [-45.4538814, -21.7958695], [-45.454265, -21.7962206], [-45.4546183, -21.7965432], [-45.4548953, -21.7967934], [-45.4551172, -21.7969753], [-45.4552259, -21.7970493], [-45.4554565, -21.7971907], [-45.4556188, -21.7972753], [-45.4557194, -21.7973264], [-45.4559514, -21.7974185], [-45.456178, -21.7974917], [-45.4564577, -21.7975605], [-45.4568576, -21.7976458], [-45.4571403, -21.7977074], [-45.4574591, -21.7977716], [-45.457779, -21.7978429], [-45.4579986, -21.7978924], [-45.4585334, -21.7980156], [-45.4588767, -21.7980863], [-45.4592197, -21.7981588], [-45.4596656, -21.7982588], [-45.4601742, -21.7983733], [-45.4605044, -21.7984512], [-45.4608903, -21.7985343], [-45.4623357, -21.7988319], [-45.4628145, -21.7989424], [-45.4631954, -21.7990383], [-45.463656, -21.7991712], [-45.4641442, -21.7993075], [-45.4645968, -21.7994358], [-45.4662806, -21.7999052], [-45.4673327, -21.8002035], [-45.4681776, -21.8004344], [-45.4685685, -21.8005478], [-45.4693007, -21.8007538], [-45.4696196, -21.8008547], [-45.4698533, -21.8009394], [-45.4701835, -21.8010661], [-45.4704692, -21.8011968], [-45.4707461, -21.8013437], [-45.4709141, -21.8014343], [-45.47102, -21.8014978], [-45.4712879, -21.8016734], [-45.471587, -21.8018963], [-45.471825, -21.8020803], [-45.4720862, -21.8023122], [-45.4723367, -21.8025572], [-45.4725127, -21.8027542], [-45.4728366, -21.803129], [-45.4729881, -21.8032847], [-45.4733824, -21.8036893], [-45.4737002, -21.8040174], [-45.4741106, -21.8044433], [-45.4743822, -21.8046842], [-45.4746571, -21.8048853], [-45.4748147, -21.8049718], [-45.4751071, -21.8051063], [-45.4752787, -21.8051804], [-45.4754651, -21.8052445], [-45.4757702, -21.8053336], [-45.4759657, -21.8053937], [-45.4761732, -21.8054575], [-45.476475, -21.8055409], [-45.4769095, -21.8056604], [-45.4772227, -21.8057432], [-45.477568, -21.8058509], [-45.4778992, -21.8059673], [-45.4782955, -21.8061311], [-45.478549, -21.8062606], [-45.4788622, -21.8064324], [-45.4790673, -21.8065638], [-45.4810942, -21.8079718], [-45.4819086, -21.8085453], [-45.4824497, -21.8087939], [-45.4829317, -21.8089594], [-45.4833734, -21.8090601], [-45.4839134, -21.8091238], [-45.4841468, -21.8091312], [-45.4847731, -21.8091088], [-45.4850748, -21.8090951], [-45.4853363, -21.8090839], [-45.4858596, -21.8090689], [-45.4862604, -21.8090665], [-45.4866238, -21.8090764], [-45.4867807, -21.8090964], [-45.4869819, -21.8091312], [-45.4872313, -21.8092009], [-45.4874244, -21.8092732], [-45.4877061, -21.8093964], [-45.4878818, -21.8094761], [-45.4880118, -21.8095571], [-45.4881956, -21.8096816], [-45.4883745, -21.8098316], [-45.488508, -21.8099592], [-45.4886609, -21.8101248], [-45.4888259, -21.8103203], [-45.4889815, -21.8105619], [-45.4892094, -21.8109964], [-45.4894589, -21.8115542], [-45.4897083, -21.8120996], [-45.4898769, -21.8123938], [-45.489994, -21.8126013], [-45.4901469, -21.8128192], [-45.4903105, -21.8130371], [-45.4906726, -21.8134779], [-45.4908617, -21.813687], [-45.4912694, -21.8141216], [-45.4917784, -21.8146354], [-45.4920311, -21.8149271], [-45.4921572, -21.815074], [-45.4924308, -21.8154911], [-45.4926022, -21.815794], [-45.4927728, -21.816156], [-45.4928919, -21.8164689], [-45.4929994, -21.8167499], [-45.4930772, -21.8170151], [-45.4931241, -21.8172168], [-45.4931751, -21.8175106], [-45.4932381, -21.8179408], [-45.4933199, -21.8184494], [-45.4934017, -21.819118], [-45.4935171, -21.819855], [-45.4936002, -21.8205183], [-45.4936901, -21.8211361], [-45.4937705, -21.8215495], [-45.493851, -21.8218184], [-45.4939047, -21.8219678], [-45.493965, -21.8221353], [-45.4940797, -21.822416], [-45.4942667, -21.8227895], [-45.4945953, -21.8233385], [-45.4951707, -21.8242549], [-45.4954315, -21.8246657], [-45.4957426, -21.825132], [-45.4959284, -21.825409], [-45.4960759, -21.8256517], [-45.4962509, -21.8259897], [-45.4963361, -21.8261777], [-45.4965319, -21.8266608], [-45.4967351, -21.8271986], [-45.4969704, -21.8279238], [-45.4972279, -21.828606], [-45.4974753, -21.82932], [-45.4978871, -21.8305158], [-45.4980634, -21.8309415], [-45.4982123, -21.8312627], [-45.4982948, -21.8314046], [-45.4983813, -21.8315279], [-45.4985187, -21.8317009], [-45.4987393, -21.8319337], [-45.4989043, -21.8320862], [-45.4990759, -21.8322157], [-45.4992409, -21.8323265], [-45.4994568, -21.8324485], [-45.4996251, -21.8325244], [-45.4999624, -21.8326601], [-45.5002052, -21.8327274], [-45.5007925, -21.8328619], [-45.501785, -21.8330772], [-45.5022389, -21.8332054], [-45.5024703, -21.8332944], [-45.5026802, -21.8333996], [-45.5028927, -21.8335397], [-45.5031113, -21.8337177], [-45.5033018, -21.8339119], [-45.5034694, -21.8340961], [-45.5039294, -21.8347061], [-45.5041896, -21.8350485], [-45.5043907, -21.8352825], [-45.5045812, -21.8354755], [-45.5048279, -21.835661], [-45.5050787, -21.8358116], [-45.5053268, -21.8359411], [-45.5055133, -21.8360145], [-45.5057989, -21.8361104], [-45.5060971, -21.8361768], [-45.5065539, -21.8362523], [-45.5078622, -21.8364235], [-45.5088332, -21.8365666], [-45.5090504, -21.8366102], [-45.5093636, -21.8366867], [-45.5096802, -21.8367897], [-45.5100274, -21.8369158], [-45.5103466, -21.8370503], [-45.5108455, -21.8373142], [-45.5112009, -21.8374996], [-45.5116113, -21.8377038], [-45.5120069, -21.83788], [-45.5122121, -21.8379553], [-45.5125856, -21.8380729], [-45.5127691, -21.838121], [-45.5130905, -21.8381818], [-45.5135639, -21.8382578], [-45.5137247, -21.838282], [-45.5146274, -21.8384177], [-45.5148547, -21.8384719], [-45.5150445, -21.8385292], [-45.5153771, -21.8386487], [-45.515709, -21.838818], [-45.5159242, -21.8389655], [-45.5161898, -21.8391715], [-45.5164091, -21.8393825], [-45.516751, -21.8398443], [-45.5169234, -21.8400622], [-45.5172184, -21.8404537], [-45.5173776, -21.8406779], [-45.5176388, -21.8411141], [-45.5177991, -21.8414147], [-45.5179641, -21.8418193], [-45.5182041, -21.8424759], [-45.5183892, -21.8430181], [-45.5186413, -21.8437058], [-45.5187392, -21.8439703], [-45.5188033, -21.8441614], [-45.5188733, -21.8443986], [-45.5189424, -21.8447222], [-45.5189853, -21.8449911], [-45.5191409, -21.8458936], [-45.5191711, -21.8461239], [-45.5192582, -21.8467873], [-45.5193843, -21.8475429], [-45.5195104, -21.8481777], [-45.5195989, -21.8485512], [-45.5202386, -21.8511005], [-45.5206731, -21.8528804], [-45.5208568, -21.8536285], [-45.5209534, -21.8539671], [-45.5210389, -21.8542061], [-45.5211371, -21.8544401], [-45.5213691, -21.8548863], [-45.5215918, -21.8552716], [-45.5218439, -21.8556338], [-45.5220799, -21.8559076], [-45.5228162, -21.8566544], [-45.5246857, -21.8585663], [-45.5256325, -21.8595458], [-45.5261032, -21.8600089], [-45.5263688, -21.8602871], [-45.5265552, -21.8604569], [-45.5267134, -21.8605976], [-45.526983, -21.8608036], [-45.527154, -21.8609243], [-45.5273813, -21.8610693], [-45.5276603, -21.8612237], [-45.5278829, -21.8613382], [-45.5284676, -21.8615921], [-45.5293934, -21.8619783], [-45.5296759, -21.8620962], [-45.5302084, -21.8623488], [-45.5306026, -21.8625666], [-45.5306694, -21.862605], [-45.5308802, -21.862726], [-45.5312249, -21.8629575], [-45.5321637, -21.8636196], [-45.5332848, -21.8644286], [-45.5339289, -21.8648823], [-45.5342176, -21.8650964], [-45.5345998, -21.8654181], [-45.5348264, -21.8656303], [-45.5350398, -21.8658509], [-45.5359429, -21.8669104], [-45.5367905, -21.8679161], [-45.5377641, -21.8690449], [-45.5380337, -21.8693946], [-45.5382805, -21.8697655], [-45.5384736, -21.8701277], [-45.5385916, -21.8703766], [-45.5387297, -21.8707176], [-45.539223, -21.8720137], [-45.5393239, -21.8722672], [-45.5398294, -21.8735552], [-45.540099, -21.8740892], [-45.5404598, -21.8746467], [-45.5415461, -21.8762372], [-45.5424129, -21.8775253], [-45.5427289, -21.8780119], [-45.5429354, -21.878389], [-45.5430132, -21.8785359], [-45.5430977, -21.8787014], [-45.5432063, -21.8789478], [-45.5439144, -21.8809067], [-45.5445394, -21.8826639], [-45.5450094, -21.883976], [-45.5450864, -21.8841909], [-45.5461916, -21.8872758], [-45.5462226, -21.8873637], [-45.5465618, -21.8883236], [-45.546649, -21.8885414], [-45.546822, -21.8889011], [-45.5476829, -21.8904392], [-45.5483401, -21.8916288], [-45.5485788, -21.8921315], [-45.5487961, -21.892684], [-45.5491101, -21.893607], [-45.5492376, -21.8939816], [-45.5495337, -21.8949078], [-45.5496302, -21.8951355], [-45.5497563, -21.8953395], [-45.5499373, -21.8955772], [-45.5500782, -21.8957253], [-45.5502337, -21.8958572], [-45.5504362, -21.8959916], [-45.5506709, -21.896116], [-45.5508909, -21.896228], [-45.5516821, -21.8966212], [-45.5519986, -21.8967855], [-45.5522615, -21.8969547], [-45.5524667, -21.8971065], [-45.5526209, -21.8972496], [-45.5527939, -21.8974413], [-45.5530098, -21.8977013], [-45.554252, -21.8994436], [-45.5545467, -21.8998839], [-45.5560447, -21.9021784], [-45.5563813, -21.9026115], [-45.5565389, -21.9027962], [-45.5568139, -21.903144], [-45.5571283, -21.9035248], [-45.5580121, -21.9045774], [-45.5582951, -21.9049034], [-45.5598521, -21.9067375], [-45.5602826, -21.9072265], [-45.5606581, -21.9075911], [-45.5612268, -21.9080502], [-45.5616854, -21.9083563], [-45.5622379, -21.9086636], [-45.5626631, -21.9088627], [-45.5631298, -21.9090568], [-45.563622, -21.9091999], [-45.5641584, -21.9093206], [-45.5646519, -21.9093952], [-45.5650663, -21.9094201], [-45.5655076, -21.9094164], [-45.5658482, -21.9093952], [-45.5662499, -21.9093392], [-45.5665295, -21.9092957], [-45.5692707, -21.9087507], [-45.5697629, -21.908691], [-45.5703302, -21.9087121], [-45.5706963, -21.9087756], [-45.5710664, -21.9088677], [-45.5714232, -21.9090282], [-45.5717061, -21.9091999], [-45.5720401, -21.9094724], [-45.5726436, -21.910036], [-45.5737741, -21.9112081], [-45.5743669, -21.9117655], [-45.5748242, -21.9121972], [-45.5753459, -21.9126762], [-45.5755913, -21.9128567], [-45.5759762, -21.913103], [-45.5764778, -21.9133842], [-45.5769579, -21.9136144], [-45.577831, -21.9139702], [-45.5782749, -21.9141058], [-45.5785116, -21.9141712], [-45.5786873, -21.9142054], [-45.5808122, -21.9147777], [-45.5818992, -21.9150601], [-45.5885933, -21.9168418], [-45.5952653, -21.9186359], [-45.5959708, -21.9188138], [-45.5965903, -21.9189557], [-45.5971831, -21.9190627], [-45.597792, -21.9191622], [-45.5986047, -21.9192592], [-45.6003025, -21.9194235], [-45.6034568, -21.9196872], [-45.6065547, -21.9199808], [-45.6089258, -21.9201724], [-45.6094462, -21.920257], [-45.6099612, -21.9204163], [-45.610452, -21.9206502], [-45.6109133, -21.9209662], [-45.6113237, -21.9212971], [-45.6116349, -21.921638], [-45.6118588, -21.9219901], [-45.6120801, -21.9224019], [-45.6122196, -21.9227578], [-45.612343, -21.9231882], [-45.6123886, -21.9234794], [-45.6124087, -21.9240143], [-45.6123805, -21.9243826], [-45.6123523, -21.9245754], [-45.6122893, -21.9248354], [-45.6121498, -21.9254102], [-45.6118709, -21.9264329], [-45.6117354, -21.9270574], [-45.6116416, -21.9276757], [-45.6116188, -21.9282443], [-45.6116335, -21.9285553], [-45.6116697, -21.9289534], [-45.6117582, -21.9293838], [-45.6119379, -21.9299847], [-45.6122491, -21.9309314], [-45.6123979, -21.9314826], [-45.6124797, -21.9318906], [-45.6125388, -21.9323148], [-45.6126112, -21.9329841], [-45.6126648, -21.934151], [-45.6128231, -21.9349447], [-45.6129813, -21.9354324], [-45.6132013, -21.9359524], [-45.6135607, -21.9366167], [-45.6142044, -21.9375696], [-45.6145746, -21.9379863], [-45.6151512, -21.9385884], [-45.6157561, -21.9392004], [-45.6162362, -21.9396943], [-45.6177074, -21.9411771], [-45.6182733, -21.9418265], [-45.6185389, -21.942222], [-45.618799, -21.9426624], [-45.6196893, -21.9444573], [-45.6199377, -21.945011], [-45.6201649, -21.945455], [-45.6203822, -21.9458108], [-45.6206665, -21.9461977], [-45.6209964, -21.9465789], [-45.6212841, -21.9468873], [-45.6235532, -21.9493323], [-45.6237987, -21.949652], [-45.6240843, -21.9500923], [-45.6242332, -21.9504133], [-45.6243633, -21.9507864], [-45.624429, -21.9511185], [-45.6244558, -21.9516447], [-45.6244335, -21.9518958], [-45.624366, -21.9522865], [-45.6243083, -21.952503], [-45.624252, -21.9526398], [-45.6234755, -21.9545416], [-45.6233373, -21.9549434], [-45.6232823, -21.9551437], [-45.6232408, -21.9553788], [-45.6232139, -21.9556872], [-45.6232274, -21.9560716], [-45.6233025, -21.9564559], [-45.623399, -21.9567955], [-45.6235345, -21.9570741], [-45.6238294, -21.9575761], [-45.6240884, -21.9579247], [-45.6248126, -21.958985], [-45.625754, -21.9605792], [-45.6259525, -21.960905], [-45.6263307, -21.9615518], [-45.6265815, -21.9619075], [-45.6268412, -21.9622199], [-45.6275909, -21.9629968], [-45.6287554, -21.9642035], [-45.6291443, -21.9645953], [-45.6302842, -21.9657707], [-45.6304559, -21.9659896], [-45.6306718, -21.966359], [-45.6307925, -21.9666948], [-45.6308529, -21.9670953], [-45.6309012, -21.9683452], [-45.6309213, -21.9690231], [-45.6309706, -21.970099], [-45.6309735, -21.9702642], [-45.6309793, -21.9703786], [-45.6309832, -21.9704554], [-45.6309805, -21.97049], [-45.6310353, -21.9717098], [-45.6310634, -21.9718798], [-45.6311318, -21.9721398], [-45.6312244, -21.9724047], [-45.6314102, -21.9727355], [-45.6315343, -21.9729543], [-45.6316602, -21.9731136], [-45.6318212, -21.9732976], [-45.6319888, -21.9734593], [-45.6322087, -21.9736571], [-45.6323882, -21.9737982], [-45.632607, -21.9739232], [-45.632898, -21.9740687], [-45.6335096, -21.9743162], [-45.6354891, -21.9751022], [-45.6364024, -21.9754368], [-45.6370099, -21.9757017], [-45.6374551, -21.9759305], [-45.6376778, -21.9760636], [-45.6378977, -21.9762178], [-45.638347, -21.9765561], [-45.6393273, -21.9772998], [-45.6396545, -21.9775062], [-45.639845, -21.9776119], [-45.6401695, -21.9777587], [-45.640824, -21.9780136], [-45.6414852, -21.9782673], [-45.6417882, -21.9783855], [-45.6420243, -21.9784986], [-45.6423207, -21.9786802], [-45.6425983, -21.9788941], [-45.6428652, -21.9791528], [-45.6430596, -21.979399], [-45.6432474, -21.979705], [-45.6433976, -21.9800556], [-45.6435397, -21.9803952], [-45.6437476, -21.9808777], [-45.6439944, -21.9813764], [-45.6441969, -21.981747], [-45.6444329, -21.9820852], [-45.6446247, -21.9823352], [-45.6448419, -21.982569], [-45.6451772, -21.9828998], [-45.6453287, -21.983038], [-45.6456051, -21.98329], [-45.6482178, -21.9852079], [-45.6491029, -21.9857806], [-45.6493224, -21.9858958], [-45.6496382, -21.9860373], [-45.6499507, -21.9861581], [-45.6504269, -21.9862895], [-45.6509027, -21.9863992], [-45.651376, -21.9864824], [-45.6518249, -21.9865419], [-45.6523454, -21.9865721], [-45.6526887, -21.9865945], [-45.6542806, -21.986684], [-45.6577662, -21.9869153], [-45.6590053, -21.9869912], [-45.6600823, -21.9870559], [-45.6604752, -21.9870894], [-45.6608856, -21.9871516], [-45.6613241, -21.9872399], [-45.6618136, -21.9873842], [-45.6621918, -21.9875259], [-45.662629, -21.9877142], [-45.6630515, -21.9879438], [-45.6636402, -21.9883467], [-45.6641038, -21.9886781], [-45.6648351, -21.9892072], [-45.6658316, -21.9899148], [-45.6662916, -21.9902456], [-45.6667449, -21.9905751], [-45.6681235, -21.99155], [-45.6685728, -21.9918858], [-45.6690468, -21.9922047], [-45.6695062, -21.9925118], [-45.669975, -21.9927612], [-45.6703256, -21.9929142], [-45.6707373, -21.9930771], [-45.6711393, -21.9932044], [-45.671947, -21.9934066], [-45.672407, -21.9935347], [-45.672859, -21.9936839], [-45.6731527, -21.9938257], [-45.6734128, -21.9939998], [-45.673606, -21.9941614], [-45.6738058, -21.9943367], [-45.6739828, -21.9945606], [-45.6741397, -21.9947869], [-45.6743208, -21.9951624], [-45.6744187, -21.9955218], [-45.674471, -21.995911], [-45.6744643, -21.9963375], [-45.6743985, -21.9967727], [-45.674133, -21.9976842], [-45.6740451, -21.9980529], [-45.6740105, -21.9983201], [-45.6739956, -21.9985875], [-45.6740276, -21.9990056], [-45.674111, -21.9994177], [-45.6743033, -22.000234], [-45.6746271, -22.0015434], [-45.6746855, -22.0018348], [-45.6747297, -22.0022375], [-45.6747492, -22.0026062], [-45.6747431, -22.003853], [-45.6747787, -22.004222], [-45.6748578, -22.0045806], [-45.6749924, -22.0049055], [-45.6751926, -22.0051911], [-45.6754259, -22.0054368], [-45.6756717, -22.0056468], [-45.6761653, -22.0060331], [-45.6771076, -22.006778], [-45.6773388, -22.0069873], [-45.6775668, -22.0072438], [-45.6777271, -22.0074875], [-45.6778602, -22.0077616], [-45.6779583, -22.008073], [-45.6780014, -22.0083944], [-45.6779747, -22.008711], [-45.6779203, -22.0089869], [-45.6777312, -22.0097304], [-45.6775996, -22.0102405], [-45.6775534, -22.0104568], [-45.677524, -22.0106787], [-45.6775156, -22.0108922], [-45.6775369, -22.0113023], [-45.6775707, -22.0115091], [-45.6778522, -22.0122946], [-45.6788933, -22.014894], [-45.679083, -22.0153205], [-45.6793016, -22.0157233], [-45.6794921, -22.0159906], [-45.6798133, -22.0163207], [-45.6800292, -22.0165029], [-45.6809096, -22.0172675], [-45.6812489, -22.0176181], [-45.6814514, -22.0178668], [-45.6816365, -22.018159], [-45.6817746, -22.0184539], [-45.6819076, -22.0188798], [-45.6819547, -22.0192035], [-45.6819649, -22.0195267], [-45.6819418, -22.0198573], [-45.6818743, -22.020185], [-45.681761, -22.0205163], [-45.6816129, -22.0208308], [-45.681418, -22.0211262], [-45.6811796, -22.0214051], [-45.679921, -22.0226976], [-45.6790399, -22.0240318], [-45.6761983, -22.0305764], [-45.6760602, -22.030973], [-45.6759717, -22.031326], [-45.6759556, -22.031689], [-45.6759881, -22.0320915], [-45.6760736, -22.0324387], [-45.6762549, -22.0328565], [-45.6764115, -22.0331423], [-45.6767361, -22.0335419], [-45.6771988, -22.034066], [-45.6777598, -22.0346137], [-45.678045, -22.0348678], [-45.678499, -22.0352136], [-45.679028, -22.035518], [-45.6796347, -22.0358149], [-45.6806695, -22.0362203], [-45.6819168, -22.0367387], [-45.68259, -22.0370097], [-45.6834953, -22.0373404], [-45.6840532, -22.0375704], [-45.6844595, -22.0377817], [-45.6847747, -22.0379806], [-45.6850952, -22.038218], [-45.6854412, -22.0385935], [-45.6856853, -22.0389117], [-45.6859347, -22.0393692], [-45.6860903, -22.0397334], [-45.6862097, -22.040125], [-45.6863726, -22.0407923], [-45.6865999, -22.0419498], [-45.6867166, -22.0423998], [-45.6868641, -22.0427864], [-45.6870706, -22.0432153], [-45.6873, -22.0436118], [-45.6875132, -22.0439052], [-45.6877667, -22.0442097], [-45.6883594, -22.0448002], [-45.6896966, -22.0461352], [-45.6897917, -22.0462483], [-45.6920971, -22.0486275], [-45.6942429, -22.0510576], [-45.694676, -22.0515262], [-45.6959166, -22.0529892], [-45.6966019, -22.0539836], [-45.6971209, -22.0549096], [-45.6982246, -22.057127], [-45.6993324, -22.0593569], [-45.7019512, -22.0646569], [-45.7023405, -22.0654788], [-45.702471, -22.0657997], [-45.7026114, -22.0663016], [-45.7026375, -22.0664457], [-45.7027267, -22.0668658], [-45.7027573, -22.0670729], [-45.7027857, -22.0673829], [-45.7027877, -22.0677669], [-45.702777, -22.0681317], [-45.7027461, -22.0685219], [-45.7027052, -22.0688482], [-45.7026596, -22.0693105], [-45.7025792, -22.0699251], [-45.7025383, -22.0703234], [-45.7024852, -22.0707637], [-45.7023529, -22.071772], [-45.7023096, -22.0722969], [-45.7022694, -22.0732813], [-45.7022607, -22.0736225], [-45.7022526, -22.0741936], [-45.7022479, -22.0747081], [-45.7022244, -22.0752655], [-45.702211, -22.0754109], [-45.7021913, -22.0755867], [-45.7021463, -22.0758322], [-45.702096, -22.0760773], [-45.7019703, -22.0764536], [-45.7018563, -22.0770016], [-45.7016727, -22.0779421], [-45.7015546, -22.0785178], [-45.7014607, -22.0790777], [-45.7013353, -22.0800514], [-45.7012823, -22.0806336], [-45.7012689, -22.0809667], [-45.7012796, -22.0814184], [-45.7013246, -22.0817527], [-45.7013842, -22.0820578], [-45.7014354, -22.0822738], [-45.7015324, -22.0826009], [-45.701594, -22.082781], [-45.7016753, -22.0829699], [-45.7018047, -22.0832825], [-45.7020029, -22.0836872], [-45.7022496, -22.0841909], [-45.7023887, -22.0844655], [-45.7025026, -22.0846655], [-45.7025594, -22.0847669], [-45.7028062, -22.0851683], [-45.7030358, -22.0855076], [-45.7031703, -22.0856943], [-45.7033359, -22.0859068], [-45.7034894, -22.0860957], [-45.7036155, -22.0862392], [-45.7041298, -22.0867863], [-45.7050408, -22.0877376], [-45.706742, -22.0895388], [-45.7070678, -22.0898787], [-45.7081354, -22.0910058], [-45.7086276, -22.0915041], [-45.7095797, -22.0924932], [-45.7102409, -22.0931058], [-45.7106808, -22.0934413], [-45.7112454, -22.0938079], [-45.7124712, -22.0945411], [-45.7157663, -22.0965379], [-45.7183599, -22.0981111], [-45.7191861, -22.0986243], [-45.7196085, -22.0988976], [-45.7200189, -22.099212], [-45.7204655, -22.0995723], [-45.7215766, -22.1005552], [-45.7231236, -22.1019183], [-45.7237036, -22.1023762], [-45.7241012, -22.1026539], [-45.7246269, -22.1029707], [-45.7250749, -22.1032118], [-45.725382, -22.1033609], [-45.7258514, -22.1035547], [-45.7260673, -22.1036336], [-45.7263181, -22.1037275], [-45.7280843, -22.1042878], [-45.7296346, -22.1047786], [-45.7340415, -22.1061591], [-45.734247, -22.1062241], [-45.7362141, -22.1068462], [-45.7385355, -22.1075855], [-45.7410968, -22.1083802], [-45.7413465, -22.1084577], [-45.7415409, -22.1085211], [-45.7424717, -22.1088205], [-45.742606, -22.1088671], [-45.742988, -22.1089845], [-45.7431538, -22.1090444], [-45.7435117, -22.1092132], [-45.7438612, -22.1093681], [-45.7440314, -22.1094579], [-45.7444873, -22.1097151], [-45.7448642, -22.1099574], [-45.7452303, -22.1102146], [-45.7455938, -22.1105078], [-45.7456817, -22.1105853], [-45.7482688, -22.1128679], [-45.7489928, -22.1134941], [-45.7491517, -22.1136413], [-45.7501602, -22.1145197], [-45.751154, -22.1154031], [-45.7521035, -22.116084], [-45.7527311, -22.1164542], [-45.7531858, -22.1166853], [-45.7536002, -22.1168729], [-45.7545269, -22.1172444], [-45.7596137, -22.1192832], [-45.7606705, -22.1196994], [-45.7611412, -22.1198932], [-45.7622798, -22.120333], [-45.762949, -22.1205293], [-45.7635511, -22.120661], [-45.7642566, -22.1207741], [-45.7704377, -22.1214027], [-45.7710808, -22.121477], [-45.7736709, -22.1217227], [-45.7739595, -22.1217543], [-45.7743511, -22.1217891], [-45.7747038, -22.1218052], [-45.7752335, -22.121804], [-45.7756948, -22.1217816], [-45.77612, -22.1217543], [-45.7770507, -22.1216388], [-45.7778808, -22.121522], [-45.7787552, -22.1214052], [-45.7793587, -22.121312], [-45.7797115, -22.1212698], [-45.7800145, -22.1212424], [-45.7805724, -22.1212114], [-45.782106, -22.1211735], [-45.7822844, -22.1211691], [-45.7825298, -22.1211653], [-45.7840426, -22.1211418], [-45.78578, -22.1210847], [-45.7863486, -22.1210784], [-45.7867442, -22.1210797], [-45.7870875, -22.1210859], [-45.7873893, -22.1211058], [-45.7877983, -22.1211493], [-45.7881095, -22.121189], [-45.7884461, -22.1212449], [-45.7887881, -22.1213145], [-45.78913, -22.1213928], [-45.7897255, -22.121563], [-45.7904202, -22.1218052], [-45.7931668, -22.1229234], [-45.79459, -22.1235222], [-45.7956579, -22.1239608], [-45.7962124, -22.1241925], [-45.796433, -22.1242862], [-45.7966141, -22.1243751], [-45.7968602, -22.1244999], [-45.7970727, -22.1246173], [-45.7973014, -22.1247559], [-45.797524, -22.1248931], [-45.7977518, -22.1250532], [-45.798825, -22.1258202], [-45.7998481, -22.1265337], [-45.8004302, -22.1269461], [-45.8012107, -22.1275573], [-45.8020408, -22.1281984], [-45.804198, -22.1299022], [-45.8044763, -22.1301302], [-45.8046915, -22.1303296], [-45.8050751, -22.1307327], [-45.8058912, -22.1316917], [-45.8060896, -22.1319216], [-45.806274, -22.1321154], [-45.8064749, -22.1323163], [-45.8065711, -22.132411], [-45.8066998, -22.1325291], [-45.80685, -22.1326582], [-45.8075199, -22.1331968], [-45.8078358, -22.1334266], [-45.8085539, -22.133931], [-45.8087195, -22.134062], [-45.8089013, -22.1342092], [-45.8090917, -22.134362], [-45.8092627, -22.1345304], [-45.8093529, -22.1346123], [-45.8094595, -22.1347114], [-45.8095547, -22.1348167], [-45.8096878, -22.1349658], [-45.8098447, -22.1351515], [-45.8100197, -22.1353757], [-45.8103751, -22.1358832], [-45.8105025, -22.1360546], [-45.8106514, -22.1362708], [-45.8107936, -22.1364559], [-45.810931, -22.1366192], [-45.8111235, -22.1368304], [-45.8113441, -22.1370577], [-45.8116405, -22.1373459], [-45.8121179, -22.1377894], [-45.8122775, -22.1379441], [-45.8124056, -22.1380789], [-45.812879, -22.1386683], [-45.8134101, -22.139382], [-45.8135381, -22.139549], [-45.8136635, -22.1397062], [-45.8138023, -22.1398633], [-45.8141282, -22.1401844], [-45.814255, -22.1402838], [-45.8144092, -22.1403975], [-45.8146303, -22.1405377], [-45.8147628, -22.1405933], [-45.8158703, -22.141095], [-45.8162183, -22.1412496], [-45.8163773, -22.1413384], [-45.8166119, -22.1414962], [-45.8168124, -22.1416509], [-45.8171209, -22.1419154], [-45.8172959, -22.1420912], [-45.8174414, -22.1422496], [-45.8176714, -22.142562], [-45.8178163, -22.1427986], [-45.8179191, -22.1429973], [-45.8180577, -22.1433154], [-45.8181717, -22.143657], [-45.8183272, -22.144211], [-45.818405, -22.1444272], [-45.8185016, -22.1446557], [-45.8185887, -22.144829], [-45.8187047, -22.1450191], [-45.818814, -22.1451805], [-45.8189616, -22.1453855], [-45.8192532, -22.1457127], [-45.8195424, -22.1460004], [-45.8197523, -22.1462234], [-45.819936, -22.1464257], [-45.8205102, -22.147186], [-45.820672, -22.1473791], [-45.8208491, -22.1475531], [-45.8211361, -22.147786], [-45.821951, -22.1483732], [-45.8223078, -22.1486735], [-45.8225816, -22.1489859], [-45.8227919, -22.1493134], [-45.8229574, -22.1496902], [-45.8235911, -22.1516977], [-45.8243126, -22.1539817], [-45.8245121, -22.154459], [-45.8247135, -22.1548292], [-45.8249273, -22.1552067], [-45.8260108, -22.1566015], [-45.8288997, -22.1601929], [-45.8290377, -22.1603644], [-45.8295475, -22.1609904], [-45.8299786, -22.1615561], [-45.8301088, -22.1617133], [-45.8306711, -22.1623924], [-45.8328989, -22.1651724], [-45.8330946, -22.1654155], [-45.8364271, -22.1695559], [-45.8371693, -22.1705264], [-45.8372944, -22.17069], [-45.837809, -22.1713629], [-45.8379157, -22.1715409], [-45.8382131, -22.1720371], [-45.8384779, -22.1724822], [-45.8387408, -22.1729967], [-45.8390478, -22.1736264], [-45.8392551, -22.1741101], [-45.8397332, -22.1752255], [-45.8408718, -22.1778823], [-45.8427258, -22.1822081], [-45.8438074, -22.1847315], [-45.8450525, -22.1876927], [-45.8456484, -22.1890885], [-45.8457998, -22.1894431], [-45.8461069, -22.1900695], [-45.8463529, -22.190461], [-45.8470675, -22.1915799], [-45.847446, -22.1921113], [-45.8483254, -22.1932323], [-45.8498188, -22.1950065], [-45.8499516, -22.1951417], [-45.851244, -22.1964584], [-45.8523613, -22.1975864], [-45.852803, -22.1979203], [-45.8530079, -22.1980622], [-45.8533825, -22.1983217], [-45.8540497, -22.198718], [-45.8595098, -22.2013934], [-45.8603052, -22.201847], [-45.8608838, -22.2023209], [-45.8610258, -22.2024698], [-45.8616283, -22.2031015], [-45.8618093, -22.2033544], [-45.8620988, -22.203759], [-45.8666852, -22.2110259], [-45.8673877, -22.2121389], [-45.8677338, -22.2126799], [-45.8724092, -22.2201025], [-45.8740851, -22.222763], [-45.8752416, -22.2246381], [-45.8755696, -22.2252661], [-45.8757627, -22.2257428], [-45.8758646, -22.2260457], [-45.8759518, -22.2263412], [-45.8760349, -22.2267658], [-45.8760805, -22.2270873], [-45.8761154, -22.227636], [-45.8761297, -22.229954], [-45.8761317, -22.2309617], [-45.876333, -22.2318538], [-45.8764362, -22.2322798], [-45.8766604, -22.2328868], [-45.8768598, -22.233275], [-45.8770133, -22.2335082], [-45.8778401, -22.2348102], [-45.8780332, -22.2351093], [-45.8784838, -22.235825], [-45.8800509, -22.2381934], [-45.8802032, -22.2384762], [-45.881597, -22.240648], [-45.8817172, -22.2407648], [-45.8819615, -22.2412614], [-45.8820107, -22.2413442], [-45.8828903, -22.2430822], [-45.8832592, -22.2437644], [-45.8837502, -22.2445713], [-45.8838124, -22.2446742], [-45.8841405, -22.2452175], [-45.8845688, -22.2459267], [-45.885305, -22.2471457], [-45.8864503, -22.2490421], [-45.8868508, -22.2497094], [-45.8872336, -22.2504509], [-45.8875096, -22.2512665], [-45.8895805, -22.2591534], [-45.8903741, -22.2621253], [-45.8904282, -22.2623306], [-45.8904647, -22.2624686], [-45.8905532, -22.2628487], [-45.8934791, -22.2739976], [-45.8938703, -22.275488], [-45.8939864, -22.2759287], [-45.8940733, -22.2762581], [-45.8967464, -22.2863782], [-45.8970722, -22.287627], [-45.8977657, -22.2903546], [-45.8979736, -22.2910993], [-45.8985352, -22.2931812], [-45.8999986, -22.2986947], [-45.9001735, -22.2994489], [-45.9002486, -22.2997479], [-45.9003197, -22.2999973], [-45.9004109, -22.3003112], [-45.90049, -22.300609], [-45.9005664, -22.3008686], [-45.9006174, -22.3010979], [-45.9006429, -22.301222], [-45.9006818, -22.3013647], [-45.9007582, -22.3016488], [-45.900836, -22.301923], [-45.9009326, -22.302294], [-45.9010077, -22.302557], [-45.901186, -22.3031756], [-45.9012973, -22.3035993], [-45.9014314, -22.3041328], [-45.9015414, -22.3045249], [-45.901638, -22.3048996], [-45.9017506, -22.3053215], [-45.9018526, -22.3056863], [-45.9019598, -22.3060957], [-45.9020537, -22.306458], [-45.9021556, -22.3068675], [-45.9022254, -22.3071963], [-45.9023219, -22.3075418], [-45.9024011, -22.3078514], [-45.9025033, -22.3082394], [-45.9025928, -22.3085809], [-45.9027028, -22.3089922], [-45.9028436, -22.3095127], [-45.9029362, -22.3098719], [-45.9030287, -22.3102118], [-45.9031963, -22.3108055], [-45.9032922, -22.3112243], [-45.9033988, -22.311638], [-45.9034471, -22.3118192], [-45.9035088, -22.3120357], [-45.9035725, -22.3122615], [-45.9036382, -22.3124984], [-45.9037234, -22.3128055], [-45.9038025, -22.3130698], [-45.9039044, -22.3133936], [-45.9040332, -22.3137993], [-45.9041465, -22.3141424], [-45.9042605, -22.3144842], [-45.9043792, -22.3148229], [-45.9045066, -22.3152112], [-45.9045871, -22.3154773], [-45.9046876, -22.3157831], [-45.9047708, -22.31604], [-45.9048499, -22.3162837], [-45.9049653, -22.3166559], [-45.9050638, -22.3169245], [-45.9051356, -22.3171479], [-45.9052174, -22.3173923], [-45.9052985, -22.3176261], [-45.905379, -22.3178916], [-45.9055889, -22.3185461], [-45.90579, -22.3191379], [-45.9060703, -22.3200348], [-45.9062862, -22.3205869], [-45.9065129, -22.3210422], [-45.9068696, -22.3216179], [-45.9071741, -22.3220223], [-45.9076367, -22.3224962], [-45.9080686, -22.3228671], [-45.9089483, -22.3235371], [-45.9095089, -22.3239415], [-45.9100896, -22.3243608], [-45.9106938, -22.3248639], [-45.9109962, -22.3251697], [-45.9121992, -22.3265976], [-45.9138688, -22.3286085], [-45.9143919, -22.32923], [-45.9148559, -22.3297523], [-45.9152676, -22.3301418], [-45.9157142, -22.3304917], [-45.9160709, -22.3307348], [-45.9164746, -22.3309792], [-45.9169614, -22.3312199], [-45.9178559, -22.3316416], [-45.9190884, -22.3322358], [-45.9194559, -22.3324418], [-45.9198287, -22.3326948], [-45.9202512, -22.3329926], [-45.9206709, -22.3333337], [-45.9211054, -22.3337282], [-45.9215829, -22.3342132], [-45.9218363, -22.3345134], [-45.9220992, -22.3348558], [-45.9236696, -22.3370614], [-45.9237123, -22.3371303], [-45.9250165, -22.3390285], [-45.9252159, -22.3393401], [-45.9254212, -22.3397283], [-45.9254801, -22.3398375], [-45.9255512, -22.3399988], [-45.9256384, -22.3402481], [-45.925688, -22.3404032], [-45.9257256, -22.3405446], [-45.9257765, -22.3407505], [-45.9261078, -22.3422316], [-45.9264357, -22.3438128], [-45.9265154, -22.3442497], [-45.926549, -22.3445239], [-45.9265745, -22.3448464], [-45.9265892, -22.3453996], [-45.9265808, -22.3468537], [-45.9265973, -22.3472713], [-45.9266133, -22.347629], [-45.926719, -22.348384], [-45.9267609, -22.3486159], [-45.9268159, -22.3488255], [-45.9270007, -22.3493721], [-45.9270403, -22.3495614], [-45.9277126, -22.3518392], [-45.9277861, -22.352123], [-45.9278338, -22.3523184], [-45.9278807, -22.3524957], [-45.9279478, -22.3526905], [-45.9279966, -22.3532637], [-45.9280322, -22.3537529], [-45.9280364, -22.354175], [-45.9280054, -22.3550148], [-45.9279705, -22.3558123], [-45.9279656, -22.356753], [-45.9280001, -22.357204], [-45.9280296, -22.3574123], [-45.9280604, -22.357595], [-45.928165, -22.3580598], [-45.9282713, -22.3584265], [-45.9283367, -22.3586191], [-45.9284252, -22.3588362], [-45.9285776, -22.3591505], [-45.9288576, -22.3596394], [-45.9291025, -22.360019], [-45.9297385, -22.3609724], [-45.929895, -22.3612274], [-45.9300774, -22.361566], [-45.9301458, -22.3616938], [-45.9302008, -22.3618153], [-45.9302638, -22.361961], [-45.9303202, -22.3621216], [-45.9308472, -22.363693], [-45.9313381, -22.3651503], [-45.9317149, -22.3661797], [-45.9318464, -22.3664873], [-45.9321079, -22.3669685], [-45.9322929, -22.3672748], [-45.9325719, -22.3676495], [-45.9327663, -22.3678887], [-45.9332424, -22.368386], [-45.9340055, -22.3690681], [-45.9355224, -22.3703609], [-45.9361178, -22.3709237], [-45.9363578, -22.3711789], [-45.9377392, -22.3726857], [-45.9392224, -22.3743016], [-45.9399332, -22.3750643], [-45.9427844, -22.378172], [-45.9445573, -22.3800929], [-45.9451796, -22.38077], [-45.9456933, -22.3813219], [-45.9462377, -22.3818191], [-45.94685, -22.3823015], [-45.947267, -22.3825886], [-45.9488475, -22.3835534], [-45.9494155, -22.3839201], [-45.9500257, -22.3843185], [-45.9504508, -22.3846328], [-45.9507405, -22.3848815], [-45.950892, -22.3850204], [-45.9512481, -22.3854029], [-45.9515753, -22.3858177], [-45.9519106, -22.3863271], [-45.9523948, -22.3871551], [-45.9535481, -22.3892061], [-45.9537627, -22.3895421], [-45.9539773, -22.3898794], [-45.9541704, -22.3901534], [-45.9543876, -22.3904269], [-45.955018, -22.3912161], [-45.9576948, -22.3945541], [-45.9582701, -22.3952497], [-45.9585169, -22.3955126], [-45.9593001, -22.396207], [-45.9596032, -22.3965058], [-45.9598312, -22.3967674], [-45.9600699, -22.3970749], [-45.9603703, -22.3974668], [-45.9604996, -22.3976389], [-45.9605747, -22.3977389], [-45.9607301, -22.3979559], [-45.9610241, -22.3983955], [-45.9611374, -22.3985381], [-45.9612434, -22.3987079], [-45.9613734, -22.3989646], [-45.9614848, -22.3992647], [-45.9615652, -22.3995188], [-45.9616484, -22.3998065], [-45.9618589, -22.4006608], [-45.9619394, -22.4010328], [-45.9619769, -22.4013118], [-45.9620024, -22.4016664], [-45.9620252, -22.402264], [-45.962036, -22.4029571], [-45.9619649, -22.404068], [-45.9619155, -22.40569], [-45.9618884, -22.40658], [-45.9617382, -22.4112294], [-45.9617362, -22.4118759], [-45.9617369, -22.4121344], [-45.9617503, -22.4123638], [-45.9618013, -22.4126936], [-45.9619018, -22.4130333], [-45.9620292, -22.4134127], [-45.9622398, -22.4138379], [-45.9624732, -22.4141999], [-45.9628728, -22.414671], [-45.9639886, -22.4157323], [-45.9643373, -22.4162108], [-45.9645519, -22.4166076], [-45.9646967, -22.4170167], [-45.9647664, -22.4173713], [-45.9648008, -22.4179632], [-45.9648871, -22.4194466], [-45.9649408, -22.4197317], [-45.965032, -22.4200342], [-45.9651876, -22.4203367], [-45.9652136, -22.4203758], [-45.9653592, -22.4205946], [-45.9655631, -22.4208301], [-45.9672327, -22.4222906], [-45.9690204, -22.4240236], [-45.9694416, -22.4244707], [-45.9699807, -22.425008], [-45.9702972, -22.4253526], [-45.9707156, -22.4257741], [-45.9723195, -22.4274576], [-45.9725609, -22.4277129], [-45.9727594, -22.4279187], [-45.9733441, -22.4284865], [-45.9744385, -22.4294261], [-45.9752968, -22.4302294], [-45.9764887, -22.4314267], [-45.9772696, -22.43225], [-45.9776303, -22.4326492], [-45.9784833, -22.4334612], [-45.9789352, -22.4338231], [-45.979363, -22.4341343], [-45.9813224, -22.4354495], [-45.9820358, -22.4359317], [-45.9827171, -22.4364374], [-45.9831503, -22.4368577], [-45.9833998, -22.4371514], [-45.9838074, -22.4377043], [-45.9844901, -22.438841], [-45.9847248, -22.4391434], [-45.9849595, -22.4393752], [-45.9852143, -22.4395649], [-45.9855522, -22.4397719], [-45.987187, -22.4406098], [-45.9879447, -22.4409994], [-45.9896386, -22.4419027], [-45.9900648, -22.4421611], [-45.9901261, -22.4421983], [-45.9904392, -22.4424282], [-45.9911755, -22.4430926], [-45.9923717, -22.4443111], [-45.9932354, -22.4451899], [-45.9937933, -22.4457514], [-45.994653, -22.4466314], [-45.9953292, -22.4473181], [-45.9960115, -22.4479186], [-45.9963387, -22.4481814], [-45.9967022, -22.448446], [-45.99737, -22.4489022], [-45.9996787, -22.4504769], [-46.000291, -22.4508897], [-46.0028887, -22.4526875], [-46.0059692, -22.454797], [-46.0077947, -22.4560948], [-46.0084323, -22.4565504], [-46.0087175, -22.4567801], [-46.0090116, -22.4570453], [-46.0093776, -22.4574802], [-46.0096124, -22.4578556], [-46.0097297, -22.4580841], [-46.0098419, -22.458357], [-46.0099064, -22.4585639], [-46.0099918, -22.4588726], [-46.0100538, -22.4593358], [-46.0100518, -22.4598285], [-46.0099717, -22.4603187], [-46.0097929, -22.4608664], [-46.0095249, -22.4613975], [-46.0088894, -22.4625059], [-46.0086318, -22.4630281], [-46.0085604, -22.4633841], [-46.0085275, -22.4637464], [-46.0085473, -22.4640982], [-46.008622, -22.4644366], [-46.0087622, -22.4648074], [-46.0089436, -22.465152], [-46.0094789, -22.4660577], [-46.0101671, -22.4672295], [-46.0103932, -22.4676621], [-46.0105102, -22.4679974], [-46.0105754, -22.4682761], [-46.0106156, -22.468551], [-46.0106483, -22.4691066], [-46.0106852, -22.4710345], [-46.0106872, -22.4712283], [-46.0107583, -22.4746858], [-46.0107903, -22.4768881], [-46.0107988, -22.4772093], [-46.010812, -22.4790678], [-46.0108141, -22.4791781], [-46.0108188, -22.4794189], [-46.0108669, -22.4808522], [-46.010997, -22.4881942], [-46.01106, -22.4907344], [-46.0111029, -22.4911049], [-46.0111512, -22.4913143], [-46.0112384, -22.4915906], [-46.0113417, -22.4918421], [-46.0114342, -22.492028], [-46.011571, -22.4922647], [-46.0117413, -22.4925434], [-46.012373, -22.4935595], [-46.0127002, -22.4940911], [-46.0134807, -22.4953623], [-46.0136875, -22.4957934], [-46.0138167, -22.4960376], [-46.0138412, -22.4960839], [-46.0139085, -22.4962185], [-46.0139729, -22.496392], [-46.0140219, -22.4966206], [-46.014052, -22.4968864], [-46.0140333, -22.497206], [-46.0139662, -22.4976372], [-46.0138369, -22.4984073], [-46.0137921, -22.4986802], [-46.0137194, -22.4991228], [-46.0136978, -22.4992993], [-46.0136779, -22.4994623], [-46.0136698, -22.5000608], [-46.0137168, -22.5003916], [-46.0138355, -22.5007877], [-46.0139421, -22.5010458], [-46.0142009, -22.5015079], [-46.0145724, -22.5021076], [-46.014858, -22.5025512], [-46.015082, -22.5029241], [-46.0152698, -22.5032896], [-46.0153526, -22.5035898], [-46.0154768, -22.5044142], [-46.0155326, -22.5047442], [-46.015605, -22.5050081], [-46.0157257, -22.5052906], [-46.0159001, -22.5056115], [-46.0163909, -22.5063412], [-46.0165975, -22.5067154], [-46.0167919, -22.5071608], [-46.0170105, -22.5079308], [-46.0173994, -22.5094485], [-46.0175778, -22.5098834], [-46.0177682, -22.5101547], [-46.0180807, -22.5104781], [-46.0185032, -22.5108188], [-46.0196176, -22.5116637], [-46.0199502, -22.5119722], [-46.0202104, -22.5122817], [-46.0204786, -22.512661], [-46.0206637, -22.5130141], [-46.0208045, -22.5133895], [-46.0209467, -22.5139111], [-46.0213302, -22.5155167], [-46.0220048, -22.5181009], [-46.0220799, -22.5184069], [-46.0221174, -22.5185903], [-46.022151, -22.5188306], [-46.0221858, -22.5194042], [-46.0221845, -22.5205514], [-46.0222113, -22.5208574], [-46.0222757, -22.5211572], [-46.0224125, -22.5215053], [-46.0225935, -22.5218249], [-46.0228002, -22.5221081], [-46.0233995, -22.5227837], [-46.0237308, -22.523169], [-46.0243584, -22.5239928], [-46.0246253, -22.5243818], [-46.0249914, -22.5249554], [-46.0254407, -22.5257544], [-46.0256459, -22.5261471], [-46.0259074, -22.5267107], [-46.0263848, -22.5278839], [-46.0272177, -22.5298845], [-46.027742, -22.5312248], [-46.0278721, -22.531553], [-46.0280693, -22.5319284], [-46.028257, -22.5322071], [-46.0284944, -22.5324623], [-46.028603, -22.5325564], [-46.0288431, -22.5327125], [-46.029, -22.532798], [-46.0292628, -22.5328909], [-46.0294184, -22.532933], [-46.0296652, -22.5329701], [-46.0299817, -22.5329801], [-46.0305248, -22.5329194], [-46.0310197, -22.5328525], [-46.0315253, -22.5328116], [-46.0319933, -22.5328227], [-46.0323568, -22.5328611], [-46.0328007, -22.5329602], [-46.0333183, -22.5331683], [-46.0336617, -22.5333504], [-46.0339902, -22.5335548], [-46.0342947, -22.5338112], [-46.0346138, -22.5341085], [-46.0348915, -22.5344702], [-46.0352241, -22.5350239], [-46.0358103, -22.5360774], [-46.0362393, -22.5368312], [-46.0364176, -22.5371545], [-46.0369286, -22.5381157], [-46.0371982, -22.5386186], [-46.0373336, -22.5389233], [-46.0374543, -22.539285], [-46.037512, -22.5395055], [-46.0375388, -22.5397346], [-46.0375603, -22.5401335], [-46.0375844, -22.5410551], [-46.0376045, -22.541278], [-46.0376461, -22.5416186], [-46.0377118, -22.5419085], [-46.0378432, -22.5422429], [-46.0385124, -22.5434952], [-46.0394237, -22.5450775], [-46.039647, -22.5455129], [-46.0397717, -22.5458337], [-46.0398522, -22.5461099], [-46.0398991, -22.5464765], [-46.0400105, -22.5479294], [-46.0400413, -22.5486503], [-46.0400373, -22.5489277], [-46.0400118, -22.5492683], [-46.0399152, -22.549812], [-46.0397693, -22.5505244], [-46.0392739, -22.5531639], [-46.03925, -22.5535964], [-46.0392427, -22.5538553], [-46.0392594, -22.5543173], [-46.0392742, -22.5544548], [-46.0393097, -22.5546703], [-46.0393614, -22.5549167], [-46.0395062, -22.555401], [-46.0396544, -22.5558314], [-46.0397509, -22.5560933], [-46.0399219, -22.5565342], [-46.0400031, -22.5568321], [-46.0400869, -22.5572036], [-46.040213, -22.5579851], [-46.0402494, -22.5582943], [-46.0402905, -22.5585416], [-46.0405334, -22.5600033], [-46.0406944, -22.5609724], [-46.0411745, -22.5640586], [-46.0412121, -22.5643558], [-46.0412416, -22.564658], [-46.041255, -22.5650927], [-46.0412389, -22.565567], [-46.0411826, -22.566237], [-46.0411423, -22.5664575], [-46.0410833, -22.5666928], [-46.0409627, -22.5672946], [-46.0409345, -22.5674804], [-46.0409144, -22.5677021], [-46.0409251, -22.5680476], [-46.0409935, -22.5683671], [-46.0411008, -22.5687337], [-46.0419859, -22.5712327], [-46.0420959, -22.5715436], [-46.0421683, -22.5717987], [-46.0422622, -22.572294], [-46.0423037, -22.572694], [-46.0424593, -22.5749131], [-46.0425018, -22.5751462], [-46.0425612, -22.5753614], [-46.0426615, -22.5755985], [-46.0427262, -22.5757515], [-46.0429314, -22.5760982], [-46.0431728, -22.5764796], [-46.0438242, -22.5774503], [-46.0447888, -22.5788287], [-46.0451149, -22.579336], [-46.045281, -22.5796324], [-46.0454889, -22.5800782], [-46.045979, -22.5811845], [-46.0461795, -22.5816347], [-46.0464196, -22.5820656], [-46.0466932, -22.5824508], [-46.0472846, -22.5831306], [-46.0477634, -22.5836667], [-46.0485251, -22.5846598], [-46.0493989, -22.5858383], [-46.050235, -22.5869357], [-46.051387, -22.5884154], [-46.053566, -22.5911111], [-46.0557564, -22.5937644], [-46.0561091, -22.5942993], [-46.0562432, -22.5945668], [-46.0563062, -22.5947525], [-46.056376, -22.5950224], [-46.056435, -22.5952478], [-46.0564939, -22.5954917], [-46.0566637, -22.5962173], [-46.0568239, -22.5969389], [-46.0570046, -22.5976618], [-46.0571592, -22.5983716], [-46.057414, -22.5992173], [-46.0577787, -22.6000617], [-46.0583551, -22.6014824], [-46.0589536, -22.6032461], [-46.0594468, -22.6045898], [-46.0600875, -22.6064521], [-46.0604516, -22.607463], [-46.060748, -22.6082925], [-46.0610151, -22.6088375], [-46.0611067, -22.6089777], [-46.06133, -22.6092779], [-46.0615687, -22.6095503], [-46.0622393, -22.6101928], [-46.063123, -22.6110458], [-46.0643769, -22.6122479], [-46.0646127, -22.6124751], [-46.0652266, -22.6130591], [-46.0653666, -22.6131951], [-46.066213, -22.6140109], [-46.067628, -22.6153915], [-46.0698769, -22.6175267], [-46.0711997, -22.6188049], [-46.0723912, -22.6199025], [-46.0730894, -22.6205851], [-46.0735869, -22.6211102], [-46.0737634, -22.6213198], [-46.0743696, -22.6222049], [-46.0749643, -22.6231736], [-46.0752772, -22.6236613], [-46.0759489, -22.6247081], [-46.0760165, -22.6248257], [-46.0763483, -22.6253498], [-46.0771255, -22.6265772], [-46.0775158, -22.6273484], [-46.0777921, -22.6279426], [-46.0779979, -22.6284705], [-46.0780332, -22.6285809], [-46.0780604, -22.6286559], [-46.0780719, -22.6286929], [-46.0780814, -22.6287326], [-46.0781833, -22.6291223], [-46.078307, -22.6297028], [-46.0784121, -22.6305482], [-46.079219, -22.6359216], [-46.0792351, -22.6360702], [-46.0792565, -22.6362039], [-46.0793652, -22.6369874], [-46.0794376, -22.6374503], [-46.0794926, -22.6377053], [-46.0795636, -22.6379157], [-46.0796589, -22.6381645], [-46.0797796, -22.6384121], [-46.0799284, -22.6386584], [-46.0801886, -22.638974], [-46.0804877, -22.6393057], [-46.0808162, -22.6396424], [-46.0840336, -22.6428519], [-46.0841824, -22.6430066], [-46.0844895, -22.6433247], [-46.084747, -22.6436614], [-46.0849482, -22.6439671], [-46.0853224, -22.6446293], [-46.0854377, -22.6448001], [-46.0856442, -22.6450377], [-46.0859285, -22.6452989], [-46.0862544, -22.645518], [-46.0868365, -22.6457643], [-46.088018, -22.6461789], [-46.0883224, -22.6463361], [-46.088541, -22.6464821], [-46.0887757, -22.646669], [-46.0889927, -22.646915], [-46.0891324, -22.6471294], [-46.0892209, -22.6473139], [-46.0892893, -22.6474587], [-46.089347, -22.6476678], [-46.0893859, -22.6479401], [-46.0893859, -22.6481617], [-46.0893738, -22.648382], [-46.0893081, -22.6487422], [-46.088958, -22.6503024], [-46.0889092, -22.6505129], [-46.0887985, -22.6511878], [-46.0887824, -22.6515282], [-46.0887811, -22.6518735], [-46.0887958, -22.6522547], [-46.0888334, -22.6525962], [-46.0889487, -22.6531222], [-46.0891029, -22.6537547], [-46.0891753, -22.6540604], [-46.089259, -22.6544403], [-46.0892907, -22.6546804], [-46.0893027, -22.6549936], [-46.0892907, -22.6552423], [-46.089229, -22.6556297], [-46.0887422, -22.6577757], [-46.0886191, -22.6583649], [-46.0883962, -22.6594316], [-46.0883707, -22.6596185], [-46.0883465, -22.6598511], [-46.0883412, -22.6600677], [-46.0883465, -22.6602732], [-46.0883801, -22.660439], [-46.088423, -22.6606259], [-46.0884766, -22.6608078], [-46.088545, -22.6610046], [-46.0886523, -22.6612335], [-46.0887931, -22.6614563], [-46.0889554, -22.6616605], [-46.0891257, -22.661861], [-46.0893081, -22.6620293], [-46.089583, -22.6622632], [-46.0906559, -22.6630366], [-46.0912675, -22.6634896], [-46.0915357, -22.6637111], [-46.0917248, -22.6638955], [-46.0919555, -22.6641504], [-46.0923229, -22.6645811], [-46.0925737, -22.6649326], [-46.0927548, -22.6652605], [-46.092976, -22.6657444], [-46.0931423, -22.6661255], [-46.0932469, -22.6665067], [-46.093381, -22.6671156], [-46.0934213, -22.6676366], [-46.0934991, -22.6687021], [-46.093601, -22.6704185], [-46.0936372, -22.6726026], [-46.0935929, -22.6732943], [-46.0936023, -22.6735554], [-46.0936426, -22.673772], [-46.0937083, -22.6739688], [-46.0938008, -22.6741618], [-46.0939175, -22.6743276], [-46.0940784, -22.6744786], [-46.0942702, -22.6746011], [-46.0944808, -22.6747075], [-46.0947146, -22.6747835], [-46.094918, -22.6748112], [-46.0951532, -22.6748245], [-46.095335, -22.6748114], [-46.0957736, -22.6747459], [-46.0966091, -22.6744984], [-46.0969242, -22.6744427], [-46.0972287, -22.6743944], [-46.0974057, -22.6744093], [-46.0976096, -22.6744489], [-46.0977866, -22.6745318], [-46.0979381, -22.6746432], [-46.0980481, -22.6747607], [-46.098146, -22.6749352], [-46.0982104, -22.6751691], [-46.0982332, -22.6754661], [-46.098235, -22.6766065], [-46.0982734, -22.6768666], [-46.0983238, -22.6769992], [-46.0984003, -22.6771638], [-46.098547, -22.6774002], [-46.0988293, -22.6777188], [-46.0990255, -22.6778892], [-46.099155, -22.6780045], [-46.0992436, -22.6781166], [-46.0993329, -22.6782886], [-46.0995166, -22.6787539], [-46.0996668, -22.6791091], [-46.0998036, -22.6793169], [-46.0999739, -22.6795112], [-46.1001281, -22.6796325], [-46.1003508, -22.6797686], [-46.100619, -22.6799097], [-46.100851, -22.6800433], [-46.1010186, -22.6801509], [-46.1011782, -22.6802809], [-46.1012828, -22.6803811], [-46.101366, -22.6804962], [-46.1014451, -22.6806385], [-46.1014827, -22.6808179], [-46.101492, -22.6810221], [-46.1014532, -22.6813475], [-46.1013418, -22.6820664], [-46.1012359, -22.6829945], [-46.1012359, -22.6832011], [-46.1012413, -22.6834164], [-46.1012708, -22.6837059], [-46.10137, -22.6840574], [-46.10148, -22.6843642], [-46.1016195, -22.6846352], [-46.1018233, -22.6849408], [-46.1020459, -22.6852118], [-46.1021599, -22.6853455], [-46.1024304, -22.6856217], [-46.102631, -22.685801], [-46.1029714, -22.6860051], [-46.1040922, -22.6865377], [-46.1045919, -22.68683], [-46.105146, -22.6871876], [-46.1057527, -22.6877209], [-46.1081353, -22.6901794], [-46.1098356, -22.6920245], [-46.1105142, -22.6928323], [-46.1109498, -22.6933503], [-46.1127979, -22.6954877], [-46.1141312, -22.6970562], [-46.1143372, -22.6973378], [-46.1145233, -22.6976733], [-46.1147428, -22.6981206], [-46.1151728, -22.6990127], [-46.1156989, -22.700104], [-46.1158794, -22.7004057], [-46.1161444, -22.7009243], [-46.1163016, -22.7011217], [-46.1172173, -22.7021818], [-46.1176247, -22.7027684], [-46.1181349, -22.7036268], [-46.1184109, -22.7039881], [-46.1186748, -22.7042645], [-46.1192577, -22.704817], [-46.1197166, -22.705294], [-46.1199479, -22.7056107], [-46.1201508, -22.7059614], [-46.1202962, -22.7062783], [-46.1204504, -22.7067702], [-46.1205883, -22.7073767], [-46.1207855, -22.7082457], [-46.1208678, -22.708502], [-46.120948, -22.7086794], [-46.1211577, -22.7090889], [-46.1214514, -22.7095684], [-46.1216145, -22.7098772], [-46.1216928, -22.7100302], [-46.1217918, -22.7102729], [-46.1218492, -22.7104912], [-46.12188, -22.7106416], [-46.1219648, -22.7113956], [-46.1221123, -22.7123232], [-46.1222142, -22.7127821], [-46.1224615, -22.7132891], [-46.1225601, -22.7134362], [-46.1226359, -22.7135331], [-46.1227445, -22.7136556], [-46.1229134, -22.7138105], [-46.1232401, -22.7140933], [-46.1237789, -22.7144982], [-46.1241572, -22.7147658], [-46.1243244, -22.7149125], [-46.1244652, -22.7150461], [-46.1246073, -22.7151822], [-46.1247456, -22.715318], [-46.1249151, -22.7154976], [-46.1249969, -22.7155886], [-46.1250746, -22.7156814], [-46.1251672, -22.7157927], [-46.1252658, -22.7159145], [-46.1254603, -22.7161681], [-46.1256708, -22.7164452], [-46.1258653, -22.7166791], [-46.1261214, -22.7169623], [-46.1262301, -22.7170873], [-46.1263494, -22.7172271], [-46.126737, -22.7177219], [-46.1271246, -22.7182229], [-46.1273378, -22.718492], [-46.1274659, -22.7186503], [-46.1275189, -22.7187146], [-46.1275712, -22.7187746], [-46.1277884, -22.7190183], [-46.128013, -22.7192564], [-46.128415, -22.7196552], [-46.1289138, -22.7201598], [-46.1291268, -22.7203741], [-46.1292133, -22.7204663], [-46.1292983, -22.7205609], [-46.1294715, -22.7207613], [-46.1295419, -22.7208473], [-46.1296144, -22.7209438], [-46.1296982, -22.7210619], [-46.129788, -22.7211968], [-46.129921, -22.7214132], [-46.1301595, -22.7218116], [-46.1304324, -22.7222637], [-46.1307201, -22.7227121], [-46.1307885, -22.7228123], [-46.130865, -22.7229175], [-46.1310216, -22.7231292], [-46.1325802, -22.725123], [-46.1333527, -22.7261151], [-46.1336757, -22.7265239], [-46.1337255, -22.7265938], [-46.133816, -22.7267113], [-46.133936, -22.7268734], [-46.1339656, -22.7269216], [-46.1340353, -22.72703], [-46.1340604, -22.7270741], [-46.1340956, -22.727135], [-46.1341315, -22.727211], [-46.1341855, -22.7273323], [-46.1342326, -22.7274476], [-46.1342639, -22.7275314], [-46.1342897, -22.7276128], [-46.1343109, -22.7276904], [-46.134331, -22.7277727], [-46.1343966, -22.7280811], [-46.1344892, -22.7285105], [-46.13461, -22.7290702], [-46.1348225, -22.7300542], [-46.1352391, -22.7320145], [-46.1352577, -22.7321607], [-46.1352746, -22.7323156], [-46.1352778, -22.7324155], [-46.1352765, -22.7325281], [-46.1352684, -22.7326202], [-46.1352546, -22.7327231], [-46.1352295, -22.7328392], [-46.1352021, -22.7329493], [-46.135143, -22.7331694], [-46.1349848, -22.7336865], [-46.1348811, -22.7340889], [-46.1348587, -22.7342023], [-46.1348446, -22.7343117], [-46.1348393, -22.7344057], [-46.1348369, -22.7345669], [-46.1348453, -22.7347626], [-46.1348687, -22.7349904], [-46.1351779, -22.7373689], [-46.1352725, -22.7380967], [-46.1354819, -22.7398459], [-46.1355163, -22.7401024], [-46.1356829, -22.7413363], [-46.1357239, -22.7417071], [-46.1358256, -22.7425332], [-46.1360952, -22.7446204], [-46.1361301, -22.7448467], [-46.1361784, -22.7450594], [-46.1362669, -22.7453253], [-46.1363581, -22.7455492], [-46.1364573, -22.7457483], [-46.1367309, -22.7462208], [-46.137038, -22.7466561], [-46.1372352, -22.7469493], [-46.1374055, -22.7471657], [-46.1375543, -22.7473252], [-46.1377354, -22.7474724], [-46.1379057, -22.7475961], [-46.1380975, -22.7477198], [-46.1384301, -22.7478818], [-46.1391301, -22.7481514], [-46.1392683, -22.7482046], [-46.1397564, -22.7484581], [-46.1400005, -22.7486214], [-46.140138, -22.7487373], [-46.1403345, -22.748938], [-46.1405262, -22.7491928], [-46.1406751, -22.7494439], [-46.1411405, -22.7502663], [-46.1411659, -22.7503003], [-46.1412947, -22.7504852], [-46.1414556, -22.7507041], [-46.1417332, -22.7510244], [-46.142908, -22.7523342], [-46.1430945, -22.7525271], [-46.1432594, -22.7526681], [-46.1434743, -22.7528355], [-46.1438608, -22.7530824], [-46.1439876, -22.7531442], [-46.1445066, -22.7533471], [-46.1458409, -22.7537755], [-46.1471139, -22.7541726], [-46.1491268, -22.7548268], [-46.1491978, -22.7548528], [-46.1496323, -22.755019], [-46.1499515, -22.7551589], [-46.150087, -22.7552256], [-46.1502452, -22.7553135], [-46.1510512, -22.7557834], [-46.151585, -22.7561161], [-46.1519364, -22.7563065], [-46.1521764, -22.7564018], [-46.1523588, -22.7564438], [-46.1525519, -22.7564648], [-46.1528523, -22.7564611], [-46.153075, -22.7564352], [-46.1534598, -22.7563387], [-46.1538608, -22.7562286], [-46.1540647, -22.756194], [-46.1543705, -22.7561631], [-46.1546333, -22.7561717], [-46.1548546, -22.7561841], [-46.1550517, -22.7562014], [-46.1553454, -22.7562769], [-46.1555976, -22.7563671], [-46.1558242, -22.7564661], [-46.1560334, -22.7565897], [-46.1562145, -22.7567221], [-46.1566423, -22.757035], [-46.1571251, -22.7573788], [-46.1575703, -22.7577696], [-46.1577433, -22.7579526], [-46.1588591, -22.7592536], [-46.1590791, -22.7594663], [-46.1593111, -22.7596431], [-46.1611269, -22.760745], [-46.1615491, -22.7609347], [-46.1617634, -22.7610045], [-46.161913, -22.7610368], [-46.1619971, -22.7610549], [-46.1621837, -22.7610777], [-46.1624064, -22.7610925], [-46.1625946, -22.761082], [-46.1628033, -22.7610703], [-46.163667, -22.7608947], [-46.164422, -22.7607327], [-46.1647828, -22.7606993], [-46.165782, -22.7606602], [-46.1670365, -22.7606356], [-46.1677668, -22.7606213], [-46.1681007, -22.760635], [-46.1683756, -22.7606881], [-46.1686291, -22.7607945], [-46.1688544, -22.7609787], [-46.1690569, -22.7612199], [-46.1692433, -22.761539], [-46.1696389, -22.7623106], [-46.1698106, -22.7625394], [-46.1699823, -22.7626989], [-46.1702545, -22.7628374], [-46.1709626, -22.7630551], [-46.1713274, -22.7631701], [-46.1717686, -22.7633593], [-46.1722058, -22.763632], [-46.1727034, -22.7640617], [-46.1732452, -22.7645799], [-46.1735804, -22.764847], [-46.1739385, -22.7650535], [-46.174255, -22.7651932], [-46.1746975, -22.7653264], [-46.1757147, -22.7654898], [-46.1760025, -22.7655488], [-46.1763378, -22.7656112], [-46.1766677, -22.7656935], [-46.1770995, -22.7658412], [-46.1775541, -22.7660539], [-46.1779216, -22.7662741], [-46.1782019, -22.7664744], [-46.1784942, -22.7667279], [-46.1787638, -22.7669802], [-46.1791004, -22.7673178], [-46.1793772, -22.7676078], [-46.1795135, -22.7677506], [-46.1798595, -22.7681327], [-46.1803275, -22.7686372], [-46.1810102, -22.7694002], [-46.1813796, -22.7697978], [-46.1815821, -22.7699919], [-46.181839, -22.7702058], [-46.1821548, -22.7704507], [-46.1824572, -22.7706485], [-46.1826671, -22.7707808], [-46.182889, -22.7709051], [-46.1830942, -22.7710251], [-46.1833303, -22.7711617], [-46.1834986, -22.7712798], [-46.1836468, -22.771401], [-46.1837165, -22.7714665], [-46.1838573, -22.7716223], [-46.1840075, -22.771819], [-46.1841537, -22.7720428], [-46.1844903, -22.7726153], [-46.1850402, -22.7735229], [-46.1854465, -22.7740435], [-46.1859173, -22.7745295], [-46.186156, -22.7747348], [-46.1863799, -22.7748708], [-46.1866321, -22.7749598], [-46.186903, -22.7750167], [-46.1871524, -22.7750315], [-46.1874461, -22.775013], [-46.1876661, -22.7749549], [-46.187878, -22.7748584], [-46.1880738, -22.7747348], [-46.1885056, -22.7743935], [-46.18892, -22.7740151], [-46.1892365, -22.7737925], [-46.1895815, -22.7736162], [-46.1901551, -22.7734018], [-46.1905713, -22.7732303], [-46.1909428, -22.7730508], [-46.1911628, -22.7729225], [-46.1914278, -22.7727092], [-46.191621, -22.7725071], [-46.1918227, -22.7722338], [-46.1926565, -22.7708687], [-46.192925, -22.7705665], [-46.1932231, -22.7703157], [-46.1934006, -22.7702262], [-46.1935924, -22.7701446], [-46.1937842, -22.7700779], [-46.1940242, -22.7700234], [-46.194267, -22.7700086], [-46.1945339, -22.7700123], [-46.1950082, -22.7700631], [-46.1953879, -22.7701105], [-46.1961176, -22.7702206], [-46.1965637, -22.7703139], [-46.1971737, -22.7704891], [-46.1987677, -22.7710238], [-46.1990722, -22.7710716], [-46.1993344, -22.771084], [-46.1995649, -22.7710662], [-46.1997654, -22.7710229], [-46.2003006, -22.7708247], [-46.2007769, -22.7706168], [-46.2009634, -22.7705641], [-46.2011706, -22.7705325], [-46.2013784, -22.7705301], [-46.2016202, -22.7705525], [-46.2030043, -22.7708952], [-46.2033476, -22.7709187], [-46.2036265, -22.7708866], [-46.2038814, -22.7707988], [-46.2040584, -22.770711], [-46.2042703, -22.7705329], [-46.2047279, -22.7699943], [-46.2055009, -22.7690771], [-46.2057234, -22.7688363], [-46.2060673, -22.768631], [-46.20629, -22.7685469], [-46.2066347, -22.7684727], [-46.2069282, -22.7684488], [-46.2092767, -22.7683265], [-46.2100322, -22.7683], [-46.2106401, -22.7682467], [-46.2110657, -22.7681995], [-46.2115512, -22.7681351], [-46.2118918, -22.7680647], [-46.2122364, -22.7679756], [-46.212799, -22.7677945], [-46.2131658, -22.7676578], [-46.2132999, -22.7676108], [-46.2134166, -22.7675861], [-46.2136526, -22.7675626], [-46.2158132, -22.7674624], [-46.2175995, -22.7673932], [-46.2178576, -22.7673718], [-46.2180474, -22.7673549], [-46.2182379, -22.767319], [-46.2184203, -22.7672745], [-46.2188025, -22.7671323], [-46.2218924, -22.7659612], [-46.2221204, -22.765887], [-46.2224074, -22.76584], [-46.222626, -22.7658264], [-46.2227856, -22.7658202], [-46.2230149, -22.7658437], [-46.2233007, -22.7658972], [-46.2234642, -22.7659402], [-46.2236184, -22.7660032], [-46.2237512, -22.7660675], [-46.2238933, -22.7661417], [-46.2247999, -22.7666846], [-46.2249407, -22.7667712], [-46.2250802, -22.7668516], [-46.2253363, -22.7669962], [-46.2254772, -22.7670643], [-46.2256716, -22.7671347], [-46.2261772, -22.7672386], [-46.227057, -22.7673883], [-46.227407, -22.7674624], [-46.2276913, -22.7675292], [-46.2278429, -22.7675713], [-46.2279984, -22.7676306], [-46.2281553, -22.7677098], [-46.228272, -22.7677716], [-46.2284155, -22.7678643], [-46.2285724, -22.7679843], [-46.2286609, -22.768056], [-46.2287642, -22.7681463], [-46.2288862, -22.7682724], [-46.2294021, -22.7687832], [-46.2295528, -22.7689161], [-46.2302965, -22.7696241], [-46.2306096, -22.7699121], [-46.2308349, -22.7701075], [-46.2310535, -22.7702584], [-46.2312935, -22.7703882], [-46.231488, -22.7704736], [-46.2317026, -22.7705391], [-46.2319131, -22.7705861], [-46.2321438, -22.7706133], [-46.234712, -22.7707258], [-46.2357406, -22.7707679], [-46.235974, -22.7707889], [-46.2362462, -22.7708223], [-46.2365171, -22.7708767], [-46.2367733, -22.7709694], [-46.2370187, -22.7710881], [-46.2371917, -22.771192], [-46.2373674, -22.7713355], [-46.2374854, -22.7714628], [-46.2375927, -22.7715902], [-46.2377241, -22.7717942], [-46.2384832, -22.7731952], [-46.2386777, -22.7735514], [-46.2387715, -22.7737443], [-46.238856, -22.7739533], [-46.2388949, -22.7740942], [-46.2389097, -22.7741734], [-46.2389164, -22.7742921], [-46.2389056, -22.7744343], [-46.2388278, -22.7749526], [-46.2387849, -22.775238], [-46.2387769, -22.775358], [-46.2387635, -22.7755212], [-46.2387662, -22.7757129], [-46.2387782, -22.7758761], [-46.2388077, -22.776043], [-46.2388346, -22.7761518], [-46.2388735, -22.7762631], [-46.2389432, -22.7764461], [-46.2391014, -22.7768196], [-46.2393187, -22.777308], [-46.2394702, -22.7776592], [-46.2395319, -22.7778347], [-46.2396178, -22.778113], [-46.2398431, -22.7789476], [-46.2400201, -22.779572], [-46.2402186, -22.7802892], [-46.2403943, -22.7809903], [-46.2406196, -22.7817755], [-46.2406491, -22.7818917], [-46.2408824, -22.7828104], [-46.241042, -22.7833631], [-46.2411386, -22.7836821], [-46.2412056, -22.7839343], [-46.2412539, -22.7841173], [-46.2413049, -22.7843053], [-46.2413532, -22.7844932], [-46.2414309, -22.7848122], [-46.2415731, -22.7853093], [-46.2416241, -22.7855071], [-46.2416911, -22.7857915], [-46.2417756, -22.7862045], [-46.2418427, -22.7864443], [-46.2419406, -22.7867163], [-46.2420197, -22.786934], [-46.2420948, -22.7871058], [-46.2421645, -22.7872245], [-46.2422825, -22.7873828], [-46.242426, -22.7875633], [-46.2425387, -22.7876832], [-46.2426943, -22.7878019], [-46.2430429, -22.7879726], [-46.243566, -22.7881852], [-46.2440112, -22.7883657], [-46.2443237, -22.7885252], [-46.2444739, -22.7886328], [-46.2446375, -22.7887836], [-46.2447689, -22.7889283], [-46.2448695, -22.789073], [-46.2449701, -22.7892386], [-46.2450291, -22.7893635], [-46.2450975, -22.7895601], [-46.2453666, -22.790454], [-46.2455776, -22.7911551], [-46.2458217, -22.7919736], [-46.2460524, -22.7924187], [-46.246326, -22.7927525], [-46.2465727, -22.7929528], [-46.246849, -22.7931011], [-46.2471836, -22.7932281], [-46.2474687, -22.7932763], [-46.2478197, -22.7932784], [-46.2481542, -22.7932302], [-46.2485012, -22.7931432], [-46.2497856, -22.7926166], [-46.2500213, -22.7925467], [-46.2502369, -22.7924914], [-46.2505145, -22.7924583], [-46.2507521, -22.7924601], [-46.2510117, -22.7924951], [-46.2512054, -22.7925522], [-46.2513872, -22.7926203], [-46.2515889, -22.7927289], [-46.2517466, -22.7928283], [-46.2519243, -22.7929848], [-46.2521021, -22.79318], [-46.252763, -22.7941336], [-46.2528428, -22.7942464], [-46.2536652, -22.7954638], [-46.2549707, -22.797353], [-46.2553288, -22.7978858], [-46.2556567, -22.7983476], [-46.2559289, -22.798682], [-46.2560952, -22.7988669], [-46.2563843, -22.7991079], [-46.2566686, -22.7993157], [-46.2569482, -22.7994659], [-46.2573116, -22.7996291], [-46.2576234, -22.799728], [-46.2579138, -22.7997947], [-46.258235, -22.7998331], [-46.2585595, -22.7998454], [-46.2588767, -22.7998263], [-46.2594688, -22.7997596], [-46.2602363, -22.7995992], [-46.2608179, -22.7994659], [-46.2611794, -22.7993886], [-46.261577, -22.7993138], [-46.2619954, -22.7992433], [-46.2623408, -22.7992186], [-46.2626801, -22.7992273], [-46.263411, -22.7993299], [-46.2648293, -22.7995178], [-46.2666719, -22.7997255], [-46.2670427, -22.7997848], [-46.2672351, -22.7998331], [-46.2674283, -22.7998936], [-46.2675731, -22.7999517], [-46.2677007, -22.8000196], [-46.2682389, -22.8003504], [-46.2686534, -22.8006991], [-46.26964, -22.801822], [-46.2699254, -22.8021901], [-46.2701092, -22.8024014], [-46.2703525, -22.8026338], [-46.270492, -22.8027804], [-46.2708943, -22.8030703], [-46.2717882, -22.803477], [-46.2722267, -22.8036878], [-46.2732218, -22.8041799], [-46.2738267, -22.8044531], [-46.2739983, -22.8045495], [-46.2742518, -22.8046954], [-46.2744986, -22.8048672], [-46.2747131, -22.8050428], [-46.2749545, -22.8052925], [-46.2751369, -22.8055225], [-46.2753595, -22.8059008], [-46.2755031, -22.8061727], [-46.2756178, -22.8063748], [-46.2758182, -22.8067847], [-46.2762125, -22.8074659], [-46.2763667, -22.8076834], [-46.2766577, -22.8079449], [-46.2767543, -22.8080178], [-46.27697, -22.8081457], [-46.2772423, -22.8082629], [-46.2774586, -22.8083259], [-46.2777611, -22.8083603], [-46.2781484, -22.8083711], [-46.2784982, -22.8083732], [-46.2788456, -22.8084122], [-46.2792024, -22.8085096], [-46.2794365, -22.8086254], [-46.2796846, -22.8087825], [-46.2799045, -22.8089666], [-46.2801459, -22.8091941], [-46.2808098, -22.809811], [-46.2810257, -22.8100001], [-46.2810902, -22.8100536], [-46.2813744, -22.8102894], [-46.2816238, -22.8104897], [-46.281943, -22.8106974], [-46.2822247, -22.8108791], [-46.2826015, -22.811088], [-46.2837629, -22.8118112], [-46.2842175, -22.8120819], [-46.2843959, -22.8121746], [-46.2845998, -22.8122711], [-46.2848465, -22.8123452], [-46.2850919, -22.8124021], [-46.2853374, -22.8124268], [-46.2855486, -22.8124256], [-46.2857545, -22.8123977], [-46.2859763, -22.8123493], [-46.2862039, -22.8122699], [-46.2869333, -22.8119656], [-46.2871487, -22.8118845], [-46.2873384, -22.8118263], [-46.2875132, -22.811785], [-46.2876977, -22.8117432], [-46.2879217, -22.8117197], [-46.2881188, -22.8117259], [-46.2883347, -22.8117481], [-46.2885989, -22.8118075], [-46.2888926, -22.8119113], [-46.2891045, -22.8120164], [-46.2892842, -22.8121351], [-46.2895122, -22.812318], [-46.2898609, -22.8126382], [-46.290286, -22.8130462], [-46.2906025, -22.8133515], [-46.2911832, -22.8138806], [-46.2914823, -22.8141686], [-46.2916835, -22.8143788], [-46.2918793, -22.8146223], [-46.2920509, -22.8148547], [-46.2922481, -22.815165], [-46.2923312, -22.8153183], [-46.2924787, -22.8155779], [-46.2926222, -22.8158634], [-46.2927778, -22.8161626], [-46.2930923, -22.8166589], [-46.2932505, -22.8168282], [-46.2934913, -22.8170229], [-46.2937099, -22.8171391], [-46.2938869, -22.8172158], [-46.2941283, -22.8173147], [-46.2971498, -22.8183951], [-46.297414, -22.8185168], [-46.2976635, -22.8186306], [-46.2977996, -22.8187004], [-46.2979411, -22.8188005], [-46.298045, -22.8188679], [-46.2981832, -22.8189668], [-46.2984158, -22.8191485], [-46.2985814, -22.819303], [-46.2989831, -22.8197585], [-46.3000117, -22.8208612], [-46.3003296, -22.8211924], [-46.3006192, -22.8214644], [-46.300976, -22.8217524], [-46.3013609, -22.8219761], [-46.3019134, -22.8221986], [-46.3030512, -22.8226594], [-46.3038113, -22.8228992], [-46.3040954, -22.8229798], [-46.304351, -22.8230418], [-46.3046266, -22.8230846], [-46.3049443, -22.8231186], [-46.3052456, -22.8231301], [-46.3062631, -22.8230675], [-46.3066321, -22.8230486], [-46.3068992, -22.8230465], [-46.3071354, -22.8230604], [-46.3073839, -22.8231017], [-46.3076388, -22.8231703], [-46.3078906, -22.8232479], [-46.3079401, -22.823269], [-46.3081054, -22.8233394], [-46.3082791, -22.8234326], [-46.3084596, -22.8235479], [-46.3087152, -22.8237254], [-46.309499, -22.8243667], [-46.3096768, -22.8245057], [-46.3098732, -22.8246487], [-46.3100447, -22.824753], [-46.3102407, -22.824861], [-46.3104404, -22.8249577], [-46.3106795, -22.8250536], [-46.3112306, -22.8252305], [-46.3125568, -22.8256171], [-46.3128278, -22.8257233], [-46.3130437, -22.8258312], [-46.3132285, -22.8259546], [-46.3133969, -22.8260906], [-46.3135498, -22.8262344], [-46.3136917, -22.8264077], [-46.3137906, -22.8265731], [-46.3138778, -22.8267417], [-46.3139676, -22.8269433], [-46.3143888, -22.8283803], [-46.3145853, -22.828996], [-46.3147177, -22.8294106], [-46.3148296, -22.8297088], [-46.3149467, -22.8299501], [-46.3150548, -22.8301591], [-46.3152836, -22.8305002], [-46.3154979, -22.8307516], [-46.3165215, -22.8317504], [-46.3167227, -22.8319793], [-46.3168317, -22.8321226], [-46.3169024, -22.8322284], [-46.3170129, -22.8324419], [-46.3172275, -22.8329858], [-46.3174638, -22.8335058], [-46.3176165, -22.833786], [-46.3177711, -22.8340032], [-46.3179779, -22.8342515], [-46.3181865, -22.8344668], [-46.3185015, -22.8347307], [-46.3187929, -22.8349379], [-46.3190618, -22.8350902], [-46.3194486, -22.8352438], [-46.3197037, -22.8353297], [-46.3199881, -22.8354028], [-46.3202934, -22.8354696], [-46.3206857, -22.8355181], [-46.3209819, -22.8355377], [-46.321224, -22.8355388], [-46.3215571, -22.8355228], [-46.3218453, -22.8354861], [-46.322142, -22.8354372], [-46.3224824, -22.8353874], [-46.3235952, -22.8351883], [-46.3238834, -22.8351539], [-46.3241817, -22.8351436], [-46.324482, -22.8351575], [-46.3247921, -22.835197], [-46.3251122, -22.8352655], [-46.3254116, -22.8353564], [-46.3256953, -22.8354662], [-46.3259167, -22.8355803], [-46.3260474, -22.8356583], [-46.3263416, -22.8358756], [-46.3267788, -22.8362439], [-46.3271141, -22.836627], [-46.327254, -22.8368335], [-46.3273123, -22.8369257], [-46.3274001, -22.8370646], [-46.3276472, -22.837517], [-46.3280895, -22.8383955], [-46.3282795, -22.8388044], [-46.3283487, -22.8389338], [-46.3285171, -22.8392508], [-46.3287444, -22.8396888], [-46.3290244, -22.8402116], [-46.3292519, -22.8406214], [-46.3294758, -22.8410073], [-46.3296172, -22.8412656], [-46.3297695, -22.8415289], [-46.3298039, -22.8415862], [-46.329976, -22.8419132], [-46.3300712, -22.8421122], [-46.3301041, -22.8421927], [-46.3302121, -22.8424138], [-46.3304923, -22.8429465], [-46.330656, -22.8432419], [-46.3308746, -22.8436744], [-46.3310911, -22.8440912], [-46.3311106, -22.844133], [-46.3313895, -22.844657], [-46.3315129, -22.8449042], [-46.3317771, -22.8453973], [-46.331922, -22.8456803], [-46.332158, -22.8460338], [-46.3324222, -22.8463316], [-46.3326046, -22.8465195], [-46.332799, -22.846695], [-46.3332282, -22.8470151], [-46.3335621, -22.8472388], [-46.3338692, -22.8474575], [-46.3346364, -22.8479766], [-46.335327, -22.8484388], [-46.3359453, -22.8488639], [-46.3362645, -22.8490654], [-46.3365716, -22.8493126], [-46.336876, -22.8495536], [-46.3371, -22.849776], [-46.3373145, -22.8500343], [-46.3375023, -22.8503593], [-46.3376257, -22.8506424], [-46.3377008, -22.8508833], [-46.3377665, -22.8511243], [-46.3378014, -22.8514333], [-46.3377947, -22.851741], [-46.3377535, -22.8520171], [-46.3376324, -22.8528001], [-46.3374916, -22.8534279], [-46.3373977, -22.8540903], [-46.3373065, -22.8546205], [-46.3372462, -22.8550345], [-46.3371764, -22.8554732], [-46.3371245, -22.8558793], [-46.3371107, -22.8561196], [-46.3371, -22.856316], [-46.3371094, -22.8565397], [-46.3371174, -22.8567202], [-46.337126, -22.856961], [-46.3371735, -22.857142], [-46.3372452, -22.8573479], [-46.3373141, -22.8575183], [-46.3374022, -22.8576788], [-46.3375029, -22.8578457], [-46.3376484, -22.8580446], [-46.3378052, -22.8582231], [-46.3379565, -22.8583651], [-46.3381652, -22.8585361], [-46.3383086, -22.8586293], [-46.3384881, -22.8587386], [-46.338706, -22.85885], [-46.3389654, -22.8589567], [-46.3392258, -22.8590566], [-46.3406802, -22.8595676], [-46.3426469, -22.8602435], [-46.3429033, -22.860337], [-46.3431478, -22.8604445], [-46.3433629, -22.8605612], [-46.3435545, -22.860682], [-46.343751, -22.86083], [-46.3439586, -22.8610068], [-46.3440612, -22.861115], [-46.3442053, -22.8612846], [-46.3443285, -22.8614632], [-46.344452, -22.8616677], [-46.3445571, -22.8618909], [-46.3445948, -22.8619627], [-46.3449615, -22.8629672], [-46.3451285, -22.8634266], [-46.3452446, -22.863695], [-46.3453539, -22.8638982], [-46.3454403, -22.8640612], [-46.3455469, -22.8642064], [-46.3456368, -22.8643201], [-46.3458373, -22.8645222], [-46.3460572, -22.8647106], [-46.346198, -22.8648107], [-46.3463107, -22.8648743], [-46.3464823, -22.8649676], [-46.3467103, -22.8650869], [-46.3470523, -22.8652222], [-46.348502, -22.8657412], [-46.3496313, -22.8661416], [-46.3508973, -22.8666408], [-46.3523296, -22.8672166], [-46.3529921, -22.8675132], [-46.353955, -22.8679828], [-46.3547394, -22.8684028], [-46.3568169, -22.869515], [-46.3578201, -22.8700291], [-46.358166, -22.8701675], [-46.3585416, -22.8703306], [-46.358901, -22.8704554], [-46.3593194, -22.8705975], [-46.359778, -22.8707606], [-46.360108, -22.870899], [-46.3604325, -22.8710596], [-46.3607892, -22.8712746], [-46.3611326, -22.8715218], [-46.3614272, -22.8717551], [-46.3620794, -22.8722483], [-46.3627607, -22.8727055], [-46.3628484, -22.8727634], [-46.3631684, -22.8729749], [-46.363517, -22.8731652], [-46.363745, -22.8733036], [-46.3655555, -22.8742871], [-46.3671005, -22.8751225], [-46.3678622, -22.8755734], [-46.3687379, -22.8761208], [-46.369312, -22.8764495], [-46.3697317, -22.876743], [-46.3701154, -22.8770108], [-46.3716741, -22.8782978], [-46.372867, -22.8792722], [-46.3732347, -22.8796127], [-46.3735713, -22.8798635], [-46.3741252, -22.8802292], [-46.3746214, -22.8804998], [-46.3751256, -22.8807222], [-46.3755347, -22.8808612], [-46.3759343, -22.8809835], [-46.3768355, -22.8811646], [-46.3771118, -22.8811819], [-46.3807811, -22.8814512], [-46.3822362, -22.8815365], [-46.3829326, -22.8816004], [-46.3835774, -22.8816761], [-46.3841043, -22.8817576], [-46.3848259, -22.8819009], [-46.3867584, -22.8823742], [-46.3873096, -22.8824545], [-46.3879104, -22.8825126], [-46.3883489, -22.8825051], [-46.3889125, -22.8824495], [-46.3892837, -22.8823883], [-46.3895626, -22.8822877], [-46.3897035, -22.8822518], [-46.3898562, -22.8822127], [-46.3901366, -22.8821184], [-46.3904312, -22.8820022], [-46.390949, -22.8817645], [-46.391007, -22.8817385], [-46.3912202, -22.8816257], [-46.391759, -22.8812951], [-46.392437, -22.8808662], [-46.3931996, -22.8803965], [-46.3937715, -22.8800451], [-46.3943517, -22.8796991], [-46.3949375, -22.8793368], [-46.3955762, -22.8789454], [-46.3958712, -22.8787601], [-46.3959749, -22.878698], [-46.3962164, -22.8785536], [-46.396405, -22.8784586], [-46.3965565, -22.8783894], [-46.3967315, -22.8783195], [-46.3968502, -22.8782733], [-46.396987, -22.8782337], [-46.3972368, -22.8781783], [-46.39751, -22.8781373], [-46.3977179, -22.8781262], [-46.3979539, -22.8781275], [-46.3982713, -22.8781524], [-46.3985118, -22.8781929], [-46.3987386, -22.878252], [-46.3989437, -22.8783128], [-46.399276, -22.8784434], [-46.3995726, -22.8785834], [-46.4001265, -22.8788528], [-46.4011129, -22.8793393], [-46.4015505, -22.8795479], [-46.4023014, -22.8799147], [-46.4029968, -22.8802544], [-46.4035584, -22.8805393], [-46.4041543, -22.8808298], [-46.4055279, -22.8814986], [-46.406246, -22.8818589], [-46.4069123, -22.882187], [-46.4073323, -22.8823964], [-46.4081168, -22.8827782], [-46.4084132, -22.8829289], [-46.4086855, -22.8830809], [-46.4088973, -22.8832045], [-46.4091173, -22.8833478], [-46.4094083, -22.8835628], [-46.4096068, -22.8837283], [-46.4098522, -22.883952], [-46.4100158, -22.8841126], [-46.4101982, -22.8843325], [-46.4103484, -22.8845537], [-46.4105107, -22.884786], [-46.4106971, -22.8850899], [-46.4108245, -22.8853173], [-46.4110994, -22.885877], [-46.4113542, -22.8864286], [-46.4117901, -22.8873411], [-46.4121992, -22.8882146], [-46.4126028, -22.8891511], [-46.4128844, -22.8897206], [-46.4132237, -22.8904422], [-46.4136006, -22.891249], [-46.4138111, -22.8916851], [-46.414019, -22.8920953], [-46.414333, -22.8926429], [-46.4144334, -22.8928057], [-46.4145488, -22.89297], [-46.4148424, -22.8933616], [-46.4149725, -22.8935099], [-46.4151107, -22.8936532], [-46.4153199, -22.8938509], [-46.4155841, -22.8940745], [-46.4159395, -22.8943315], [-46.4161487, -22.8944871], [-46.416429, -22.8946947], [-46.4168823, -22.8950221], [-46.4170486, -22.8951444], [-46.4172497, -22.8953038], [-46.4175019, -22.8955335], [-46.4177527, -22.8958103], [-46.4178841, -22.8959746], [-46.4180262, -22.8961673], [-46.4181858, -22.8964045], [-46.4184353, -22.8968406], [-46.4185841, -22.8971371], [-46.4190848, -22.8980622], [-46.4192417, -22.8984008], [-46.420058, -22.900154], [-46.4201764, -22.9003824], [-46.4204679, -22.9009448], [-46.4206541, -22.9013324], [-46.4208567, -22.9017575], [-46.4209694, -22.9019564], [-46.4214221, -22.9028525], [-46.4216486, -22.9033524], [-46.422126, -22.9042382], [-46.4225243, -22.9050407], [-46.4226073, -22.9052146], [-46.4228485, -22.9057324], [-46.4230058, -22.9060604], [-46.4231849, -22.9064029], [-46.4235001, -22.9068966], [-46.4240097, -22.907566], [-46.4245104, -22.9081668], [-46.4246183, -22.9083227], [-46.4247246, -22.9084886], [-46.4248217, -22.9086643], [-46.424879, -22.9087817], [-46.4250377, -22.909147], [-46.4251295, -22.909503], [-46.4253039, -22.9102516], [-46.4254192, -22.9108273], [-46.4255163, -22.9111339], [-46.4256418, -22.9114202], [-46.4261924, -22.9124532], [-46.4265176, -22.9130714], [-46.4266982, -22.9134436], [-46.4268429, -22.913726], [-46.4269472, -22.9139264], [-46.4270609, -22.9141219], [-46.4272396, -22.9144117], [-46.4274496, -22.9146911], [-46.4275386, -22.9147983], [-46.4276701, -22.9149447], [-46.4278123, -22.9150746], [-46.4280389, -22.9152542], [-46.4281798, -22.9153617], [-46.4283775, -22.9154756], [-46.4288697, -22.9157276], [-46.4293466, -22.9159547], [-46.4320232, -22.917249], [-46.4332139, -22.9178127], [-46.4343095, -22.9183403], [-46.4351759, -22.9187665], [-46.4361664, -22.9192344], [-46.4367737, -22.9195336], [-46.4373765, -22.9198251], [-46.4381635, -22.9202092], [-46.4384425, -22.9203465], [-46.4389515, -22.9205929], [-46.4394474, -22.9208417], [-46.439926, -22.9210616], [-46.4405152, -22.9213454], [-46.4412528, -22.9216917], [-46.4416656, -22.9218693], [-46.4420917, -22.9220443], [-46.4423889, -22.922145], [-46.4427998, -22.9222767], [-46.4430513, -22.9223438], [-46.4434555, -22.9224362], [-46.4438019, -22.9225008], [-46.4442446, -22.9225782], [-46.4466669, -22.9229217], [-46.447509, -22.9230553], [-46.4481092, -22.9231992], [-46.4483721, -22.923272], [-46.4487986, -22.9234147], [-46.4492458, -22.9235827], [-46.4504186, -22.9240484], [-46.4511897, -22.9243541], [-46.4515458, -22.9245054], [-46.4523411, -22.9248407], [-46.4560358, -22.9263168], [-46.4566715, -22.9265669], [-46.4581006, -22.9271472], [-46.4583231, -22.927236], [-46.4602183, -22.9280019], [-46.4615974, -22.9285592], [-46.4622572, -22.9288112], [-46.463428, -22.9292855], [-46.4638048, -22.9294398], [-46.4645565, -22.9297295], [-46.4652532, -22.9300216], [-46.4664938, -22.9305243], [-46.4669363, -22.9307157], [-46.4674017, -22.9309381], [-46.4679207, -22.9312431], [-46.4682989, -22.9315136], [-46.4685684, -22.9317434], [-46.4688474, -22.9319953], [-46.4690432, -22.9321991], [-46.4692618, -22.9324486], [-46.4695206, -22.9327833], [-46.4696869, -22.9330229], [-46.4698881, -22.9333502], [-46.4700812, -22.9336924], [-46.4709784, -22.9352251], [-46.4737009, -22.939843], [-46.4742024, -22.9407038], [-46.4751238, -22.9422464], [-46.4756159, -22.9431171], [-46.4759097, -22.9436605], [-46.4761645, -22.9440779], [-46.4766352, -22.9447893], [-46.4771482, -22.9456519], [-46.4772487, -22.9458328], [-46.4773788, -22.9460619], [-46.4775746, -22.9464522], [-46.4778461, -22.9469231], [-46.4783351, -22.9476953], [-46.4786591, -22.948281], [-46.4788931, -22.948752], [-46.4791016, -22.9492355], [-46.4792502, -22.949661], [-46.4794002, -22.9501058], [-46.4795007, -22.9505395], [-46.4795686, -22.9509135], [-46.4797868, -22.9521149], [-46.4802775, -22.9548162], [-46.4807024, -22.9572702], [-46.4808226, -22.957887], [-46.4809626, -22.958506], [-46.4811669, -22.9591548], [-46.4834108, -22.9639503], [-46.4838255, -22.9648365], [-46.4856052, -22.9686398], [-46.4894321, -22.9768175], [-46.4897617, -22.977494], [-46.4900665, -22.9779589], [-46.4905225, -22.9785159], [-46.4908646, -22.9788929], [-46.4914776, -22.9794524], [-46.4921137, -22.9799774], [-46.492355, -22.9801632], [-46.4928262, -22.9804693], [-46.4933514, -22.9807582], [-46.4938835, -22.9809989], [-46.4951058, -22.9815006], [-46.4955139, -22.981655], [-46.4976516, -22.9824119], [-46.4995909, -22.9831058], [-46.4998693, -22.9832001], [-46.5005815, -22.9834331], [-46.5013019, -22.9836792], [-46.502088, -22.9839577], [-46.5026164, -22.9841577], [-46.5029544, -22.9842614], [-46.5045556, -22.9848442], [-46.5049768, -22.9850738], [-46.5053818, -22.985343], [-46.5057197, -22.9856319], [-46.5059826, -22.985901], [-46.5062428, -22.9862443], [-46.5064573, -22.9866196], [-46.506688, -22.9871233], [-46.5068463, -22.9876739], [-46.5071064, -22.988669], [-46.5072915, -22.9892493], [-46.5075365, -22.9898132], [-46.5080305, -22.9905826], [-46.5082711, -22.9908888], [-46.508536, -22.9911925], [-46.5087305, -22.9913845], [-46.5088981, -22.9915322], [-46.5105695, -22.992796], [-46.5127177, -22.9943544], [-46.5130422, -22.9945801], [-46.5149677, -22.9959897], [-46.5161964, -22.9968961], [-46.516816, -22.9973702], [-46.5172854, -22.9977726], [-46.5177458, -22.9982388], [-46.5181001, -22.9987147], [-46.5184036, -22.9992018], [-46.5186469, -22.9997066], [-46.519114, -23.0009134], [-46.5191343, -23.0009658], [-46.5197239, -23.0025337], [-46.5238903, -23.0132513], [-46.5241197, -23.0138747], [-46.5242645, -23.0142154], [-46.5244362, -23.0145758], [-46.5246937, -23.014993], [-46.5249351, -23.0153139], [-46.5252918, -23.0157237], [-46.5266798, -23.0171605], [-46.5307041, -23.0212046], [-46.5324374, -23.0230232], [-46.5326891, -23.0232734], [-46.5332687, -23.0238649], [-46.5343539, -23.0249522], [-46.5354601, -23.0261141], [-46.536938, -23.0275754], [-46.5382831, -23.0290114], [-46.5396169, -23.03038], [-46.5406724, -23.0314545], [-46.5416345, -23.0324326], [-46.5421994, -23.0329237], [-46.5428983, -23.033379], [-46.543535, -23.0337079], [-46.5441109, -23.033968], [-46.5447099, -23.0342025], [-46.5455413, -23.0344481], [-46.5467518, -23.0347731], [-46.5491833, -23.0354299], [-46.5497412, -23.0355835], [-46.5516903, -23.0360899], [-46.551817, -23.0361275], [-46.5524031, -23.0362868], [-46.553132, -23.0365127], [-46.5537429, -23.0367386], [-46.5543858, -23.0370364], [-46.5549187, -23.0373589], [-46.5552789, -23.0376045], [-46.5556028, -23.0378592], [-46.556028, -23.0382241], [-46.5564531, -23.0386533], [-46.5576619, -23.0400996], [-46.5588412, -23.0415732], [-46.559405, -23.0422998], [-46.5595337, -23.0424479], [-46.5604224, -23.0434935], [-46.5612058, -23.0444903], [-46.5624401, -23.0459495], [-46.5632216, -23.0468932], [-46.5634414, -23.0471569], [-46.5664854, -23.0508269], [-46.5668111, -23.0512041], [-46.5682715, -23.0530114], [-46.5686876, -23.0535202], [-46.5691604, -23.0540984], [-46.5695702, -23.0545809], [-46.5697629, -23.0548078], [-46.5704511, -23.0556619], [-46.5706209, -23.0559033], [-46.5709021, -23.0563557], [-46.5711361, -23.0568583], [-46.5713424, -23.0573918], [-46.5714685, -23.0578458], [-46.5715673, -23.0583086], [-46.5716194, -23.0587938], [-46.5716396, -23.0592789], [-46.5716135, -23.0598678], [-46.5715166, -23.0604551], [-46.5711335, -23.0619279], [-46.570447, -23.0649831], [-46.5702922, -23.0654861], [-46.5700273, -23.0662416], [-46.5697411, -23.066997], [-46.5695995, -23.0673136], [-46.5687938, -23.0689397], [-46.5677879, -23.0707959], [-46.5677223, -23.0709209], [-46.5675674, -23.071216], [-46.5670571, -23.0721885], [-46.5667908, -23.0726961], [-46.5663807, -23.0734597], [-46.5661341, -23.0739249], [-46.5660095, -23.0742477], [-46.5659468, -23.0745621], [-46.5659404, -23.0748408], [-46.5659618, -23.075056], [-46.5660265, -23.0753256], [-46.5661033, -23.0755345], [-46.566226, -23.0757739], [-46.5664147, -23.0760217], [-46.5666036, -23.076229], [-46.5668173, -23.0764135], [-46.5670614, -23.0765869], [-46.5673373, -23.0767408], [-46.5677577, -23.0769765], [-46.5678361, -23.0770182], [-46.5678957, -23.0770499], [-46.5684826, -23.0773618], [-46.5688513, -23.0775826], [-46.5691458, -23.0778165], [-46.5693939, -23.0780734], [-46.569589, -23.0783791], [-46.569728, -23.0786824], [-46.5698033, -23.0790279], [-46.5698404, -23.0793674], [-46.5698456, -23.0797526], [-46.5698274, -23.0822392], [-46.5698784, -23.0829261], [-46.570048, -23.0837185], [-46.5703963, -23.0847446], [-46.5707733, -23.0858554], [-46.5712766, -23.0872284], [-46.5721849, -23.089773], [-46.5726449, -23.091098], [-46.5728983, -23.0919134], [-46.573011, -23.0924019], [-46.5730834, -23.0928707], [-46.5731049, -23.0933691], [-46.5730861, -23.0938761], [-46.573019, -23.0943881], [-46.5729359, -23.0947668], [-46.5728085, -23.0951924], [-46.5726781, -23.0955817], [-46.5725724, -23.0958098], [-46.5724068, -23.0961127], [-46.5722546, -23.096373], [-46.5721138, -23.0965876], [-46.5719421, -23.0968565], [-46.57158, -23.0973401], [-46.5713427, -23.097683], [-46.5710173, -23.098175], [-46.5707901, -23.0984931], [-46.5702698, -23.0992078], [-46.5698943, -23.0997394], [-46.5696542, -23.1000959], [-46.5693632, -23.1005302], [-46.5691928, -23.100849], [-46.5689233, -23.1014435], [-46.568761, -23.1019155], [-46.5686645, -23.1023867], [-46.5686081, -23.1027333], [-46.5685894, -23.1030725], [-46.5685759, -23.1037954], [-46.5685934, -23.1040421], [-46.5686269, -23.1043714], [-46.5686806, -23.1046724], [-46.5687436, -23.1049537], [-46.5688093, -23.1051794], [-46.5690547, -23.1058677], [-46.5694353, -23.1068566], [-46.5696868, -23.1075421], [-46.5698519, -23.1079919], [-46.5700215, -23.1085039], [-46.5705048, -23.1097385], [-46.5712805, -23.1121271], [-46.571568, -23.1129035], [-46.5719192, -23.1138992], [-46.5722527, -23.1147895], [-46.572873, -23.1164361], [-46.5729936, -23.1167574], [-46.5731322, -23.1171655], [-46.5732597, -23.1175276], [-46.5737846, -23.1189319], [-46.5743876, -23.1206483], [-46.5747606, -23.1218848], [-46.5753865, -23.1235465], [-46.5762397, -23.1258657], [-46.5764339, -23.1265749], [-46.5766255, -23.1272607], [-46.5767282, -23.1278922], [-46.5767714, -23.1282494], [-46.5767775, -23.128424], [-46.5767682, -23.12907], [-46.5767312, -23.1296899], [-46.5766797, -23.1303783], [-46.5763848, -23.1330587], [-46.5762332, -23.1345597], [-46.5761371, -23.1354366], [-46.5759212, -23.1374056], [-46.5757494, -23.1387986], [-46.5756851, -23.1393586], [-46.575604, -23.1400382], [-46.5754812, -23.1414185], [-46.5754262, -23.1420377], [-46.5752864, -23.1434311], [-46.5752341, -23.1439486], [-46.5750388, -23.1457716], [-46.5749538, -23.1465041], [-46.5746514, -23.149373], [-46.5743673, -23.1520468], [-46.574218, -23.1535497], [-46.5740628, -23.1550396], [-46.5739433, -23.1562852], [-46.5738523, -23.1570986], [-46.5737766, -23.1576298], [-46.5736453, -23.1588215], [-46.5736374, -23.1588905], [-46.5735342, -23.1597975], [-46.5735248, -23.1601753], [-46.573505, -23.1605636], [-46.5735134, -23.1610458], [-46.5735186, -23.1613417], [-46.5735203, -23.1615182], [-46.5735245, -23.1616772], [-46.5735311, -23.1620537], [-46.5735562, -23.162435], [-46.5736038, -23.1627605], [-46.5736681, -23.1631058], [-46.5737352, -23.1633844], [-46.5738084, -23.1636722], [-46.573933, -23.1640856], [-46.5740445, -23.1644253], [-46.5741694, -23.1647693], [-46.5743016, -23.165095], [-46.5745686, -23.1657351], [-46.574634, -23.1658918], [-46.5749258, -23.1665589], [-46.5750482, -23.1668578], [-46.5754141, -23.1677512], [-46.575506, -23.1679755], [-46.5755325, -23.1680379], [-46.5758218, -23.1687191], [-46.5760818, -23.169374], [-46.5771172, -23.1717913], [-46.577617, -23.1731946], [-46.5784408, -23.17524], [-46.5793469, -23.1774838], [-46.5802143, -23.1796203], [-46.5807827, -23.1808462], [-46.5809598, -23.181305], [-46.5812412, -23.1819966], [-46.5820254, -23.1838708], [-46.582138, -23.1841551], [-46.5823556, -23.1847391], [-46.5827151, -23.1856915], [-46.5830536, -23.186612], [-46.5834381, -23.1875765], [-46.5839635, -23.1888383], [-46.5849414, -23.1912531], [-46.5854496, -23.1926507], [-46.5856294, -23.1930618], [-46.5861551, -23.194366], [-46.5865749, -23.1954249], [-46.586916, -23.1962332], [-46.5873156, -23.197206], [-46.5874642, -23.1975676], [-46.5880139, -23.1989846], [-46.5886747, -23.2004822], [-46.5889464, -23.20115], [-46.5894907, -23.2024468], [-46.5899613, -23.2035331], [-46.5901973, -23.2041288], [-46.5907884, -23.2055448], [-46.5910224, -23.2060903], [-46.5911736, -23.2064811], [-46.5918324, -23.2081979], [-46.5921261, -23.209081], [-46.59243, -23.2099781], [-46.5933607, -23.2127579], [-46.593586, -23.213403], [-46.5941012, -23.2149513], [-46.5948, -23.2170563], [-46.5949068, -23.2173779], [-46.5954398, -23.2189825], [-46.5959554, -23.2205241], [-46.5963907, -23.2218273], [-46.5969498, -23.2235012], [-46.5971933, -23.2242205], [-46.5975126, -23.2251638], [-46.5977264, -23.225826], [-46.5979292, -23.2264334], [-46.5982667, -23.2273989], [-46.5986168, -23.228411], [-46.5987389, -23.2287267], [-46.5988381, -23.2289374], [-46.5989528, -23.2291644], [-46.599098, -23.2294196], [-46.5993108, -23.2297356], [-46.5994948, -23.2299736], [-46.5996914, -23.2302057], [-46.6003642, -23.2309157], [-46.6010069, -23.2315889], [-46.6011849, -23.2317818], [-46.6013478, -23.2319597], [-46.6015062, -23.2321537], [-46.6016518, -23.2323572], [-46.6017867, -23.2325648], [-46.601894, -23.232783], [-46.6019903, -23.2330063], [-46.6020507, -23.233223], [-46.602097, -23.2334693], [-46.6021193, -23.23371], [-46.6021202, -23.2339656], [-46.6020968, -23.2341922], [-46.60206, -23.2343934], [-46.6020184, -23.2345567], [-46.6019688, -23.2347066], [-46.6019, -23.2348626], [-46.6018209, -23.2350145], [-46.6017415, -23.2351521], [-46.601602, -23.2353399], [-46.6014551, -23.2355235], [-46.6009422, -23.2360571], [-46.5998177, -23.2372717], [-46.5996723, -23.2374448], [-46.5995353, -23.237627], [-46.5992899, -23.2379967], [-46.5989882, -23.2385143], [-46.5987374, -23.2390134], [-46.5985872, -23.2393338], [-46.5984584, -23.2397589], [-46.598272, -23.2403788], [-46.5982439, -23.2405217], [-46.5980816, -23.2413338], [-46.5980347, -23.2415137], [-46.5978912, -23.241998], [-46.5978321, -23.2421631], [-46.5977128, -23.2424293], [-46.597517, -23.2428556], [-46.5974332, -23.2430208], [-46.5973078, -23.2432044], [-46.59723, -23.2433116], [-46.5971133, -23.2434373], [-46.5969001, -23.2436492], [-46.5965675, -23.2439942], [-46.596545, -23.2440167], [-46.5965004, -23.2440608], [-46.5957655, -23.2447718], [-46.5953001, -23.2452567], [-46.5949669, -23.2455598], [-46.5945853, -23.2459153], [-46.5942621, -23.2462381], [-46.5937123, -23.2467926], [-46.593554, -23.2469726], [-46.5933824, -23.2471771], [-46.5932214, -23.2474038], [-46.593098, -23.2476306], [-46.5930296, -23.2477846], [-46.592968, -23.2479583], [-46.5929411, -23.2480939], [-46.5928888, -23.2484192], [-46.5928647, -23.2486582], [-46.592858, -23.2488307], [-46.5928674, -23.2490353], [-46.5929076, -23.2492743], [-46.5929548, -23.2494725], [-46.5930457, -23.2497155], [-46.593145, -23.249904], [-46.5932845, -23.2500863], [-46.5942655, -23.2511756], [-46.5943862, -23.2513352], [-46.5945337, -23.2515397], [-46.5946798, -23.2518139], [-46.5947791, -23.2520437], [-46.594822, -23.2522352], [-46.5948395, -23.2523881], [-46.5948648, -23.2526074], [-46.594867, -23.252823], [-46.5948542, -23.253038], [-46.5948442, -23.2531255], [-46.594816, -23.2533017], [-46.5947677, -23.2535069], [-46.5947208, -23.2536486], [-46.5946477, -23.2538161], [-46.5945257, -23.2540817], [-46.5944787, -23.2541655], [-46.5944371, -23.2542209], [-46.5941817, -23.2545333], [-46.5937383, -23.2549906], [-46.5932871, -23.2554606], [-46.5917727, -23.2570379], [-46.5912866, -23.2575461], [-46.5909967, -23.2578315], [-46.5907565, -23.2580616], [-46.590482, -23.2583222], [-46.5901386, -23.258688], [-46.5898551, -23.2589867], [-46.5892456, -23.2596047], [-46.5889592, -23.2598921], [-46.5879455, -23.2609619], [-46.5871855, -23.2617229], [-46.5847314, -23.2642929], [-46.5845168, -23.2645787], [-46.5843827, -23.2647906], [-46.5842441, -23.2650554], [-46.5841145, -23.2653278], [-46.583947, -23.2659459], [-46.5838954, -23.2663565], [-46.5838613, -23.26671], [-46.5838611, -23.2670994], [-46.5838941, -23.2674863], [-46.5839788, -23.2680503], [-46.5840958, -23.2686342], [-46.5841149, -23.2687432], [-46.5842403, -23.2693568], [-46.5845265, -23.2707564], [-46.5848314, -23.2721982], [-46.5848722, -23.2723914], [-46.5850771, -23.2733578], [-46.5852145, -23.2740057], [-46.585913, -23.2772854], [-46.5861619, -23.2785975], [-46.5864689, -23.2798848], [-46.5866286, -23.2804971], [-46.5869129, -23.281256], [-46.5871328, -23.2816847], [-46.5873796, -23.2821183], [-46.5877819, -23.282616], [-46.5880486, -23.2829041], [-46.5890223, -23.2839263], [-46.5890435, -23.2839486], [-46.5896409, -23.2845674], [-46.589909, -23.2849132], [-46.5901533, -23.2854238], [-46.5902257, -23.2857675], [-46.5902161, -23.2862702], [-46.5901723, -23.2865347], [-46.5900336, -23.2870199], [-46.5898955, -23.2872577], [-46.5897104, -23.2874892], [-46.5893751, -23.2877948], [-46.5877786, -23.2889773], [-46.5875086, -23.2891942], [-46.5873796, -23.2893284], [-46.5873313, -23.2893962], [-46.5872991, -23.2894615], [-46.5872052, -23.2897325], [-46.58699, -23.2903145], [-46.5869068, -23.2905048], [-46.5868089, -23.2906539], [-46.5867224, -23.2907512], [-46.5865977, -23.2908694], [-46.5864086, -23.2910049], [-46.5862718, -23.2910788], [-46.5860814, -23.2911725], [-46.5858547, -23.2912365], [-46.5856616, -23.2912673], [-46.5854377, -23.2912538], [-46.5852499, -23.291218], [-46.5850487, -23.2911404], [-46.5847765, -23.2909803], [-46.5845485, -23.2908103], [-46.5843996, -23.2906428], [-46.5840013, -23.2899862], [-46.5838189, -23.2896918], [-46.5836781, -23.2895354], [-46.5834113, -23.2892717], [-46.5831792, -23.2891079], [-46.5829072, -23.2890032], [-46.5825784, -23.2889428], [-46.5822662, -23.2889268], [-46.5821359, -23.2889342], [-46.5819897, -23.2889552], [-46.5818582, -23.2889835], [-46.5816638, -23.2890476], [-46.5814915, -23.2891215], [-46.5813124, -23.2892089], [-46.5809503, -23.2893986], [-46.5806016, -23.2896142], [-46.5804447, -23.2897275], [-46.5802892, -23.2898747], [-46.5802214, -23.289985], [-46.5801121, -23.2902855], [-46.5799995, -23.2907438], [-46.579923, -23.2909581], [-46.5798627, -23.2910998], [-46.5797634, -23.2912698], [-46.5796387, -23.2914311], [-46.5795288, -23.2915482], [-46.5792625, -23.2917785], [-46.5791371, -23.2918598], [-46.5789856, -23.2919442], [-46.578704, -23.2920507], [-46.578476, -23.2921012], [-46.5782373, -23.2921345], [-46.5779228, -23.292137], [-46.5768559, -23.2921444], [-46.5761009, -23.292153], [-46.5757146, -23.2921801], [-46.5754531, -23.2922232], [-46.5752023, -23.2922725], [-46.5749636, -23.2923304], [-46.5745761, -23.2924486], [-46.5742743, -23.2925644], [-46.5740289, -23.2926833], [-46.5737996, -23.2928027], [-46.5735514, -23.2929536], [-46.5732645, -23.2931581], [-46.57307, -23.2933281], [-46.5729332, -23.2934624], [-46.5727347, -23.2936632], [-46.5725094, -23.2939391], [-46.5723109, -23.2942409], [-46.5721795, -23.2944946], [-46.572032, -23.2947915], [-46.5719113, -23.2951875], [-46.5717825, -23.2957178], [-46.5717463, -23.2959247], [-46.5717047, -23.2962905], [-46.57169, -23.2965468], [-46.5716913, -23.2968362], [-46.5717302, -23.2972427], [-46.5717798, -23.2979546], [-46.5718818, -23.299514], [-46.5719837, -23.3007642], [-46.5720145, -23.3009798], [-46.5720977, -23.3014134], [-46.5721768, -23.3017238], [-46.5722774, -23.3020391], [-46.5723632, -23.3022731], [-46.5724437, -23.3024579], [-46.572577, -23.3027092], [-46.5732175, -23.303761], [-46.5733463, -23.3039384], [-46.5735528, -23.3042081], [-46.5741442, -23.3049237], [-46.5745251, -23.305324], [-46.5749958, -23.3057859], [-46.575378, -23.3061135], [-46.5755993, -23.3062847], [-46.5759265, -23.30652], [-46.5764724, -23.3068784], [-46.5773039, -23.3074055], [-46.578134, -23.3078847], [-46.5787105, -23.3082572], [-46.5790567, -23.3084808], [-46.5794818, -23.3087985], [-46.5804273, -23.309524], [-46.5809657, -23.3100271], [-46.5813144, -23.3104145], [-46.5816799, -23.3109188], [-46.581936, -23.3114275], [-46.5820748, -23.3117619], [-46.5821841, -23.3121258], [-46.5822726, -23.312555], [-46.5823136, -23.3128531], [-46.5823317, -23.3130982], [-46.5823605, -23.3137657], [-46.5823672, -23.3138827], [-46.5823947, -23.3143464], [-46.5824329, -23.3149622], [-46.582447, -23.3155404], [-46.5824554, -23.3159139], [-46.5824557, -23.3159764], [-46.5825596, -23.3162843], [-46.5825878, -23.3164888], [-46.5826549, -23.3174482], [-46.582675, -23.3176982], [-46.5826897, -23.3180245], [-46.5827131, -23.3182815], [-46.5826978, -23.3185418], [-46.582679, -23.3191292], [-46.5826631, -23.3195856], [-46.5826198, -23.3198624], [-46.582583, -23.3201171], [-46.5824932, -23.3205455], [-46.5823585, -23.3210357], [-46.5821518, -23.3216292], [-46.581945, -23.3220649], [-46.5817992, -23.3223743], [-46.5814009, -23.323], [-46.5813472, -23.323059], [-46.5812843, -23.3231123], [-46.5812063, -23.3231594], [-46.5801079, -23.3247013], [-46.57975, -23.3251723], [-46.5794966, -23.3254901], [-46.579219, -23.3258534], [-46.5787563, -23.326506], [-46.5783, -23.3273277], [-46.5781555, -23.3276833], [-46.5780374, -23.3281403], [-46.5779912, -23.3285287], [-46.5778564, -23.3297085], [-46.5777934, -23.3300675], [-46.5777403, -23.3303015], [-46.5777202, -23.3303915], [-46.5777084, -23.3304338], [-46.57762, -23.3307328], [-46.5775037, -23.33106], [-46.5773367, -23.3314331], [-46.5771845, -23.3317201], [-46.5767514, -23.3326264], [-46.5766253, -23.3328825], [-46.5765012, -23.3331916], [-46.5764114, -23.3334385], [-46.5762633, -23.3339255], [-46.5759211, -23.335051], [-46.5755392, -23.336251], [-46.5753794, -23.3367904], [-46.5746223, -23.3392618], [-46.5745351, -23.3395496], [-46.5742609, -23.340463], [-46.5736219, -23.3425717], [-46.5735528, -23.3427453], [-46.573477, -23.3428974], [-46.5733905, -23.3430451], [-46.5732691, -23.3432033], [-46.5731431, -23.3433222], [-46.5729909, -23.343449], [-46.5728333, -23.3435463], [-46.572547, -23.343691], [-46.5715411, -23.3440998], [-46.5706332, -23.3444938], [-46.5700572, -23.3447154], [-46.5695308, -23.3449254], [-46.5690359, -23.3451273], [-46.5686457, -23.3452689], [-46.5669305, -23.3458858], [-46.5658729, -23.3463317], [-46.5655598, -23.346467], [-46.5654531, -23.3465045], [-46.5649691, -23.3466923], [-46.5648877, -23.3467282], [-46.5645807, -23.3468353], [-46.5641949, -23.3469451], [-46.5635611, -23.3470736], [-46.5630546, -23.3471648], [-46.5627364, -23.3472208], [-46.5624717, -23.3472722], [-46.5622197, -23.3473307], [-46.5620034, -23.3473938], [-46.5618201, -23.3474802], [-46.5616649, -23.3475644], [-46.5615198, -23.3476765], [-46.5613823, -23.3478214], [-46.5612831, -23.3479897], [-46.5612093, -23.3481603], [-46.5611507, -23.3483636], [-46.5610363, -23.3489837], [-46.5609347, -23.3493113], [-46.5608353, -23.349541], [-46.5606878, -23.3497412], [-46.560505, -23.3499267], [-46.560242, -23.3501033], [-46.5600143, -23.3501887], [-46.5598636, -23.3502299], [-46.5596872, -23.3502608], [-46.5594435, -23.3502712], [-46.5593047, -23.3502619], [-46.5591491, -23.3502304], [-46.55824, -23.3499447], [-46.5575431, -23.3497166], [-46.55644, -23.3493642], [-46.5558461, -23.3491861], [-46.5555956, -23.3490971], [-46.5553387, -23.349014], [-46.5550821, -23.3489403], [-46.554842, -23.3489061], [-46.5546077, -23.3489061], [-46.5543935, -23.3489172], [-46.5542016, -23.3489561], [-46.5540542, -23.3490099], [-46.5538582, -23.3491249], [-46.5536885, -23.3492436], [-46.5535612, -23.3493716], [-46.553442, -23.3495051], [-46.5532339, -23.3497648], [-46.5527228, -23.3503911], [-46.5520837, -23.3512369], [-46.5519266, -23.351496], [-46.551779, -23.3517963], [-46.5516732, -23.3521319], [-46.5516091, -23.3524764], [-46.5515116, -23.3530408], [-46.5514874, -23.3531693], [-46.5514493, -23.353299], [-46.5513614, -23.3535292], [-46.5512622, -23.3537247], [-46.5511814, -23.3538434], [-46.5510683, -23.3539732], [-46.5508319, -23.3541513], [-46.5506238, -23.3542681], [-46.5503511, -23.3544239], [-46.5500662, -23.3545816], [-46.5498784, -23.3546873], [-46.5497107, -23.354793], [-46.5495814, -23.3548987], [-46.5494541, -23.355023], [-46.5493349, -23.3551584], [-46.549246, -23.3552863], [-46.5491531, -23.3554662], [-46.5491076, -23.3555701], [-46.5490622, -23.355674], [-46.5490428, -23.3561028], [-46.5491085, -23.3565386], [-46.5492292, -23.3569806], [-46.549311, -23.357201], [-46.5496538, -23.3579153], [-46.5498037, -23.3582693], [-46.5499575, -23.3586046], [-46.5501978, -23.3590754], [-46.5509562, -23.3605398]]}}, {"type": "Feature", "properties": {"ref": "BR-381", "highway": "trunk", "name": "Rodovia Fern\u00e3o Dias"}, "geometry": {"type": "LineString", "coordinates": [[-44.1445628, -19.9559639], [-44.1449881, -19.9558261], [-44.1450562, -19.9557632]]}}, {"type": "Feature", "properties": {"ref": "BR-381", "highway": "trunk", "name": "Rodovia Fern\u00e3o Dias"}, "geometry": {"type": "LineString", "coordinates": [[-43.8502387, -19.8344376], [-43.8498092, -19.8344731], [-43.8496202, -19.8344652], [-43.8493334, -19.8344009], [-43.8492165, -19.83436], [-43.8491268, -19.8343211], [-43.848791, -19.8341723], [-43.8484488, -19.8340051], [-43.8482314, -19.8339148], [-43.8473467, -19.8334223]]}}, {"type": "Feature", "properties": {"ref": "BR-381", "highway": "trunk", "name": "Rodovia Fern\u00e3o Dias"}, "geometry": {"type": "LineString", "coordinates": [[-43.8392095, -19.8280038], [-43.8390407, -19.8280523], [-43.8389317, -19.8280444], [-43.8388168, -19.8280215], [-43.8387249, -19.827959], [-43.8386459, -19.827842], [-43.8385603, -19.8277147], [-43.8378182, -19.8273365], [-43.8372061, -19.8270428], [-43.8370292, -19.8269579]]}}, {"type": "Feature", "properties": {"ref": "BR-381", "highway": "trunk", "name": "Rodovia Fern\u00e3o Dias"}, "geometry": {"type": "LineString", "coordinates": [[-43.7567639, -19.7993142], [-43.7566701, -19.7992897], [-43.7561746, -19.7989212], [-43.7556173, -19.7985112], [-43.7553853, -19.798356], [-43.7551881, -19.7982563], [-43.7551102, -19.7982259], [-43.7549615, -19.7981781], [-43.754814, -19.7981445], [-43.7546786, -19.7981352], [-43.7545089, -19.7981377], [-43.7543955, -19.7981496], [-43.7543201, -19.7981604], [-43.7542625, -19.7981736], [-43.7541555, -19.7982065], [-43.7539691, -19.7982872], [-43.7538625, -19.7983478], [-43.7537787, -19.7984008], [-43.7536606, -19.7984961], [-43.7535699, -19.7985863], [-43.7534125, -19.79878], [-43.7533089, -19.7989649], [-43.7531859, -19.79918], [-43.7530493, -19.79936]]}}, {"type": "Feature", "properties": {"ref": "BR-381", "highway": "trunk", "name": "Rodovia Fern\u00e3o Dias"}, "geometry": {"type": "LineString", "coordinates": [[-43.4092087, -19.8031503], [-43.4104157, -19.8026171], [-43.4108542, -19.8023938], [-43.4117078, -19.8018342], [-43.4127881, -19.8010109], [-43.413755, -19.8002361], [-43.4142432, -19.7998777], [-43.4146428, -19.7995295], [-43.4151082, -19.7990273], [-43.4158552, -19.7981907], [-43.4162495, -19.7978083], [-43.4166089, -19.7975446], [-43.416971, -19.7973856], [-43.4173331, -19.7972796], [-43.4176549, -19.797238], [-43.4180465, -19.7972304], [-43.4188901, -19.7972557], [-43.4196639, -19.7972935], [-43.4202057, -19.7973427], [-43.4207958, -19.7974159], [-43.4214194, -19.7974613], [-43.4221382, -19.7975118], [-43.4225003, -19.7975434], [-43.4231575, -19.7976039], [-43.4236054, -19.7975837], [-43.4238818, -19.7975408], [-43.4241419, -19.7974765], [-43.4243698, -19.7973869], [-43.4246005, -19.7972569], [-43.4248178, -19.797108], [-43.4250766, -19.7968758], [-43.4252362, -19.7966462], [-43.4253784, -19.7963926], [-43.4256037, -19.7958916], [-43.4259604, -19.7950462], [-43.4263493, -19.7941326], [-43.4267047, -19.7933994], [-43.426863, -19.7931004], [-43.427048, -19.7927988], [-43.4276586, -19.7919967], [-43.4279063, -19.7916429], [-43.4282215, -19.7912202], [-43.4286882, -19.7906334], [-43.4289779, -19.7902409], [-43.4293534, -19.7897261], [-43.429572, -19.7893677], [-43.4297296, -19.7889893], [-43.4298132, -19.7887796], [-43.4299289, -19.7884367], [-43.4300134, -19.7881488], [-43.4304115, -19.7868577], [-43.4307213, -19.7860413], [-43.4308554, -19.7857914], [-43.4310928, -19.7854797], [-43.4312732, -19.7852778], [-43.4315528, -19.7850519], [-43.4318894, -19.784826], [-43.4324299, -19.7845774], [-43.4331259, -19.7842418], [-43.433767, -19.7839338], [-43.4341666, -19.7836865], [-43.43452, -19.7833748], [-43.4348365, -19.7830688], [-43.4353287, -19.782564], [-43.437176, -19.7807013], [-43.4376944, -19.7801928], [-43.4387109, -19.7792551], [-43.4396829, -19.778393], [-43.4406938, -19.777542], [-43.4410552, -19.7772479], [-43.4421194, -19.7763077], [-43.4451196, -19.7736976], [-43.4461345, -19.7728144], [-43.4467989, -19.7722498], [-43.4477453, -19.7714363], [-43.4482214, -19.7710274], [-43.4489161, -19.7704834], [-43.4496612, -19.7700011], [-43.4510262, -19.7691565], [-43.452061, -19.768497], [-43.4524338, -19.7682685], [-43.4527577, -19.7680723], [-43.4530588, -19.7678893], [-43.453622, -19.7675857], [-43.4538902, -19.7674696], [-43.454141, -19.7673838], [-43.4545112, -19.7672879], [-43.4549175, -19.7672021], [-43.4553936, -19.7671503], [-43.4561634, -19.7670822], [-43.4570244, -19.7670191], [-43.4572966, -19.7669673], [-43.4575649, -19.7669017], [-43.4578277, -19.7667793], [-43.4580503, -19.7666354], [-43.4582636, -19.7664524], [-43.4584554, -19.766253], [-43.4585975, -19.7660498], [-43.4586927, -19.7658655], [-43.4588389, -19.7654894], [-43.4591004, -19.7647031], [-43.4593083, -19.7640708], [-43.4595189, -19.7633905], [-43.4596861, -19.762879], [-43.4597066, -19.7628163], [-43.459944, -19.7621133], [-43.4601612, -19.7616646], [-43.4603973, -19.7613055], [-43.4607889, -19.7608562], [-43.4610229, -19.7606246], [-43.4612462, -19.7604309], [-43.4616619, -19.7601532], [-43.4622788, -19.7598452], [-43.4626751, -19.7597033], [-43.4631794, -19.7595751], [-43.4639318, -19.7594338], [-43.4654237, -19.7591549], [-43.4669647, -19.7588482], [-43.4679705, -19.7586513], [-43.4686618, -19.758544], [-43.469314, -19.75841], [-43.4696678, -19.7583035], [-43.470174, -19.758095], [-43.470709, -19.757793], [-43.4713382, -19.7572808], [-43.4718404, -19.7567469], [-43.4727041, -19.7556268], [-43.4729154, -19.7553426], [-43.4738476, -19.7543348], [-43.4748642, -19.7532264], [-43.4751162, -19.7530088], [-43.4754624, -19.7527816], [-43.4760159, -19.7525181], [-43.4765889, -19.7523411], [-43.477169, -19.7522933], [-43.4778258, -19.7522692], [-43.4794086, -19.752268], [-43.4804817, -19.7522693], [-43.4808335, -19.7522271], [-43.4811036, -19.7521514], [-43.4815036, -19.7520181], [-43.481757, -19.7519075], [-43.4820548, -19.7517825], [-43.4828058, -19.751424], [-43.4834717, -19.7510709], [-43.4840148, -19.7507797], [-43.4843351, -19.7506098], [-43.4850422, -19.7502772], [-43.4853623, -19.7501266], [-43.4872619, -19.7492185], [-43.4875626, -19.7490838], [-43.4878887, -19.7489809], [-43.4885085, -19.7488289], [-43.4889429, -19.7487587], [-43.4894122, -19.7487284], [-43.4905601, -19.7487035], [-43.4909793, -19.7486182], [-43.4915839, -19.748359], [-43.4917804, -19.7482261], [-43.4920659, -19.7479099], [-43.492397, -19.7474141], [-43.4928538, -19.7466989], [-43.4931067, -19.7464122], [-43.4933488, -19.7462603], [-43.4937805, -19.7460506], [-43.496724, -19.7446151], [-43.4977752, -19.7440034], [-43.4981668, -19.7437686], [-43.498891, -19.7433199], [-43.4991724, -19.7431537], [-43.4992202, -19.7431255], [-43.4995124, -19.7429937], [-43.4998485, -19.7428461], [-43.5000493, -19.7427859], [-43.5002844, -19.7427336], [-43.5007869, -19.7426818], [-43.5011328, -19.7426921], [-43.501472, -19.7427619], [-43.5020486, -19.7429279], [-43.5025942, -19.7430183], [-43.5030958, -19.7430514], [-43.5036262, -19.7429901], [-43.5040053, -19.7428686], [-43.5043754, -19.7426956], [-43.5047979, -19.7424111], [-43.5058011, -19.7411273], [-43.5059871, -19.7409006], [-43.5066859, -19.7400566], [-43.5071403, -19.7395933], [-43.5073572, -19.7394365], [-43.5082672, -19.7388989], [-43.5092784, -19.7383917], [-43.5104004, -19.7378749], [-43.5108764, -19.7376705], [-43.5113653, -19.7375581], [-43.5118163, -19.7374998], [-43.5122783, -19.7374754], [-43.5129927, -19.7374719], [-43.5136951, -19.7376059], [-43.5142155, -19.7378112], [-43.5147255, -19.7379917], [-43.5151238, -19.7382208], [-43.5155261, -19.7384648], [-43.5174774, -19.7400878], [-43.5181104, -19.740628], [-43.5198592, -19.7420746], [-43.5203379, -19.7424651], [-43.520633, -19.7427575], [-43.5208265, -19.7430117], [-43.5210442, -19.7434107], [-43.5211882, -19.7439541], [-43.5213175, -19.7454979], [-43.5213156, -19.7463031], [-43.5213652, -19.7467677], [-43.5215051, -19.7472412], [-43.5216632, -19.7476581], [-43.5220222, -19.7483147], [-43.5225205, -19.748959], [-43.5232845, -19.7499531], [-43.5236173, -19.7503073], [-43.5241114, -19.7508332], [-43.5247018, -19.7514262], [-43.5250905, -19.7516892], [-43.5256095, -19.7520896], [-43.5283918, -19.7536716], [-43.5293115, -19.7541137], [-43.5296002, -19.7542294], [-43.5299693, -19.7543069], [-43.5301856, -19.7543142], [-43.5305199, -19.7542951], [-43.5308517, -19.7542283], [-43.5311274, -19.7541522], [-43.5312909, -19.754096], [-43.533923, -19.7526453], [-43.5342061, -19.7524666], [-43.5344723, -19.7522985], [-43.53469, -19.7522024], [-43.5348631, -19.7521038], [-43.5351405, -19.7519925], [-43.5355221, -19.7518788], [-43.5360535, -19.7517968], [-43.5365359, -19.751795], [-43.5368771, -19.7518461], [-43.5372027, -19.7519352], [-43.5374992, -19.7520605], [-43.5378369, -19.752194], [-43.5378796, -19.7522077], [-43.5381806, -19.7522958], [-43.5385082, -19.7524072], [-43.5387404, -19.7524347], [-43.5390053, -19.7524264], [-43.5395106, -19.7523587], [-43.5398557, -19.7522485], [-43.540398, -19.7519817], [-43.5418683, -19.750965], [-43.5436011, -19.7495058], [-43.5466432, -19.747039], [-43.5494077, -19.7447973], [-43.5499281, -19.7443379], [-43.5513201, -19.7433836], [-43.5514452, -19.7433328], [-43.5537049, -19.7421889], [-43.5551906, -19.7413463], [-43.5555649, -19.7410246], [-43.5558584, -19.7406495], [-43.556115, -19.7403272], [-43.5563655, -19.739881], [-43.5569689, -19.7386753], [-43.5575563, -19.7374609], [-43.5578484, -19.7368648], [-43.5578916, -19.7367868], [-43.5580015, -19.736494], [-43.558192, -19.7361456], [-43.5584092, -19.7356382], [-43.5586426, -19.7351407], [-43.5588209, -19.7346181], [-43.5592299, -19.7332837], [-43.5600266, -19.730667], [-43.5600931, -19.7304741], [-43.5601615, -19.7302818], [-43.5602476, -19.7300889], [-43.5603577, -19.7298721], [-43.5605019, -19.7296412], [-43.5606576, -19.7294141], [-43.5608317, -19.7291979], [-43.5610067, -19.7290094], [-43.5612018, -19.728821], [-43.5614076, -19.7286353], [-43.5616145, -19.7284604], [-43.562163, -19.728113], [-43.5627115, -19.7278342], [-43.5653065, -19.7270269], [-43.5672056, -19.726242], [-43.569763, -19.7248802], [-43.5712624, -19.7240773], [-43.571485, -19.7239612], [-43.5716298, -19.7239157], [-43.5718524, -19.7238425], [-43.5721234, -19.7237718], [-43.5723943, -19.7237516], [-43.5727108, -19.7237794], [-43.5728809, -19.7238116], [-43.5730313, -19.7238362], [-43.573978, -19.7239611], [-43.5741935, -19.7239728], [-43.5748222, -19.724007], [-43.5749444, -19.723989], [-43.575282, -19.723936], [-43.5760384, -19.7237244], [-43.5764441, -19.7236174], [-43.5768016, -19.7235621], [-43.5772162, -19.7235913], [-43.5776707, -19.7236198], [-43.5805901, -19.7237978], [-43.5811147, -19.7238297], [-43.5815714, -19.7239116], [-43.5820398, -19.7240021], [-43.5824687, -19.7241302], [-43.5829038, -19.7242751], [-43.5832788, -19.7244325], [-43.58374, -19.7246353], [-43.5853776, -19.7253205], [-43.5857314, -19.7254336], [-43.5861071, -19.7255568], [-43.5864552, -19.7256516], [-43.58687, -19.7257648], [-43.5880816, -19.7259978], [-43.5891795, -19.7262188], [-43.5897041, -19.7263291], [-43.5898972, -19.7263769], [-43.5899831, -19.726393], [-43.5900258, -19.7264007], [-43.590161, -19.7264253], [-43.5905053, -19.7264977], [-43.5907138, -19.7265378], [-43.5909705, -19.7265975], [-43.5921534, -19.7268472], [-43.592578, -19.7270088], [-43.5927874, -19.7271407], [-43.5930403, -19.7273131], [-43.5933906, -19.7275742], [-43.5935327, -19.7277231], [-43.5937044, -19.7279024], [-43.5938734, -19.7280968], [-43.5940531, -19.728319], [-43.5942274, -19.7285689], [-43.5943455, -19.7287911], [-43.594434, -19.7289779], [-43.5945198, -19.7292001], [-43.5947666, -19.7298717], [-43.5948363, -19.7300636], [-43.5949221, -19.7302302], [-43.5950616, -19.7304701], [-43.5951769, -19.7306342], [-43.5953164, -19.7308059], [-43.5954478, -19.7309573], [-43.5955927, -19.7311139], [-43.5957134, -19.7312351], [-43.5958743, -19.7313664], [-43.5960406, -19.7314825], [-43.596297, -19.7316419], [-43.5965352, -19.7317864], [-43.5967824, -19.7319201], [-43.5970409, -19.7320522], [-43.5972677, -19.7321791], [-43.5975125, -19.7323368], [-43.5977474, -19.7324935], [-43.5979644, -19.7326627], [-43.5981627, -19.7328476], [-43.5983458, -19.7330542], [-43.5985359, -19.7332947], [-43.598721, -19.7335632], [-43.5989248, -19.733932], [-43.5993137, -19.7346167], [-43.599435, -19.7348432], [-43.5995408, -19.7350381], [-43.5996928, -19.7353233], [-43.5998241, -19.7355515], [-43.5999563, -19.7357544], [-43.6001269, -19.7359572], [-43.6003407, -19.7361882], [-43.6005653, -19.7364012], [-43.6008037, -19.7366074], [-43.6010372, -19.7367605], [-43.6016116, -19.7370709], [-43.6019049, -19.7371738], [-43.6021731, -19.7372559], [-43.6024443, -19.7373148], [-43.6028067, -19.7373586], [-43.6030975, -19.7373663], [-43.6033402, -19.737365], [-43.6036005, -19.7373624], [-43.6040229, -19.7373751], [-43.6042812, -19.7374017], [-43.6045059, -19.7374383], [-43.6047256, -19.7374996], [-43.6049705, -19.7375876], [-43.6051903, -19.7377013], [-43.6054002, -19.7378321], [-43.6056592, -19.7380488], [-43.6058575, -19.7382474], [-43.606014, -19.7384669], [-43.6061682, -19.738754], [-43.6064867, -19.7395738], [-43.6067341, -19.740056], [-43.6069753, -19.7403628], [-43.6072291, -19.7405959], [-43.6075002, -19.7407719], [-43.607812, -19.7408975], [-43.6080801, -19.7409714], [-43.6084165, -19.7410103], [-43.6089265, -19.7410308], [-43.6094343, -19.7410261], [-43.6098139, -19.7410603], [-43.6102412, -19.7411326], [-43.6106173, -19.7412179], [-43.6110516, -19.7413388], [-43.6121037, -19.7416523], [-43.6124883, -19.7417772], [-43.6127962, -19.7419014], [-43.613078, -19.7420231], [-43.613358, -19.7421802], [-43.6136289, -19.7423708], [-43.6139162, -19.7426086], [-43.6152693, -19.7437458], [-43.6153551, -19.7438183], [-43.6176534, -19.7457606], [-43.6179449, -19.7459736], [-43.6183676, -19.7463353], [-43.6189068, -19.7466326], [-43.6198985, -19.7468773], [-43.6202766, -19.7469035], [-43.6204849, -19.7469154], [-43.6219185, -19.7469596], [-43.6223947, -19.7470113], [-43.6227943, -19.7470845], [-43.6230904, -19.7471724], [-43.6233201, -19.7472688], [-43.6236258, -19.7474127], [-43.6239127, -19.7475579], [-43.6241502, -19.7476954], [-43.6244586, -19.7479378], [-43.6247268, -19.7482104], [-43.6251023, -19.7486825], [-43.6254135, -19.7491293], [-43.6257474, -19.7495774], [-43.626025, -19.7498728], [-43.6263898, -19.7501063], [-43.6268967, -19.7503209], [-43.6276156, -19.7505481], [-43.6280635, -19.7507147], [-43.6283747, -19.7508913], [-43.628781, -19.7512133], [-43.629013, -19.7514745], [-43.6292732, -19.751939], [-43.6306465, -19.7548345], [-43.6309483, -19.7554479], [-43.6312412, -19.7559289], [-43.6314833, -19.7562065], [-43.6317341, -19.756417], [-43.6320867, -19.7566318], [-43.6325363, -19.7568013], [-43.6330516, -19.7569059], [-43.6340511, -19.7569964], [-43.6350855, -19.7570832], [-43.6354767, -19.7571207], [-43.6357495, -19.7571772], [-43.636037, -19.7572706], [-43.6363694, -19.7574508], [-43.6367144, -19.7577134], [-43.6370085, -19.757994], [-43.6372366, -19.7582525], [-43.6386331, -19.7599943], [-43.6389682, -19.7603856], [-43.6391682, -19.7606352], [-43.639434, -19.7609558], [-43.639648, -19.7612311], [-43.6405062, -19.7623047], [-43.6408159, -19.7626777], [-43.6409338, -19.7628275], [-43.6410284, -19.7629467], [-43.6421719, -19.7643535], [-43.6424536, -19.7646665], [-43.6429149, -19.7651714], [-43.6431644, -19.7655298], [-43.6448515, -19.7671957], [-43.6451787, -19.7675138], [-43.6456548, -19.7679442], [-43.645758, -19.7680389], [-43.646029, -19.7682736], [-43.6463173, -19.7685209], [-43.6464574, -19.768644], [-43.6466137, -19.7687885], [-43.6472976, -19.7693842], [-43.6473352, -19.7694154], [-43.6480702, -19.7700253], [-43.6486357, -19.7705929], [-43.6490201, -19.771051], [-43.6491188, -19.7711687], [-43.6495104, -19.771772], [-43.6499667, -19.7725593], [-43.6500023, -19.772631], [-43.650139, -19.7728815], [-43.6503173, -19.7732034], [-43.6504975, -19.7735187], [-43.6506611, -19.7737534], [-43.6508793, -19.7740727], [-43.6513934, -19.7746545], [-43.6520237, -19.7752628], [-43.6526835, -19.7757575], [-43.6533487, -19.7761866], [-43.6537591, -19.7764162], [-43.6544823, -19.7768068], [-43.6550173, -19.7770834], [-43.6554649, -19.7773148], [-43.6557975, -19.777552], [-43.6560872, -19.7778019], [-43.6563742, -19.7781654], [-43.6565325, -19.7784329], [-43.6567068, -19.778862], [-43.6568825, -19.7792696], [-43.6570179, -19.7795081], [-43.6572339, -19.7797832], [-43.6574015, -19.7799498], [-43.6576362, -19.7801328], [-43.6578736, -19.7802779], [-43.6581472, -19.7804104], [-43.6610761, -19.7815601], [-43.6629403, -19.7822744], [-43.6641459, -19.7827489], [-43.6664526, -19.7835906], [-43.6667557, -19.7836991], [-43.6670306, -19.7838241], [-43.6672184, -19.7839427], [-43.6674249, -19.7840903], [-43.6675979, -19.7842455], [-43.667893, -19.7846077], [-43.6682993, -19.7851516], [-43.6686802, -19.7856513], [-43.6689927, -19.7859706], [-43.66934, -19.7863012], [-43.6716118, -19.7879455], [-43.6718184, -19.7881449], [-43.671982, -19.7883847], [-43.6721107, -19.7886295], [-43.6722261, -19.7889147], [-43.6722904, -19.7891645], [-43.6723119, -19.7894674], [-43.6722823, -19.790018], [-43.6721322, -19.7910309], [-43.6720732, -19.7917552], [-43.6720705, -19.792106], [-43.6721979, -19.7927533], [-43.6724541, -19.7933616], [-43.6728282, -19.7939382], [-43.6730361, -19.7941931], [-43.6732332, -19.794366], [-43.6735431, -19.7945341], [-43.6740105, -19.7947292], [-43.6746106, -19.7949339], [-43.6756392, -19.7952809], [-43.6763969, -19.7955194], [-43.6770822, -19.795725], [-43.677392, -19.795773], [-43.6777997, -19.7957604], [-43.678143, -19.7957149], [-43.6785226, -19.795587], [-43.678838, -19.7954768], [-43.6791012, -19.7953175], [-43.6792481, -19.7952102], [-43.6793943, -19.7950714], [-43.6795171, -19.794927], [-43.6797108, -19.7946184], [-43.6797953, -19.7944379], [-43.6799112, -19.7940307], [-43.6799347, -19.7938916], [-43.6799817, -19.7929868], [-43.6800072, -19.7927496], [-43.6800756, -19.7925287], [-43.6801842, -19.792323], [-43.680424, -19.7920107], [-43.6806093, -19.7918025], [-43.6808896, -19.7914927], [-43.6814314, -19.7908296], [-43.681692, -19.7905221], [-43.6819753, -19.7902006], [-43.6820517, -19.7901053], [-43.6821784, -19.789933], [-43.6822609, -19.7897702], [-43.6823367, -19.789591], [-43.6824118, -19.7893481], [-43.682458, -19.7891021], [-43.6824735, -19.7889431], [-43.6824714, -19.7886736], [-43.6824385, -19.7883291], [-43.6824238, -19.78809], [-43.6824272, -19.7879323], [-43.6824661, -19.7877689], [-43.682513, -19.7876218], [-43.68257, -19.7875209], [-43.6826458, -19.7874061], [-43.6827692, -19.7872761], [-43.6829824, -19.7871234], [-43.6831326, -19.787054], [-43.6833264, -19.7869953], [-43.6835296, -19.7869524], [-43.683889, -19.7868824], [-43.6849196, -19.7866874], [-43.6859241, -19.7864905], [-43.6865075, -19.7863732], [-43.6867985, -19.7863542], [-43.686944, -19.7863694], [-43.6872102, -19.7864047]]}}, {"type": "Feature", "properties": {"ref": "BR-381", "highway": "trunk", "name": "Rodovia Fern\u00e3o Dias"}, "geometry": {"type": "LineString", "coordinates": [[-43.3717744, -19.8356136], [-43.372115, -19.8354925], [-43.3722638, -19.8354382], [-43.3723671, -19.8353953], [-43.3725295, -19.8353147], [-43.3726649, -19.8352388], [-43.3727548, -19.8351708], [-43.3728665, -19.835066], [-43.3730194, -19.8349271], [-43.3731735, -19.8347301], [-43.3733718, -19.8344355], [-43.3736193, -19.8340863], [-43.374023, -19.8335419], [-43.3741732, -19.8333318], [-43.3744081, -19.8329707], [-43.374627, -19.8326489], [-43.3749354, -19.8322982], [-43.3750051, -19.8322174], [-43.3750909, -19.8321316], [-43.3752908, -19.8319651], [-43.3753404, -19.8319248], [-43.3755308, -19.831781], [-43.3757226, -19.8316813], [-43.3759785, -19.8315577], [-43.3763248, -19.8314655], [-43.3772206, -19.8313293], [-43.37768, -19.8312686], [-43.3782117, -19.8312195], [-43.3788322, -19.8311603], [-43.3792893, -19.8310544], [-43.3797649, -19.830924]]}}, {"type": "Feature", "properties": {"ref": "BR-381", "highway": "trunk", "name": "Rodovia Fern\u00e3o Dias"}, "geometry": {"type": "LineString", "coordinates": [[-43.1907025, -19.8389868], [-43.1905308, -19.8388948], [-43.1903994, -19.8388367], [-43.1903149, -19.8388014], [-43.1901658, -19.8387647], [-43.1900569, -19.838733], [-43.1899658, -19.8386687], [-43.1899031, -19.8385792], [-43.1898761, -19.8384751], [-43.1898093, -19.8383132], [-43.189745, -19.8381921], [-43.1896926, -19.8381088], [-43.1894915, -19.8378729], [-43.1893881, -19.8377694], [-43.1892648, -19.8376522], [-43.1891125, -19.8375412], [-43.1889631, -19.837439], [-43.1887968, -19.8373607], [-43.188652, -19.8373115], [-43.1884669, -19.8372775], [-43.1876265, -19.8372362], [-43.1867194, -19.8372258], [-43.1864968, -19.8372661], [-43.1863385, -19.8373267], [-43.1861776, -19.8373948], [-43.1860422, -19.8374945], [-43.1857941, -19.8377114], [-43.1856546, -19.8378376], [-43.1853434, -19.8380546], [-43.1850135, -19.8382123], [-43.1848499, -19.8382728], [-43.1845282, -19.8383758], [-43.1844314, -19.8384034], [-43.1828825, -19.8388456], [-43.1827082, -19.8388922], [-43.1826869, -19.8388962], [-43.1825872, -19.8389253], [-43.1822985, -19.8390638], [-43.1821972, -19.8391206], [-43.1821154, -19.8391792], [-43.1819746, -19.8392846], [-43.1818793, -19.8393425], [-43.1818204, -19.8393943], [-43.1817459, -19.8394296], [-43.1816387, -19.8394457], [-43.1815468, -19.8394322], [-43.1814167, -19.8393893], [-43.1812484, -19.8393823], [-43.1811585, -19.8393836], [-43.1810392, -19.8393994], [-43.1806844, -19.8394675]]}}, {"type": "Feature", "properties": {"ref": "BR-381", "highway": "trunk", "name": "Rodovia Fern\u00e3o Dias"}, "geometry": {"type": "LineString", "coordinates": [[-43.118372, -19.8613551], [-43.1180785, -19.8612682], [-43.1179828, -19.8612519], [-43.1178753, -19.8612456], [-43.1175152, -19.8612509], [-43.1172544, -19.861285], [-43.1170296, -19.8613272], [-43.1167951, -19.8613456], [-43.1164987, -19.861312], [-43.1162668, -19.8612477], [-43.1161153, -19.8611756], [-43.1159594, -19.8610788], [-43.1157316, -19.8608992], [-43.1152802, -19.8605213], [-43.1149197, -19.8602432], [-43.114692, -19.8600842]]}}, {"type": "Feature", "properties": {"ref": "BR-381", "highway": "trunk", "name": "Rodovia Fern\u00e3o Dias"}, "geometry": {"type": "LineString", "coordinates": [[-43.0463432, -19.7726957], [-43.0464117, -19.7725447], [-43.0466135, -19.7722883], [-43.046783, -19.7720271], [-43.0468332, -19.7719362], [-43.0469502, -19.7716897], [-43.0470431, -19.7714362], [-43.0470328, -19.7705046], [-43.0469875, -19.7684318], [-43.0470019, -19.767613], [-43.0471033, -19.7667787], [-43.0474218, -19.7653856], [-43.0474821, -19.7651315], [-43.0477646, -19.7639715], [-43.0479473, -19.7630597], [-43.0479768, -19.762706], [-43.047941, -19.7624515], [-43.0478259, -19.7621297], [-43.047556, -19.7617064], [-43.0473005, -19.7615134], [-43.0470922, -19.7614214], [-43.0468543, -19.7613711], [-43.0464954, -19.7613824], [-43.046131, -19.76144], [-43.0452722, -19.7617176], [-43.0447044, -19.7618461], [-43.0444462, -19.7618801], [-43.0441138, -19.761883], [-43.0436303, -19.7617914], [-43.0432346, -19.7617076], [-43.0429531, -19.7616434], [-43.0426605, -19.7616174], [-43.0423699, -19.7616397], [-43.0420062, -19.7617691], [-43.0416065, -19.7619523], [-43.0410034, -19.7623342], [-43.0404208, -19.7627008], [-43.0402713, -19.7627746], [-43.0399543, -19.7629223], [-43.0395064, -19.7630132], [-43.039096, -19.762993], [-43.0388331, -19.7629425], [-43.0386427, -19.7628718], [-43.0384041, -19.7627554], [-43.038173, -19.7626293], [-43.0378291, -19.7623847], [-43.0375332, -19.7621176], [-43.0357533, -19.7605776], [-43.03508, -19.7600883], [-43.0347774, -19.759976], [-43.0343938, -19.759952], [-43.0341978, -19.759952], [-43.0339464, -19.7600001], [-43.0335628, -19.7602006], [-43.033256, -19.7604573], [-43.0325784, -19.7610068], [-43.032263, -19.7612073], [-43.0319519, -19.7612956], [-43.0316578, -19.7613236], [-43.0313339, -19.7612554], [-43.0309674, -19.761091], [-43.0304609, -19.7607689], [-43.0296972, -19.7601727], [-43.0290299, -19.7595214], [-43.0289222, -19.7594086], [-43.0287756, -19.7592443], [-43.0285255, -19.7589217], [-43.0280855, -19.7583028], [-43.0277, -19.7576116], [-43.0275312, -19.7573204], [-43.0273954, -19.7570817], [-43.0271671, -19.7567372], [-43.0271064, -19.7566385], [-43.0269731, -19.7563926], [-43.0268564, -19.7559944], [-43.0268257, -19.7557247], [-43.0268517, -19.7555202], [-43.0270262, -19.7547661], [-43.0271186, -19.7544293], [-43.0271706, -19.7540814], [-43.0271725, -19.7538298], [-43.0271397, -19.7535598], [-43.0270351, -19.7531735], [-43.0268634, -19.7528984], [-43.0266247, -19.7527166], [-43.0262454, -19.7524651], [-43.0260008, -19.7522777], [-43.0258233, -19.7521223], [-43.0256421, -19.7518165], [-43.0255053, -19.7514599], [-43.0252322, -19.7506647]]}}, {"type": "Feature", "properties": {"ref": "BR-381", "highway": "trunk", "name": "Rodovia Fern\u00e3o Dias"}, "geometry": {"type": "LineString", "coordinates": [[-42.9578535, -19.6559862], [-42.9573074, -19.6557455], [-42.9527745, -19.6537779], [-42.9519805, -19.6534116], [-42.9515431, -19.653205], [-42.9506073, -19.6526828], [-42.9503824, -19.6525378], [-42.9502259, -19.6524334], [-42.9499203, -19.6522698], [-42.9494405, -19.6520653], [-42.9490918, -19.6519693], [-42.9486975, -19.6519415], [-42.9482633, -19.6518768], [-42.9479095, -19.6518377], [-42.947434, -19.6517802], [-42.9471889, -19.6516889], [-42.9468602, -19.6516157], [-42.9465652, -19.6515449], [-42.9462943, -19.6515222], [-42.9461038, -19.6515323], [-42.9458544, -19.6515626], [-42.9453289, -19.651762], [-42.9447654, -19.6520274], [-42.9444918, -19.6521208], [-42.9441029, -19.6521638], [-42.9437917, -19.6521865], [-42.9433519, -19.6521486], [-42.9424775, -19.6519895], [-42.9420429, -19.6517773], [-42.9417613, -19.6515399], [-42.9415977, -19.6513454], [-42.9414395, -19.651118], [-42.9410698, -19.6504262], [-42.9407513, -19.6500617], [-42.9404506, -19.649836], [-42.9401169, -19.6496773], [-42.9396649, -19.6495908], [-42.9393841, -19.6495915], [-42.9390795, -19.6496258], [-42.937844, -19.6500579], [-42.9371434, -19.6502107], [-42.9363552, -19.6502441], [-42.9355046, -19.6503111], [-42.9346898, -19.6502884], [-42.9344194, -19.6502072], [-42.9341063, -19.650054], [-42.9338627, -19.6499245], [-42.9336376, -19.6496986], [-42.9335098, -19.6495719], [-42.9333769, -19.6494084], [-42.9330962, -19.6489127], [-42.9329477, -19.6487], [-42.9327521, -19.6485248], [-42.9325008, -19.6483407], [-42.9321732, -19.6481941], [-42.9315998, -19.6479668], [-42.9312276, -19.6477596], [-42.9309883, -19.6475292], [-42.9306527, -19.647058], [-42.9302466, -19.6465889], [-42.929914, -19.6462554], [-42.9296458, -19.6460634], [-42.9293165, -19.6458545], [-42.9255822, -19.6451566], [-42.9246193, -19.645101], [-42.9237637, -19.6451743], [-42.923364, -19.6451364], [-42.9230341, -19.645053], [-42.922668, -19.6448396], [-42.9224722, -19.6447107], [-42.9223703, -19.6446122], [-42.9222455, -19.6444707], [-42.9221932, -19.6443545], [-42.9221852, -19.6442598], [-42.9221745, -19.6441576], [-42.9220913, -19.644035], [-42.921917, -19.6438405], [-42.9217775, -19.6437217], [-42.9216568, -19.6435955], [-42.9214383, -19.6433895], [-42.9212129, -19.6431748], [-42.9209179, -19.6429842], [-42.9206577, -19.6428667], [-42.9203868, -19.6427707], [-42.9201695, -19.6427088], [-42.9199603, -19.642681], [-42.9198262, -19.6427088], [-42.9196783, -19.6427691], [-42.9194653, -19.6428579], [-42.9193729, -19.6428869], [-42.919173, -19.6428894], [-42.9189586, -19.6428275], [-42.9185589, -19.6426229], [-42.9183483, -19.6425206], [-42.9181337, -19.6423741], [-42.9179728, -19.6422288], [-42.917769, -19.6420217], [-42.9174122, -19.6415165], [-42.9168999, -19.6407485], [-42.9166279, -19.6403656], [-42.9163142, -19.6399921], [-42.9160102, -19.6397334], [-42.9158002, -19.6396117], [-42.9154971, -19.6394905], [-42.9152624, -19.6394336], [-42.9150814, -19.6394109], [-42.9148319, -19.6394134], [-42.9144403, -19.6394627], [-42.9140608, -19.6395688], [-42.9138221, -19.6396875], [-42.9135096, -19.6399237], [-42.9132266, -19.6402698], [-42.9130282, -19.6405843], [-42.9128525, -19.6410857], [-42.9126663, -19.6417783], [-42.9124392, -19.6425125], [-42.9122741, -19.6430782], [-42.9121254, -19.6436749], [-42.9118738, -19.6443392], [-42.9116665, -19.6447701], [-42.911451, -19.6451545], [-42.9110244, -19.6458017], [-42.9106253, -19.6462655], [-42.910194, -19.6465486], [-42.9099181, -19.6466646], [-42.9097036, -19.6467152], [-42.9094434, -19.646748], [-42.9091765, -19.6467531], [-42.9088479, -19.6467152], [-42.9084577, -19.6466472], [-42.9074597, -19.6464417], [-42.9059306, -19.6461405], [-42.9056789, -19.6460799], [-42.9054469, -19.6460003], [-42.9052202, -19.6458942], [-42.9050459, -19.6457957], [-42.9048286, -19.645629], [-42.9046731, -19.6454686], [-42.9045349, -19.6452854], [-42.9044411, -19.6451452], [-42.9043512, -19.6449709], [-42.904264, -19.6447448], [-42.904209, -19.644544], [-42.9041608, -19.6442964], [-42.904138, -19.6440577], [-42.9041259, -19.6433296], [-42.9041272, -19.6431003], [-42.9041179, -19.6428768], [-42.9040975, -19.6427125], [-42.9040293, -19.642508], [-42.9039529, -19.6423261], [-42.9038671, -19.6421682], [-42.9037437, -19.6420065], [-42.9036082, -19.6418764], [-42.9034325, -19.6417438], [-42.9032595, -19.6416276], [-42.9030865, -19.6415493], [-42.9028974, -19.6414786], [-42.9026547, -19.6414192], [-42.9024285, -19.6413833], [-42.901714, -19.6412921], [-42.9011956, -19.6412209], [-42.9008523, -19.6411257], [-42.9005304, -19.6409253], [-42.9001267, -19.6405788], [-42.8995596, -19.6399962], [-42.8992018, -19.6395306], [-42.899057, -19.6392004], [-42.8990028, -19.6390519], [-42.8989439, -19.6385752], [-42.898982, -19.6379902], [-42.8991514, -19.6367267], [-42.8992877, -19.6360446], [-42.8993636, -19.6356431], [-42.8994092, -19.6351833], [-42.8993878, -19.6347387], [-42.8993288, -19.6343446], [-42.8992108, -19.6339959], [-42.8990498, -19.6336069], [-42.898854, -19.6333139], [-42.8984651, -19.632892], [-42.897875, -19.6323766], [-42.8973854, -19.6320234], [-42.8971796, -19.6319777], [-42.8969687, -19.6320089], [-42.8967658, -19.6319743], [-42.8965935, -19.6318915], [-42.8960425, -19.631613], [-42.8956783, -19.6316111], [-42.8951311, -19.6318114], [-42.8948937, -19.6319869], [-42.8946577, -19.6322086], [-42.8945303, -19.6323855], [-42.894372, -19.632628], [-42.8941548, -19.632945], [-42.8939895, -19.6331159], [-42.8937413, -19.6332959], [-42.893503, -19.63342], [-42.8931932, -19.6335374], [-42.892919, -19.6336025], [-42.8927272, -19.6336423], [-42.8923456, -19.6337181], [-42.8919621, -19.6338002], [-42.891596, -19.633881], [-42.8907544, -19.6340573], [-42.890173, -19.6340945], [-42.8897922, -19.6340351], [-42.8894649, -19.6339189], [-42.8891605, -19.6337635], [-42.8888708, -19.6335172], [-42.8885168, -19.6330827], [-42.8881493, -19.6325686], [-42.8878959, -19.6320179], [-42.8877322, -19.6316579], [-42.8874975, -19.6313572], [-42.8873594, -19.6312145], [-42.8871556, -19.631049], [-42.8868364, -19.6308709], [-42.8864622, -19.6307269], [-42.8853831, -19.6306045], [-42.8842651, -19.6305755], [-42.8832483, -19.6305855], [-42.882577, -19.6305425], [-42.8822592, -19.6304907], [-42.8819574, -19.6304162], [-42.8816222, -19.6303796], [-42.8813016, -19.6303935], [-42.8809648, -19.6304507], [-42.8806568, -19.6305151], [-42.8802636, -19.630545], [-42.8798988, -19.6305311], [-42.8794938, -19.6304705], [-42.8789829, -19.630372], [-42.8785725, -19.6303695], [-42.8780602, -19.630444], [-42.8759653, -19.6308459], [-42.8753118, -19.6309336]]}}, {"type": "Feature", "properties": {"ref": "BR-381", "highway": "trunk", "name": "Rodovia Fern\u00e3o Dias"}, "geometry": {"type": "LineString", "coordinates": [[-42.8722408, -19.6276106], [-42.8724596, -19.6277439], [-42.8726634, -19.6278929], [-42.8729224, -19.6281324], [-42.8730803, -19.6283539], [-42.8732403, -19.6286036], [-42.8734535, -19.6291695], [-42.873601, -19.6296659], [-42.873947, -19.6307497], [-42.8741737, -19.6313231], [-42.8744084, -19.6317084], [-42.8747423, -19.6320596], [-42.8751366, -19.6323071], [-42.875502, -19.632445], [-42.8758876, -19.6325282], [-42.8762577, -19.6325711], [-42.877281, -19.6325484], [-42.8779476, -19.6325289]]}}, {"type": "Feature", "properties": {"ref": "BR-381", "highway": "trunk", "name": "Rodovia Fern\u00e3o Dias"}, "geometry": {"type": "LineString", "coordinates": [[-42.8705421, -19.6266832], [-42.8703492, -19.6262312], [-42.8701195, -19.6256755], [-42.8698634, -19.6252839], [-42.8695925, -19.6250275], [-42.8693228, -19.6248408], [-42.8689647, -19.6246396], [-42.8686671, -19.6245386], [-42.8682916, -19.6244881], [-42.8679214, -19.624507], [-42.867558, -19.6245828], [-42.8633577, -19.6257803], [-42.8627072, -19.6259041], [-42.8621949, -19.6259357], [-42.861633, -19.6258662], [-42.8611864, -19.6257349], [-42.8603965, -19.6253635], [-42.8585203, -19.6242569], [-42.85813, -19.624094], [-42.8578269, -19.6240106], [-42.8574984, -19.6239474], [-42.8568587, -19.6238754], [-42.8564698, -19.623787], [-42.8561278, -19.6236518], [-42.8558005, -19.6234687], [-42.8555189, -19.6232464], [-42.8552306, -19.6229446], [-42.8549114, -19.6225667], [-42.8546458, -19.6222926], [-42.8544112, -19.6221057], [-42.8539217, -19.6217962], [-42.8535783, -19.6215877], [-42.8533047, -19.6213705], [-42.8530647, -19.621114], [-42.8526945, -19.6206896], [-42.8523013, -19.6202494], [-42.851588, -19.6194297], [-42.851336, -19.6191371], [-42.8510612, -19.6188254], [-42.8509308, -19.6186927], [-42.850648, -19.6185623], [-42.8504234, -19.6184903], [-42.8501632, -19.6184442], [-42.8498192, -19.6183994], [-42.8496093, -19.6183981], [-42.8494703, -19.6184076]]}}, {"type": "Feature", "properties": {"ref": "BR-381", "highway": "trunk", "name": "Rodovia Fern\u00e3o Dias"}, "geometry": {"type": "LineString", "coordinates": [[-42.8490157, -19.6182205], [-42.8489663, -19.6181599], [-42.8488912, -19.6180879], [-42.8488067, -19.6180411], [-42.8486652, -19.6180273], [-42.8482012, -19.6180911], [-42.8479725, -19.6181479], [-42.847652, -19.6182667], [-42.8473677, -19.6184284], [-42.8470714, -19.6186461], [-42.8467749, -19.6189931], [-42.8465677, -19.6192268], [-42.8463464, -19.6194453], [-42.8461459, -19.6196057], [-42.8459273, -19.619751], [-42.845588, -19.6198937], [-42.8452608, -19.6199898], [-42.8448839, -19.6200516], [-42.8445219, -19.620058], [-42.8430037, -19.619991], [-42.8424981, -19.6200466], [-42.8420475, -19.620207], [-42.8417163, -19.6204054], [-42.8414091, -19.6206656], [-42.8408581, -19.6212401], [-42.8394082, -19.6228282], [-42.8386854, -19.6236683], [-42.8384828, -19.6238666], [-42.838208, -19.6241205], [-42.8380332, -19.6242784], [-42.8377717, -19.624439], [-42.8370831, -19.6248132], [-42.8357886, -19.6255295]]}}, {"type": "Feature", "properties": {"ref": "BR-381", "highway": "trunk", "name": "Rodovia Fern\u00e3o Dias"}, "geometry": {"type": "LineString", "coordinates": [[-42.7980742, -19.6182123], [-42.7986832, -19.6184114], [-42.7993129, -19.6186861], [-42.7996592, -19.6188819], [-42.8000508, -19.6190992], [-42.8013757, -19.6198445], [-42.8019941, -19.6202816], [-42.8024495, -19.6207175], [-42.8031796, -19.6214602], [-42.8037039, -19.62222], [-42.8042189, -19.6229614], [-42.8049977, -19.6240961], [-42.8053547, -19.6246547], [-42.8057922, -19.6254791], [-42.8062995, -19.6270445], [-42.8064181, -19.6275682], [-42.8064243, -19.6281427], [-42.8065136, -19.6287412], [-42.8066048, -19.6290381], [-42.8068666, -19.6298553], [-42.8070523, -19.6307265], [-42.8071761, -19.6311627], [-42.8072105, -19.6322062], [-42.8072341, -19.632784], [-42.8074501, -19.6369639], [-42.8075663, -19.6372807], [-42.8075915, -19.637353], [-42.8077816, -19.637616], [-42.8080498, -19.6378852], [-42.8082774, -19.6380597], [-42.80885, -19.6384488], [-42.8091405, -19.6385962], [-42.8094556, -19.6388535], [-42.8097397, -19.6387764], [-42.8100206, -19.6386429], [-42.8102902, -19.6384699], [-42.8105062, -19.63842], [-42.8107961, -19.6383643], [-42.8110104, -19.6383896], [-42.811209, -19.6384356], [-42.8117345, -19.6385166], [-42.8132822, -19.6390522], [-42.8137301, -19.6392379], [-42.8141311, -19.6393191], [-42.814579, -19.6392467], [-42.8150202, -19.6392454], [-42.815326, -19.6392909], [-42.8156143, -19.6393876], [-42.8166766, -19.6397939], [-42.816956, -19.639935], [-42.8171399, -19.6399309], [-42.8174712, -19.6398347], [-42.817883, -19.6396983], [-42.8180986, -19.6396403], [-42.8184379, -19.6396104], [-42.8193765, -19.6395444], [-42.8197781, -19.6395181], [-42.8199966, -19.6394313], [-42.8201611, -19.6393421], [-42.820513, -19.6389241], [-42.8211129, -19.6382173], [-42.821357, -19.6379318], [-42.8216198, -19.6376716], [-42.8219551, -19.6375024], [-42.822406, -19.6374097], [-42.8228241, -19.6373344], [-42.8230486, -19.6373195], [-42.82347, -19.6372604], [-42.8240051, -19.6371717], [-42.8259483, -19.6368497], [-42.8263306, -19.6367804], [-42.8267419, -19.636707], [-42.8271915, -19.6366517], [-42.8275075, -19.6366577], [-42.8278895, -19.6367186], [-42.8289114, -19.6369927], [-42.8291407, -19.6370439], [-42.8293043, -19.6370445], [-42.8295511, -19.6370116], [-42.8297657, -19.6369258], [-42.8298912, -19.6368458], [-42.8299836, -19.6367628], [-42.8301217, -19.6365888], [-42.8302789, -19.6362945], [-42.8304612, -19.6360419], [-42.830561, -19.635926], [-42.8307066, -19.635816], [-42.8309646, -19.6356367], [-42.8311988, -19.6355008], [-42.8314839, -19.6353304], [-42.8317688, -19.6350477], [-42.8319741, -19.6348062], [-42.8325819, -19.6340901], [-42.8328056, -19.633745], [-42.8329048, -19.6335637], [-42.8329957, -19.6333137], [-42.8330662, -19.633093], [-42.8331152, -19.632876], [-42.8331871, -19.6320736], [-42.8333503, -19.6297899], [-42.8333849, -19.629191], [-42.8334269, -19.6287842], [-42.8334457, -19.6286174], [-42.8334914, -19.6284431], [-42.8335959, -19.628044], [-42.8337213, -19.6276934], [-42.8339197, -19.6273061], [-42.8341037, -19.6269538], [-42.8342427, -19.6267659], [-42.8344289, -19.6264963], [-42.8347036, -19.6262199], [-42.8348672, -19.6260747], [-42.8351207, -19.6258612], [-42.8353806, -19.6256727]]}}, {"type": "Feature", "properties": {"ref": "BR-381", "highway": "trunk", "name": "Rodovia Fern\u00e3o Dias"}, "geometry": {"type": "LineString", "coordinates": [[-42.5762532, -19.5170233], [-42.5759823, -19.5165746], [-42.5758857, -19.5163078], [-42.5758106, -19.5159969], [-42.575688, -19.5149727], [-42.57562, -19.5143283], [-42.5754497, -19.5134885], [-42.5753324, -19.5130042], [-42.5751028, -19.5124327], [-42.5747069, -19.5117147], [-42.5743741, -19.5112271], [-42.5741534, -19.5109626], [-42.5724664, -19.5091278], [-42.5711159, -19.5076565], [-42.5707766, -19.5072797], [-42.5703343, -19.5067548], [-42.570143, -19.5065301], [-42.5699943, -19.5063608], [-42.5695382, -19.505799], [-42.5694426, -19.5056927], [-42.5689073, -19.5048989], [-42.5686711, -19.5045563], [-42.5684191, -19.5041379], [-42.5679365, -19.503312], [-42.5672411, -19.5019556], [-42.5669909, -19.5014098], [-42.5666133, -19.5004928], [-42.5663198, -19.4998257], [-42.565718, -19.4985426], [-42.5650422, -19.4971483], [-42.5646158, -19.4961113], [-42.5643019, -19.4953592], [-42.564166, -19.4950338], [-42.5639605, -19.4946148], [-42.5638825, -19.4944558], [-42.5636721, -19.4939985], [-42.563476, -19.493577], [-42.5630723, -19.4926448], [-42.5628344, -19.4921828], [-42.5627675, -19.4920529], [-42.5626465, -19.4918178], [-42.5625741, -19.4916728], [-42.5621805, -19.4909726], [-42.561872, -19.4904935], [-42.5616239, -19.4901509], [-42.5613342, -19.4898082], [-42.5610325, -19.4894656], [-42.5608461, -19.4892456], [-42.5605416, -19.4889587], [-42.5603002, -19.4887349], [-42.5601085, -19.4885781], [-42.5598791, -19.4883935], [-42.5595546, -19.4881495], [-42.5591376, -19.487871], [-42.5588182, -19.4876715], [-42.558267, -19.4873858], [-42.5575094, -19.4869889], [-42.5572506, -19.4868726], [-42.5569877, -19.4867462], [-42.5566216, -19.4865603], [-42.5562447, -19.4863416], [-42.5557324, -19.4860394], [-42.5549184, -19.4855577], [-42.5547657, -19.4854723], [-42.553879, -19.4849882], [-42.5529915, -19.4845586], [-42.5526122, -19.4843784], [-42.5520531, -19.4841642], [-42.551896, -19.484104], [-42.5517661, -19.4840518], [-42.5506706, -19.4836659], [-42.5498255, -19.4833468], [-42.5493891, -19.4831742], [-42.5489356, -19.4829875], [-42.5477328, -19.4824115], [-42.5472602, -19.4821867], [-42.5468153, -19.481976], [-42.5464108, -19.4817613], [-42.5461511, -19.4816107], [-42.5459105, -19.4814442], [-42.5456359, -19.4811953], [-42.5453868, -19.4809083], [-42.5452463, -19.4807116], [-42.5449813, -19.4802486], [-42.5446231, -19.4796076], [-42.5441854, -19.4788362], [-42.5439649, -19.4783745], [-42.5438435, -19.4781494], [-42.5435787, -19.4776108], [-42.5428712, -19.4762839], [-42.5423603, -19.4752812], [-42.5422463, -19.4750789], [-42.5421457, -19.4749057], [-42.5417246, -19.4741016], [-42.5415435, -19.4737728], [-42.5412941, -19.4733859], [-42.5406933, -19.4725009], [-42.5399061, -19.4716638], [-42.5394622, -19.4711732], [-42.5389336, -19.4706417], [-42.5386199, -19.4702957], [-42.5382471, -19.4698734], [-42.5379413, -19.4694852], [-42.5373841, -19.4686774], [-42.5370239, -19.4681391], [-42.5366552, -19.4675557], [-42.5358734, -19.4663419], [-42.5356664, -19.4660404], [-42.5354111, -19.4656597], [-42.5349842, -19.4650231], [-42.534803, -19.4647447], [-42.5344235, -19.4641656], [-42.5342009, -19.4638305], [-42.533997, -19.4635181], [-42.5339023, -19.4633747], [-42.5337744, -19.4631907], [-42.5335431, -19.4629276], [-42.533421, -19.4628035], [-42.5332305, -19.4626646], [-42.5331548, -19.4625913], [-42.5330007, -19.4624752], [-42.5325903, -19.4622703], [-42.5323677, -19.4621894], [-42.5320391, -19.4620996], [-42.5315282, -19.4620035], [-42.5311004, -19.4618897], [-42.5306442, -19.4617381]]}}, {"type": "Feature", "properties": {"ref": "BR-381", "highway": "trunk", "name": "Rodovia Fern\u00e3o Dias"}, "geometry": {"type": "LineString", "coordinates": [[-42.4091529, -19.3233682], [-42.4091101, -19.3233786], [-42.4090692, -19.3233798], [-42.4086133, -19.3232311], [-42.4083437, -19.3231261], [-42.4080609, -19.3229698], [-42.4074326, -19.3224881], [-42.4071416, -19.3222576], [-42.4070225, -19.3221579], [-42.4065574, -19.3217264], [-42.406208, -19.3213923], [-42.4060263, -19.3212404], [-42.4050365, -19.3203596], [-42.4039918, -19.3194369], [-42.4026842, -19.318303], [-42.4007598, -19.3166602], [-42.3999968, -19.3160423], [-42.3997043, -19.3157971], [-42.3972809, -19.3136544], [-42.3956247, -19.3123584], [-42.394128, -19.3112661], [-42.3933595, -19.3106763], [-42.3918843, -19.3096461], [-42.3917188, -19.3095409], [-42.3902375, -19.3085323], [-42.3899934, -19.3083424], [-42.3895012, -19.3079957], [-42.3889889, -19.3076134], [-42.3884363, -19.3071666], [-42.3880541, -19.3068274]]}}, {"type": "Feature", "properties": {"ref": "BR-381", "highway": "trunk", "name": "Rodovia Fern\u00e3o Dias"}, "geometry": {"type": "LineString", "coordinates": [[-41.9783861, -18.8455685], [-41.9786927, -18.845515], [-41.978988, -18.8455015], [-41.9795899, -18.8456009], [-41.9796483, -18.8456219], [-41.9798377, -18.8457056], [-41.9803674, -18.8459569], [-41.9804459, -18.8459942], [-41.9810946, -18.8462948], [-41.9811164, -18.846305], [-41.9820064, -18.8467226], [-41.9825039, -18.8469378], [-41.9827749, -18.8470679], [-41.9829101, -18.8471448], [-41.982986, -18.847213], [-41.9830953, -18.8473381]]}}, {"type": "Feature", "properties": {"ref": "BR-381", "highway": "trunk", "name": "Rodovia Fern\u00e3o Dias"}, "geometry": {"type": "LineString", "coordinates": [[-41.9641156, -18.8365166], [-41.9639258, -18.8364049], [-41.9638225, -18.8363535], [-41.963675, -18.8363015], [-41.9635952, -18.8362831], [-41.9634869, -18.8362537], [-41.9633829, -18.8362477], [-41.9633159, -18.836221], [-41.9632591, -18.836178], [-41.9632169, -18.836122], [-41.9631983, -18.8360789], [-41.9631869, -18.8360046], [-41.9631994, -18.8359305], [-41.9632347, -18.8358632], [-41.9632895, -18.8358089], [-41.9633588, -18.8357724], [-41.9633995, -18.8357616], [-41.9634618, -18.835757], [-41.9635234, -18.8357665], [-41.9635809, -18.8357894], [-41.9636312, -18.8358245], [-41.9636713, -18.8358698], [-41.9636991, -18.8359227], [-41.9637132, -18.8359828], [-41.9637085, -18.8360586], [-41.96368, -18.8361296], [-41.9636302, -18.8361892], [-41.9635638, -18.8362319], [-41.9634869, -18.8362537]]}}, {"type": "Feature", "properties": {"ref": "BR-381", "highway": "trunk", "name": "Rodovia Fern\u00e3o Dias"}, "geometry": {"type": "LineString", "coordinates": [[-41.9631983, -18.8360789], [-41.9631325, -18.8359239], [-41.9630581, -18.8358008], [-41.9630008, -18.8357319], [-41.9629451, -18.8356757], [-41.9627859, -18.8355177], [-41.9622957, -18.8351674], [-41.9619021, -18.8348628], [-41.9610599, -18.8342205], [-41.9603135, -18.8336779], [-41.9601694, -18.8335738], [-41.9598059, -18.8333085], [-41.9597098, -18.833239], [-41.9595223, -18.8331041], [-41.9592547, -18.8328991], [-41.9587096, -18.8324796], [-41.9578942, -18.831864], [-41.9567999, -18.8310574], [-41.954581, -18.8293984], [-41.9532097, -18.8283632], [-41.9520362, -18.8275001], [-41.9516145, -18.827184], [-41.9512457, -18.8269212], [-41.9511652, -18.8268565], [-41.950614, -18.8264503], [-41.9501701, -18.826119], [-41.9499354, -18.8259553], [-41.9498274, -18.825888], [-41.9497088, -18.8258163], [-41.9495921, -18.8257515], [-41.9494231, -18.8256798], [-41.949293, -18.8256303], [-41.949122, -18.8255751], [-41.9489577, -18.8255008], [-41.9488929, -18.8254903], [-41.9486842, -18.8254564], [-41.9483435, -18.8254437], [-41.9479425, -18.8254691], [-41.9472478, -18.8255833], [-41.946867, -18.8256366], [-41.9465411, -18.8256608], [-41.9462246, -18.8256493], [-41.945904, -18.8256062], [-41.9456613, -18.8255414], [-41.9453931, -18.8254399], [-41.9451396, -18.825313], [-41.9447322, -18.8250417], [-41.9443593, -18.8246756], [-41.9432645, -18.8233429], [-41.9427481, -18.8228437], [-41.9422125, -18.8224002], [-41.9416061, -18.82196], [-41.9409715, -18.821644], [-41.9403315, -18.8213783], [-41.9396253, -18.8211538], [-41.9389262, -18.8210225], [-41.9381453, -18.820919], [-41.9353462, -18.8208008], [-41.9345612, -18.8207982], [-41.9339422, -18.8208806], [-41.9334191, -18.8210404], [-41.932914, -18.8212701], [-41.9323483, -18.8216696], [-41.9319498, -18.8220568], [-41.9310676, -18.822988], [-41.9306817, -18.8232963], [-41.9302412, -18.8235537], [-41.9296538, -18.8237721], [-41.9281353, -18.8241898], [-41.9274528, -18.824443], [-41.9255655, -18.8253306], [-41.9245007, -18.8258391], [-41.9234617, -18.8263234], [-41.9226808, -18.8266207], [-41.9225809, -18.8266588], [-41.9220238, -18.8268413], [-41.9210443, -18.8271232], [-41.9202859, -18.8272652], [-41.9178654, -18.8275706], [-41.9138431, -18.8279909], [-41.9130859, -18.828133], [-41.9122437, -18.8284191], [-41.9113403, -18.8288745], [-41.9106167, -18.8292049], [-41.9098069, -18.8294599], [-41.9094354, -18.829512], [-41.9090521, -18.829532], [-41.9086857, -18.8295209], [-41.9083571, -18.8294752], [-41.9079085, -18.8293876], [-41.9078008, -18.8293657], [-41.9069436, -18.8291489], [-41.9064407, -18.8290157], [-41.9062409, -18.8289712], [-41.9060844, -18.8289517], [-41.9060129, -18.8289408], [-41.9058674, -18.8289281], [-41.9055623, -18.8289135], [-41.9053631, -18.8289109], [-41.9049541, -18.8289357], [-41.9046933, -18.8289661], [-41.9039449, -18.8290798], [-41.9034854, -18.8291657], [-41.9033169, -18.8291975], [-41.9026588, -18.8292809], [-41.9022618, -18.8293381], [-41.9020191, -18.8293609], [-41.9016637, -18.8293761], [-41.9012935, -18.8293736], [-41.9004688, -18.8293013], [-41.8997617, -18.8292177], [-41.8991443, -18.8291411], [-41.8981897, -18.82902], [-41.8981534, -18.8290101], [-41.8980042, -18.8289696], [-41.8978187, -18.8289192], [-41.8975438, -18.8288189], [-41.8973011, -18.8287097], [-41.8968759, -18.8284508], [-41.896589, -18.8282287], [-41.8961893, -18.8278479], [-41.89528, -18.8269149], [-41.8948898, -18.8265125], [-41.894757, -18.8263741], [-41.8946095, -18.8262371], [-41.8942353, -18.8258969], [-41.8940747, -18.8257829], [-41.8937498, -18.8255871], [-41.8933743, -18.8254221], [-41.8930028, -18.8253028], [-41.8927449, -18.8252562], [-41.8924704, -18.825214], [-41.8921244, -18.8251962], [-41.8915236, -18.8252558], [-41.890959, -18.8254082], [-41.8903689, -18.8256747], [-41.8897828, -18.8259743], [-41.8895173, -18.8261232], [-41.889096, -18.8263519], [-41.8884674, -18.8266262], [-41.8881789, -18.8267296], [-41.8879167, -18.8268041], [-41.8876954, -18.8268387], [-41.8874532, -18.8268681], [-41.8872093, -18.8268781], [-41.8869587, -18.8268602], [-41.8866581, -18.8268324], [-41.8862909, -18.826745], [-41.8857269, -18.8265342], [-41.8852329, -18.8262656], [-41.8840417, -18.8256023], [-41.8837023, -18.8254526], [-41.8833609, -18.8253307], [-41.8830733, -18.825266], [-41.8827903, -18.825224], [-41.8824524, -18.8251949], [-41.8821189, -18.8251933], [-41.881871, -18.8252108], [-41.8816204, -18.8252416], [-41.8812729, -18.8253307], [-41.8809396, -18.8254371], [-41.8805983, -18.8255973], [-41.8802749, -18.8257845], [-41.8800699, -18.8259413], [-41.8798954, -18.8261019], [-41.8796575, -18.8263119], [-41.8794416, -18.8265325], [-41.8792485, -18.8268095], [-41.8790819, -18.8270842], [-41.8786919, -18.8277755], [-41.8783376, -18.8284709], [-41.8776401, -18.8297435], [-41.8774246, -18.8301746], [-41.8771773, -18.830626], [-41.8768237, -18.8311666], [-41.8766917, -18.8313271], [-41.8765376, -18.8314771], [-41.8761814, -18.8317891], [-41.8757817, -18.8321103], [-41.8749869, -18.8327119], [-41.873314, -18.833935], [-41.8727139, -18.8343907], [-41.8723254, -18.8347161], [-41.8720132, -18.8350669], [-41.8718322, -18.8353495], [-41.8716515, -18.8356809], [-41.8707924, -18.8378398], [-41.8700787, -18.8396257], [-41.869905, -18.8400325], [-41.8697404, -18.8404441], [-41.8695147, -18.8409832], [-41.8692928, -18.8416102], [-41.8691419, -18.8419687], [-41.8690158, -18.8422619], [-41.8688938, -18.8424466], [-41.8686041, -18.8428052], [-41.8682916, -18.8431783], [-41.8681991, -18.8432887], [-41.8677497, -18.843733], [-41.8672649, -18.8441673], [-41.8668464, -18.8444922], [-41.8664495, -18.8447765], [-41.8656984, -18.8452385], [-41.8654114, -18.845368], [-41.8650735, -18.8454898], [-41.864757, -18.8455355], [-41.8643949, -18.8455431], [-41.8640033, -18.8455152], [-41.8604482, -18.845208], [-41.8600873, -18.8452207], [-41.8596125, -18.845269], [-41.8591619, -18.8454289], [-41.858883, -18.8455863], [-41.8585906, -18.8458249], [-41.8583197, -18.8461701], [-41.85814, -18.846594], [-41.8580649, -18.8469824], [-41.8580461, -18.8473556], [-41.8581427, -18.8484927], [-41.8582017, -18.8490791], [-41.8582419, -18.8496376], [-41.8582044, -18.8500615], [-41.8580971, -18.8504828], [-41.8580164, -18.8507199], [-41.8574936, -18.8522571], [-41.8568901, -18.8540009], [-41.8566192, -18.854567], [-41.8562893, -18.8550289], [-41.8559111, -18.8553843], [-41.855388, -18.8557067], [-41.8547979, -18.8559376], [-41.8526736, -18.8566839], [-41.8519897, -18.8568768], [-41.851464, -18.8569326], [-41.851075, -18.8569453], [-41.8506164, -18.8568946], [-41.8492565, -18.8566407], [-41.8476901, -18.856359], [-41.8461334, -18.8561183], [-41.8445137, -18.8559982], [-41.8439996, -18.8560083], [-41.8435224, -18.8560613], [-41.8430525, -18.8561552], [-41.8425881, -18.8562584], [-41.8417802, -18.856483], [-41.8409815, -18.8567278], [-41.8401689, -18.8570695], [-41.8393841, -18.8574575], [-41.8382611, -18.8579885], [-41.8378249, -18.8582036], [-41.837198, -18.8585391], [-41.8349324, -18.8596803], [-41.8344408, -18.8598691], [-41.8339883, -18.8599087], [-41.833602, -18.859877], [-41.833199, -18.859835], [-41.832813, -18.859752], [-41.830928, -18.859186], [-41.830519, -18.859104], [-41.830091, -18.85908], [-41.828747, -18.859261], [-41.828311, -18.85938], [-41.8278939, -18.8595278], [-41.8275618, -18.859692], [-41.8272297, -18.8598932], [-41.8263351, -18.8605627], [-41.8262172, -18.8606509], [-41.8254447, -18.8612296], [-41.8251617, -18.8614212], [-41.8248519, -18.8616243], [-41.8245918, -18.8617601], [-41.8241639, -18.8619213], [-41.8236369, -18.8621129], [-41.8232118, -18.8622753], [-41.8228108, -18.8624555], [-41.8223374, -18.862722], [-41.8220168, -18.8629149], [-41.821753, -18.8630501], [-41.8216004, -18.863099], [-41.821416, -18.8631396], [-41.8212055, -18.8631599], [-41.8208823, -18.8631561], [-41.8196042, -18.8630177], [-41.8182604, -18.8628781], [-41.8176835, -18.8628043], [-41.8165545, -18.8626599], [-41.8164606, -18.8626548], [-41.8162756, -18.8626497], [-41.8161086, -18.8626541], [-41.8158833, -18.8626694], [-41.8157163, -18.8627062], [-41.8155648, -18.862755], [-41.8153274, -18.8628585], [-41.8151148, -18.8629917], [-41.8149063, -18.8631631], [-41.8146307, -18.8634867], [-41.8142518, -18.8639848], [-41.8140078, -18.8642361], [-41.8137375, -18.8644144], [-41.8134036, -18.8645546], [-41.8131213, -18.8646098], [-41.8128189, -18.8646187], [-41.8125708, -18.8645927], [-41.8122938, -18.8645203], [-41.8118969, -18.8643541], [-41.8115267, -18.8642031], [-41.8112277, -18.8641091], [-41.8109936, -18.8640679], [-41.810368, -18.8640298], [-41.8097189, -18.863986], [-41.8092663, -18.8639473], [-41.8089645, -18.8638934], [-41.8087889, -18.8638509], [-41.8082256, -18.8637075], [-41.8080325, -18.8636535], [-41.8077998, -18.863559], [-41.8075001, -18.8633959], [-41.8071453, -18.8631776], [-41.8069147, -18.8630266], [-41.8067839, -18.8629308], [-41.8064936, -18.8626719], [-41.8061657, -18.8623623], [-41.8058555, -18.8620637], [-41.8045168, -18.8607582], [-41.8041868, -18.8604453], [-41.8041499, -18.8604114], [-41.8038938, -18.8601756], [-41.8036779, -18.8599681], [-41.8024179, -18.858779], [-41.8019579, -18.858336], [-41.8014993, -18.8579007], [-41.7997498, -18.8562388], [-41.7971025, -18.8537094], [-41.7970421, -18.8536218], [-41.7969355, -18.8534968], [-41.7961362, -18.8527417], [-41.7961, -18.8527125], [-41.7953078, -18.8519646], [-41.7952206, -18.8518828], [-41.7948755, -18.8515491], [-41.7947622, -18.8514433], [-41.7942375, -18.8509509], [-41.7940729, -18.8508148], [-41.7936887, -18.8504572], [-41.7932622, -18.8500879], [-41.7930235, -18.849933], [-41.7926507, -18.8497414], [-41.7922068, -18.8496043], [-41.7917736, -18.8495548], [-41.7912975, -18.8495459], [-41.790914, -18.849577], [-41.7903152, -18.8497287], [-41.787867, -18.850395], [-41.7873533, -18.8505118], [-41.7870234, -18.8505448], [-41.7858392, -18.85056], [-41.7848133, -18.850574], [-41.7844858, -18.8505873], [-41.7839751, -18.8506133], [-41.7837189, -18.8506146], [-41.7834882, -18.8506082], [-41.7832898, -18.8505879], [-41.7831221, -18.8505613], [-41.7829762, -18.8505202], [-41.7828338, -18.85048], [-41.7825361, -18.8503544], [-41.7822558, -18.8501907], [-41.7820157, -18.8499914], [-41.7818172, -18.8497998], [-41.7815825, -18.8494685], [-41.781435, -18.8491728], [-41.7813183, -18.8488123], [-41.781262, -18.848278], [-41.7812473, -18.847448], [-41.781211, -18.8470989], [-41.7811118, -18.8466204], [-41.7809831, -18.8462562], [-41.7808007, -18.8459236], [-41.7805941, -18.8456127], [-41.7802911, -18.8452751], [-41.7799518, -18.8449876], [-41.7795789, -18.8447376], [-41.7766178, -18.8430603], [-41.7758989, -18.8426592], [-41.7753826, -18.8424345], [-41.7750634, -18.842333], [-41.774641, -18.842253], [-41.7742145, -18.8422112], [-41.7709181, -18.8421071], [-41.7703548, -18.8421579], [-41.7699297, -18.8422492], [-41.7693932, -18.8424054], [-41.7688166, -18.8425932], [-41.7676994, -18.8429537], [-41.7672005, -18.8431161], [-41.7667714, -18.8431263], [-41.7664254, -18.843012], [-41.7661276, -18.8427963], [-41.765952, -18.842489], [-41.765884, -18.842119], [-41.765748, -18.840876], [-41.765623, -18.840476], [-41.765447, -18.840099], [-41.76522, -18.839745], [-41.764941, -18.839423], [-41.758442, -18.833204], [-41.758074, -18.832944], [-41.757656, -18.832762], [-41.757211, -18.832646], [-41.755429, -18.832288], [-41.755012, -18.832117], [-41.75464, -18.831869], [-41.75433, -18.831565], [-41.750254, -18.826581], [-41.749925, -18.826359], [-41.749549, -18.826237], [-41.749144, -18.826231], [-41.748758, -18.826356], [-41.744781, -18.828425], [-41.744395, -18.82854], [-41.743974, -18.828568], [-41.743554, -18.828488], [-41.737351, -18.826008], [-41.736947, -18.825932], [-41.736542, -18.826004], [-41.7353281, -18.8264036], [-41.734388, -18.826713], [-41.733936, -18.826802], [-41.733476, -18.826784], [-41.733041, -18.826684], [-41.731258, -18.82614], [-41.7308, -18.826077], [-41.730345, -18.826109], [-41.729889, -18.82621], [-41.727632, -18.826876], [-41.72716, -18.826924], [-41.726711, -18.826873], [-41.726283, -18.826757], [-41.725888, -18.826569], [-41.724016, -18.825372], [-41.723289, -18.824835], [-41.722618, -18.824212], [-41.722032, -18.823495], [-41.721553, -18.822726], [-41.719651, -18.818745], [-41.719186, -18.817988], [-41.718632, -18.817275], [-41.718, -18.816619], [-41.717298, -18.816025], [-41.7153587, -18.8146964], [-41.7128845, -18.8130606], [-41.712521, -18.8129108], [-41.7121267, -18.8128372], [-41.7117432, -18.812827], [-41.7113543, -18.8128778], [-41.7110315, -18.8129719], [-41.7106657, -18.8131556], [-41.7083961, -18.8147287], [-41.7005222, -18.8201859], [-41.7002633, -18.8203433], [-41.699857, -18.8205477], [-41.6994962, -18.8206899], [-41.699059, -18.8208181], [-41.6985936, -18.8209107], [-41.6981041, -18.820945], [-41.6976535, -18.8209463], [-41.6969857, -18.8208727], [-41.6950732, -18.8205705], [-41.6943276, -18.8204842], [-41.6939762, -18.8204792], [-41.6934264, -18.8205579], [-41.6929275, -18.8207153], [-41.6901388, -18.8219245], [-41.6897043, -18.8221023], [-41.688994, -18.8224302], [-41.6886131, -18.8225787], [-41.6882004, -18.8227148], [-41.6879176, -18.8227869], [-41.6875596, -18.8228864], [-41.687016, -18.8230287], [-41.6863185, -18.8231715], [-41.6860602, -18.8231961], [-41.6859813, -18.8231931], [-41.6858946, -18.8231923], [-41.6853985, -18.8231093], [-41.6848849, -18.8230446], [-41.684678, -18.8230301], [-41.6737426, -18.8214128], [-41.6727841, -18.8212586], [-41.672194, -18.8211062], [-41.6705069, -18.8206239], [-41.6683665, -18.8199714], [-41.6675001, -18.8197581], [-41.6670415, -18.8196921], [-41.6665319, -18.8196769], [-41.6660705, -18.8197048], [-41.6656576, -18.8197768], [-41.6652286, -18.8199128], [-41.6648096, -18.8200908], [-41.6598612, -18.8224543], [-41.6590886, -18.8226878], [-41.6586546, -18.8227538], [-41.6582256, -18.8227748], [-41.6577634, -18.8227658], [-41.6573279, -18.8227184], [-41.6569148, -18.8226219], [-41.6565661, -18.8225191], [-41.6560659, -18.8223388], [-41.6548052, -18.8218577], [-41.6529066, -18.8211828], [-41.6519916, -18.8210408], [-41.6473016, -18.8206528], [-41.6463876, -18.8205118], [-41.6454836, -18.8202948], [-41.6446126, -18.8199968], [-41.6386636, -18.8173258], [-41.6375967, -18.8167538], [-41.6367568, -18.8161271], [-41.6360327, -18.8154175], [-41.6346706, -18.8137495], [-41.6342922, -18.8134273], [-41.6337875, -18.813177], [-41.6331726, -18.8130785], [-41.6293666, -18.8128478], [-41.6285976, -18.8127178], [-41.6282256, -18.8125938], [-41.6243566, -18.8107718], [-41.6239216, -18.8106758], [-41.6234866, -18.8106658], [-41.6230426, -18.8107168], [-41.6204566, -18.8111548], [-41.6195786, -18.8112328], [-41.6191376, -18.8112028], [-41.6187066, -18.8111268], [-41.6170246, -18.8106278], [-41.6161996, -18.8104698], [-41.6157776, -18.8104598], [-41.6153446, -18.8105158], [-41.6117276, -18.8113398], [-41.6109716, -18.8113748], [-41.6102376, -18.8112758], [-41.6094986, -18.8110678], [-41.6077826, -18.8102808], [-41.6074336, -18.8102158], [-41.6070846, -18.8102128], [-41.6067526, -18.8102608], [-41.6064316, -18.8103708], [-41.6061316, -18.8105368], [-41.6058686, -18.8107728], [-41.6053986, -18.8113358], [-41.6047996, -18.8118398], [-41.6040776, -18.8121928], [-41.6022036, -18.8127318], [-41.6019016, -18.8129388], [-41.6016876, -18.8132238], [-41.6014656, -18.8138528], [-41.6012966, -18.8141358], [-41.6005906, -18.8148188], [-41.6002246, -18.8153318], [-41.6000016, -18.8155298], [-41.5997396, -18.8156748], [-41.5994496, -18.8157338], [-41.5991546, -18.8157088], [-41.5988766, -18.8156368], [-41.5983056, -18.8154058], [-41.5980786, -18.8152288], [-41.5979426, -18.8149788], [-41.5978956, -18.8146778], [-41.5978916, -18.8143788], [-41.5978486, -18.8140788], [-41.5976956, -18.8137958], [-41.5974526, -18.8135888], [-41.5971526, -18.8134508], [-41.5962226, -18.8131038], [-41.5946006, -18.8123508], [-41.5939686, -18.8119738], [-41.5938446, -18.8117398], [-41.5937886, -18.8114748], [-41.5938196, -18.8111788], [-41.5939256, -18.8108888], [-41.5940986, -18.8106398], [-41.5943306, -18.8104368], [-41.5948716, -18.8102338], [-41.5950916, -18.8100998], [-41.5952536, -18.8098868], [-41.5954278, -18.8093785], [-41.5956035, -18.8091443], [-41.5959948, -18.8086619], [-41.5960877, -18.8084753], [-41.5961212, -18.8083153], [-41.5961359, -18.808064], [-41.5961252, -18.8076126], [-41.5961856, -18.8072794], [-41.5962593, -18.8070293], [-41.5965457, -18.8063349], [-41.5969681, -18.8053294], [-41.5974073, -18.804277], [-41.597758, -18.8034398], [-41.5982723, -18.8022483], [-41.5983179, -18.8020261], [-41.598326, -18.8017862], [-41.5983059, -18.8015005], [-41.5982308, -18.8012873], [-41.5981288, -18.8011108], [-41.5977996, -18.800775], [-41.5975776, -18.800563], [-41.5973805, -18.8002964], [-41.5972256, -18.799918], [-41.5968192, -18.7987202], [-41.596775, -18.7985951], [-41.5964645, -18.7976423], [-41.5962969, -18.7968844], [-41.5959643, -18.795074], [-41.5957832, -18.7940393], [-41.5954801, -18.7925411], [-41.594929, -18.7894521], [-41.5948532, -18.7891677], [-41.59476, -18.7888833], [-41.5945615, -18.7884999], [-41.5943871, -18.7881495], [-41.5940988, -18.7878511], [-41.5937662, -18.7875604], [-41.5933639, -18.7873229], [-41.5928838, -18.7871325], [-41.5912248, -18.786678], [-41.5880638, -18.7858076], [-41.5877192, -18.7857397], [-41.5873383, -18.7857467], [-41.5870138, -18.7858146], [-41.5866651, -18.7859492], [-41.5860334, -18.7862856], [-41.585853, -18.7863453], [-41.5855687, -18.786377], [-41.5853119, -18.7863669], [-41.5834491, -18.7861663], [-41.5826639, -18.7860825], [-41.5811189, -18.7859174], [-41.5808406, -18.7858666], [-41.580559, -18.7857524], [-41.5801339, -18.7854781], [-41.5796927, -18.7851258], [-41.5794868, -18.7849442], [-41.5792394, -18.7846452], [-41.5790851, -18.784378], [-41.5790007, -18.7841374], [-41.5789551, -18.7838498], [-41.5789685, -18.783599], [-41.5790087, -18.7833933], [-41.5791985, -18.7827274], [-41.579356, -18.7820202], [-41.5793943, -18.781671], [-41.5793272, -18.7812107], [-41.5791381, -18.7806889], [-41.5789403, -18.780367], [-41.5787076, -18.7800851], [-41.5783502, -18.7798204], [-41.5779707, -18.779628], [-41.5776133, -18.7795125], [-41.5772237, -18.7794636], [-41.5752228, -18.779522], [-41.5746662, -18.7794649], [-41.5738978, -18.7793176], [-41.5705946, -18.7786459], [-41.5700327, -18.778477], [-41.5694989, -18.7782599], [-41.5687251, -18.7777825], [-41.5681337, -18.7773089], [-41.5677863, -18.7769635], [-41.5675557, -18.776707], [-41.5672995, -18.7763249], [-41.5671158, -18.7760189], [-41.5669321, -18.7757065], [-41.5666001, -18.7749561], [-41.566456, -18.7745006], [-41.5662742, -18.7738635], [-41.5660958, -18.7730965], [-41.5660768, -18.773015], [-41.5660389, -18.7728521], [-41.5657532, -18.7716788], [-41.5655675, -18.7710363], [-41.5654012, -18.7706179], [-41.5652342, -18.7702694], [-41.5644322, -18.7689806], [-41.5637556, -18.7679311], [-41.5634512, -18.7674549], [-41.5632045, -18.7671025], [-41.5630127, -18.7669197], [-41.5627559, -18.7667222], [-41.5621135, -18.7663267], [-41.5617608, -18.766086], [-41.5615086, -18.7658492], [-41.5613993, -18.7657299], [-41.5611579, -18.7653521], [-41.5610379, -18.7650569], [-41.5597478, -18.7613039], [-41.5595352, -18.7606537], [-41.5595057, -18.7602632], [-41.5595211, -18.7599293], [-41.559564, -18.7596486], [-41.559676, -18.7592997], [-41.5599664, -18.7587534], [-41.5602352, -18.7582537], [-41.5603392, -18.7578911], [-41.5603325, -18.7575483], [-41.5603043, -18.7572587], [-41.5601984, -18.7569514], [-41.5600441, -18.7566568], [-41.5598068, -18.7563787], [-41.5589652, -18.7558028], [-41.558581, -18.755552], [-41.5566766, -18.7542516], [-41.5563668, -18.7540992], [-41.5561469, -18.7540319], [-41.5558659, -18.7539907], [-41.5556145, -18.7539862], [-41.5553094, -18.7540116], [-41.5524414, -18.7542669], [-41.5513431, -18.7543596], [-41.5509474, -18.7543786], [-41.5505666, -18.7543608], [-41.5501615, -18.7542821], [-41.5498075, -18.7541373], [-41.548567, -18.7534808], [-41.5483055, -18.7533817], [-41.5480573, -18.7533182], [-41.5459652, -18.752969], [-41.5456648, -18.7528814], [-41.5453738, -18.7527455], [-41.5451163, -18.7525779], [-41.5444015, -18.7519925], [-41.5433353, -18.7511937], [-41.5428391, -18.7508051], [-41.5425226, -18.750574], [-41.542182, -18.7503708], [-41.5416428, -18.7501269], [-41.5389475, -18.749025], [-41.5384993, -18.7488418], [-41.5381587, -18.7486487], [-41.5378878, -18.7484608], [-41.5376169, -18.7482119], [-41.5373513, -18.7479071], [-41.5371206, -18.7475667], [-41.5367505, -18.7469673], [-41.5365064, -18.7464746], [-41.5358761, -18.745197], [-41.5353343, -18.7441099], [-41.5350151, -18.7435994], [-41.5346959, -18.7432108], [-41.534299, -18.7428221], [-41.5337008, -18.7424005], [-41.5333143, -18.7421883], [-41.5331456, -18.7420957], [-41.5327594, -18.7419408], [-41.5323436, -18.7417909], [-41.5318555, -18.741669], [-41.5313807, -18.7416106], [-41.5281272, -18.7416741], [-41.5275693, -18.7416512], [-41.5270785, -18.7416131], [-41.5265393, -18.7415318], [-41.5234816, -18.7409603], [-41.5230256, -18.7408867], [-41.5225925, -18.7408498], [-41.5220842, -18.7408486], [-41.5215048, -18.7409044], [-41.5203568, -18.7410099], [-41.5176786, -18.7412105], [-41.5167144, -18.7412981], [-41.5163121, -18.7413159], [-41.5160345, -18.7413045], [-41.5155557, -18.7412346], [-41.5152767, -18.7411623], [-41.5148449, -18.7409946], [-41.5134072, -18.7402529], [-41.5124993, -18.7398008], [-41.5117081, -18.7393931], [-41.5098761, -18.738419], [-41.5069458, -18.736848], [-41.5063074, -18.7365305], [-41.5060151, -18.7364162], [-41.5057147, -18.7363578], [-41.5054008, -18.7363324], [-41.5051138, -18.7363654], [-41.5048108, -18.7364391], [-41.5044031, -18.7366143], [-41.5036279, -18.7372189], [-41.5033275, -18.7373992], [-41.5030861, -18.7375008], [-41.5027535, -18.7375592], [-41.5023673, -18.7375542], [-41.501973, -18.7374805], [-41.5000391, -18.7368861], [-41.4989582, -18.7365483], [-41.4987114, -18.7365127], [-41.4984351, -18.7364924], [-41.4980006, -18.7365407], [-41.4976412, -18.7366296], [-41.4948893, -18.7375567], [-41.4944169, -18.7377308], [-41.4940305, -18.7378871], [-41.4937718, -18.7380126], [-41.4937111, -18.7380485], [-41.4933014, -18.738367], [-41.4919361, -18.7397894], [-41.491617, -18.7401882], [-41.4913917, -18.740592], [-41.4912656, -18.7409197], [-41.4911529, -18.7413794], [-41.4907855, -18.7431422], [-41.4906541, -18.7436984], [-41.4904985, -18.7440896], [-41.4900962, -18.7448693], [-41.4898789, -18.7453545], [-41.4897367, -18.7457634], [-41.4896429, -18.7460479], [-41.4894819, -18.7471502], [-41.4894015, -18.7473864], [-41.4892405, -18.7477014], [-41.4880738, -18.7496571], [-41.4872476, -18.7510134], [-41.4869714, -18.7513537], [-41.4866656, -18.7516712], [-41.4863491, -18.7519455], [-41.4862329, -18.7520228], [-41.4860226, -18.7521628], [-41.4856209, -18.7523938], [-41.4846808, -18.7528598], [-41.4837138, -18.7533348], [-41.4835475, -18.7534262], [-41.4833477, -18.7535538], [-41.4831667, -18.7536903], [-41.4829977, -18.7538453], [-41.4828777, -18.7539926], [-41.4827637, -18.7541672], [-41.4824257, -18.7547012], [-41.4822842, -18.7549056], [-41.4820324, -18.7551898], [-41.4817666, -18.755411], [-41.4812985, -18.7557819], [-41.4811523, -18.7559292], [-41.481031, -18.7560815], [-41.4808895, -18.7562962], [-41.4807554, -18.7566225], [-41.480286, -18.7583699], [-41.4799727, -18.7595091], [-41.4797294, -18.760394], [-41.4796557, -18.7606042], [-41.479547, -18.7608645], [-41.4793868, -18.7611705], [-41.4791608, -18.7615153], [-41.4785492, -18.762302], [-41.4769654, -18.764234], [-41.4764638, -18.7648702], [-41.4763116, -18.7650968], [-41.4761929, -18.7653235], [-41.4761346, -18.7654867], [-41.4760789, -18.7657134], [-41.4760588, -18.7659229], [-41.4760762, -18.7662149], [-41.4761165, -18.766413], [-41.4762063, -18.7666644], [-41.4762948, -18.7668346], [-41.4763995, -18.7669844], [-41.4766087, -18.7672079], [-41.4768326, -18.7673781], [-41.4771223, -18.7675368], [-41.4775783, -18.7677197], [-41.4781073, -18.7679165], [-41.4796262, -18.7684853], [-41.4811215, -18.7690713], [-41.4813977, -18.769218], [-41.4815915, -18.7693628], [-41.4817505, -18.7695215], [-41.4818658, -18.7696656], [-41.4819811, -18.7698504], [-41.482075, -18.7700345], [-41.4821689, -18.7703316], [-41.482197, -18.7706287], [-41.4821488, -18.7714579], [-41.4821443, -18.7715738], [-41.4821421, -18.7718395], [-41.4821622, -18.7720852], [-41.4822708, -18.7724432], [-41.4824532, -18.7729568], [-41.4824975, -18.7731213], [-41.4825102, -18.7732076], [-41.4825122, -18.7733124], [-41.4825025, -18.7734102], [-41.4824824, -18.7734848], [-41.4824636, -18.7735333], [-41.4823635, -18.7737043], [-41.4817424, -18.7749271], [-41.4816505, -18.7750799], [-41.4815298, -18.7752284], [-41.481102, -18.7756595], [-41.4809676, -18.7757688], [-41.4807071, -18.7759414], [-41.4799775, -18.776349], [-41.4797053, -18.7764925], [-41.4795718, -18.7765915], [-41.4795162, -18.7766525], [-41.4793687, -18.7768378], [-41.4792674, -18.7769965], [-41.4792466, -18.7770416], [-41.4792372, -18.7770965], [-41.4792332, -18.7771572], [-41.4792426, -18.7773178], [-41.4792922, -18.7775781], [-41.4794243, -18.7781215], [-41.4794565, -18.7782618], [-41.4795068, -18.7784758], [-41.4795101, -18.7785129], [-41.4795078, -18.778545], [-41.4794974, -18.7785859], [-41.479477, -18.7786231], [-41.4791903, -18.7789341], [-41.4790498, -18.7790577], [-41.4789067, -18.7791836], [-41.4787357, -18.7793341], [-41.4786217, -18.7792338], [-41.4784238, -18.7790656], [-41.4783045, -18.7789824], [-41.4781483, -18.7788973], [-41.4779229, -18.7788186], [-41.4771686, -18.7786493], [-41.476779, -18.7785939], [-41.4765161, -18.7785685], [-41.4761943, -18.7785259], [-41.4759032, -18.7784701], [-41.4756095, -18.7784123], [-41.4754546, -18.7783628], [-41.4753685, -18.7783272], [-41.4751978, -18.778246], [-41.4750382, -18.7781863], [-41.4749383, -18.7781717], [-41.4748471, -18.7781729], [-41.4747224, -18.778185], [-41.4744951, -18.7782009], [-41.4744217, -18.7781898], [-41.474365, -18.7781749], [-41.4741933, -18.7780987], [-41.4738745, -18.7779323], [-41.4737615, -18.7778885], [-41.4736743, -18.7778733], [-41.4736277, -18.7778736], [-41.4735912, -18.777879], [-41.4735174, -18.7778965], [-41.4734497, -18.7779241], [-41.4733679, -18.7779704], [-41.473156, -18.7781349], [-41.4726068, -18.7785774], [-41.472348, -18.7787704], [-41.4722293, -18.7788434], [-41.4721039, -18.7788999], [-41.4719081, -18.7789646], [-41.4717884, -18.7789897], [-41.4716801, -18.7790052], [-41.4713824, -18.779023], [-41.4706649, -18.7790522], [-41.4698951, -18.7791309], [-41.4689778, -18.7792598], [-41.4687471, -18.7792871], [-41.4684957, -18.7792922], [-41.4682657, -18.7792636], [-41.4679699, -18.7791963], [-41.466651, -18.7788491], [-41.4652698, -18.7784438], [-41.4648351, -18.7782777], [-41.464465, -18.7780847], [-41.4640358, -18.7778422], [-41.4637421, -18.7776568], [-41.4634511, -18.7774117], [-41.4632781, -18.7772251], [-41.4631178, -18.7770143], [-41.4630125, -18.776827], [-41.46292, -18.776629], [-41.4628644, -18.7764829], [-41.462802, -18.7762106], [-41.4627698, -18.7759744], [-41.4627671, -18.7757344], [-41.462798, -18.7753954], [-41.4628865, -18.7747263], [-41.4629509, -18.7743949], [-41.4630394, -18.7741307], [-41.4631708, -18.773793], [-41.4632365, -18.7736089], [-41.463262, -18.7734603], [-41.4632607, -18.7732838], [-41.4632298, -18.7730819], [-41.4631212, -18.7724197], [-41.4630709, -18.772202], [-41.4630206, -18.7720737], [-41.4629475, -18.7719322], [-41.462857, -18.7718147], [-41.4627437, -18.7717011], [-41.4625794, -18.7716014], [-41.4623977, -18.771529], [-41.46222, -18.7714808], [-41.4613492, -18.7713409], [-41.4610264, -18.771289], [-41.460494, -18.7711912], [-41.4596719, -18.7710363], [-41.459228, -18.7709398], [-41.4590308, -18.7708573], [-41.4588819, -18.7707722], [-41.4587826, -18.7706988], [-41.4583924, -18.7703684], [-41.4571694, -18.7692859], [-41.4567348, -18.7688288], [-41.456472, -18.768519], [-41.4560609, -18.7679539], [-41.4549646, -18.766366], [-41.4548291, -18.7661438], [-41.4547353, -18.7659483], [-41.4546803, -18.7657591], [-41.4546601, -18.7655515], [-41.4546159, -18.7646746], [-41.4546122, -18.7646207], [-41.4545844, -18.764215], [-41.4545669, -18.7640604], [-41.4545475, -18.7639381], [-41.4543691, -18.7631375], [-41.4541187, -18.7621047], [-41.4540915, -18.7619928], [-41.4539688, -18.7615724], [-41.4538796, -18.7613699], [-41.453771, -18.7611877], [-41.4535658, -18.760921], [-41.4528577, -18.7600474], [-41.4527876, -18.7599705], [-41.452672, -18.759874], [-41.4525781, -18.7598042], [-41.4524983, -18.7597591], [-41.4523119, -18.7596689], [-41.4522557, -18.7596507], [-41.4520933, -18.7595978], [-41.4515904, -18.7594353], [-41.4499475, -18.75894], [-41.449627, -18.7588397], [-41.4491884, -18.7586543], [-41.4487821, -18.7584473], [-41.4483395, -18.7581578], [-41.4480498, -18.7579419], [-41.4477669, -18.7576968], [-41.4466795, -18.7567025], [-41.4452992, -18.7554403], [-41.4451993, -18.7553685], [-41.4451179, -18.7553222], [-41.4450243, -18.7552793], [-41.4449385, -18.7552523], [-41.4448775, -18.7552352], [-41.4447963, -18.7552218], [-41.4446009, -18.7552117], [-41.4444004, -18.7552291], [-41.4442116, -18.7552612], [-41.4433425, -18.7554642], [-41.4425641, -18.755646], [-41.4422717, -18.7556993], [-41.4419988, -18.7557247], [-41.4418231, -18.755719], [-41.4417024, -18.7556968], [-41.4416005, -18.7556714], [-41.4411787, -18.755538], [-41.4403935, -18.7552421], [-41.4395338, -18.7548574], [-41.4392416, -18.7547241], [-41.4378333, -18.7540815], [-41.4372526, -18.7538173], [-41.43668, -18.7535951], [-41.4355735, -18.7532941], [-41.4352182, -18.7532344], [-41.4350452, -18.7532211], [-41.4348487, -18.7532243], [-41.4346616, -18.753244], [-41.4344826, -18.7532846], [-41.4343096, -18.7533316], [-41.4341345, -18.7534027], [-41.433861, -18.7535418], [-41.4333084, -18.7539011], [-41.4330898, -18.7540357], [-41.4329959, -18.7540827], [-41.4327096, -18.7542034], [-41.4324991, -18.7542637], [-41.4322825, -18.7543066], [-41.4321242, -18.7543215], [-41.4319928, -18.7543266], [-41.431793, -18.7543183], [-41.4315576, -18.754285], [-41.4313967, -18.7542427], [-41.4312378, -18.7541894], [-41.4306752, -18.7539259], [-41.4306349, -18.7539119], [-41.430594, -18.753903], [-41.4305283, -18.7538932], [-41.4304586, -18.7538872], [-41.4299012, -18.7538695], [-41.4292315, -18.7538326], [-41.4282779, -18.7537843], [-41.4279185, -18.7537976], [-41.4276101, -18.7538415], [-41.4267343, -18.7540053], [-41.4262971, -18.7540624], [-41.4256883, -18.7540751], [-41.4227794, -18.7538795], [-41.4207356, -18.7537373], [-41.4200234, -18.7536091], [-41.4196077, -18.7535125], [-41.4176041, -18.7529766], [-41.4170918, -18.7528674], [-41.4163582, -18.7527493], [-41.4148763, -18.7525461], [-41.413452, -18.7521487], [-41.4128351, -18.7519709], [-41.4125629, -18.7518134], [-41.4123242, -18.7516039], [-41.4118789, -18.7512305], [-41.4116335, -18.7510667], [-41.411266, -18.7508584], [-41.4107403, -18.7505943], [-41.4104413, -18.7504101], [-41.4101744, -18.750193], [-41.4096192, -18.7495999], [-41.409414, -18.749412], [-41.4092504, -18.7493193], [-41.4090613, -18.7492697], [-41.4088802, -18.7492824], [-41.4087059, -18.7493472], [-41.4085758, -18.7494615], [-41.4084792, -18.7495986], [-41.4084162, -18.7497968], [-41.4084115, -18.7498553], [-41.408384, -18.7501955], [-41.4083491, -18.7509854], [-41.4082915, -18.7513105], [-41.4082097, -18.7515696], [-41.4080527, -18.7518058], [-41.40781, -18.7520674], [-41.4074828, -18.752268], [-41.4071569, -18.7523861], [-41.4068323, -18.7524103], [-41.4064971, -18.7523658], [-41.4061162, -18.7522172], [-41.40586, -18.7520356], [-41.4056401, -18.7518071], [-41.4054805, -18.7514908], [-41.4053343, -18.7510743], [-41.4049038, -18.7496367], [-41.4047804, -18.7492875], [-41.4046155, -18.7490221], [-41.4044546, -18.7488329], [-41.4035936, -18.7479668], [-41.4032824, -18.7477102], [-41.4031112, -18.7476335], [-41.4029592, -18.7475655], [-41.4024523, -18.7474423], [-41.4013177, -18.747234], [-41.4008081, -18.7471045], [-41.4002502, -18.7469178], [-41.3992605, -18.7465508], [-41.3987643, -18.7464111], [-41.397918, -18.7461812], [-41.3971603, -18.7459501], [-41.3968371, -18.7458104], [-41.3963194, -18.7455221], [-41.395268, -18.7448389], [-41.3949797, -18.7447093], [-41.3946269, -18.7446534], [-41.3939993, -18.7446369], [-41.3936104, -18.74459], [-41.3934386, -18.7445265], [-41.3933355, -18.7444884], [-41.3930324, -18.7443029], [-41.391824, -18.7432908], [-41.3915236, -18.7430774], [-41.3912702, -18.7429542], [-41.3908423, -18.7428082], [-41.3898043, -18.742525], [-41.389524, -18.7424183], [-41.3893966, -18.7423256], [-41.3892719, -18.7421846], [-41.3888066, -18.7414264], [-41.388415, -18.7408155], [-41.3881615, -18.7404549], [-41.3875486, -18.7396383], [-41.3869759, -18.7388724], [-41.3867922, -18.7386057], [-41.3865548, -18.7383263], [-41.3863201, -18.7381117], [-41.3860989, -18.7379479], [-41.3858293, -18.7378082], [-41.3840202, -18.7371427], [-41.3828145, -18.7366994], [-41.3824162, -18.73658], [-41.382042, -18.7365165], [-41.3816115, -18.7364949], [-41.3811596, -18.7365153], [-41.3803519, -18.7366155], [-41.3801873, -18.7366359], [-41.3797779, -18.7366731], [-41.3797541, -18.7366753], [-41.3794443, -18.7366791], [-41.379042, -18.736622], [-41.3786034, -18.7364607], [-41.3782145, -18.736213], [-41.3775614, -18.7357126], [-41.3773374, -18.7356008], [-41.3770075, -18.73555], [-41.3742328, -18.7353748], [-41.3732953, -18.7353087], [-41.3729024, -18.7352617], [-41.3725711, -18.7351665], [-41.3722909, -18.7350255], [-41.3720548, -18.7348375], [-41.3718617, -18.7346267], [-41.3716793, -18.7343994], [-41.3713004, -18.7338939], [-41.3710403, -18.7336335], [-41.3706493, -18.7333935], [-41.3702819, -18.7332767], [-41.3698199, -18.7332424], [-41.3694625, -18.7332894], [-41.3683748, -18.733598], [-41.3679517, -18.7336824], [-41.3672704, -18.7337631], [-41.3667618, -18.7338218], [-41.3665536, -18.7338996], [-41.3663256, -18.7340146], [-41.3659273, -18.7342794], [-41.3647418, -18.7350598], [-41.3636991, -18.7357304], [-41.3621186, -18.7367471], [-41.3615218, -18.7371751], [-41.3590837, -18.739336], [-41.3587879, -18.7395748], [-41.358519, -18.7397379], [-41.3582978, -18.7398389], [-41.3580249, -18.7399405], [-41.3576996, -18.7400358], [-41.3572913, -18.7400993], [-41.3554265, -18.7401602], [-41.3552997, -18.7401756], [-41.3552112, -18.7401863], [-41.3550362, -18.7402263], [-41.3548059, -18.7403231], [-41.3545796, -18.7404619], [-41.3538916, -18.7409089], [-41.3535469, -18.7411267], [-41.353223, -18.7413147], [-41.3528475, -18.7414766], [-41.3523278, -18.7416341], [-41.3519342, -18.7417096], [-41.3509861, -18.7418385], [-41.3506635, -18.7418925], [-41.3504677, -18.7419522], [-41.3502532, -18.7420887], [-41.348102, -18.744162], [-41.3479029, -18.7443112], [-41.3477077, -18.7444153], [-41.3474871, -18.7444693], [-41.3472471, -18.7444852], [-41.3469554, -18.7444249], [-41.346773, -18.7443525], [-41.3460709, -18.7438769], [-41.3455452, -18.7435257], [-41.3452233, -18.7433498], [-41.3447781, -18.7431377], [-41.3444576, -18.7430114], [-41.3440854, -18.742885], [-41.3437503, -18.742805], [-41.3435107, -18.7427478], [-41.3428952, -18.7426488], [-41.3421214, -18.7425332], [-41.3416654, -18.7424843], [-41.3414441, -18.7424977], [-41.3412154, -18.7425656], [-41.3409848, -18.7426894], [-41.3407715, -18.7428742], [-41.339217, -18.7446135], [-41.3390697, -18.7447957], [-41.3387663, -18.7452145], [-41.3385976, -18.7454923], [-41.3383532, -18.7459336], [-41.3381571, -18.746372], [-41.3377789, -18.7474194], [-41.3373403, -18.7486764], [-41.3372243, -18.7489846], [-41.3371351, -18.7491662], [-41.3370151, -18.7493523], [-41.3366577, -18.7497853], [-41.3356532, -18.7509372], [-41.3353926, -18.7512558], [-41.335263, -18.7514464], [-41.3351342, -18.7516547], [-41.3345642, -18.7527163], [-41.3339299, -18.7539316], [-41.3337824, -18.7542199], [-41.3336805, -18.7543913], [-41.3335705, -18.7545475], [-41.3334243, -18.7547037], [-41.3333998, -18.7547227], [-41.3332982, -18.7548015], [-41.33314, -18.7548764], [-41.3329697, -18.7549183], [-41.3327028, -18.7549399], [-41.3323514, -18.7548993], [-41.3313724, -18.7547139], [-41.3310505, -18.7546516], [-41.3307508, -18.7546129], [-41.3305248, -18.7546174], [-41.3303518, -18.7546478], [-41.3301373, -18.7547151], [-41.3288726, -18.7552091], [-41.3283107, -18.7554237], [-41.327844, -18.7555698], [-41.3274671, -18.7556549], [-41.327097, -18.7557196], [-41.3268046, -18.7557539], [-41.3255292, -18.7558288], [-41.3244563, -18.7559114], [-41.3242123, -18.755919], [-41.3240621, -18.7559469], [-41.3238797, -18.7560168], [-41.3236839, -18.7561349], [-41.3228966, -18.756747], [-41.3225064, -18.7570555], [-41.3222194, -18.7572435], [-41.3218841, -18.7573971], [-41.3215743, -18.7575051], [-41.3213047, -18.7575711], [-41.3209319, -18.7576181], [-41.3204826, -18.7576283], [-41.3189699, -18.7576003], [-41.3170011, -18.7575203], [-41.3158867, -18.7575076], [-41.3154387, -18.7575076], [-41.315019, -18.7575381], [-41.3146287, -18.7575991], [-41.313474, -18.7578467], [-41.3127686, -18.758013], [-41.3122241, -18.758121], [-41.311744, -18.7582061], [-41.311461, -18.7582302], [-41.3112304, -18.7582264], [-41.311182, -18.7582196], [-41.3109474, -18.7581692], [-41.310878, -18.7581427], [-41.310702, -18.7580753], [-41.3105169, -18.7580003], [-41.3102996, -18.7579102], [-41.3099147, -18.75774], [-41.3096827, -18.7576181], [-41.3094682, -18.7575152], [-41.3089746, -18.7572841], [-41.3087668, -18.7572232], [-41.3085656, -18.7572054], [-41.3084328, -18.7572213], [-41.3082102, -18.757279], [-41.3080761, -18.757326], [-41.3079506, -18.7573876], [-41.3079058, -18.7574238], [-41.3078568, -18.7574727], [-41.3077287, -18.7575825], [-41.3074029, -18.7587356], [-41.3073063, -18.7591026], [-41.3072386, -18.7593481], [-41.3072054, -18.7594722], [-41.3071185, -18.7597972], [-41.3069156, -18.7604928], [-41.3068564, -18.7607629], [-41.3068377, -18.7608191], [-41.3068214, -18.7608673], [-41.3067984, -18.7608608], [-41.3067744, -18.7608623], [-41.3067552, -18.7608701], [-41.3067394, -18.7608831], [-41.3067286, -18.7609001], [-41.3067256, -18.760909], [-41.3066861, -18.7610238], [-41.3065124, -18.7611737], [-41.306452, -18.7612385], [-41.3052396, -18.7624982], [-41.3047294, -18.7630416], [-41.3046415, -18.7631286], [-41.3040548, -18.7637597], [-41.3039227, -18.7639108], [-41.3038429, -18.7640112], [-41.3037483, -18.7641616], [-41.3036504, -18.7643585], [-41.303566, -18.7646035], [-41.3034479, -18.7651616], [-41.3033708, -18.7655965], [-41.3033178, -18.7658315], [-41.3032025, -18.7662327], [-41.3031495, -18.7663603], [-41.303059, -18.7665591], [-41.3029296, -18.7668676], [-41.3027915, -18.7672117], [-41.3026312, -18.7675673], [-41.3024616, -18.7679476], [-41.3023932, -18.7681012], [-41.3023187, -18.7682365], [-41.3022725, -18.7683012], [-41.301966, -18.7686041], [-41.3016757, -18.7688263], [-41.3008368, -18.7694796], [-41.3005632, -18.7697272], [-41.300354, -18.7699621], [-41.3002098, -18.7701951], [-41.3000556, -18.7705405], [-41.2998417, -18.771157], [-41.2990149, -18.7736095], [-41.2987909, -18.7741593], [-41.2985663, -18.7746031], [-41.2983913, -18.7749129], [-41.2979119, -18.775629], [-41.2971932, -18.7766635], [-41.2970408, -18.7768829], [-41.296261, -18.7780136], [-41.2952866, -18.7794243], [-41.2942292, -18.7809593], [-41.2938657, -18.7814926], [-41.2937075, -18.7817618], [-41.2935774, -18.7820449], [-41.2933508, -18.7824868], [-41.2931952, -18.7826861], [-41.2930302, -18.7828296], [-41.29288, -18.7829108], [-41.2923852, -18.7830873], [-41.2917401, -18.7832841], [-41.2913498, -18.7834314], [-41.2892805, -18.7843138], [-41.2889855, -18.784456], [-41.2888286, -18.7845716], [-41.2886435, -18.7847671], [-41.288382, -18.7850756], [-41.2881714, -18.7852813], [-41.287977, -18.785421], [-41.2862322, -18.7864253], [-41.2846363, -18.7873166], [-41.2842111, -18.7876023], [-41.2839872, -18.7877965], [-41.2830591, -18.7887361], [-41.2818521, -18.7900158], [-41.2812433, -18.790671], [-41.2810032, -18.7910531], [-41.2808409, -18.7913807], [-41.2806827, -18.7918479], [-41.2806076, -18.7920599], [-41.2804829, -18.7922567], [-41.2803353, -18.7924192], [-41.279127, -18.7935314], [-41.2787931, -18.793826], [-41.2784229, -18.7940977], [-41.2777416, -18.7944989], [-41.2772428, -18.7947401], [-41.2765762, -18.7949965], [-41.2763663, -18.7950556], [-41.2760183, -18.7951514], [-41.2755798, -18.7952339], [-41.2749521, -18.7953076], [-41.2740818, -18.7953165], [-41.2727163, -18.7952606], [-41.2698386, -18.7951428], [-41.269412, -18.7951768], [-41.2690473, -18.795253], [-41.2687106, -18.7953774], [-41.2683988, -18.7955336], [-41.2682171, -18.7956275], [-41.2669256, -18.7963563], [-41.2665702, -18.7965238], [-41.2663543, -18.7965962], [-41.2661807, -18.7966178], [-41.2660342, -18.7966008], [-41.2658071, -18.7965188], [-41.2656409, -18.7964578], [-41.2653686, -18.796336], [-41.2652385, -18.7963055], [-41.2650467, -18.7962941], [-41.2648456, -18.7963169], [-41.2639175, -18.7965911], [-41.2633905, -18.7967181], [-41.2629278, -18.7967867], [-41.2605259, -18.7970533], [-41.2601477, -18.7970571], [-41.2598245, -18.7970101], [-41.2578263, -18.7965038], [-41.2560976, -18.7960658], [-41.2557936, -18.7959128], [-41.2555626, -18.7956748], [-41.2554566, -18.7953278], [-41.2554236, -18.7949408], [-41.2554036, -18.7923228], [-41.2553606, -18.7919978], [-41.255308, -18.7918939], [-41.2552026, -18.7916858], [-41.2549186, -18.7914228], [-41.2541776, -18.7909148], [-41.2523416, -18.7895848], [-41.2521076, -18.7892508], [-41.2519826, -18.7888858], [-41.2518296, -18.7881538], [-41.2516436, -18.7878498], [-41.2513556, -18.7876198], [-41.2505856, -18.7873368], [-41.2502286, -18.7871498], [-41.2499186, -18.7869248], [-41.2496606, -18.7866458], [-41.2494766, -18.7863218], [-41.2493586, -18.7859618], [-41.2492906, -18.7855778], [-41.2493146, -18.7851918], [-41.2494016, -18.7847858], [-41.2496396, -18.7839798], [-41.2498336, -18.7831898], [-41.2498323, -18.7831636], [-41.2498283, -18.7830822], [-41.2498136, -18.7827818], [-41.2496476, -18.7824148], [-41.2485406, -18.7808888], [-41.2483976, -18.7805768], [-41.2483346, -18.7802558], [-41.2483326, -18.7799288], [-41.2485286, -18.7789438], [-41.2485016, -18.7785978], [-41.2483406, -18.7782738], [-41.2480876, -18.7779808], [-41.2472006, -18.7771098], [-41.2469306, -18.7767878], [-41.2467286, -18.7764148], [-41.2457826, -18.7734898], [-41.2456136, -18.7730638], [-41.2453946, -18.7726698], [-41.2451276, -18.7723218], [-41.2448006, -18.7720088], [-41.2444416, -18.7717498], [-41.2436476, -18.7713898], [-41.2432346, -18.7712728], [-41.2428016, -18.7712158], [-41.2423416, -18.7712268], [-41.2419006, -18.7712838], [-41.2414636, -18.7714128], [-41.2377465, -18.7730967], [-41.2374196, -18.7732448], [-41.2365746, -18.7735338], [-41.2356896, -18.7737108], [-41.2321276, -18.7741008], [-41.2317096, -18.7740718], [-41.2313126, -18.7739748], [-41.2309896, -18.7737998], [-41.2307166, -18.7735368], [-41.2304786, -18.7732508], [-41.2304014, -18.7730911], [-41.2303206, -18.7729238], [-41.2302356, -18.7725448], [-41.2302216, -18.7721808], [-41.2303726, -18.7697758], [-41.2303116, -18.7694548], [-41.2302036, -18.7691538], [-41.2300096, -18.7688798], [-41.2297726, -18.7686228], [-41.2294626, -18.7684008], [-41.2282726, -18.7679368], [-41.2279176, -18.7677148], [-41.2276186, -18.7674188], [-41.2273666, -18.7670708], [-41.2261846, -18.7642788], [-41.2259796, -18.7639108], [-41.2233506, -18.7599608], [-41.2228306, -18.7592508], [-41.2225226, -18.7589398], [-41.2221616, -18.7587258], [-41.2217596, -18.7585778], [-41.2193096, -18.7581058], [-41.2186176, -18.7578678], [-41.2183006, -18.7576718], [-41.2180066, -18.7574408], [-41.2177656, -18.7571548], [-41.2175706, -18.7568238], [-41.2174426, -18.7564578], [-41.2173626, -18.7560728], [-41.2171696, -18.7544748], [-41.2170606, -18.7540958], [-41.2168746, -18.7537628], [-41.2166236, -18.7534688], [-41.2163016, -18.7532218], [-41.2159316, -18.7530358], [-41.2155386, -18.7529178], [-41.2110835, -18.7520084], [-41.2097017, -18.7517263], [-41.2091696, -18.7515086], [-41.2088607, -18.7511901], [-41.2079896, -18.7500578], [-41.2074746, -18.7496078], [-41.2063466, -18.7488258], [-41.2052437, -18.7478656], [-41.2045938, -18.7473204], [-41.204119, -18.7468048], [-41.2035933, -18.7460758], [-41.2029308, -18.7449252], [-41.2024064, -18.7436413], [-41.2022133, -18.7430595], [-41.2021925, -18.7429931], [-41.202186, -18.7429725], [-41.2021567, -18.7428738], [-41.2021309, -18.7427685], [-41.2020229, -18.7423192], [-41.2013979, -18.7397043], [-41.2012169, -18.7389334], [-41.200895, -18.7376913], [-41.2007904, -18.7373548], [-41.2006335, -18.7369782], [-41.2001225, -18.7360898], [-41.1982329, -18.7327635], [-41.1979955, -18.7324537], [-41.1977944, -18.7323063], [-41.1974832, -18.732173], [-41.1952919, -18.731576], [-41.1948346, -18.731369], [-41.1944416, -18.7310921], [-41.1933392, -18.7300405], [-41.1931023, -18.7298676], [-41.1926714, -18.7296684], [-41.1905162, -18.7288276], [-41.19013, -18.7286142], [-41.1898215, -18.7283754], [-41.1888666, -18.7274483], [-41.1885327, -18.7271803], [-41.1881693, -18.7269428], [-41.1877991, -18.7267522], [-41.1873767, -18.72661], [-41.1869435, -18.7265122], [-41.186116, -18.7264017], [-41.1842532, -18.7261756], [-41.1834596, -18.7260958], [-41.183116, -18.7260867], [-41.1817843, -18.7261305], [-41.1812586, -18.7260765], [-41.1787628, -18.7256434], [-41.1778468, -18.7254834], [-41.1767283, -18.7253589], [-41.1757664, -18.7252719], [-41.1741261, -18.7252653], [-41.1722739, -18.72527], [-41.1715087, -18.7252713], [-41.1710112, -18.7252726], [-41.1703567, -18.7252738], [-41.1687461, -18.7252802], [-41.1684954, -18.7252787], [-41.1677684, -18.7252813], [-41.1674873, -18.7252535], [-41.1673228, -18.7251842], [-41.167189, -18.7251157], [-41.1669899, -18.7249804], [-41.1667062, -18.7247798], [-41.1664139, -18.7245664], [-41.1662529, -18.7244508], [-41.1654872, -18.7239186], [-41.1653061, -18.7237979], [-41.1650527, -18.7236366], [-41.1647831, -18.7235115], [-41.1643539, -18.7234118], [-41.1638148, -18.7233928], [-41.1630034, -18.7235172], [-41.1626454, -18.7236049], [-41.1624093, -18.7237319], [-41.1622404, -18.7238869], [-41.1620593, -18.7241066], [-41.1616033, -18.7247912], [-41.1613164, -18.7251785], [-41.1605486, -18.7262855], [-41.1604097, -18.7265116], [-41.1602555, -18.7267508], [-41.1602391, -18.7267751], [-41.1601375, -18.726944], [-41.1593691, -18.728209], [-41.1591652, -18.7285532], [-41.159019, -18.7289343], [-41.1589131, -18.729756], [-41.1588568, -18.7300189], [-41.1584491, -18.7312369], [-41.1583002, -18.7316815], [-41.1582425, -18.7320244], [-41.1582908, -18.7323978], [-41.1584786, -18.732982], [-41.1616918, -18.7411864], [-41.1619198, -18.7418442], [-41.1621465, -18.7425821], [-41.1623342, -18.7433225], [-41.1624496, -18.7439251], [-41.1626065, -18.7450813], [-41.1627245, -18.7470765], [-41.1627969, -18.7481814], [-41.1628693, -18.7491948], [-41.1629123, -18.7500914], [-41.1629578, -18.7510311], [-41.1629552, -18.7512496], [-41.1629283, -18.751562], [-41.1628881, -18.751755], [-41.1628076, -18.7520293], [-41.1626789, -18.7523264], [-41.1625662, -18.7525373], [-41.16229, -18.7529233], [-41.1615309, -18.7539088], [-41.1607477, -18.7549044], [-41.1604003, -18.7553539], [-41.1601952, -18.7556384], [-41.1600503, -18.7558923], [-41.159927, -18.756192], [-41.1598304, -18.7565933], [-41.1597338, -18.7571571], [-41.1596721, -18.7574797], [-41.1595541, -18.7578606], [-41.1593074, -18.758488], [-41.1591545, -18.7588283], [-41.1590687, -18.7590296], [-41.1590064, -18.7591729], [-41.1589504, -18.7592989], [-41.1588178, -18.7594973], [-41.1586583, -18.7596943], [-41.1584491, -18.7598696], [-41.1581889, -18.7599991], [-41.1579153, -18.7600727], [-41.1575022, -18.7601083], [-41.15677, -18.7601362], [-41.1564723, -18.7601743], [-41.156086, -18.7602658], [-41.1557266, -18.7603699], [-41.1553136, -18.7605401], [-41.1544821, -18.7609718], [-41.1540636, -18.7612055], [-41.1537042, -18.7614772], [-41.1534092, -18.7617363], [-41.1530015, -18.7621451], [-41.1525911, -18.7624829], [-41.1523229, -18.7626556], [-41.1518589, -18.762874], [-41.1514726, -18.7629985], [-41.1511186, -18.7630569], [-41.1508074, -18.7630696], [-41.1503702, -18.7630467], [-41.1500216, -18.7629832], [-41.1496139, -18.7628385], [-41.1488038, -18.7624931], [-41.1486536, -18.7624474], [-41.1484712, -18.7624194], [-41.1481252, -18.7624169], [-41.14237, -18.762492], [-41.1419267, -18.7624905], [-41.1410683, -18.7624143], [-41.1406517, -18.7623951], [-41.1398989, -18.7624296], [-41.1376024, -18.7626184], [-41.1371489, -18.7626708], [-41.1369109, -18.7627286], [-41.1366649, -18.7628065], [-41.1362484, -18.7630315], [-41.1360338, -18.7631356], [-41.1358031, -18.7632159], [-41.1355566, -18.7632547], [-41.1352855, -18.7632448], [-41.1350735, -18.7631906], [-41.134859, -18.7631001], [-41.1346716, -18.7629819], [-41.1340301, -18.7623711], [-41.1338725, -18.7622679], [-41.1336967, -18.7622358], [-41.1335239, -18.7622521], [-41.1329496, -18.7624885], [-41.132791, -18.7625388], [-41.13262, -18.7625367], [-41.1324585, -18.7625007], [-41.1319574, -18.7622842], [-41.1318174, -18.7622696], [-41.1316649, -18.7623059], [-41.1315397, -18.7623777], [-41.1309834, -18.7629958], [-41.1307986, -18.763104], [-41.1306489, -18.7631512], [-41.1304633, -18.7631498], [-41.1302868, -18.7631121], [-41.1301437, -18.763034], [-41.129361, -18.7624948], [-41.1291793, -18.762417], [-41.1289528, -18.7623559], [-41.1287082, -18.7623242], [-41.128488, -18.762327], [-41.1273652, -18.762563], [-41.1269706, -18.7626505], [-41.1256483, -18.7629435], [-41.1249057, -18.763098], [-41.1242679, -18.763227], [-41.1232874, -18.7634058], [-41.1225262, -18.7635569], [-41.1221149, -18.7636386], [-41.1209898, -18.763862], [-41.1198977, -18.7640932], [-41.1193552, -18.7642001], [-41.1192065, -18.7642238], [-41.1191122, -18.7642372], [-41.1190517, -18.7642457], [-41.1187366, -18.7642798], [-41.1186633, -18.7642861], [-41.1180868, -18.7643296], [-41.1179999, -18.7643389], [-41.1173755, -18.7643849], [-41.1172058, -18.7643906], [-41.1159065, -18.7644753], [-41.1149959, -18.7645388], [-41.1148432, -18.764556], [-41.1146754, -18.7645845], [-41.1142658, -18.7646658], [-41.113801, -18.7648055], [-41.1101896, -18.7662688], [-41.1098456, -18.7664082], [-41.1069616, -18.7675741], [-41.1063257, -18.7677984], [-41.1058489, -18.7679527], [-41.1053681, -18.7680752], [-41.1048197, -18.7681984], [-41.1042926, -18.7682809], [-41.103719, -18.768356], [-41.10277, -18.768396], [-41.1007025, -18.7683334], [-41.1001432, -18.7683165], [-41.0976529, -18.7682241], [-41.097214, -18.7681642], [-41.0968575, -18.7680777], [-41.0965061, -18.7679482], [-41.0960987, -18.7677333], [-41.0959026, -18.7676054], [-41.0957647, -18.7674887], [-41.0952148, -18.7669512], [-41.0945642, -18.7663152], [-41.0936232, -18.7653975], [-41.0933526, -18.7651784], [-41.0930106, -18.7649656], [-41.0926068, -18.764777], [-41.0921585, -18.7646515], [-41.0918983, -18.7645922], [-41.0917661, -18.7645889], [-41.0914207, -18.7645958], [-41.0909969, -18.764634], [-41.0888243, -18.765015], [-41.0885185, -18.7650682], [-41.0866128, -18.7654226], [-41.085867, -18.765529], [-41.0851348, -18.7655951], [-41.0845569, -18.7656473], [-41.083089, -18.7657662], [-41.0823842, -18.7658233], [-41.078833, -18.7661108], [-41.078029, -18.7661643], [-41.0766014, -18.7662695], [-41.0757056, -18.7662759], [-41.074162, -18.766183], [-41.0727404, -18.7661438], [-41.0717218, -18.7661127], [-41.0712518, -18.7660029], [-41.071005, -18.7658607], [-41.0708468, -18.7657362], [-41.0703626, -18.765194], [-41.070191, -18.7650404], [-41.0700461, -18.7649489], [-41.0694225, -18.7647166], [-41.0687828, -18.7644156], [-41.0684368, -18.764262], [-41.068113, -18.764208], [-41.0679647, -18.7642048], [-41.067348, -18.764249], [-41.0598242, -18.7642239], [-41.0593012, -18.7642175], [-41.0585502, -18.7642683], [-41.0558948, -18.7645705], [-41.0548729, -18.7646099], [-41.0540293, -18.7646112], [-41.0527298, -18.7645731], [-41.0520197, -18.7645686], [-41.0517722, -18.7645946], [-41.0511433, -18.7647216], [-41.0505639, -18.7647788], [-41.049487, -18.7648385], [-41.0470261, -18.7648296], [-41.0438088, -18.7649667], [-41.0431892, -18.7650264], [-41.0428177, -18.765128], [-41.0426065, -18.7652543], [-41.0422973, -18.7655013], [-41.0413975, -18.7663032], [-41.0411058, -18.7664733], [-41.0407913, -18.7665844], [-41.0399839, -18.7667825], [-41.0393228, -18.7670098], [-41.0389405, -18.7671209], [-41.0387595, -18.7671387], [-41.0379656, -18.7670511], [-41.0376128, -18.7670669], [-41.0373567, -18.7671089], [-41.0369436, -18.7672346], [-41.0354067, -18.7677628], [-41.0346048, -18.7680181], [-41.032459, -18.7684663], [-41.032062, -18.7685755], [-41.0311528, -18.7688802], [-41.0309234, -18.7689628], [-41.0306606, -18.7690402], [-41.0302247, -18.7691596], [-41.0299295, -18.7692263], [-41.0294805, -18.7693277], [-41.0290512, -18.7694237], [-41.0286154, -18.7695228], [-41.0284337, -18.7695564], [-41.0275063, -18.7697208], [-41.0270476, -18.7698097], [-41.0266708, -18.7698897], [-41.0264777, -18.7699316], [-41.0263462, -18.7699685], [-41.0261638, -18.7700281], [-41.0259318, -18.7701145], [-41.0256462, -18.770244], [-41.0254933, -18.7703024], [-41.0253914, -18.7703329], [-41.025276, -18.7703647], [-41.0251057, -18.7703938], [-41.0242716, -18.7705208], [-41.0228741, -18.7707544], [-41.0210905, -18.7710313], [-41.0197091, -18.7712141], [-41.0194282, -18.7712644], [-41.019024, -18.7713179], [-41.0182064, -18.7714011], [-41.017226, -18.7714942], [-41.0169221, -18.7715253], [-41.0165738, -18.7715426], [-41.0163732, -18.7715459], [-41.0161422, -18.7715512], [-41.0158457, -18.771538], [-41.0156011, -18.771523], [-41.0153301, -18.7715008], [-41.0150264, -18.771481], [-41.0144499, -18.7714478], [-41.0137941, -18.7714082], [-41.0129943, -18.7713764], [-41.0111871, -18.7712703], [-41.0074531, -18.7710083], [-41.0060191, -18.7709398], [-41.0043912, -18.7708716], [-41.002798, -18.7707909], [-41.0025674, -18.7707836], [-41.002191, -18.770802], [-41.0020452, -18.7708152], [-41.0018332, -18.7708836], [-41.0015635, -18.7710087], [-41.0015056, -18.7710452], [-41.0013657, -18.7711201], [-41.0013243, -18.7711484], [-41.0012501, -18.7711982], [-41.0011482, -18.7712878], [-41.0009357, -18.7715233], [-41.0008743, -18.7716112], [-41.0006725, -18.7719227], [-41.0006412, -18.7719821], [-41.000604, -18.7720708], [-41.0000572, -18.7732991], [-41.0000237, -18.7733816], [-40.9996046, -18.7744037], [-40.9994991, -18.7746596], [-40.9992213, -18.7753332], [-40.9991828, -18.7754329], [-40.9991319, -18.7755376], [-40.9990749, -18.7756341], [-40.9989542, -18.7757916], [-40.9977469, -18.7768879], [-40.9972223, -18.7773902], [-40.9968602, -18.7777112], [-40.9964223, -18.7781188], [-40.996337, -18.7781622], [-40.9962399, -18.7781884], [-40.9960587, -18.7781837], [-40.9958823, -18.7781546], [-40.9950441, -18.7778281], [-40.9930689, -18.7770731], [-40.9929836, -18.7770429], [-40.9926309, -18.776914], [-40.9922788, -18.7768055], [-40.9919379, -18.7767188], [-40.9918302, -18.7766918], [-40.9914983, -18.7765756], [-40.9913585, -18.7764944], [-40.9912643, -18.7764252], [-40.9906279, -18.7759497], [-40.9892043, -18.7749358], [-40.9889737, -18.7747688], [-40.9886914, -18.7745307], [-40.9886344, -18.7744844], [-40.9885542, -18.7744564], [-40.9884681, -18.7744485], [-40.9883199, -18.7744558], [-40.988173, -18.7744755], [-40.9879437, -18.7745212], [-40.9871357, -18.7747059], [-40.9866163, -18.7748214], [-40.9863967, -18.774864], [-40.9855215, -18.775128], [-40.9854308, -18.775102], [-40.9853262, -18.77507], [-40.9851692, -18.7750229], [-40.9849484, -18.7748716], [-40.9848598, -18.7748459], [-40.9847693, -18.7748501], [-40.9847181, -18.7748602], [-40.9846474, -18.7748778], [-40.9845213, -18.7749335], [-40.9843864, -18.7750018], [-40.9842641, -18.7751166], [-40.9842188, -18.7751767], [-40.9841732, -18.7752627], [-40.9841095, -18.7754157], [-40.9840377, -18.7755897], [-40.984025, -18.7756419], [-40.9840302, -18.7757181], [-40.9840463, -18.7757924], [-40.98418, -18.7761539], [-40.9843911, -18.7767236], [-40.9844089, -18.7768302], [-40.9844055, -18.7769442], [-40.9842811, -18.7776271], [-40.984203, -18.7780595], [-40.9841708, -18.7781145], [-40.9841323, -18.778166], [-40.9831621, -18.7793327], [-40.9826554, -18.7797522], [-40.982433, -18.7798849], [-40.9818369, -18.7801814], [-40.9814548, -18.7803588], [-40.9814025, -18.7804057], [-40.9813716, -18.7804616], [-40.981344, -18.780531], [-40.9812761, -18.7807572], [-40.9809693, -18.7814918], [-40.9807537, -18.782047], [-40.9803418, -18.7830071], [-40.9796899, -18.7828486], [-40.9791195, -18.7827247], [-40.9789984, -18.7827079], [-40.9788456, -18.7826962], [-40.9782177, -18.7826821], [-40.978137, -18.7826783], [-40.9780584, -18.7826747], [-40.976834, -18.7824595], [-40.9765068, -18.7824068], [-40.976372, -18.7823852], [-40.9762345, -18.7823953], [-40.9759301, -18.7824639], [-40.9751469, -18.7826798], [-40.9749404, -18.7827204], [-40.9747352, -18.782749], [-40.9746195, -18.7827372], [-40.9745233, -18.7827217], [-40.9743141, -18.782648], [-40.9739721, -18.7824525], [-40.9733686, -18.7820538], [-40.9728442, -18.7816792], [-40.9725009, -18.7814824], [-40.9722394, -18.7813732], [-40.9719068, -18.7813428], [-40.9716224, -18.7813669], [-40.9713648, -18.7814233], [-40.9709564, -18.7814889], [-40.9704072, -18.7815907], [-40.969301, -18.7818252], [-40.9688678, -18.7819014], [-40.9681021, -18.7820424], [-40.9679022, -18.7820411], [-40.967638, -18.7820144], [-40.9674396, -18.78197], [-40.9662889, -18.7816996], [-40.9651959, -18.7814456], [-40.9645441, -18.7813034], [-40.9642826, -18.7813098], [-40.9639393, -18.7813428], [-40.9635557, -18.7814101], [-40.9627256, -18.7815434], [-40.9623849, -18.7815777], [-40.9621449, -18.7815675], [-40.9618633, -18.7814964], [-40.9616447, -18.7813847], [-40.9614046, -18.7811853], [-40.9612785, -18.7809974], [-40.9611686, -18.7807397], [-40.9611109, -18.7804197], [-40.9610197, -18.7794141], [-40.9609527, -18.7786244], [-40.9607609, -18.7764823], [-40.9607179, -18.7759541], [-40.9606281, -18.7755364], [-40.9605449, -18.7753332], [-40.9604417, -18.77513], [-40.9601802, -18.7748456], [-40.9598878, -18.7746018], [-40.9596476, -18.7744807], [-40.9594385, -18.7744037], [-40.959114, -18.774339], [-40.9587358, -18.7743326], [-40.9583375, -18.7743949], [-40.9580773, -18.7744596], [-40.9577166, -18.774518], [-40.957384, -18.7745231], [-40.9571788, -18.7744945], [-40.9568958, -18.774419], [-40.9566262, -18.774325], [-40.9557626, -18.7739428], [-40.9554876, -18.7738717], [-40.9552328, -18.7738603], [-40.9550129, -18.7739022], [-40.9548198, -18.7739746], [-40.9533164, -18.774565], [-40.9531286, -18.7746247], [-40.9528618, -18.7746844], [-40.9524138, -18.7746971], [-40.9520142, -18.7746285], [-40.9518653, -18.7745764], [-40.951573, -18.7744406], [-40.949224, -18.773295], [-40.948774, -18.773177], [-40.948328, -18.773143], [-40.947875, -18.773183], [-40.947024, -18.773341], [-40.9468707, -18.7733533], [-40.9467301, -18.7733646], [-40.946454, -18.773368], [-40.946226, -18.773336], [-40.9452533, -18.7730379], [-40.9450345, -18.7729708], [-40.9447359, -18.7729008], [-40.944118, -18.772756], [-40.943347, -18.772673], [-40.9401402, -18.7727362], [-40.9399375, -18.7727327], [-40.93979, -18.7727302], [-40.9395848, -18.7726972], [-40.939322, -18.7726147], [-40.9392066, -18.7725755], [-40.9386383, -18.7723828], [-40.9380479, -18.7721614], [-40.9376255, -18.7720268], [-40.9371775, -18.7719074], [-40.9367591, -18.7718579], [-40.9364869, -18.771849], [-40.9361503, -18.7718871], [-40.935304, -18.7720471], [-40.934502, -18.7722236], [-40.9341319, -18.7722553], [-40.9337389, -18.7722439], [-40.9334361, -18.7721849], [-40.9329115, -18.7720229], [-40.932489, -18.7718211], [-40.9319499, -18.7713792], [-40.9316656, -18.7711024], [-40.9313974, -18.7709322], [-40.9311909, -18.7708509], [-40.930979, -18.7708027], [-40.9298015, -18.7707519], [-40.9286132, -18.7706503], [-40.927991, -18.7706033], [-40.9276128, -18.7705386], [-40.927303, -18.7704167], [-40.9269181, -18.7701437], [-40.9265115, -18.7698841], [-40.926269, -18.7697247], [-40.9260182, -18.7695862], [-40.9257419, -18.7694796], [-40.9250097, -18.7692307], [-40.9244156, -18.7690288], [-40.9240267, -18.7688739], [-40.9237907, -18.7688117], [-40.923336, -18.7687926], [-40.9230505, -18.7688065], [-40.9228103, -18.7688574], [-40.9225809, -18.76894], [-40.9208965, -18.7696053], [-40.9206001, -18.7696853], [-40.9203856, -18.769717], [-40.9201951, -18.7697323], [-40.9193636, -18.7697386], [-40.9190914, -18.7697716], [-40.918732, -18.7698605], [-40.9181969, -18.7700751], [-40.917922, -18.7701272], [-40.9175652, -18.7701361], [-40.9166908, -18.7700484], [-40.9164803, -18.7700726], [-40.916309, -18.770123], [-40.9158714, -18.7703824], [-40.9154034, -18.7706935], [-40.9149725, -18.770994], [-40.9144928, -18.7714147], [-40.9141789, -18.771722], [-40.913902, -18.771957], [-40.913668, -18.7720699], [-40.913508, -18.772135], [-40.9116027, -18.7727404], [-40.9113532, -18.7727962], [-40.9111628, -18.7728216], [-40.910995, -18.772823], [-40.9101369, -18.7727073], [-40.9098485, -18.772687], [-40.9095468, -18.7726972], [-40.908372, -18.772875], [-40.9080555, -18.7728813], [-40.9078234, -18.7728178], [-40.9075753, -18.7726908], [-40.9073648, -18.7725029], [-40.9071588, -18.7721839], [-40.907089, -18.7720414], [-40.9068203, -18.7714744], [-40.906548, -18.7709327], [-40.906291, -18.770548], [-40.9058936, -18.7700611], [-40.9056039, -18.769731], [-40.9054738, -18.7696269], [-40.9053437, -18.769552], [-40.9051342, -18.7694683], [-40.9046531, -18.7693767], [-40.9040643, -18.7692891], [-40.9038444, -18.7692307], [-40.9037022, -18.7691647], [-40.9035493, -18.769044], [-40.9031351, -18.7685507], [-40.9028293, -18.7681898], [-40.9025663, -18.7679609], [-40.9023345, -18.76782], [-40.9021318, -18.7676968], [-40.9016909, -18.7674661], [-40.9016449, -18.7674405], [-40.9012274, -18.7672245], [-40.9011105, -18.7671571], [-40.9010194, -18.7670968], [-40.9003158, -18.7665164], [-40.8999499, -18.7662364], [-40.8997869, -18.7660981], [-40.8997131, -18.7660245], [-40.8996655, -18.7659718], [-40.8995981, -18.7658935], [-40.8995334, -18.7658111], [-40.8995207, -18.7657781], [-40.899465, -18.765653], [-40.89941, -18.7655369], [-40.8993028, -18.7653389], [-40.8992558, -18.7652657], [-40.8990667, -18.7650188], [-40.898659, -18.7645267], [-40.8984525, -18.7642912], [-40.8983056, -18.7641401], [-40.8981051, -18.7639604], [-40.8978349, -18.7637401], [-40.8976538, -18.7635661], [-40.8974889, -18.763382], [-40.897391, -18.7632488], [-40.8973093, -18.7631377], [-40.8971415, -18.7629096], [-40.8970128, -18.7627159], [-40.8969565, -18.7626201], [-40.8967788, -18.7623077], [-40.896532, -18.7618131], [-40.8960667, -18.760881], [-40.8958078, -18.7603896], [-40.8957662, -18.7602772], [-40.8957341, -18.7601572], [-40.8957106, -18.7600105], [-40.8956945, -18.7599299], [-40.8955859, -18.7592251], [-40.8954719, -18.7585629], [-40.8954424, -18.7583788], [-40.8954276, -18.7582873], [-40.895429, -18.7582378], [-40.8954383, -18.7581883], [-40.8954605, -18.7581394], [-40.8955309, -18.7580511], [-40.8957575, -18.757761], [-40.8957726, -18.757713], [-40.8957793, -18.7576765], [-40.895781, -18.757639], [-40.8956851, -18.7566784], [-40.8956331, -18.7562549], [-40.8956288, -18.7562006], [-40.8956194, -18.7561549], [-40.8955899, -18.756099], [-40.8955537, -18.7560504], [-40.895494, -18.7559939], [-40.8943688, -18.7551704], [-40.8936255, -18.7546472], [-40.8935719, -18.7546161], [-40.8935018, -18.754584], [-40.8932, -18.7544685], [-40.8931025, -18.7544297], [-40.8929005, -18.7549258], [-40.8926069, -18.755699], [-40.8923146, -18.7564333], [-40.8922311, -18.7566606], [-40.8920534, -18.7570819], [-40.8918113, -18.7577235], [-40.8915743, -18.7583454], [-40.8915577, -18.7583939], [-40.8914435, -18.7586683], [-40.8914167, -18.7587318], [-40.8910576, -18.7596702], [-40.8907991, -18.7603331], [-40.890699, -18.7605047], [-40.8906677, -18.760534], [-40.8906278, -18.760561], [-40.8905537, -18.7606391], [-40.8905108, -18.7606766], [-40.8904682, -18.7607026], [-40.8903924, -18.7607356], [-40.8901501, -18.7607921], [-40.889942, -18.760823], [-40.8899301, -18.7608248], [-40.8897151, -18.7608463], [-40.8895779, -18.7608607], [-40.8893247, -18.7608708], [-40.8888389, -18.7608661], [-40.8886413, -18.760847], [-40.8884709, -18.760815], [-40.8883322, -18.7607699], [-40.8882003, -18.7607194], [-40.8879934, -18.7606219], [-40.887905, -18.7605707], [-40.8877283, -18.760455], [-40.8875675, -18.7603372], [-40.887275, -18.7600518], [-40.8870051, -18.7597247], [-40.8869301, -18.7596293], [-40.886742, -18.7593959], [-40.8864254, -18.7589921], [-40.8863189, -18.7588682], [-40.8860098, -18.7585347], [-40.8859649, -18.7584785], [-40.8853564, -18.7577618], [-40.8845852, -18.7568379], [-40.8841865, -18.7563431], [-40.8839994, -18.756119], [-40.8838205, -18.7559452], [-40.8836219, -18.7558066], [-40.8834187, -18.755678], [-40.8832028, -18.7555672], [-40.8829891, -18.7554717], [-40.8827575, -18.7554041], [-40.882533, -18.7553665], [-40.8822144, -18.7553514], [-40.8818767, -18.7553463], [-40.8816647, -18.7553572], [-40.8814532, -18.755373], [-40.8812079, -18.7554088], [-40.8809659, -18.7554595], [-40.8806838, -18.7555439], [-40.8804454, -18.7556169], [-40.8794571, -18.7558866], [-40.8776003, -18.7564263], [-40.8771081, -18.7565679], [-40.8764698, -18.7567349], [-40.8756778, -18.7569463], [-40.875476, -18.7570117], [-40.8752225, -18.7571292], [-40.8750482, -18.7572371], [-40.8749161, -18.7573387], [-40.8747726, -18.757474], [-40.8741295, -18.7583057], [-40.8736789, -18.7589705], [-40.8735683, -18.7590937], [-40.8734617, -18.7592073], [-40.8733229, -18.7593191], [-40.873174, -18.7594213], [-40.872881, -18.7595616], [-40.8723237, -18.7597731], [-40.8720118, -18.7598371], [-40.8719227, -18.7598372], [-40.8718385, -18.7598066], [-40.8717858, -18.7597524], [-40.8717656, -18.7596729], [-40.8717799, -18.7595908], [-40.8718228, -18.7594658], [-40.8718336, -18.7593473], [-40.8718175, -18.7592721], [-40.8717738, -18.7592055], [-40.8717021, -18.7591559], [-40.8716294, -18.7591364], [-40.8715155, -18.759141], [-40.8708735, -18.7597218], [-40.8707748, -18.7598264], [-40.8706661, -18.7599869], [-40.870406, -18.7604239], [-40.8702739, -18.7606505], [-40.8701693, -18.7608693], [-40.8700251, -18.7610937], [-40.8696878, -18.7616099], [-40.8695201, -18.7618359], [-40.8694095, -18.7619851], [-40.8692298, -18.7622474], [-40.868859, -18.7628143], [-40.8686981, -18.7630734], [-40.8681127, -18.7639394], [-40.8674582, -18.7649064], [-40.866726, -18.7659546], [-40.8662358, -18.7667025], [-40.8659977, -18.7670352], [-40.8658442, -18.76718], [-40.8656759, -18.7672759], [-40.8654573, -18.7673451], [-40.8653044, -18.7673565], [-40.865071, -18.7673279], [-40.86489, -18.7672663], [-40.8647405, -18.7671908], [-40.8645574, -18.7670492], [-40.8644092, -18.7668917], [-40.8638258, -18.7661489], [-40.8635617, -18.7659064], [-40.8633792, -18.7658048], [-40.8631735, -18.7657224], [-40.862784, -18.765625], [-40.8613527, -18.7654259], [-40.8606707, -18.7653162], [-40.8597422, -18.765175], [-40.8588745, -18.7651292], [-40.8582355, -18.7651724], [-40.8547696, -18.7654064], [-40.8534953, -18.7654924], [-40.8531196, -18.7655364], [-40.8525847, -18.7655991], [-40.8516781, -18.7658645], [-40.8510485, -18.7661241], [-40.8504, -18.7663914], [-40.8500299, -18.7665743], [-40.8496302, -18.7668409], [-40.8494972, -18.7669524], [-40.8492789, -18.7671355], [-40.848312, -18.767973], [-40.847809, -18.7685577], [-40.8476883, -18.7687228], [-40.8474837, -18.7689959], [-40.8468659, -18.7701087], [-40.846577, -18.7706292], [-40.8464947, -18.7707773], [-40.8462989, -18.7710643], [-40.8460549, -18.771303], [-40.8457133, -18.7715416], [-40.8434073, -18.772817], [-40.8413878, -18.7739339], [-40.8410056, -18.7741333], [-40.8393574, -18.7750919], [-40.838654, -18.77558], [-40.838343, -18.775885], [-40.8381019, -18.7762497], [-40.8378983, -18.776707], [-40.8376492, -18.777403], [-40.8375087, -18.7780922], [-40.837276, -18.7792338], [-40.8372033, -18.7793872], [-40.8371365, -18.7795284], [-40.8368656, -18.7798331], [-40.8365008, -18.7801175], [-40.836128, -18.7802978], [-40.8310811, -18.7824677], [-40.8301469, -18.7829093], [-40.8298706, -18.7830307], [-40.8297929, -18.7830649], [-40.828994, -18.783416], [-40.828581, -18.783647], [-40.8283174, -18.7838326], [-40.8281967, -18.7839291], [-40.8279365, -18.7841805], [-40.8276629, -18.7845538], [-40.827105, -18.7857295], [-40.8268878, -18.7860799], [-40.8266169, -18.7864101], [-40.8263245, -18.7865903], [-40.8260107, -18.7866843], [-40.8257183, -18.7866665], [-40.8253214, -18.7865484], [-40.8250572, -18.7864101], [-40.8243907, -18.7858946], [-40.8240473, -18.7857092], [-40.8236477, -18.7855772], [-40.8232775, -18.7855391], [-40.8228967, -18.7855391], [-40.8215609, -18.7856584], [-40.8211935, -18.7856229], [-40.8207455, -18.7855213], [-40.8203673, -18.7853105], [-40.8200562, -18.7850668], [-40.8189136, -18.7837717], [-40.8185944, -18.7835355], [-40.8172929, -18.7827696], [-40.8165103, -18.782309], [-40.8147481, -18.7813237], [-40.8144853, -18.7812145], [-40.8142819, -18.7811692], [-40.8138844, -18.7811257], [-40.8134799, -18.781171], [-40.8132661, -18.7812354], [-40.8130127, -18.7813542], [-40.8126534, -18.7816035], [-40.8123761, -18.7818942], [-40.8109616, -18.7842811], [-40.8098745, -18.7861155], [-40.809786, -18.7863237], [-40.8096787, -18.7865776], [-40.8086958, -18.7899013], [-40.8085474, -18.7904031], [-40.8082813, -18.7912982], [-40.8068924, -18.7959039], [-40.806878, -18.795953], [-40.806668, -18.796354], [-40.806409, -18.796727], [-40.80611, -18.797069], [-40.805774, -18.797373], [-40.805405, -18.797641], [-40.8042698, -18.7984073], [-40.8035657, -18.7988827], [-40.8032213, -18.7991671], [-40.802937, -18.7994718], [-40.8026916, -18.7997981], [-40.8024636, -18.8001827], [-40.8023067, -18.8005877], [-40.8021887, -18.8010105], [-40.8019432, -18.8019703], [-40.801852, -18.8023714], [-40.8017442, -18.8028208], [-40.801675, -18.803109], [-40.8015118, -18.8038067], [-40.8014061, -18.8042978], [-40.801275, -18.804783], [-40.8011942, -18.8049822], [-40.8010997, -18.8051885], [-40.8009086, -18.8054596], [-40.8007993, -18.8055922], [-40.800401, -18.8060562], [-40.8003152, -18.806147], [-40.7998602, -18.8066285], [-40.7997472, -18.8067481], [-40.7995024, -18.806969], [-40.7991014, -18.8072946], [-40.7988185, -18.8074711], [-40.7977801, -18.8081523], [-40.7969392, -18.8087039], [-40.7950863, -18.8099194], [-40.7950004, -18.8099757], [-40.7942595, -18.8104689], [-40.7939188, -18.8106958], [-40.7936217, -18.8109393], [-40.793572, -18.8109836], [-40.7933904, -18.8111453], [-40.7933052, -18.8112212], [-40.7931691, -18.8113513], [-40.79287, -18.811708], [-40.7926454, -18.811974], [-40.7921009, -18.8128156], [-40.7914625, -18.8138388], [-40.7908821, -18.8147837], [-40.7900879, -18.8160768], [-40.7899099, -18.8163834], [-40.7897902, -18.8165897], [-40.7896078, -18.8169476], [-40.7895085, -18.8171761], [-40.7894057, -18.8174885], [-40.7889037, -18.8188568], [-40.7886069, -18.8196399], [-40.7885306, -18.8198476], [-40.788477, -18.8199912], [-40.7884557, -18.8200467], [-40.7883149, -18.8204131], [-40.7880974, -18.8209586], [-40.7875747, -18.822269], [-40.787065, -18.8235397], [-40.7867056, -18.824531], [-40.7860619, -18.8262929], [-40.7852607, -18.8285762], [-40.7850239, -18.8292385], [-40.7848323, -18.8297373], [-40.7847005, -18.8300435], [-40.7845503, -18.8303381], [-40.7839054, -18.8315987], [-40.7830605, -18.8331752], [-40.7826944, -18.8338924], [-40.7825911, -18.834084], [-40.7824999, -18.834204], [-40.7822867, -18.8343963], [-40.7818441, -18.8347441], [-40.7814699, -18.8350221], [-40.7812145, -18.8352566], [-40.7810931, -18.8354054], [-40.78099, -18.835548], [-40.7808548, -18.8358102], [-40.7807573, -18.8359992], [-40.7804344, -18.836625], [-40.7803571, -18.8367992], [-40.7802519, -18.8370315], [-40.7800704, -18.8373236], [-40.7799666, -18.8374388], [-40.7798651, -18.8375266], [-40.7797077, -18.837616], [-40.7795459, -18.8376847], [-40.7793077, -18.837759], [-40.7784844, -18.8379998], [-40.7783318, -18.8380445], [-40.7780519, -18.8380771], [-40.7778126, -18.8380457], [-40.7776498, -18.837989], [-40.7774938, -18.8379017], [-40.7772454, -18.8376863], [-40.7761026, -18.8363884], [-40.7756951, -18.8359258], [-40.7743688, -18.8344636], [-40.7739646, -18.8340314], [-40.773088, -18.833094], [-40.7727514, -18.8327868], [-40.7716718, -18.8318361], [-40.7702382, -18.8305427], [-40.7688917, -18.8292936], [-40.7687603, -18.8291604], [-40.768135, -18.8285264], [-40.7681019, -18.8284929], [-40.7680428, -18.828433], [-40.7672784, -18.827575], [-40.7664052, -18.8266025], [-40.7654813, -18.8256455], [-40.7648027, -18.824955], [-40.7644435, -18.8245993], [-40.7633062, -18.8234728], [-40.7631891, -18.8233545], [-40.7629836, -18.823147], [-40.7622187, -18.8223933], [-40.7613435, -18.8216114], [-40.7606917, -18.8211051], [-40.759883, -18.8205744], [-40.7596198, -18.8204017], [-40.7593981, -18.8202899], [-40.7592592, -18.8202411], [-40.7591151, -18.8202089], [-40.7587577, -18.8201806], [-40.758392, -18.8202301], [-40.7581154, -18.820308], [-40.7580935, -18.8203142], [-40.757999, -18.820349], [-40.7578877, -18.8204222], [-40.7577606, -18.8204957], [-40.7575712, -18.8206304], [-40.7573998, -18.8207851], [-40.7573299, -18.8208674], [-40.7573006, -18.8209019], [-40.757238, -18.821008], [-40.7567677, -18.8219598], [-40.7563732, -18.822758], [-40.7553013, -18.8249272], [-40.7551876, -18.8251232], [-40.7550153, -18.8253383], [-40.7548168, -18.8255249], [-40.7545245, -18.8257433], [-40.7542603, -18.8259045], [-40.7540953, -18.8260276], [-40.7539974, -18.8261114], [-40.7538942, -18.8262383], [-40.7536729, -18.826536], [-40.7534798, -18.8269073], [-40.7531203, -18.8276321], [-40.7530833, -18.8277084], [-40.7528079, -18.8282756], [-40.7527006, -18.8285358], [-40.7525155, -18.8290131], [-40.7524323, -18.8292238], [-40.7523291, -18.8293863], [-40.7520153, -18.8297557], [-40.7516344, -18.8301733], [-40.7514131, -18.8304043], [-40.7513139, -18.8305274], [-40.7512213, -18.8306937], [-40.7511342, -18.830879], [-40.7510819, -18.8310593], [-40.7509571, -18.831652], [-40.7507989, -18.8328807], [-40.7506889, -18.8337616], [-40.7505548, -18.8346006], [-40.7504998, -18.8348964], [-40.750414, -18.8351959], [-40.750237, -18.8356427], [-40.749899, -18.8363358], [-40.7497461, -18.8366899], [-40.7496429, -18.8369742], [-40.7495865, -18.8372179], [-40.7495449, -18.8375302], [-40.7494859, -18.838293], [-40.7494645, -18.8385024], [-40.7494041, -18.8387816], [-40.7493196, -18.8390038], [-40.7492191, -18.839184], [-40.7491071, -18.8393243], [-40.7487446, -18.839646], [-40.7486638, -18.8397177], [-40.7479705, -18.8403111], [-40.74708, -18.8410688], [-40.7467729, -18.8413417], [-40.7466604, -18.841475], [-40.7465985, -18.8415473], [-40.7465132, -18.8416584], [-40.7464417, -18.8417542], [-40.7464113, -18.8417979], [-40.7463893, -18.841836], [-40.7462659, -18.8420354], [-40.7461225, -18.8423311], [-40.7460272, -18.842578], [-40.7459401, -18.8428883], [-40.7458884, -18.8431447], [-40.7458697, -18.8432634], [-40.7458341, -18.8435274], [-40.745822, -18.8437482], [-40.7458244, -18.8438344], [-40.7458329, -18.8441392], [-40.7458868, -18.8445683], [-40.7460822, -18.8453043], [-40.7462315, -18.8457979], [-40.7463467, -18.8462312], [-40.746423, -18.8466571], [-40.746436, -18.8471601], [-40.7463446, -18.8475479], [-40.7461194, -18.8480767], [-40.7454504, -18.849529], [-40.7447175, -18.8511756], [-40.7440571, -18.8525345], [-40.7423586, -18.8562815], [-40.7416672, -18.8575853], [-40.7416054, -18.8577019], [-40.7408362, -18.8587608], [-40.7406778, -18.8589291], [-40.7405683, -18.8589702], [-40.7404183, -18.8589912], [-40.7402788, -18.8589568], [-40.7400615, -18.8588488], [-40.7399159, -18.8586883], [-40.7398423, -18.8584977], [-40.7398015, -18.8582842], [-40.7398122, -18.8581215], [-40.7399862, -18.8570642], [-40.7400013, -18.8568263], [-40.7399626, -18.8565864], [-40.7398767, -18.8563688], [-40.7397563, -18.8561655], [-40.7388797, -18.8551407], [-40.7384328, -18.8547381], [-40.7376765, -18.8541383], [-40.7371328, -18.8536767], [-40.7368471, -18.8533595], [-40.7365785, -18.8530016], [-40.7360994, -18.8523082], [-40.7359575, -18.8521456], [-40.7356911, -18.8519158], [-40.7353667, -18.8517348], [-40.7350508, -18.8516393], [-40.7346684, -18.8515844], [-40.7342472, -18.8515905], [-40.7335511, -18.8515864], [-40.7332352, -18.8515213], [-40.7328936, -18.8513546], [-40.7326143, -18.8511451], [-40.7323887, -18.8508828], [-40.7318322, -18.8500837], [-40.7316624, -18.8498885], [-40.7314261, -18.8497157], [-40.7311424, -18.8495896], [-40.7307471, -18.849492], [-40.7300295, -18.8493659], [-40.72972, -18.8492541], [-40.7296592, -18.8492291], [-40.7295718, -18.8491931], [-40.729228, -18.8489592], [-40.7289831, -18.8487254], [-40.7287639, -18.8484448], [-40.7282891, -18.8476883], [-40.7281236, -18.8474647], [-40.7278937, -18.8472207], [-40.726134, -18.8457525], [-40.7259041, -18.8455268], [-40.7256892, -18.8452584], [-40.7254211, -18.8448214], [-40.7251714, -18.8444145], [-40.7249802, -18.8441542], [-40.7247545, -18.8439244], [-40.7245118, -18.8437272], [-40.723605, -18.8430988], [-40.7231108, -18.8427491], [-40.7225694, -18.8424013], [-40.7222686, -18.8421553], [-40.7219613, -18.8418137], [-40.7217078, -18.8414436], [-40.7201565, -18.8382326], [-40.7199803, -18.8379052], [-40.7197654, -18.8376388], [-40.7195162, -18.8373867], [-40.719123, -18.8370308], [-40.7189855, -18.8368661], [-40.7189103, -18.8367136], [-40.7188501, -18.8364899], [-40.7188351, -18.8363008], [-40.7188372, -18.8359734], [-40.7187813, -18.8357253], [-40.7186546, -18.8354589], [-40.7184633, -18.8352494], [-40.7182399, -18.8350888], [-40.7178854, -18.8348691], [-40.7177199, -18.8347003], [-40.7173788, -18.8340162], [-40.7171286, -18.8335146], [-40.7167917, -18.8329962], [-40.7164743, -18.8325563], [-40.7156163, -18.8313944], [-40.7155734, -18.8312391], [-40.7155627, -18.8310419], [-40.7156057, -18.8307185], [-40.715567, -18.8304847], [-40.7155025, -18.8302081], [-40.7154703, -18.8299478], [-40.7155111, -18.8295227], [-40.7154982, -18.8292502], [-40.7154424, -18.8289432], [-40.7153242, -18.8286218], [-40.714671, -18.8269359], [-40.7146022, -18.8267325], [-40.7144179, -18.8265028], [-40.7141994, -18.8262221], [-40.713775, -18.8253476], [-40.7136289, -18.8251219], [-40.7134377, -18.8249266], [-40.7131476, -18.8247151], [-40.7127222, -18.8244691], [-40.7124128, -18.8243613], [-40.7113127, -18.8241294], [-40.7109689, -18.8240115], [-40.710696, -18.8238162], [-40.7104124, -18.8235274], [-40.7102341, -18.8232448], [-40.7101051, -18.8229336], [-40.7096131, -18.8213819], [-40.7094906, -18.8211134], [-40.7093768, -18.8208938], [-40.7087902, -18.8198708], [-40.7084657, -18.8192017], [-40.7079758, -18.8182153], [-40.7077906, -18.8177285], [-40.70762, -18.8174022], [-40.7075152, -18.817213], [-40.7073804, -18.817005], [-40.7063643, -18.8155845], [-40.7057697, -18.8146023], [-40.7056093, -18.8143039], [-40.7054998, -18.8141593], [-40.7054084, -18.8140387], [-40.7051809, -18.8138242], [-40.7047553, -18.8136035], [-40.7041607, -18.8134766], [-40.703397, -18.8133883], [-40.7031015, -18.8133049], [-40.7027616, -18.813151], [-40.7021903, -18.8128475], [-40.7006104, -18.8120915], [-40.6998176, -18.8117714], [-40.6991297, -18.8116059], [-40.6985234, -18.8113851], [-40.6966987, -18.8108333], [-40.6961274, -18.8107229], [-40.6954336, -18.8106843], [-40.6947691, -18.8106567], [-40.6944799, -18.8106064], [-40.6942179, -18.8105036], [-40.6934341, -18.8101104], [-40.6931731, -18.8100381], [-40.6927345, -18.809989], [-40.692287, -18.8099757], [-40.692099, -18.8099701], [-40.6917973, -18.8099611], [-40.691621, -18.8099559], [-40.6912957, -18.8098966], [-40.6909389, -18.8097959], [-40.6897751, -18.8093734], [-40.6877455, -18.8085883], [-40.6875256, -18.8085159], [-40.6874263, -18.808488], [-40.6873579, -18.8084524], [-40.6872455, -18.8083832], [-40.6871648, -18.8083115], [-40.6870951, -18.8082264], [-40.6869307, -18.8080323], [-40.6866311, -18.8076869], [-40.6863297, -18.8073398], [-40.6860195, -18.8069823], [-40.6858265, -18.806756], [-40.6856936, -18.8066002], [-40.6854053, -18.8062435], [-40.6850486, -18.8058436], [-40.6849238, -18.8056887], [-40.6848317, -18.8055635], [-40.684776, -18.8054604], [-40.6847307, -18.8052634], [-40.6847253, -18.8050806], [-40.6847253, -18.804814], [-40.6847025, -18.8047112], [-40.6846596, -18.8045715], [-40.6845779, -18.804422], [-40.684489, -18.8042749], [-40.6842725, -18.803932], [-40.684201, -18.8038187], [-40.6839569, -18.803495], [-40.6836055, -18.8030506], [-40.6834473, -18.8028831], [-40.6833239, -18.8027599], [-40.6830074, -18.8025365], [-40.6828371, -18.8024273], [-40.6826574, -18.8023219], [-40.6825554, -18.8022521], [-40.6824186, -18.8021442], [-40.6823194, -18.8020502], [-40.6822336, -18.8019576], [-40.6820659, -18.8017151], [-40.6819774, -18.8015564], [-40.6818822, -18.8012974], [-40.6818219, -18.8009889], [-40.6816951, -18.8001726], [-40.6816448, -18.7999568], [-40.6815845, -18.7997105], [-40.6814879, -18.7994712], [-40.6812143, -18.7990554], [-40.6810547, -18.7988776], [-40.6809314, -18.7987646], [-40.6807543, -18.7986174], [-40.6805143, -18.7984663], [-40.6801441, -18.7982974], [-40.6797351, -18.7980969], [-40.6796372, -18.798027], [-40.6795473, -18.7979572], [-40.6794079, -18.7977642], [-40.6793073, -18.7975446], [-40.6792818, -18.797424], [-40.679259, -18.7972475], [-40.6792657, -18.7970698], [-40.6793153, -18.7968616], [-40.6795299, -18.7959348], [-40.6798196, -18.7946753], [-40.679951, -18.7942259], [-40.6800985, -18.7938907], [-40.680246, -18.7935902], [-40.6806358, -18.7929761], [-40.6807449, -18.7927912], [-40.6808656, -18.7925475], [-40.6809327, -18.7922301], [-40.6809515, -18.7919228], [-40.6809247, -18.7916613], [-40.6808227, -18.7912677], [-40.6806242, -18.7908741], [-40.6804365, -18.7906151], [-40.680289, -18.7904247], [-40.6802058, -18.7902952], [-40.6800831, -18.7900723], [-40.6799946, -18.7898311], [-40.6798196, -18.7892833], [-40.679487, -18.7882841], [-40.679318, -18.7878073], [-40.679257, -18.7876258], [-40.6792275, -18.787522], [-40.679207, -18.7874258], [-40.6791926, -18.7873147], [-40.6791799, -18.7870442], [-40.6791886, -18.7869716], [-40.679201, -18.7869113], [-40.6792322, -18.786817], [-40.6792691, -18.786723], [-40.6793522, -18.7865605], [-40.6794307, -18.7864437], [-40.679542, -18.7863294], [-40.6796493, -18.7862552], [-40.6797773, -18.7861726], [-40.6799678, -18.7861003], [-40.6803057, -18.7860133], [-40.6805619, -18.785932], [-40.6807604, -18.785826], [-40.6808911, -18.7857308], [-40.6809796, -18.7856406], [-40.6810547, -18.7855473], [-40.6811674, -18.785362], [-40.681217, -18.7852178], [-40.6812653, -18.7850045], [-40.6812955, -18.7847741], [-40.6813203, -18.7845773], [-40.6813263, -18.7844141], [-40.681325, -18.7842732], [-40.6812901, -18.7841043], [-40.6812472, -18.7839856], [-40.6811768, -18.783851], [-40.6810916, -18.7837311], [-40.6810145, -18.7836511], [-40.6809461, -18.7835936], [-40.680816, -18.7834835], [-40.6804466, -18.7831883], [-40.6798779, -18.7827286], [-40.6793388, -18.7822906], [-40.6790739, -18.7821033], [-40.6788748, -18.7819643], [-40.6786991, -18.7818443], [-40.6785026, -18.7817243], [-40.6783035, -18.7816069], [-40.6772118, -18.7810482], [-40.6762422, -18.7805594], [-40.6751425, -18.7800013], [-40.6748139, -18.7798363], [-40.6744853, -18.7796642], [-40.6739985, -18.7794077], [-40.6736559, -18.779244], [-40.6733642, -18.7790979], [-40.6730148, -18.7789164], [-40.6727654, -18.7787945], [-40.6725609, -18.7786929], [-40.6723215, -18.7785824], [-40.6721458, -18.7785107], [-40.6719225, -18.7784244], [-40.6717012, -18.7783406], [-40.6714263, -18.778251], [-40.6711661, -18.7781755], [-40.6705378, -18.7780212], [-40.6702981, -18.777945], [-40.6701941, -18.7779073], [-40.6700081, -18.7778314], [-40.6699011, -18.777772], [-40.6697878, -18.7777025], [-40.6695923, -18.7775654], [-40.6694924, -18.7774816], [-40.669306, -18.7772943], [-40.6691913, -18.7771591], [-40.6690753, -18.7769921], [-40.6688192, -18.7766264], [-40.6684484, -18.776109], [-40.668335, -18.7759611], [-40.6682606, -18.7758709], [-40.6681614, -18.7757674], [-40.6680561, -18.7756652], [-40.6679461, -18.7755617], [-40.6678254, -18.7754538], [-40.6675183, -18.7752196], [-40.6673574, -18.775104], [-40.666892, -18.7747726], [-40.6661578, -18.7742552], [-40.6652445, -18.7736063], [-40.665054, -18.7734819], [-40.6648924, -18.7733797], [-40.6647181, -18.7732781], [-40.6645592, -18.7732013], [-40.6644204, -18.7731391], [-40.6642292, -18.7730584], [-40.6640214, -18.7729873], [-40.6637485, -18.7729111], [-40.6635902, -18.7728781], [-40.6633709, -18.7728369], [-40.6631818, -18.7728102], [-40.6629243, -18.772795], [-40.6627453, -18.7727905], [-40.6624959, -18.7727975], [-40.6623001, -18.7728153], [-40.6620325, -18.7728458], [-40.661775, -18.7729004], [-40.6614572, -18.7729715], [-40.6602301, -18.7732895], [-40.6599577, -18.7733616], [-40.6597003, -18.7734298], [-40.6593007, -18.7735022], [-40.6591512, -18.7735079], [-40.6589621, -18.7735117], [-40.6586925, -18.7734965], [-40.6584933, -18.7734686], [-40.6582553, -18.7734254], [-40.6575546, -18.7732648], [-40.6570778, -18.77316], [-40.6567452, -18.7730876], [-40.6565575, -18.7730642], [-40.6564059, -18.7730527], [-40.656243, -18.7730622], [-40.6560673, -18.7730889], [-40.6559251, -18.7731295], [-40.6556784, -18.7732222], [-40.6552653, -18.7734083], [-40.6549273, -18.7735511], [-40.6547926, -18.7735873], [-40.6546658, -18.7736101], [-40.6544573, -18.7736203], [-40.6542883, -18.7736089], [-40.6540992, -18.7735784], [-40.6539121, -18.7735162], [-40.6537157, -18.7734317], [-40.6534964, -18.773306], [-40.6529968, -18.7729823], [-40.6526569, -18.7727734], [-40.6523752, -18.7726324], [-40.6521539, -18.772548], [-40.6520084, -18.7725169], [-40.6518582, -18.772501], [-40.6516584, -18.7725004], [-40.6514948, -18.7725239], [-40.6512923, -18.7725747], [-40.6510489, -18.7726743], [-40.6508464, -18.7728077], [-40.6506653, -18.7729537], [-40.6505024, -18.7731022], [-40.6500886, -18.7735098], [-40.6497682, -18.7738225], [-40.6495971, -18.7739854], [-40.6495167, -18.7740685], [-40.649393, -18.7742047], [-40.6491585, -18.7744963], [-40.6485866, -18.7752107], [-40.648304, -18.7755587], [-40.6480689, -18.7758176], [-40.6478322, -18.7760423], [-40.6476679, -18.7761915], [-40.6473468, -18.7764442], [-40.6469954, -18.7766982], [-40.6468593, -18.7768124], [-40.6467654, -18.7769032], [-40.6466735, -18.7769959], [-40.6465847, -18.7771223], [-40.6465022, -18.7772597], [-40.6464274, -18.7774098], [-40.6463677, -18.7775521], [-40.646237, -18.7779393], [-40.6459513, -18.7787183], [-40.6459205, -18.7788237], [-40.6458977, -18.7789037], [-40.6458816, -18.7790116], [-40.6458668, -18.7791551], [-40.6458615, -18.7792884], [-40.6458709, -18.7807625], [-40.6458829, -18.7817148], [-40.6458709, -18.7821052], [-40.6458286, -18.7823744], [-40.6457797, -18.7825807], [-40.6457421, -18.7826867], [-40.6456798, -18.7828093], [-40.6455959, -18.7829591], [-40.6454712, -18.7831292], [-40.6453619, -18.7832657], [-40.6446813, -18.7839571], [-40.6444292, -18.7842294], [-40.6443487, -18.7843221], [-40.6442756, -18.7844243], [-40.6441992, -18.7845348], [-40.6441308, -18.7846668], [-40.6440785, -18.7847963], [-40.6440302, -18.7849277], [-40.6439853, -18.7850833], [-40.6438592, -18.7856521], [-40.6436044, -18.7866862], [-40.6435306, -18.7869347], [-40.6434488, -18.7871998], [-40.6433368, -18.7875775], [-40.6431176, -18.7882203], [-40.6430529, -18.788371], [-40.6430093, -18.7884529], [-40.6429466, -18.7885558], [-40.6428879, -18.7886361], [-40.6425728, -18.7890817], [-40.6424936, -18.789196], [-40.6424309, -18.7893083], [-40.6424004, -18.7893721], [-40.6423645, -18.7894851], [-40.6423485, -18.7895683], [-40.6423324, -18.7897022], [-40.6423371, -18.7898356], [-40.6423599, -18.7899905], [-40.6424403, -18.7902799], [-40.6424725, -18.7904463], [-40.6424859, -18.7905694], [-40.6424873, -18.7907103], [-40.6424645, -18.7908703], [-40.6424135, -18.7910227], [-40.6422915, -18.7912499], [-40.642034, -18.7916397], [-40.6419481, -18.7918022], [-40.641882, -18.791974], [-40.6418449, -18.7921347], [-40.6418368, -18.7925386], [-40.6418502, -18.79287], [-40.6418623, -18.7931264], [-40.6418662, -18.7934313], [-40.6418509, -18.7936222], [-40.6418201, -18.7937664], [-40.6417309, -18.7940012], [-40.6416518, -18.7941383], [-40.6415056, -18.7943249], [-40.6413715, -18.7944481], [-40.6412065, -18.7945674], [-40.6410791, -18.7946398], [-40.6408538, -18.7947261], [-40.6407076, -18.7947642], [-40.6404595, -18.7947921], [-40.6400988, -18.7947718], [-40.6391747, -18.7946423], [-40.6388307, -18.7946045], [-40.6386899, -18.7946008], [-40.6385393, -18.7946165], [-40.638424, -18.7946418], [-40.6383087, -18.7946788], [-40.6382077, -18.7947313], [-40.638079, -18.7948074], [-40.6379462, -18.7949115], [-40.6378541, -18.7950088], [-40.6377993, -18.7950822], [-40.6377384, -18.795173], [-40.6376869, -18.7952862], [-40.6376284, -18.7954295], [-40.6375841, -18.7955442], [-40.6375251, -18.7957327], [-40.6374953, -18.7959096], [-40.637475, -18.7961901], [-40.6374595, -18.7969187], [-40.6374474, -18.7970685], [-40.637424, -18.7971613], [-40.6373669, -18.7972996], [-40.637257, -18.7974519], [-40.6371242, -18.7975814], [-40.6368895, -18.7977312], [-40.6367433, -18.7978379], [-40.6366025, -18.7979839], [-40.6365395, -18.7980867], [-40.6364563, -18.7983089], [-40.6364174, -18.7985107], [-40.6364322, -18.7986961], [-40.6365046, -18.7989652], [-40.6366763, -18.7995061], [-40.6367299, -18.7997181], [-40.636754, -18.7998857], [-40.6367591, -18.8000618], [-40.6367594, -18.800311], [-40.6367004, -18.80057], [-40.6366175, -18.8007587], [-40.6365448, -18.8009051], [-40.6364618, -18.8010334], [-40.6363155, -18.8012187], [-40.636168, -18.8013482], [-40.6358957, -18.8015437], [-40.6356677, -18.8016415], [-40.635429, -18.8017278], [-40.635142, -18.801776], [-40.6346016, -18.8018167], [-40.6339592, -18.8018801], [-40.6334683, -18.80195], [-40.6333221, -18.801969], [-40.6321487, -18.8021607], [-40.6319059, -18.8021924], [-40.6315814, -18.802195], [-40.6304133, -18.8022013], [-40.6297937, -18.8022331], [-40.6294276, -18.8022394], [-40.6291312, -18.8022813], [-40.628812, -18.8023714], [-40.6282226, -18.802598], [-40.6279217, -18.802665], [-40.6274793, -18.8026617], [-40.6270324, -18.8025981], [-40.6268057, -18.8025612], [-40.6265911, -18.8025403], [-40.6264074, -18.8025479], [-40.6262265, -18.8025578], [-40.6259769, -18.8026196], [-40.6257628, -18.8027086], [-40.6254941, -18.8028513], [-40.6252311, -18.8030218], [-40.6243436, -18.803831], [-40.6240569, -18.8042296], [-40.6239118, -18.8045747], [-40.6238269, -18.8050002], [-40.623926, -18.8069467], [-40.6239401, -18.808126], [-40.6239897, -18.8084309], [-40.6241065, -18.808796], [-40.624425, -18.8097073], [-40.6246374, -18.8108262], [-40.6247612, -18.8111546], [-40.6249559, -18.8115298], [-40.6250762, -18.8118078], [-40.6251505, -18.8120926], [-40.6251612, -18.8124176], [-40.6251222, -18.8127291], [-40.6249948, -18.8131881], [-40.6248285, -18.8134561], [-40.6244993, -18.813761], [-40.6241525, -18.8139821], [-40.6236535, -18.8142903], [-40.623388, -18.8145817], [-40.6230872, -18.8151881], [-40.6228855, -18.8156504], [-40.6227636, -18.8158432], [-40.6226239, -18.8160196], [-40.6225452, -18.8161088], [-40.6224609, -18.8161897], [-40.6223246, -18.8162947], [-40.6221896, -18.8163706], [-40.622025, -18.8164249], [-40.6218142, -18.8164506], [-40.6212712, -18.8164412], [-40.6208575, -18.8163975], [-40.6203549, -18.8162166], [-40.6197568, -18.8159921], [-40.6190115, -18.8157921], [-40.6178598, -18.81556], [-40.6169077, -18.8153858], [-40.6166474, -18.8153105], [-40.6164451, -18.8152118], [-40.6162232, -18.815017], [-40.6156168, -18.8144895], [-40.6154289, -18.8143528], [-40.6153203, -18.8142831], [-40.6152181, -18.8142201], [-40.6149661, -18.8140995], [-40.6148121, -18.8140347], [-40.6142819, -18.813814], [-40.6121307, -18.813207], [-40.6119124, -18.8131286], [-40.6118101, -18.813058], [-40.6116403, -18.812893], [-40.6115844, -18.8128205], [-40.6111805, -18.8122965], [-40.6109123, -18.8118771], [-40.610615, -18.8116288], [-40.6104039, -18.8115292], [-40.6102011, -18.8114688], [-40.6099399, -18.8114492], [-40.6096123, -18.8114688], [-40.6080441, -18.8116509], [-40.6074495, -18.8116619], [-40.6070823, -18.8116217], [-40.6064001, -18.8114246], [-40.6051876, -18.8110439], [-40.6047885, -18.8108287], [-40.6045055, -18.8106134], [-40.6040916, -18.8102272], [-40.6035086, -18.8093828], [-40.6028965, -18.8087593], [-40.6025982, -18.8083391], [-40.6023936, -18.8079484], [-40.6021677, -18.8075962], [-40.602006, -18.8073937], [-40.601827, -18.8072231], [-40.6016041, -18.8070539], [-40.6013327, -18.8068949], [-40.601086, -18.8067932], [-40.6009492, -18.80675], [-40.6008299, -18.8067221], [-40.6002737, -18.8066041], [-40.5998417, -18.8064912], [-40.5994278, -18.8062649], [-40.5985326, -18.8054653], [-40.5983408, -18.8052939], [-40.5982469, -18.8052063], [-40.5981638, -18.8051339], [-40.5976576, -18.8046833], [-40.5974982, -18.8045597], [-40.5967853, -18.8040879], [-40.596239, -18.8037264], [-40.5958894, -18.8033786], [-40.5956244, -18.8030742], [-40.5949457, -18.8023134], [-40.5946008, -18.801977], [-40.5939304, -18.8014196], [-40.5930626, -18.8006858], [-40.5927994, -18.8005199], [-40.5925196, -18.8003932], [-40.5917501, -18.8001338], [-40.5913712, -18.799891], [-40.5911568, -18.7996604], [-40.5909922, -18.7994219], [-40.5903276, -18.7982574], [-40.5901756, -18.7980181], [-40.5901185, -18.7979356], [-40.5900514, -18.7978493], [-40.5898985, -18.7976868], [-40.5895406, -18.7974131], [-40.5890451, -18.7971537], [-40.5887332, -18.7970501], [-40.5884213, -18.7969936], [-40.5872554, -18.7968943], [-40.5866666, -18.7968336], [-40.5861652, -18.796668], [-40.5856406, -18.7963259], [-40.5847253, -18.795349], [-40.5841365, -18.7947089], [-40.5839168, -18.794409], [-40.5837634, -18.7941404], [-40.5831571, -18.7927883], [-40.5828307, -18.7922143], [-40.582606, -18.7919363], [-40.5823624, -18.79168], [-40.5823242, -18.7916411], [-40.5806031, -18.7901544], [-40.580353, -18.7898999], [-40.5800976, -18.7895909], [-40.5797576, -18.7891413], [-40.5795276, -18.7887187], [-40.5793753, -18.788402], [-40.5791616, -18.7878727], [-40.5790397, -18.787564], [-40.578939, -18.787309], [-40.5784583, -18.7862475], [-40.5779327, -18.785233], [-40.5777895, -18.7848627], [-40.5777705, -18.7847403], [-40.5777618, -18.7843126], [-40.5777588, -18.7841625], [-40.57776, -18.7836859], [-40.5777504, -18.7835862], [-40.5777225, -18.7835409], [-40.577686, -18.7835138], [-40.577634, -18.7835163], [-40.5775935, -18.7835506], [-40.577551, -18.7836067], [-40.5770987, -18.7842197], [-40.5769381, -18.7843093], [-40.5767503, -18.7843659], [-40.5763748, -18.784456], [-40.5761133, -18.7844916], [-40.5757995, -18.7845068], [-40.575546, -18.7844878], [-40.5752108, -18.7844116], [-40.574729, -18.7842804], [-40.5741372, -18.7841701], [-40.5728048, -18.7840713], [-40.5713551, -18.7840117], [-40.570541, -18.7839799], [-40.5704056, -18.7839774], [-40.5699403, -18.7839638], [-40.5688539, -18.7838885], [-40.5681793, -18.7838644], [-40.5677475, -18.7838669], [-40.5671454, -18.783919], [-40.5657935, -18.7840739], [-40.5647602, -18.7841783], [-40.5632025, -18.7843507], [-40.5626982, -18.784371], [-40.5620089, -18.7843684], [-40.5601206, -18.7843176], [-40.5597116, -18.7843202], [-40.5591899, -18.7843608], [-40.5587849, -18.7844065], [-40.558176, -18.7844789], [-40.5578059, -18.7844941], [-40.5574787, -18.7844535], [-40.5572198, -18.7843913], [-40.556957, -18.7842783], [-40.5566901, -18.784117], [-40.5564232, -18.783872], [-40.556147, -18.7835266], [-40.5557768, -18.7830061], [-40.5556253, -18.782827], [-40.5554321, -18.782662], [-40.555117, -18.7825071], [-40.5542359, -18.7821643], [-40.553918, -18.7820233], [-40.5536257, -18.7818557], [-40.5525179, -18.7811942], [-40.5506504, -18.7800483], [-40.5502018, -18.779776], [-40.5499108, -18.7795868], [-40.5498062, -18.7794865], [-40.549719, -18.7793785], [-40.5496185, -18.7791868], [-40.5495729, -18.7789519], [-40.5495903, -18.7785901], [-40.5496466, -18.7779044], [-40.5496466, -18.7775679], [-40.5496171, -18.7772607], [-40.5495648, -18.7769762], [-40.5493771, -18.7764861], [-40.5487199, -18.7749459], [-40.5485134, -18.7744914], [-40.5482706, -18.7740673], [-40.548044, -18.7737397], [-40.5469912, -18.7724928], [-40.5459706, -18.7714287], [-40.5453644, -18.7707981], [-40.5442862, -18.7696764], [-40.5439992, -18.7693983], [-40.5436693, -18.7691507], [-40.5432831, -18.7689298], [-40.5427574, -18.7686479], [-40.5425696, -18.7685107], [-40.5423993, -18.7683393], [-40.5422772, -18.7681514], [-40.5421767, -18.767905], [-40.5419192, -18.7671127], [-40.5418092, -18.766893], [-40.5416898, -18.7667241], [-40.5414444, -18.7664752], [-40.5412084, -18.7662746], [-40.540849, -18.7660841], [-40.5399786, -18.7657121], [-40.5396017, -18.765533], [-40.5393577, -18.7653984], [-40.5391189, -18.7652461], [-40.538903, -18.765114], [-40.5386589, -18.7650175], [-40.5384645, -18.7649743], [-40.5380246, -18.7649388], [-40.5377443, -18.7648562], [-40.5375713, -18.7647597], [-40.5374184, -18.7646264], [-40.5371073, -18.7641616], [-40.536831, -18.7637616], [-40.536654, -18.7635407], [-40.5364489, -18.7633494], [-40.5362745, -18.7632131], [-40.5360156, -18.7630264], [-40.5356307, -18.7627318], [-40.5353035, -18.7624029], [-40.5351587, -18.7622378], [-40.5349387, -18.7619191], [-40.5341931, -18.7607267], [-40.5340227, -18.7605083], [-40.5337733, -18.7602442], [-40.5335453, -18.760055], [-40.5331229, -18.7597667], [-40.5326521, -18.7594721], [-40.5323236, -18.7593159], [-40.5320071, -18.7591953], [-40.531527, -18.7590238], [-40.5312507, -18.7589096], [-40.5310053, -18.7587673], [-40.5303428, -18.7583026], [-40.5298787, -18.7580295], [-40.5294737, -18.7578619], [-40.5291908, -18.7577972], [-40.5289413, -18.7577794], [-40.5285457, -18.7578187], [-40.5280696, -18.7579356], [-40.5276626, -18.7580622], [-40.5268706, -18.7583394], [-40.5265059, -18.7584105], [-40.5261156, -18.7584511], [-40.5256127, -18.7584562], [-40.5234173, -18.75846], [-40.5204078, -18.7582941], [-40.519558, -18.7581486], [-40.5175847, -18.7576667], [-40.5164564, -18.7573757], [-40.5145214, -18.7567029], [-40.5139501, -18.7565437], [-40.5135655, -18.7564816], [-40.5131579, -18.7564528], [-40.5127421, -18.7564714], [-40.5123609, -18.7565301], [-40.5103491, -18.7569211], [-40.5098498, -18.7570893], [-40.5093408, -18.7574621], [-40.5085485, -18.7580727], [-40.5080437, -18.7584626], [-40.5077708, -18.7586714], [-40.5074972, -18.7587941], [-40.5071995, -18.758826], [-40.5067241, -18.7587487], [-40.5053942, -18.758485], [-40.5049285, -18.7584759], [-40.5043571, -18.7585941], [-40.5028159, -18.7590306], [-40.5023022, -18.7592988], [-40.5006793, -18.7603808], [-40.4983075, -18.7617128], [-40.4969055, -18.7626675], [-40.4964014, -18.7628675], [-40.4960882, -18.7628969], [-40.4958444, -18.7629039], [-40.4953451, -18.7627812], [-40.4945049, -18.7624447], [-40.4941469, -18.7623288], [-40.4935734, -18.7622129], [-40.4930885, -18.7619856], [-40.4926948, -18.7615764], [-40.4924883, -18.7611264], [-40.4921042, -18.7596307], [-40.4919074, -18.7592124], [-40.4918356, -18.7591127], [-40.4916577, -18.7589442], [-40.4910191, -18.7585077], [-40.4904704, -18.758121], [-40.4903322, -18.7580346], [-40.4900471, -18.7578523], [-40.48978, -18.7577211], [-40.4895602, -18.7576684], [-40.4892803, -18.7576471], [-40.4887433, -18.7577349], [-40.4880375, -18.7578985], [-40.4874902, -18.7579304], [-40.4856897, -18.7577212], [-40.4852174, -18.7576896], [-40.4848159, -18.757744], [-40.4844938, -18.7578513], [-40.4841725, -18.7579849], [-40.4826409, -18.7591033], [-40.4815702, -18.7596898], [-40.4812902, -18.7598915], [-40.4810421, -18.7601307], [-40.4805955, -18.7606263], [-40.4802162, -18.7609036], [-40.475644, -18.7630912], [-40.4751254, -18.7633674], [-40.4750743, -18.7634017], [-40.4746628, -18.7636778], [-40.4745448, -18.7637782], [-40.4744142, -18.7639105], [-40.4742877, -18.7640498], [-40.4741948, -18.7641521], [-40.474088, -18.7643301], [-40.4730373, -18.7657658], [-40.47272, -18.7660892], [-40.4725989, -18.7661581], [-40.4724876, -18.7662179], [-40.4723782, -18.7662659], [-40.4722558, -18.7662982], [-40.4719589, -18.766335], [-40.471433, -18.7664037], [-40.4711675, -18.7664414], [-40.4709491, -18.7664677], [-40.4705912, -18.7664833], [-40.468157, -18.7661116], [-40.4677282, -18.7660318], [-40.4674552, -18.7659053], [-40.4672257, -18.7657166], [-40.4671111, -18.7655203], [-40.467062, -18.7652929], [-40.4668854, -18.7622944], [-40.4667522, -18.7615189], [-40.4666078, -18.7610828], [-40.4663768, -18.7605374], [-40.4655768, -18.759241], [-40.4652362, -18.7586911], [-40.465086, -18.7585184], [-40.4649384, -18.7583864], [-40.4647735, -18.7582937], [-40.4646179, -18.7582238], [-40.4644382, -18.7581565], [-40.4642706, -18.758107], [-40.4639111, -18.758027], [-40.4636201, -18.7579762], [-40.4634887, -18.7579686], [-40.4633358, -18.7579749], [-40.4631856, -18.7580105], [-40.4630703, -18.7580511], [-40.4629254, -18.758121], [-40.4627337, -18.7582492], [-40.4625124, -18.7584524], [-40.4620269, -18.7588981], [-40.4618499, -18.7589997], [-40.4616514, -18.7590873], [-40.4614274, -18.7591242], [-40.4611994, -18.7591229], [-40.4610237, -18.7590873], [-40.4608978, -18.759037], [-40.4607354, -18.7589426], [-40.4603856, -18.7587136], [-40.4598972, -18.7583635], [-40.4597041, -18.7582137], [-40.4595311, -18.7580651], [-40.4593125, -18.7578416], [-40.4590939, -18.7575635], [-40.458937, -18.7573438], [-40.4585601, -18.7568016], [-40.4584327, -18.7565476], [-40.458359, -18.7563558], [-40.4583241, -18.7562327], [-40.458312, -18.7561184], [-40.4583013, -18.7559507], [-40.4583375, -18.7556472], [-40.4585145, -18.7546542], [-40.4586326, -18.7538999], [-40.4587063, -18.7534097], [-40.4586983, -18.7532433], [-40.4586701, -18.7530935], [-40.4586031, -18.7528884], [-40.4585266, -18.7527658], [-40.4584354, -18.752682], [-40.4582463, -18.7525106], [-40.4580961, -18.7524268], [-40.4578923, -18.7523328], [-40.457608, -18.7522464], [-40.4569481, -18.7520344], [-40.4563634, -18.7518007], [-40.4562078, -18.7517105], [-40.4561006, -18.7516331], [-40.4560013, -18.7515226], [-40.4559048, -18.7513867], [-40.455835, -18.751247], [-40.4557908, -18.7511251], [-40.4557599, -18.7509765], [-40.455654, -18.7503936], [-40.4555199, -18.7496609], [-40.4554179, -18.7492723], [-40.455257, -18.7489459], [-40.4551417, -18.7487846], [-40.4549392, -18.7485294], [-40.4547367, -18.7483351], [-40.4545006, -18.7481636], [-40.4543638, -18.7480798], [-40.4542378, -18.7480125], [-40.4539374, -18.7478614], [-40.4536008, -18.7477329], [-40.4532266, -18.7476226], [-40.4529718, -18.7475706], [-40.4526231, -18.7475223], [-40.4521899, -18.7474982], [-40.4519203, -18.7474664], [-40.45175, -18.7474232], [-40.4516226, -18.7473712], [-40.4514429, -18.7472213], [-40.4513034, -18.7470676], [-40.4511344, -18.7468543], [-40.4509266, -18.7465851], [-40.4507951, -18.7464124], [-40.4506852, -18.7463235], [-40.4505658, -18.7462663], [-40.4504398, -18.746232], [-40.4503298, -18.7462168], [-40.4502091, -18.7462193], [-40.4500428, -18.7462625], [-40.4498765, -18.7463336], [-40.4496793, -18.7464632], [-40.449505, -18.7466219], [-40.4486212, -18.7474766], [-40.4478903, -18.7481573], [-40.4476945, -18.7483147], [-40.4474692, -18.7484582], [-40.4471889, -18.7485903], [-40.4469931, -18.7486424], [-40.4467195, -18.7486792], [-40.4464258, -18.7486691], [-40.4461978, -18.7486473], [-40.4460087, -18.748603], [-40.4457955, -18.7485306], [-40.4455581, -18.7483947], [-40.4453436, -18.7482398], [-40.4452001, -18.7481014], [-40.4450701, -18.7479433], [-40.4449788, -18.7478106], [-40.4449077, -18.7476709], [-40.4448272, -18.7474753], [-40.444669, -18.74706], [-40.444099, -18.7454802], [-40.4438496, -18.7447639], [-40.4436766, -18.7443347], [-40.4435706, -18.7441569], [-40.4434499, -18.7440108], [-40.4433453, -18.7439296], [-40.4432537, -18.7438692], [-40.4430328, -18.743781], [-40.4428558, -18.7437302], [-40.44266, -18.7437048], [-40.4423435, -18.7436781], [-40.4412518, -18.7436057], [-40.44047, -18.7435498], [-40.4402487, -18.743513], [-40.4401374, -18.7434889], [-40.4399242, -18.7434114], [-40.4397793, -18.7433505], [-40.4396358, -18.7432654], [-40.4395258, -18.7431904], [-40.4393166, -18.7430355], [-40.4384851, -18.742351], [-40.4377811, -18.7417592], [-40.4376416, -18.7415979], [-40.4375102, -18.7414112], [-40.4374353, -18.7412688], [-40.4373854, -18.7411648], [-40.4373385, -18.7410314], [-40.4372902, -18.7408244], [-40.4372607, -18.740672], [-40.4371762, -18.7400002], [-40.4370891, -18.739402], [-40.437022, -18.7390566], [-40.436927, -18.7387032], [-40.4368436, -18.7384381], [-40.436739, -18.7381676], [-40.4366612, -18.7379898], [-40.4365379, -18.7377129], [-40.4364014, -18.7374613], [-40.4357039, -18.7363417], [-40.4355195, -18.7360457], [-40.4347689, -18.7348909], [-40.4343787, -18.7342432], [-40.4329531, -18.7320218], [-40.4316683, -18.7299567], [-40.4310139, -18.7289332], [-40.4307751, -18.7285564], [-40.4303232, -18.7278598], [-40.4301341, -18.7275994], [-40.4298585, -18.7272692], [-40.42955, -18.7269453], [-40.4293867, -18.7267973], [-40.4292221, -18.7266481], [-40.4290955, -18.7265502], [-40.4290357, -18.7265039], [-40.4289298, -18.726429], [-40.4285422, -18.7261845], [-40.4284135, -18.7261019], [-40.4282753, -18.7260194], [-40.4281529, -18.7259654], [-40.4270013, -18.7255012], [-40.4269195, -18.7254618], [-40.4266459, -18.7253589], [-40.4259572, -18.7250846], [-40.4255589, -18.7249312], [-40.4249031, -18.7246661], [-40.4243727, -18.7244571], [-40.4235613, -18.7241402], [-40.4233032, -18.7240418], [-40.4230108, -18.7239269], [-40.422432, -18.7236958], [-40.4222942, -18.7236434], [-40.422121, -18.7235776], [-40.4218681, -18.7234782], [-40.421783, -18.7234442], [-40.4216006, -18.7233699], [-40.4212929, -18.7232486], [-40.4206914, -18.723013], [-40.4204905, -18.7229377], [-40.4201992, -18.7228225], [-40.4197372, -18.7226421], [-40.4194354, -18.7225208], [-40.4191779, -18.7224179], [-40.4189439, -18.7223297], [-40.4188601, -18.722296], [-40.4187324, -18.7222507], [-40.4187072, -18.7222433], [-40.4183377, -18.7220979], [-40.4183323, -18.7220278], [-40.4183043, -18.7219772], [-40.4182596, -18.7219389], [-40.4182036, -18.7219175], [-40.4181433, -18.7219157], [-40.418086, -18.7219338], [-40.4180378, -18.7219706], [-40.4180036, -18.7220291], [-40.4179973, -18.7220972], [-40.4179993, -18.7221089], [-40.4179495, -18.7221398], [-40.4178744, -18.7222033], [-40.4177839, -18.7222731], [-40.4171763, -18.7223106], [-40.4164575, -18.7223582], [-40.4162423, -18.7223665], [-40.4160706, -18.7223602], [-40.4159103, -18.7223278], [-40.4158366, -18.7222973], [-40.4156877, -18.7222084], [-40.4155429, -18.7221093], [-40.4153813, -18.7219886], [-40.4152217, -18.7218388], [-40.4150983, -18.7217257], [-40.4148871, -18.7215542], [-40.4147349, -18.7214476], [-40.4145706, -18.7213548], [-40.4144023, -18.7212761], [-40.4141428, -18.7211815], [-40.4135922, -18.7209801], [-40.4130685, -18.7207852], [-40.4125354, -18.7205743], [-40.4121499, -18.7204276], [-40.4120278, -18.7203597], [-40.4119306, -18.7202682], [-40.4118314, -18.7201577], [-40.4117442, -18.7200415], [-40.4116785, -18.7199335], [-40.4116242, -18.7198313], [-40.4115866, -18.7197113], [-40.4114518, -18.7193359], [-40.4112627, -18.7188298], [-40.4111085, -18.7184201], [-40.4110146, -18.7181871], [-40.4109335, -18.7180194], [-40.4108517, -18.7178797], [-40.410739, -18.7177336], [-40.410613, -18.7175894], [-40.4104748, -18.717458], [-40.410277, -18.7173132], [-40.4101144, -18.7172239], [-40.4099947, -18.7171693], [-40.4098113, -18.7171112], [-40.4096474, -18.7170725], [-40.4093617, -18.717002], [-40.4091264, -18.7169112], [-40.408942, -18.7168273], [-40.4088099, -18.7167587], [-40.4085094, -18.7165949], [-40.4078367, -18.7162695], [-40.4077195, -18.7162107], [-40.407628, -18.7161508], [-40.4075599, -18.7160773], [-40.4075056, -18.7159979], [-40.4074406, -18.7158931], [-40.407287, -18.7155749], [-40.4071476, -18.7153425], [-40.4070483, -18.7152244], [-40.4069625, -18.7151354], [-40.406764, -18.7149894], [-40.4064797, -18.7147976], [-40.4062056, -18.7146253], [-40.4055684, -18.7141764], [-40.4054745, -18.7140932], [-40.4054142, -18.7140227], [-40.4053719, -18.7139675], [-40.4053156, -18.713883], [-40.4052901, -18.7138005], [-40.4052781, -18.7137217], [-40.4052794, -18.7136048], [-40.4052915, -18.7134486], [-40.4052928, -18.7133267], [-40.405266, -18.713239], [-40.4052137, -18.7131768], [-40.4051305, -18.713112], [-40.4050031, -18.7130371], [-40.4049096, -18.7131023], [-40.4048078, -18.7131788], [-40.4043593, -18.7135936], [-40.404295, -18.7136514], [-40.4039598, -18.7138525], [-40.4037955, -18.7138932], [-40.4036412, -18.7139192], [-40.4035212, -18.7139364], [-40.4033589, -18.7139491], [-40.4031658, -18.7139605], [-40.4029592, -18.713971], [-40.4027874, -18.7139805], [-40.4023948, -18.7137856], [-40.4018058, -18.7134869], [-40.4009075, -18.7130142], [-40.4008122, -18.7129641], [-40.4000305, -18.7125711], [-40.3997482, -18.7124142], [-40.3980385, -18.7117375], [-40.3980124, -18.7117272], [-40.397954, -18.711637], [-40.3979091, -18.7115489], [-40.3978811, -18.7115114], [-40.3978377, -18.7114647], [-40.3977833, -18.7114198], [-40.3976908, -18.7115204], [-40.3976706, -18.7115468], [-40.3976475, -18.7115785], [-40.3976171, -18.7116226], [-40.39756, -18.7117046], [-40.3975505, -18.7117139], [-40.3974334, -18.7118278], [-40.3972895, -18.7119673], [-40.3970324, -18.7122232], [-40.396762, -18.7123588], [-40.3963678, -18.712529], [-40.3959762, -18.7126789], [-40.3951876, -18.7130142], [-40.3946481, -18.7132296], [-40.3945025, -18.7132865], [-40.3942314, -18.7134084], [-40.3938883, -18.7135257], [-40.3929922, -18.7133318], [-40.3924786, -18.7132022], [-40.3923485, -18.713145], [-40.3922693, -18.7131057], [-40.3919622, -18.7128846], [-40.3918925, -18.71283], [-40.3915787, -18.7126001], [-40.3914707, -18.7125391], [-40.3913842, -18.712508], [-40.391289, -18.712489], [-40.3912005, -18.7124756], [-40.3910791, -18.712468], [-40.3909356, -18.7124813], [-40.3908303, -18.7125048], [-40.3907458, -18.7125328], [-40.3906379, -18.7125836], [-40.3905326, -18.7126497], [-40.3893779, -18.7134753], [-40.3892076, -18.7135921], [-40.389099, -18.7137001], [-40.3890279, -18.713789], [-40.3889474, -18.7139186], [-40.3889018, -18.7140304], [-40.3888764, -18.7141218], [-40.3888522, -18.7142393], [-40.3888462, -18.7143422], [-40.3888536, -18.714426], [-40.388869, -18.7145086], [-40.3888911, -18.7145829], [-40.3890413, -18.714964], [-40.3893283, -18.7158861], [-40.3893578, -18.7160322], [-40.3893712, -18.7161236], [-40.3893591, -18.7162596], [-40.3893303, -18.7163961], [-40.3892981, -18.7164774], [-40.3892089, -18.7166216], [-40.3890963, -18.7167562], [-40.3890326, -18.7168083], [-40.3889588, -18.7168591], [-40.3888663, -18.7169061], [-40.3887033, -18.7169747], [-40.3885612, -18.7170128], [-40.3884365, -18.7170204], [-40.3883232, -18.7170098], [-40.3882594, -18.7170039], [-40.3880382, -18.7169404], [-40.3878343, -18.7168324], [-40.3875929, -18.7166508], [-40.3868835, -18.716083], [-40.3863953, -18.715688], [-40.3861579, -18.7154822], [-40.3860641, -18.7153641], [-40.3859863, -18.7152485], [-40.3859286, -18.7151011], [-40.3857737, -18.7144904], [-40.3856322, -18.713817], [-40.3854807, -18.7131349], [-40.3853586, -18.712642], [-40.3853171, -18.7125112], [-40.3852688, -18.7123969], [-40.3852272, -18.7123283], [-40.3851667, -18.7122431], [-40.3850381, -18.7120831], [-40.3849174, -18.7119574], [-40.3847592, -18.7118316], [-40.384672, -18.7117745], [-40.3845768, -18.7117262], [-40.3844574, -18.711664], [-40.3843461, -18.7116259], [-40.3841396, -18.7115903], [-40.383921, -18.7115839], [-40.3837761, -18.7115966], [-40.3836407, -18.7116208], [-40.3834905, -18.7116678], [-40.3829084, -18.7119142], [-40.3825906, -18.7120654], [-40.3824548, -18.712119], [-40.3819375, -18.7123384], [-40.3812562, -18.7125919], [-40.3806793, -18.7127874], [-40.3803027, -18.7129151], [-40.3798868, -18.7130536], [-40.3797837, -18.7130879], [-40.3794872, -18.7132027], [-40.3789544, -18.7134166], [-40.3784428, -18.713683], [-40.3779584, -18.7140012], [-40.3775883, -18.7142882], [-40.3773017, -18.7145582], [-40.3771137, -18.714768], [-40.3769329, -18.7150965], [-40.3768185, -18.7153806], [-40.3767755, -18.7156376], [-40.3767566, -18.7159041], [-40.3767784, -18.7162312], [-40.3769562, -18.7167378], [-40.3770505, -18.7169219], [-40.3772885, -18.7173866], [-40.3775276, -18.7177979], [-40.3778424, -18.7182023], [-40.3782621, -18.7185805], [-40.3785887, -18.7188101], [-40.378865, -18.7189269], [-40.3791225, -18.7190412], [-40.3793585, -18.7191479], [-40.3796214, -18.7192953], [-40.3801873, -18.7196433], [-40.3806202, -18.719896], [-40.3807848, -18.7199996], [-40.3809028, -18.7200847], [-40.3809565, -18.7201387], [-40.3810202, -18.7202276], [-40.3810939, -18.7203724], [-40.3811409, -18.7204943], [-40.3811623, -18.7206099], [-40.381165, -18.7207166], [-40.3811449, -18.7208626], [-40.3811053, -18.7210297], [-40.3810644, -18.7211224], [-40.3809679, -18.7213275], [-40.3807238, -18.7217708], [-40.3804215, -18.7222417], [-40.3802839, -18.7225138], [-40.3801994, -18.7227387], [-40.3801182, -18.7230541], [-40.3799044, -18.7243924], [-40.3797971, -18.72519], [-40.3797703, -18.725425], [-40.3796197, -18.7261682], [-40.379439, -18.7265859], [-40.379262, -18.7268475], [-40.3790528, -18.7270787], [-40.3788221, -18.7272514], [-40.3784386, -18.72753], [-40.3779879, -18.7276807], [-40.3775024, -18.7277467], [-40.3766817, -18.7278001], [-40.3750482, -18.7277162], [-40.3744638, -18.7276833], [-40.3731548, -18.7276096], [-40.3726098, -18.7276028], [-40.3723526, -18.7276299], [-40.3720947, -18.727699], [-40.3717672, -18.7278415], [-40.3714599, -18.7280439], [-40.3712078, -18.7282985], [-40.371027, -18.7286038], [-40.3708886, -18.7289464], [-40.3708261, -18.7294057], [-40.3708525, -18.730003], [-40.3710207, -18.7307298], [-40.3712308, -18.7317906], [-40.3712323, -18.7319875], [-40.3711795, -18.7322909], [-40.3710003, -18.7325862], [-40.37077, -18.7327864], [-40.3704727, -18.7329244], [-40.3701695, -18.7329837], [-40.369932, -18.7329561], [-40.3693971, -18.7328554], [-40.3686306, -18.7329019], [-40.3682622, -18.7328917], [-40.3679026, -18.7328401], [-40.3675716, -18.7327407], [-40.3672252, -18.7326017], [-40.3664399, -18.732212], [-40.365711, -18.731888], [-40.365335, -18.731764], [-40.3641799, -18.731523], [-40.362204, -18.731217], [-40.3618, -18.731219], [-40.361398, -18.731292], [-40.3610349, -18.7314089], [-40.3592899, -18.732178], [-40.3586439, -18.73251], [-40.3583334, -18.7326054], [-40.358273, -18.732624], [-40.3579079, -18.732659], [-40.35753, -18.7326499], [-40.357168, -18.7325939], [-40.356838, -18.732494], [-40.355088, -18.7315529], [-40.3547049, -18.7313949], [-40.353906, -18.7311509], [-40.3535239, -18.731003], [-40.3532059, -18.730799], [-40.3499709, -18.7284059], [-40.3498932, -18.7283722], [-40.3496109, -18.72825], [-40.34923, -18.728196], [-40.3450409, -18.728171], [-40.344618, -18.7280909], [-40.3427302, -18.7275368], [-40.3425631, -18.7274914], [-40.3420596, -18.727333], [-40.341863, -18.7272801], [-40.3414054, -18.7271572], [-40.3410271, -18.7270571], [-40.3408206, -18.7270139], [-40.3407039, -18.7269936], [-40.3405905, -18.7269786], [-40.3402519, -18.726932], [-40.3401453, -18.7269193], [-40.3400246, -18.7269097], [-40.339806, -18.7268958], [-40.3394037, -18.7268646], [-40.3392924, -18.726857], [-40.339167, -18.7268443], [-40.3390563, -18.7268297], [-40.3389523, -18.7268157], [-40.3384843, -18.7267256], [-40.3380069, -18.7266201], [-40.3375295, -18.7265198], [-40.3370775, -18.7264169], [-40.3362722, -18.7262205], [-40.3361455, -18.7261896], [-40.3356774, -18.726074], [-40.3352349, -18.7259658], [-40.3350163, -18.7258809], [-40.3349197, -18.725839], [-40.3348388, -18.7257982], [-40.3327176, -18.7246413], [-40.3321771, -18.724339], [-40.3316648, -18.7240609], [-40.3306643, -18.7234946], [-40.3305685, -18.7234309], [-40.3304833, -18.7233699], [-40.3303841, -18.7232886], [-40.3303102, -18.7232205], [-40.3282717, -18.7209521], [-40.3281243, -18.7207648], [-40.3279594, -18.7205477], [-40.3276697, -18.7201577], [-40.3273787, -18.71975], [-40.3272352, -18.7195506], [-40.3271627, -18.7194617], [-40.3271009, -18.7193872], [-40.326916, -18.7191721], [-40.3267081, -18.7189536], [-40.3262998, -18.7185333], [-40.3262307, -18.7184487], [-40.326167, -18.7183712], [-40.326108, -18.7182912], [-40.3260785, -18.7182455], [-40.3260485, -18.7182042], [-40.3259638, -18.718055], [-40.3258766, -18.7178892], [-40.3257063, -18.7175501], [-40.325532, -18.7172058], [-40.3253596, -18.7168903], [-40.3253113, -18.7168134], [-40.325259, -18.7167352], [-40.3252034, -18.7166552], [-40.3251685, -18.7166108], [-40.3251365, -18.7165758], [-40.325021, -18.7164564], [-40.3249472, -18.7163955], [-40.3248498, -18.716332], [-40.324787, -18.7162932], [-40.3247105, -18.71625], [-40.3245591, -18.7161836], [-40.3244872, -18.7161535], [-40.3244041, -18.7161262], [-40.3242995, -18.7161021], [-40.3241767, -18.7160872], [-40.3240869, -18.7160805], [-40.323991, -18.7160779], [-40.3238858, -18.7160798], [-40.3237737, -18.7160896], [-40.3210098, -18.7166101], [-40.3182203, -18.7171487], [-40.3159705, -18.7175759], [-40.3154106, -18.7176822], [-40.3151731, -18.7177283], [-40.3125887, -18.7182297], [-40.3124763, -18.7182588], [-40.3123516, -18.7182982], [-40.3122322, -18.7183414], [-40.3120954, -18.7184007], [-40.3119466, -18.7184824], [-40.3118487, -18.7185484], [-40.3117666, -18.7186065], [-40.3116931, -18.7186659], [-40.3116093, -18.7187339], [-40.3115349, -18.7188044], [-40.3114485, -18.718889], [-40.3107047, -18.7196687], [-40.3103413, -18.720037], [-40.3099671, -18.7204266], [-40.3096895, -18.720695], [-40.3095265, -18.7208398], [-40.3094293, -18.7209217], [-40.3093253, -18.7210027], [-40.3091839, -18.7211154], [-40.3090236, -18.7212278], [-40.308862, -18.7213371], [-40.3087822, -18.7213904], [-40.3086894, -18.7214469], [-40.3083403, -18.7216273], [-40.3082491, -18.7216679], [-40.3081445, -18.7217124], [-40.3079246, -18.7217968], [-40.3075679, -18.7219245], [-40.3073734, -18.721988], [-40.3072654, -18.7220191], [-40.3071454, -18.7220501], [-40.3069764, -18.722089], [-40.3068021, -18.7221226], [-40.3065969, -18.7221531], [-40.3063871, -18.7221825], [-40.3059465, -18.7221995], [-40.3056782, -18.7221988], [-40.3053827, -18.7221833], [-40.3052337, -18.722169], [-40.3050707, -18.7221518], [-40.30477, -18.7221092], [-40.3017497, -18.7216109], [-40.3012446, -18.7215358], [-40.300692, -18.7214622], [-40.3000912, -18.7213961], [-40.2995222, -18.7213467], [-40.296261, -18.7211192], [-40.293077, -18.7209476], [-40.2925321, -18.7208794], [-40.2920927, -18.7207612], [-40.290917, -18.7202858], [-40.2900402, -18.7199313], [-40.2896801, -18.7198653], [-40.289212, -18.7198767], [-40.2863408, -18.7205042], [-40.2858079, -18.7205474], [-40.285455, -18.7205202], [-40.2850445, -18.720411], [-40.2830471, -18.719613], [-40.2817844, -18.7191537], [-40.2805432, -18.7187694], [-40.2769591, -18.7176781], [-40.2764502, -18.7176121], [-40.2760036, -18.7176463], [-40.2755643, -18.7177236], [-40.275149, -18.7178736], [-40.2722994, -18.7192423], [-40.2695915, -18.7205429], [-40.2690706, -18.7208248], [-40.2687393, -18.721175], [-40.2685208, -18.7215001], [-40.2678534, -18.7226915], [-40.265942, -18.7260442], [-40.2644312, -18.7287177], [-40.2640665, -18.7293737], [-40.2621762, -18.7326721], [-40.261907, -18.7330452], [-40.2615465, -18.7333643], [-40.2611683, -18.7335942], [-40.2607659, -18.7337689], [-40.2556718, -18.7353824], [-40.2550723, -18.7355272], [-40.254727, -18.7355691], [-40.254552, -18.7355888], [-40.2537829, -18.7355767], [-40.2531222, -18.7355091], [-40.2528017, -18.7354754], [-40.2522687, -18.7354192], [-40.2505435, -18.7352302], [-40.2503872, -18.7352128], [-40.2488163, -18.7350357], [-40.2481824, -18.7349642], [-40.2479136, -18.7349339], [-40.2472929, -18.7348639], [-40.245696, -18.7346839], [-40.2451751, -18.7346243], [-40.2446925, -18.7345692], [-40.2440793, -18.734499], [-40.2431362, -18.7343912], [-40.2425417, -18.7343232], [-40.2417129, -18.7342394], [-40.2412834, -18.7341625], [-40.240978, -18.7341079], [-40.2406926, -18.7340125], [-40.2406152, -18.7339866], [-40.2401935, -18.7337732], [-40.2400962, -18.7337123], [-40.2398907, -18.7335635], [-40.2396027, -18.7333112], [-40.2390247, -18.732681], [-40.2387292, -18.732356], [-40.2381903, -18.7317631], [-40.2380216, -18.7315776], [-40.2378692, -18.7314131], [-40.2377547, -18.7312896], [-40.2370687, -18.7307787], [-40.2366667, -18.7305762], [-40.235702, -18.7302449], [-40.2341632, -18.7297165], [-40.2340191, -18.729667], [-40.2331517, -18.7293749], [-40.2320516, -18.7290042], [-40.2304007, -18.7285221], [-40.2295739, -18.728298], [-40.2287659, -18.7282294], [-40.2283984, -18.7282243], [-40.2280819, -18.7282408], [-40.2277051, -18.7282865], [-40.227277, -18.728379], [-40.2269675, -18.7284529], [-40.2266403, -18.7285418], [-40.2265397, -18.7285672], [-40.2256358, -18.7288263], [-40.2254292, -18.7288911], [-40.2250269, -18.7290067], [-40.2242839, -18.7292137], [-40.2235504, -18.7294296], [-40.2228664, -18.729629], [-40.2223045, -18.7298017], [-40.2222474, -18.7298191], [-40.2216218, -18.73001], [-40.2212168, -18.7301358], [-40.2210599, -18.7301878], [-40.2208882, -18.7302438], [-40.2207595, -18.7302894], [-40.22038, -18.7304165], [-40.2199416, -18.7305595], [-40.2196461, -18.7306473], [-40.218833, -18.730889], [-40.2184495, -18.7309797], [-40.2180666, -18.7310549], [-40.2179281, -18.731079], [-40.2177437, -18.7310937], [-40.2174063, -18.731197], [-40.2170114, -18.7313435], [-40.2168444, -18.7314025], [-40.2167052, -18.7314324], [-40.2166209, -18.731442], [-40.216535, -18.7314427], [-40.2164568, -18.7314357], [-40.2163454, -18.731419], [-40.2160269, -18.7313185], [-40.2160182, -18.7313145], [-40.2156093, -18.7311291], [-40.2151722, -18.7309589], [-40.2151488, -18.7309533], [-40.2142384, -18.7307519], [-40.2134301, -18.7305823], [-40.2114444, -18.7301656], [-40.2064922, -18.7290972], [-40.2015739, -18.728036], [-40.2006644, -18.7277925], [-40.1990597, -18.7273173], [-40.1983446, -18.7271055], [-40.197406, -18.726835], [-40.1964699, -18.7265652], [-40.195101, -18.7261708], [-40.1920017, -18.7252777], [-40.1900666, -18.7247201], [-40.188615, -18.7243018], [-40.1885388, -18.7242798], [-40.1883651, -18.7242298], [-40.1862216, -18.7236072], [-40.1847093, -18.723168], [-40.1836216, -18.7228644], [-40.182353, -18.7224882], [-40.1811446, -18.7221366], [-40.178876, -18.7214705], [-40.1740697, -18.7200802], [-40.1732332, -18.7198382], [-40.1624429, -18.7167169], [-40.1623657, -18.7166946], [-40.1617856, -18.7165268], [-40.1616331, -18.7164827], [-40.1613237, -18.7163948], [-40.1610576, -18.7163173], [-40.1605317, -18.7161634], [-40.1600189, -18.7160157], [-40.1597789, -18.7159463], [-40.1594271, -18.7158454], [-40.1588571, -18.7156818], [-40.1582826, -18.7155312], [-40.1580798, -18.7154751], [-40.1579127, -18.7154377], [-40.157784, -18.7154166], [-40.157762, -18.715413], [-40.1574566, -18.7153646], [-40.1573245, -18.715355], [-40.1571643, -18.7153603], [-40.1569772, -18.7153772], [-40.1567918, -18.7153861], [-40.156174, -18.7155112], [-40.1560854, -18.7155291], [-40.1556662, -18.715614], [-40.1543635, -18.7158778], [-40.1536592, -18.7160204], [-40.1536014, -18.7160321], [-40.1534487, -18.716063], [-40.1528343, -18.7161801], [-40.1516077, -18.7164358], [-40.1498042, -18.716801], [-40.1469344, -18.7173858], [-40.1435893, -18.7180595], [-40.1435464, -18.7180682], [-40.1429944, -18.7181799], [-40.142456, -18.718289], [-40.1408554, -18.7186131], [-40.1380462, -18.7191819], [-40.1363408, -18.7195272], [-40.1333046, -18.7201433], [-40.1305991, -18.7206849], [-40.129929, -18.720819], [-40.1281011, -18.7211992], [-40.1262284, -18.7215792], [-40.1256129, -18.7217041], [-40.123339, -18.7221487], [-40.121903, -18.722436], [-40.1212402, -18.7225583], [-40.1209746, -18.7225786], [-40.1207145, -18.7225672], [-40.1205012, -18.7225316], [-40.1202974, -18.7224745], [-40.1200788, -18.7223817], [-40.1183192, -18.7214609], [-40.1182213, -18.7214088], [-40.1147796, -18.719674], [-40.1126414, -18.7185828], [-40.111547, -18.7180243], [-40.1111581, -18.7178697], [-40.1106852, -18.7178037], [-40.1101882, -18.7177946], [-40.1058316, -18.7179125], [-40.101786, -18.718022], [-40.0977071, -18.7181045], [-40.0929523, -18.7182007], [-40.0927956, -18.7182039], [-40.0924316, -18.7181525], [-40.0923442, -18.7181402], [-40.091328, -18.7179106], [-40.0897683, -18.7175582], [-40.0882766, -18.7172075], [-40.0859585, -18.7166624], [-40.0843501, -18.7162463], [-40.082255, -18.715577], [-40.0811116, -18.7152117], [-40.0794799, -18.7146587], [-40.0793491, -18.7146144], [-40.0792402, -18.7145775], [-40.0776919, -18.7140529], [-40.0759552, -18.7133937], [-40.075694, -18.7132946], [-40.0752336, -18.7131198], [-40.074712, -18.7129218], [-40.0742294, -18.7127386], [-40.0734943, -18.7124596], [-40.0661583, -18.7096938], [-40.063629, -18.7087145], [-40.06208, -18.7081441], [-40.0612351, -18.7078253], [-40.0608462, -18.7077034], [-40.0605954, -18.7076348], [-40.0599302, -18.7074849], [-40.058905, -18.7073331], [-40.0583129, -18.7072664], [-40.0577416, -18.707241], [-40.0573634, -18.7072575], [-40.0561668, -18.7073883], [-40.0560387, -18.7074026], [-40.0554657, -18.7074468], [-40.0550674, -18.7074735], [-40.0547697, -18.7074557], [-40.05459, -18.7074341], [-40.0543579, -18.7073833], [-40.0542064, -18.7073356], [-40.0539985, -18.7072435], [-40.0538389, -18.7071527], [-40.0536981, -18.7070625], [-40.053562, -18.706966], [-40.0534017, -18.7068244], [-40.0532301, -18.7066262], [-40.0529015, -18.7061638], [-40.0526574, -18.7058259], [-40.0523356, -18.7053553], [-40.0521927, -18.7051571], [-40.0520486, -18.7049844], [-40.051889, -18.7048319], [-40.0517401, -18.7047119], [-40.0510971, -18.7042743], [-40.0507276, -18.7040425], [-40.0505606, -18.7039523], [-40.0503407, -18.7038583], [-40.0502052, -18.7038195], [-40.0500792, -18.7037935], [-40.0498948, -18.7037732], [-40.0490324, -18.7037567], [-40.0487347, -18.70373], [-40.048492, -18.7036931], [-40.0482881, -18.703636], [-40.0480105, -18.7035166], [-40.0477785, -18.7033616], [-40.0475854, -18.7031888], [-40.0469148, -18.7024864], [-40.0467753, -18.7023657], [-40.0466332, -18.7022666], [-40.0464763, -18.7021866], [-40.0463046, -18.7021243], [-40.0461128, -18.7020824], [-40.0458714, -18.702057], [-40.0456394, -18.7020697], [-40.045398, -18.7021116], [-40.043896, -18.7025562], [-40.0435795, -18.7026439], [-40.0433126, -18.7027112], [-40.0430766, -18.7027353], [-40.0428177, -18.7027252], [-40.0426112, -18.702682], [-40.0420104, -18.7023975], [-40.0415584, -18.7021663], [-40.0413224, -18.702057], [-40.0411119, -18.7019859], [-40.0408973, -18.701963], [-40.0406961, -18.7019719], [-40.0404091, -18.7020303], [-40.0396702, -18.7022425], [-40.0393483, -18.7023327], [-40.0390868, -18.7023784], [-40.0388628, -18.702386], [-40.0371736, -18.7023329], [-40.0370369, -18.7023228], [-40.0369303, -18.7023149], [-40.0367492, -18.7022996], [-40.0365762, -18.7022603], [-40.0363576, -18.7021955], [-40.0361672, -18.7021027], [-40.0359955, -18.7020024], [-40.0359043, -18.7019211], [-40.035675, -18.7016556], [-40.0347121, -18.7002805], [-40.0333589, -18.6983769], [-40.0331993, -18.6981851], [-40.0330545, -18.6980416], [-40.0328641, -18.6978968], [-40.0326844, -18.6977773], [-40.0323806, -18.6976382], [-40.032168, -18.6975601], [-40.0312185, -18.6973632], [-40.0306398, -18.6972759], [-40.0299539, -18.6971574], [-40.0275117, -18.6967369], [-40.0272234, -18.6966811], [-40.0269766, -18.6966112], [-40.0267111, -18.6965286], [-40.0264121, -18.6964079], [-40.0258487, -18.6961805], [-40.0242984, -18.6955092], [-40.0241925, -18.6954723], [-40.0239873, -18.6954126], [-40.0237928, -18.6953688], [-40.0236721, -18.6953504], [-40.0235628, -18.6953491], [-40.0234187, -18.6953574], [-40.0230364, -18.6954514], [-40.0228487, -18.6955327], [-40.0226328, -18.6956699], [-40.022492, -18.6957855], [-40.0219126, -18.6963304], [-40.0216685, -18.6965591], [-40.0214835, -18.6966899], [-40.02134, -18.6967789], [-40.0210986, -18.6968894], [-40.0206386, -18.6970494], [-40.0194879, -18.6973633], [-40.018348, -18.6976859], [-40.0178612, -18.697813], [-40.0152285, -18.6985484], [-40.0147417, -18.6986945], [-40.0139102, -18.6989994], [-40.0126778, -18.6994732], [-40.0117363, -18.6998365], [-40.0102749, -18.700429], [-40.009821, -18.700514], [-40.009356, -18.7005199], [-40.007003, -18.7003186], [-39.9993233, -18.6996946], [-39.9992718, -18.6996904], [-39.9972588, -18.6995268], [-39.9966883, -18.6995446], [-39.9964341, -18.6995759], [-39.9962134, -18.699607], [-39.9961464, -18.6996164], [-39.9958341, -18.6996807], [-39.9957692, -18.6997024], [-39.9953632, -18.6998322], [-39.9949476, -18.699978], [-39.994531, -18.700158], [-39.9937649, -18.7006519], [-39.9911351, -18.7025913], [-39.9907518, -18.702844], [-39.9903259, -18.703043], [-39.9898789, -18.703146], [-39.989417, -18.703184], [-39.988957, -18.7031359], [-39.988505, -18.703027], [-39.9836579, -18.7015165], [-39.9834974, -18.7014665], [-39.9804536, -18.7005179], [-39.9795864, -18.7003053], [-39.9791011, -18.7002445], [-39.9785546, -18.7002307], [-39.9777938, -18.7003232], [-39.9727354, -18.7013618], [-39.971887, -18.701536], [-39.9687877, -18.7021705], [-39.9685392, -18.7022214], [-39.9680485, -18.7023164], [-39.9674856, -18.7024253], [-39.967277, -18.7024657], [-39.966678, -18.7025651], [-39.966069, -18.702612], [-39.959614, -18.702421], [-39.958843, -18.7025049], [-39.955549, -18.703261], [-39.954813, -18.703361], [-39.954422, -18.703333], [-39.954039, -18.703232], [-39.953678, -18.703061], [-39.953356, -18.7028489], [-39.946151, -18.6966509], [-39.945504, -18.6961919], [-39.9448109, -18.695836], [-39.944085, -18.695599], [-39.943348, -18.69545], [-39.9425939, -18.69541], [-39.9418339, -18.6954709], [-39.9343419, -18.6970529], [-39.9336199, -18.697109], [-39.93287, -18.6970819], [-39.925301, -18.695925], [-39.924917, -18.695944], [-39.906345, -18.700272], [-39.9061221, -18.7003575], [-39.9058089, -18.7005285], [-39.905504, -18.7008069], [-39.905347, -18.7011101], [-39.9048599, -18.70267], [-39.9046786, -18.7029475], [-39.9045526, -18.7030936], [-39.9044359, -18.7031812], [-39.9042602, -18.7032778], [-39.9040215, -18.7033641], [-39.9038498, -18.7033997], [-39.9036071, -18.7034061], [-39.9013473, -18.7031457], [-39.9010241, -18.7030859], [-39.9006848, -18.7030097], [-39.9004756, -18.7029551], [-39.8992726, -18.7025308], [-39.8990339, -18.7024902], [-39.8987684, -18.7024876], [-39.8984921, -18.7025385], [-39.8980656, -18.7026922], [-39.897835, -18.7027468], [-39.897674, -18.7027684], [-39.8975104, -18.7027696], [-39.8971054, -18.7027239], [-39.8941737, -18.702184], [-39.8938103, -18.7021663], [-39.8936521, -18.7021777], [-39.8933986, -18.7022272], [-39.8931988, -18.7023047], [-39.8929319, -18.7024572], [-39.8927012, -18.7025893], [-39.8925912, -18.702635], [-39.8923284, -18.7027011], [-39.8921192, -18.7027226], [-39.8916578, -18.7027188], [-39.8902993, -18.7027125], [-39.890027, -18.7026756], [-39.889732, -18.7025804], [-39.8894101, -18.7024241], [-39.8890775, -18.7022234], [-39.8883882, -18.7017509], [-39.8880366, -18.7014939], [-39.8878442, -18.701371], [-39.8877123, -18.7013291], [-39.8874803, -18.7013101], [-39.8872583, -18.7013399], [-39.8871356, -18.701385], [-39.8870203, -18.7014562], [-39.88655, -18.7018887], [-39.8863732, -18.7020632], [-39.8855913, -18.7027677], [-39.8847706, -18.703532], [-39.8845197, -18.7037733], [-39.8836977, -18.7044785], [-39.882428, -18.7052946], [-39.8816586, -18.7057688], [-39.8813119, -18.7059822], [-39.8808137, -18.7063201], [-39.8806496, -18.7064199], [-39.880394, -18.7065559], [-39.8797892, -18.7069578], [-39.8787618, -18.7077686], [-39.8779694, -18.7083491], [-39.8776406, -18.7084693], [-39.8774461, -18.7085112], [-39.8768319, -18.7086065], [-39.8764537, -18.7087145], [-39.8760246, -18.7089038], [-39.8757926, -18.7090752], [-39.8756531, -18.7092188], [-39.8755404, -18.7093979], [-39.8754538, -18.7096455], [-39.8754399, -18.7098488], [-39.8754799, -18.7103175], [-39.8754573, -18.7107227], [-39.8751798, -18.7122026], [-39.8751712, -18.7126442], [-39.875222, -18.7129255], [-39.8752613, -18.7130623], [-39.8753582, -18.7132111], [-39.8754065, -18.713278], [-39.8754429, -18.7133429], [-39.8754608, -18.713373], [-39.8755798, -18.7135524], [-39.8757081, -18.7136506], [-39.8761185, -18.7139535], [-39.8764028, -18.7141548], [-39.8770127, -18.7145969]]}}, {"type": "Feature", "properties": {"ref": "BR-381", "highway": "trunk", "name": "Rodovia Fern\u00e3o Dias"}, "geometry": {"type": "LineString", "coordinates": [[-41.9627859, -18.8355177], [-41.963033, -18.8356561], [-41.9631017, -18.8356957], [-41.9631607, -18.8357221], [-41.9632308, -18.8357443], [-41.9633588, -18.8357724]]}}, {"type": "Feature", "properties": {"ref": "BR-381", "highway": "trunk", "name": "Rodovia Fern\u00e3o Dias"}, "geometry": {"type": "LineString", "coordinates": [[-41.869905, -18.8400325], [-41.86985, -18.8403397], [-41.869852, -18.8404596], [-41.8698916, -18.840598], [-41.8699677, -18.8406928], [-41.8701155, -18.8408194], [-41.8701732, -18.8408962], [-41.8702054, -18.8409711], [-41.8702181, -18.8410638], [-41.8702061, -18.8411399], [-41.8701669, -18.8412508], [-41.8696361, -18.8418034], [-41.8692058, -18.8422488], [-41.8686504, -18.8428236], [-41.8682916, -18.8431783]]}}, {"type": "Feature", "properties": {"ref": "BR-381", "highway": "trunk", "name": "Rodovia Fern\u00e3o Dias"}, "geometry": {"type": "LineString", "coordinates": [[-41.7971025, -18.8537094], [-41.7968577, -18.8535438], [-41.7966096, -18.8534048], [-41.796507, -18.8533636], [-41.796273, -18.8532563], [-41.7960638, -18.853158], [-41.7958807, -18.8530495], [-41.7957728, -18.8529695], [-41.7956883, -18.8528661], [-41.7956205, -18.8527588], [-41.7955729, -18.8526446], [-41.7955394, -18.8525792], [-41.795469, -18.8524923], [-41.7954073, -18.8524282], [-41.7950291, -18.8520633], [-41.7949416, -18.8519862], [-41.7948682, -18.8519339], [-41.7947837, -18.8518907], [-41.7946462, -18.8518377], [-41.794553, -18.8517924], [-41.7945017, -18.8517559], [-41.7944612, -18.8517194], [-41.7943874, -18.8516185], [-41.7942694, -18.851378], [-41.7942017, -18.8511452], [-41.7941862, -18.8511035], [-41.794152, -18.8509972], [-41.7940729, -18.8508148]]}}, {"type": "Feature", "properties": {"ref": "BR-381", "highway": "trunk", "name": "Rodovia Fern\u00e3o Dias"}, "geometry": {"type": "LineString", "coordinates": [[-41.687016, -18.8230287], [-41.6867973, -18.8231271], [-41.6866069, -18.8232401], [-41.686423, -18.8233839], [-41.6862667, -18.8235319], [-41.6861989, -18.8236125], [-41.6860863, -18.8237216], [-41.685929, -18.8238306], [-41.6856786, -18.8239438], [-41.6855581, -18.8239243], [-41.6854616, -18.8238963], [-41.6853717, -18.8238291], [-41.6853315, -18.8237224], [-41.6853286, -18.8235947], [-41.6853125, -18.8234906], [-41.6852845, -18.8233899], [-41.6852148, -18.8232756], [-41.6851383, -18.8231969], [-41.6850391, -18.8231334], [-41.684678, -18.8230301]]}}, {"type": "Feature", "properties": {"ref": "BR-381", "highway": "trunk", "name": "Rodovia Fern\u00e3o Dias"}, "geometry": {"type": "LineString", "coordinates": [[-40.8899301, -18.7608248], [-40.8899512, -18.7607959], [-40.889967, -18.7607743], [-40.8899831, -18.7607451], [-40.8899925, -18.7607172], [-40.8900157, -18.7606264], [-40.8904528, -18.7594669], [-40.8908312, -18.7585269], [-40.8908541, -18.7584672], [-40.8913662, -18.7586406], [-40.891473, -18.7583635], [-40.8917312, -18.7576933], [-40.8919759, -18.7570566], [-40.8921186, -18.7566989], [-40.8921495, -18.7566297], [-40.892236, -18.7564077], [-40.8925239, -18.755668], [-40.8928374, -18.7549024], [-40.8930336, -18.7544038], [-40.8932441, -18.7539002], [-40.8932594, -18.7539043], [-40.8932818, -18.753912], [-40.8933067, -18.7539208], [-40.8936319, -18.7540243], [-40.8936882, -18.7540484], [-40.8937378, -18.7540738], [-40.8946796, -18.7547573], [-40.8959858, -18.7557533], [-40.8956194, -18.7561549]]}}, {"type": "Feature", "properties": {"ref": "BR-381", "highway": "trunk", "name": "Rodovia Fern\u00e3o Dias"}, "geometry": {"type": "LineString", "coordinates": [[-40.8723237, -18.7597731], [-40.8720904, -18.7598785], [-40.8716311, -18.760043], [-40.8711626, -18.7602154], [-40.8708442, -18.7603315], [-40.8705143, -18.7604846], [-40.870362, -18.7606265], [-40.8701693, -18.7608693]]}}, {"type": "Feature", "properties": {"ref": "BR-381", "highway": "trunk", "name": "Rodovia Fern\u00e3o Dias"}, "geometry": {"type": "LineString", "coordinates": [[-40.7416054, -18.8577019], [-40.7410697, -18.8586352], [-40.7409689, -18.8588468], [-40.7409272, -18.8590143], [-40.7409006, -18.8592023], [-40.740846, -18.8593795], [-40.7408144, -18.8594034], [-40.7407786, -18.8594184], [-40.7407346, -18.8594237], [-40.7406934, -18.8594201], [-40.7406541, -18.8594046], [-40.7406197, -18.8593744], [-40.7405804, -18.8593045], [-40.7404792, -18.8591815], [-40.740359, -18.8590767], [-40.7400615, -18.8588488]]}}, {"type": "Feature", "properties": {"ref": "BR-381", "highway": "trunk", "name": "Rodovia Fern\u00e3o Dias"}, "geometry": {"type": "LineString", "coordinates": [[-40.47272, -18.7660892], [-40.4726806, -18.7661819], [-40.4726608, -18.7662657], [-40.4726538, -18.7663378], [-40.4726688, -18.7664], [-40.472704, -18.7664776], [-40.4727583, -18.766534], [-40.4728292, -18.7665913], [-40.4728988, -18.766663], [-40.4729375, -18.7667286], [-40.4729428, -18.7667705], [-40.472934, -18.7668105], [-40.47291, -18.7668422], [-40.4728778, -18.7668659], [-40.4728062, -18.7668736], [-40.4726506, -18.7668718], [-40.4724258, -18.7667851], [-40.4722245, -18.7667376], [-40.4719069, -18.7666899], [-40.4705912, -18.7664833]]}}, {"type": "Feature", "properties": {"ref": "BR-381", "highway": "trunk", "name": "Rodovia Fern\u00e3o Dias"}, "geometry": {"type": "LineString", "coordinates": [[-40.4187072, -18.7222433], [-40.4182134, -18.7222345], [-40.4181368, -18.7222374], [-40.4177839, -18.7222731]]}}, {"type": "Feature", "properties": {"ref": "BR-381", "highway": "trunk", "name": "Rodovia Fern\u00e3o Dias"}, "geometry": {"type": "LineString", "coordinates": [[-40.3976626, -18.7116404], [-40.39756, -18.7117046]]}}, {"type": "Feature", "properties": {"ref": "BR-381", "highway": "trunk", "name": "Rodovia Fern\u00e3o Dias"}, "geometry": {"type": "LineString", "coordinates": [[-40.3980124, -18.7117272], [-40.3977738, -18.7116839], [-40.3976626, -18.7116404], [-40.3976171, -18.7116226]]}}, {"type": "Feature", "properties": {"ref": "BR-381", "highway": "trunk", "name": "Rodovia Fern\u00e3o Dias"}, "geometry": {"type": "LineString", "coordinates": [[-40.2151722, -18.7309589], [-40.2157329, -18.7310632], [-40.216324, -18.7311246], [-40.2166728, -18.7311349], [-40.2177437, -18.7310937]]}}, {"type": "Feature", "properties": {"ref": "BR-381", "highway": "trunk", "name": "Rodovia Fern\u00e3o Dias"}, "geometry": {"type": "LineString", "coordinates": [[-39.8755798, -18.7135524], [-39.8754272, -18.7134585], [-39.8753537, -18.7133962], [-39.8753051, -18.7133245], [-39.8752923, -18.7132956], [-39.8752833, -18.7132702], [-39.8752763, -18.7132126], [-39.8752613, -18.7130623]]}}]}